-- MySQL dump 10.17  Distrib 10.3.13-MariaDB, for debian-linux-gnu (x86_64)
--
-- Host: localhost    Database: forge
-- ------------------------------------------------------
-- Server version	10.3.13-MariaDB-1:10.3.13+maria~xenial-log

/*!40101 SET @OLD_CHARACTER_SET_CLIENT=@@CHARACTER_SET_CLIENT */;
/*!40101 SET @OLD_CHARACTER_SET_RESULTS=@@CHARACTER_SET_RESULTS */;
/*!40101 SET @OLD_COLLATION_CONNECTION=@@COLLATION_CONNECTION */;
/*!40101 SET NAMES utf8mb4 */;
/*!40103 SET @OLD_TIME_ZONE=@@TIME_ZONE */;
/*!40103 SET TIME_ZONE='+00:00' */;
/*!40014 SET @OLD_UNIQUE_CHECKS=@@UNIQUE_CHECKS, UNIQUE_CHECKS=0 */;
/*!40014 SET @OLD_FOREIGN_KEY_CHECKS=@@FOREIGN_KEY_CHECKS, FOREIGN_KEY_CHECKS=0 */;
/*!40101 SET @OLD_SQL_MODE=@@SQL_MODE, SQL_MODE='NO_AUTO_VALUE_ON_ZERO' */;
/*!40111 SET @OLD_SQL_NOTES=@@SQL_NOTES, SQL_NOTES=0 */;

--
-- Table structure for table `additional_ingredients`
--

DROP TABLE IF EXISTS `additional_ingredients`;
/*!40101 SET @saved_cs_client     = @@character_set_client */;
/*!40101 SET character_set_client = utf8 */;
CREATE TABLE `additional_ingredients` (
  `customer_meal_id` int(10) unsigned NOT NULL,
  `ingredient_id` int(10) unsigned NOT NULL,
  `amount` int(11) NOT NULL,
  `created_at` timestamp NULL DEFAULT NULL,
  `updated_at` timestamp NULL DEFAULT NULL,
  PRIMARY KEY (`customer_meal_id`,`ingredient_id`),
  KEY `additional_ingredients_ingredient_id_foreign` (`ingredient_id`),
  CONSTRAINT `additional_ingredients_customer_meal_id_foreign` FOREIGN KEY (`customer_meal_id`) REFERENCES `customer_meals` (`id`) ON DELETE CASCADE,
  CONSTRAINT `additional_ingredients_ingredient_id_foreign` FOREIGN KEY (`ingredient_id`) REFERENCES `ingredients` (`id`) ON DELETE CASCADE
) ENGINE=InnoDB DEFAULT CHARSET=utf8mb4 COLLATE=utf8mb4_unicode_ci;
/*!40101 SET character_set_client = @saved_cs_client */;

--
-- Dumping data for table `additional_ingredients`
--

LOCK TABLES `additional_ingredients` WRITE;
/*!40000 ALTER TABLE `additional_ingredients` DISABLE KEYS */;
/*!40000 ALTER TABLE `additional_ingredients` ENABLE KEYS */;
UNLOCK TABLES;

--
-- Table structure for table `customer_disliked_ingredients`
--

DROP TABLE IF EXISTS `customer_disliked_ingredients`;
/*!40101 SET @saved_cs_client     = @@character_set_client */;
/*!40101 SET character_set_client = utf8 */;
CREATE TABLE `customer_disliked_ingredients` (
  `id` int(10) unsigned NOT NULL AUTO_INCREMENT,
  `ingredient_id` int(10) unsigned NOT NULL,
  `customer_id` int(10) unsigned NOT NULL,
  `created_at` timestamp NULL DEFAULT NULL,
  `updated_at` timestamp NULL DEFAULT NULL,
  PRIMARY KEY (`id`),
  KEY `customer_disliked_ingredients_ingredient_id_foreign` (`ingredient_id`),
  KEY `customer_disliked_ingredients_customer_id_foreign` (`customer_id`),
  CONSTRAINT `customer_disliked_ingredients_customer_id_foreign` FOREIGN KEY (`customer_id`) REFERENCES `customers` (`id`),
  CONSTRAINT `customer_disliked_ingredients_ingredient_id_foreign` FOREIGN KEY (`ingredient_id`) REFERENCES `ingredients` (`id`)
) ENGINE=InnoDB AUTO_INCREMENT=75 DEFAULT CHARSET=utf8mb4 COLLATE=utf8mb4_unicode_ci;
/*!40101 SET character_set_client = @saved_cs_client */;

--
-- Dumping data for table `customer_disliked_ingredients`
--

LOCK TABLES `customer_disliked_ingredients` WRITE;
/*!40000 ALTER TABLE `customer_disliked_ingredients` DISABLE KEYS */;
INSERT INTO `customer_disliked_ingredients` VALUES (1,71,29,'2019-04-08 08:21:19','2019-04-08 08:21:19'),(2,2,29,'2019-04-08 08:22:14','2019-04-08 08:22:14'),(3,31,29,'2019-04-08 08:22:14','2019-04-08 08:22:14'),(4,31,25,'2019-04-08 08:23:36','2019-04-08 08:23:36'),(5,124,25,'2019-04-08 08:23:36','2019-04-08 08:23:36'),(6,40,30,'2019-04-08 08:48:11','2019-04-08 08:48:11'),(7,53,30,'2019-04-08 08:48:11','2019-04-08 08:48:11'),(8,22,33,'2019-04-08 12:14:12','2019-04-08 12:14:12'),(9,8,33,'2019-04-08 12:15:37','2019-04-08 12:15:37'),(10,9,33,'2019-04-08 12:15:37','2019-04-08 12:15:37'),(11,73,37,'2019-04-08 13:18:52','2019-04-08 13:18:52'),(12,9,37,'2019-04-08 13:20:13','2019-04-08 13:20:13'),(13,73,14,'2019-04-10 11:34:28','2019-04-10 11:34:28'),(14,22,53,'2019-04-11 07:10:20','2019-04-11 07:10:20'),(15,13,53,'2019-04-11 07:10:20','2019-04-11 07:10:20'),(16,42,53,'2019-04-11 07:10:20','2019-04-11 07:10:20'),(17,44,53,'2019-04-11 07:10:20','2019-04-11 07:10:20'),(18,43,53,'2019-04-11 07:10:20','2019-04-11 07:10:20'),(19,57,68,'2019-04-11 13:26:09','2019-04-11 13:26:09'),(20,63,76,'2019-04-15 06:46:59','2019-04-15 06:46:59'),(21,76,76,'2019-04-15 06:46:59','2019-04-15 06:46:59'),(22,95,76,'2019-04-15 06:46:59','2019-04-15 06:46:59'),(23,4,94,'2019-04-15 12:30:11','2019-04-15 12:30:11'),(24,2,115,'2019-04-17 07:37:52','2019-04-17 07:37:52'),(25,2,139,'2019-04-24 06:26:37','2019-04-24 06:26:37'),(26,6,139,'2019-04-24 06:26:37','2019-04-24 06:26:37'),(27,8,139,'2019-04-24 06:26:37','2019-04-24 06:26:37'),(28,139,139,'2019-04-24 06:26:37','2019-04-24 06:26:37'),(29,2,168,'2019-04-25 08:55:52','2019-04-25 08:55:52'),(30,3,168,'2019-04-25 08:55:53','2019-04-25 08:55:53'),(31,4,168,'2019-04-25 08:55:53','2019-04-25 08:55:53'),(32,5,168,'2019-04-25 08:55:53','2019-04-25 08:55:53'),(33,49,168,'2019-04-25 08:55:53','2019-04-25 08:55:53'),(34,57,115,'2019-04-25 09:03:06','2019-04-25 09:03:06'),(35,4,173,'2019-04-25 10:20:31','2019-04-25 10:20:31'),(36,5,173,'2019-04-25 10:20:31','2019-04-25 10:20:31'),(37,31,174,'2019-04-25 11:54:41','2019-04-25 11:54:41'),(38,45,174,'2019-04-25 11:54:41','2019-04-25 11:54:41'),(39,73,175,'2019-04-25 12:02:56','2019-04-25 12:02:56'),(40,67,175,'2019-04-25 12:02:56','2019-04-25 12:02:56'),(41,7,179,'2019-04-27 13:42:19','2019-04-27 13:42:19'),(42,8,179,'2019-04-27 13:42:19','2019-04-27 13:42:19'),(43,9,179,'2019-04-27 13:42:19','2019-04-27 13:42:19'),(44,31,179,'2019-04-27 13:42:19','2019-04-27 13:42:19'),(45,45,179,'2019-04-27 13:42:19','2019-04-27 13:42:19'),(46,6,256,'2019-06-13 12:22:23','2019-06-13 12:22:23'),(47,8,256,'2019-06-13 12:22:23','2019-06-13 12:22:23'),(48,9,256,'2019-06-13 12:22:23','2019-06-13 12:22:23'),(49,2,256,'2019-06-13 12:22:23','2019-06-13 12:22:23'),(50,3,256,'2019-06-13 12:22:23','2019-06-13 12:22:23'),(51,33,266,'2019-06-20 12:11:02','2019-06-20 12:11:02'),(52,34,266,'2019-06-20 12:11:02','2019-06-20 12:11:02'),(53,35,266,'2019-06-20 12:11:02','2019-06-20 12:11:02'),(54,57,266,'2019-06-20 12:11:02','2019-06-20 12:11:02'),(55,58,266,'2019-06-20 12:11:02','2019-06-20 12:11:02'),(56,59,266,'2019-06-20 12:11:02','2019-06-20 12:11:02'),(57,67,266,'2019-06-20 12:11:02','2019-06-20 12:11:02'),(58,7,265,'2019-06-20 12:14:18','2019-06-20 12:14:18'),(59,24,261,'2019-06-20 12:18:36','2019-06-20 12:18:36'),(60,116,253,'2019-06-20 12:24:30','2019-06-20 12:24:30'),(61,152,253,'2019-06-20 12:27:25','2019-06-20 12:27:25'),(62,7,252,'2019-06-20 12:28:16','2019-06-20 12:28:16'),(63,28,250,'2019-06-20 12:32:20','2019-06-20 12:32:20'),(64,123,248,'2019-06-20 12:36:33','2019-06-20 12:36:33'),(65,18,248,'2019-06-20 12:37:32','2019-06-20 12:37:32'),(66,154,248,'2019-06-20 12:41:12','2019-06-20 12:41:12'),(67,153,248,'2019-06-20 12:41:12','2019-06-20 12:41:12'),(68,137,245,'2019-06-20 12:48:43','2019-06-20 12:48:43'),(69,49,244,'2019-06-20 12:49:15','2019-06-20 12:49:15'),(70,43,243,'2019-06-20 12:50:30','2019-06-20 12:50:30'),(71,44,243,'2019-06-20 12:51:00','2019-06-20 12:51:00'),(72,42,243,'2019-06-20 12:51:00','2019-06-20 12:51:00'),(73,21,282,'2019-06-20 13:23:13','2019-06-20 13:23:13'),(74,49,282,'2019-06-20 13:23:13','2019-06-20 13:23:13');
/*!40000 ALTER TABLE `customer_disliked_ingredients` ENABLE KEYS */;
UNLOCK TABLES;

--
-- Table structure for table `customer_ingredients_amount`
--

DROP TABLE IF EXISTS `customer_ingredients_amount`;
/*!40101 SET @saved_cs_client     = @@character_set_client */;
/*!40101 SET character_set_client = utf8 */;
CREATE TABLE `customer_ingredients_amount` (
  `id` int(10) unsigned NOT NULL AUTO_INCREMENT,
  `customer_id` int(10) unsigned NOT NULL,
  `ingredient_type_id` int(10) unsigned DEFAULT NULL,
  `amount` int(11) DEFAULT NULL,
  `created_at` timestamp NULL DEFAULT NULL,
  `updated_at` timestamp NULL DEFAULT NULL,
  `meal_type_id` int(10) unsigned DEFAULT NULL,
  PRIMARY KEY (`id`),
  KEY `customer_ingredients_amount_customer_id_foreign` (`customer_id`),
  KEY `customer_ingredients_amount_ingredient_type_id_foreign` (`ingredient_type_id`),
  KEY `customer_ingredients_amount_meal_type_id_foreign` (`meal_type_id`),
  CONSTRAINT `customer_ingredients_amount_customer_id_foreign` FOREIGN KEY (`customer_id`) REFERENCES `customers` (`id`),
  CONSTRAINT `customer_ingredients_amount_ingredient_type_id_foreign` FOREIGN KEY (`ingredient_type_id`) REFERENCES `ingredient_types` (`id`),
  CONSTRAINT `customer_ingredients_amount_meal_type_id_foreign` FOREIGN KEY (`meal_type_id`) REFERENCES `meal_types` (`id`)
) ENGINE=InnoDB AUTO_INCREMENT=6 DEFAULT CHARSET=utf8mb4 COLLATE=utf8mb4_unicode_ci;
/*!40101 SET character_set_client = @saved_cs_client */;

--
-- Dumping data for table `customer_ingredients_amount`
--

LOCK TABLES `customer_ingredients_amount` WRITE;
/*!40000 ALTER TABLE `customer_ingredients_amount` DISABLE KEYS */;
/*!40000 ALTER TABLE `customer_ingredients_amount` ENABLE KEYS */;
UNLOCK TABLES;

--
-- Table structure for table `customer_meal`
--

DROP TABLE IF EXISTS `customer_meal`;
/*!40101 SET @saved_cs_client     = @@character_set_client */;
/*!40101 SET character_set_client = utf8 */;
CREATE TABLE `customer_meal` (
  `customer_id` int(10) unsigned NOT NULL,
  `meal_id` int(10) unsigned NOT NULL,
  `date` date NOT NULL,
  `notes` longtext CHARACTER SET utf8mb4 COLLATE utf8mb4_bin DEFAULT NULL,
  PRIMARY KEY (`customer_id`,`meal_id`,`date`),
  KEY `customer_meal_customer_id_index` (`customer_id`),
  KEY `customer_meal_meal_id_index` (`meal_id`),
  CONSTRAINT `customer_meal_customer_id_foreign` FOREIGN KEY (`customer_id`) REFERENCES `customers` (`id`) ON DELETE CASCADE,
  CONSTRAINT `customer_meal_meal_id_foreign` FOREIGN KEY (`meal_id`) REFERENCES `meals` (`id`) ON DELETE CASCADE
) ENGINE=InnoDB DEFAULT CHARSET=utf8mb4 COLLATE=utf8mb4_unicode_ci;
/*!40101 SET character_set_client = @saved_cs_client */;

--
-- Dumping data for table `customer_meal`
--

LOCK TABLES `customer_meal` WRITE;
/*!40000 ALTER TABLE `customer_meal` DISABLE KEYS */;
/*!40000 ALTER TABLE `customer_meal` ENABLE KEYS */;
UNLOCK TABLES;

--
-- Table structure for table `customer_meal_amounts`
--

DROP TABLE IF EXISTS `customer_meal_amounts`;
/*!40101 SET @saved_cs_client     = @@character_set_client */;
/*!40101 SET character_set_client = utf8 */;
CREATE TABLE `customer_meal_amounts` (
  `customer_meal_id` int(10) unsigned NOT NULL,
  `ingredient_type_id` int(10) unsigned NOT NULL,
  `amount` int(11) NOT NULL,
  `created_at` timestamp NULL DEFAULT NULL,
  `updated_at` timestamp NULL DEFAULT NULL,
  PRIMARY KEY (`customer_meal_id`,`ingredient_type_id`),
  KEY `cmamounts_it` (`ingredient_type_id`),
  CONSTRAINT `cmamounts_cm` FOREIGN KEY (`customer_meal_id`) REFERENCES `customer_meals` (`id`) ON DELETE CASCADE,
  CONSTRAINT `cmamounts_it` FOREIGN KEY (`ingredient_type_id`) REFERENCES `ingredient_types` (`id`) ON DELETE CASCADE
) ENGINE=InnoDB DEFAULT CHARSET=utf8mb4 COLLATE=utf8mb4_unicode_ci;
/*!40101 SET character_set_client = @saved_cs_client */;

--
-- Dumping data for table `customer_meal_amounts`
--

LOCK TABLES `customer_meal_amounts` WRITE;
/*!40000 ALTER TABLE `customer_meal_amounts` DISABLE KEYS */;
/*!40000 ALTER TABLE `customer_meal_amounts` ENABLE KEYS */;
UNLOCK TABLES;

--
-- Table structure for table `customer_meals`
--

DROP TABLE IF EXISTS `customer_meals`;
/*!40101 SET @saved_cs_client     = @@character_set_client */;
/*!40101 SET character_set_client = utf8 */;
CREATE TABLE `customer_meals` (
  `id` int(10) unsigned NOT NULL AUTO_INCREMENT,
  `customer_id` int(10) unsigned NOT NULL,
  `week_meal_id` int(10) unsigned NOT NULL,
  `created_at` timestamp NULL DEFAULT NULL,
  `updated_at` timestamp NULL DEFAULT NULL,
  `total_calories` int(11) DEFAULT NULL,
  `cooked` tinyint(4) NOT NULL DEFAULT 0,
  `total_fats` int(11) NOT NULL DEFAULT 0,
  `total_proteins` int(11) NOT NULL DEFAULT 0,
  `total_carbs` int(11) NOT NULL DEFAULT 0,
  `notes` longtext CHARACTER SET utf8mb4 COLLATE utf8mb4_bin DEFAULT NULL,
  PRIMARY KEY (`id`),
  KEY `customer_meals_customer_id_foreign` (`customer_id`),
  KEY `customer_meals_week_meal_id_foreign` (`week_meal_id`),
  CONSTRAINT `customer_meals_customer_id_foreign` FOREIGN KEY (`customer_id`) REFERENCES `customers` (`id`) ON DELETE CASCADE,
  CONSTRAINT `customer_meals_week_meal_id_foreign` FOREIGN KEY (`week_meal_id`) REFERENCES `week_meals` (`id`) ON DELETE CASCADE
) ENGINE=InnoDB AUTO_INCREMENT=5902 DEFAULT CHARSET=utf8mb4 COLLATE=utf8mb4_unicode_ci;
/*!40101 SET character_set_client = @saved_cs_client */;

--
-- Dumping data for table `customer_meals`
--

LOCK TABLES `customer_meals` WRITE;
/*!40000 ALTER TABLE `customer_meals` DISABLE KEYS */;
INSERT INTO `customer_meals` VALUES (382,6,422,'2019-06-23 12:42:17','2019-06-23 12:42:17',114,0,0,0,0,NULL),(383,6,395,'2019-06-23 12:42:17','2019-06-23 12:42:17',159,0,0,0,0,NULL),(384,6,356,'2019-06-23 12:42:17','2019-06-23 12:42:17',114,0,0,0,0,NULL),(385,6,426,'2019-06-23 12:42:17','2019-06-23 12:42:17',230,0,0,0,0,NULL),(386,6,307,'2019-06-23 12:42:17','2019-06-23 12:42:17',394,0,0,0,0,NULL),(387,6,347,'2019-06-23 12:42:17','2019-06-23 12:42:17',114,0,0,0,0,NULL),(388,6,288,'2019-06-23 12:42:17','2019-06-23 12:42:17',366,0,0,0,0,NULL),(389,6,383,'2019-06-23 12:42:17','2019-06-23 12:42:17',380,0,0,0,0,NULL),(390,6,417,'2019-06-23 12:42:17','2019-06-23 12:42:17',382,0,0,0,0,NULL),(391,6,370,'2019-06-23 12:42:17','2019-06-23 12:42:17',502,0,0,0,0,NULL),(392,6,442,'2019-06-23 12:42:17','2019-06-23 12:42:17',380,0,0,0,0,NULL),(393,6,310,'2019-06-23 12:42:17','2019-06-23 12:42:17',309,0,0,0,0,NULL),(394,6,333,'2019-06-23 12:42:17','2019-06-23 12:42:17',327,0,0,0,0,NULL),(395,6,294,'2019-06-23 12:42:17','2019-06-23 12:42:17',436,0,0,0,0,NULL),(396,6,311,'2019-06-23 12:42:17','2019-06-23 12:42:17',436,0,0,0,0,NULL),(397,6,344,'2019-06-23 12:42:17','2019-06-23 12:42:17',436,0,0,0,0,NULL),(398,6,360,'2019-06-23 12:42:17','2019-06-23 12:42:17',436,0,0,0,0,NULL),(399,6,375,'2019-06-23 12:42:17','2019-06-23 12:42:17',436,0,0,0,0,NULL),(400,6,403,'2019-06-23 12:42:17','2019-06-23 12:42:17',436,0,0,0,0,NULL),(401,6,434,'2019-06-23 12:42:17','2019-06-23 12:42:17',436,0,0,0,0,NULL),(402,6,295,'2019-06-23 12:42:17','2019-06-23 12:42:17',111,0,0,0,0,NULL),(403,6,302,'2019-06-23 12:42:17','2019-06-23 12:42:17',111,0,0,0,0,NULL),(404,6,324,'2019-06-23 12:42:17','2019-06-23 12:42:17',111,0,0,0,0,NULL),(405,6,352,'2019-06-23 12:42:17','2019-06-23 12:42:17',111,0,0,0,0,NULL),(406,6,394,'2019-06-23 12:42:17','2019-06-23 12:42:17',111,0,0,0,0,NULL),(407,6,419,'2019-06-23 12:42:17','2019-06-23 12:42:17',111,0,0,0,0,NULL),(408,6,424,'2019-06-23 12:42:17','2019-06-23 12:42:17',111,0,0,0,0,NULL),(409,6,297,'2019-06-23 12:42:17','2019-06-23 12:42:17',63,0,0,0,0,NULL),(410,6,353,'2019-06-23 12:42:17','2019-06-23 12:42:17',63,0,0,0,0,NULL),(411,6,425,'2019-06-23 12:42:17','2019-06-23 12:42:17',65,0,0,0,0,NULL),(412,6,399,'2019-06-23 12:42:17','2019-06-23 12:42:17',65,0,0,0,0,NULL),(413,6,390,'2019-06-23 12:42:17','2019-06-23 12:42:17',65,0,0,0,0,NULL),(414,6,329,'2019-06-23 12:42:17','2019-06-23 12:42:17',146,0,0,0,0,NULL),(415,6,300,'2019-06-23 12:42:17','2019-06-23 12:42:17',65,0,0,0,0,NULL),(444,8,278,'2019-06-23 12:42:17','2019-06-23 12:42:17',394,0,0,0,0,NULL),(445,8,354,'2019-06-23 12:42:17','2019-06-23 12:42:17',268,0,0,0,0,NULL),(446,8,432,'2019-06-23 12:42:17','2019-06-23 12:42:17',394,0,0,0,0,NULL),(447,8,420,'2019-06-23 12:42:17','2019-06-23 12:42:17',159,0,0,0,0,NULL),(448,8,395,'2019-06-23 12:42:17','2019-06-23 12:42:17',159,0,0,0,0,NULL),(449,8,346,'2019-06-23 12:42:17','2019-06-23 12:42:17',268,0,0,0,0,NULL),(450,8,303,'2019-06-23 12:42:17','2019-06-23 12:42:17',268,0,0,0,0,NULL),(451,8,285,'2019-06-23 12:42:17','2019-06-23 12:42:17',409,0,0,0,0,NULL),(452,8,401,'2019-06-23 12:42:17','2019-06-23 12:42:17',342,0,0,0,0,NULL),(453,8,372,'2019-06-23 12:42:17','2019-06-23 12:42:17',408,0,0,0,0,NULL),(454,8,382,'2019-06-23 12:42:17','2019-06-23 12:42:17',409,0,0,0,0,NULL),(455,8,448,'2019-06-23 12:42:17','2019-06-23 12:42:17',382,0,0,0,0,NULL),(456,8,323,'2019-06-23 12:42:17','2019-06-23 12:42:17',382,0,0,0,0,NULL),(457,8,340,'2019-06-23 12:42:17','2019-06-23 12:42:17',408,0,0,0,0,NULL),(458,8,294,'2019-06-23 12:42:17','2019-06-23 12:42:17',436,0,0,0,0,NULL),(459,8,311,'2019-06-23 12:42:17','2019-06-23 12:42:17',436,0,0,0,0,NULL),(460,8,344,'2019-06-23 12:42:17','2019-06-23 12:42:17',436,0,0,0,0,NULL),(461,8,360,'2019-06-23 12:42:17','2019-06-23 12:42:17',436,0,0,0,0,NULL),(462,8,375,'2019-06-23 12:42:17','2019-06-23 12:42:17',436,0,0,0,0,NULL),(463,8,403,'2019-06-23 12:42:17','2019-06-23 12:42:17',436,0,0,0,0,NULL),(464,8,434,'2019-06-23 12:42:17','2019-06-23 12:42:17',436,0,0,0,0,NULL),(465,8,295,'2019-06-23 12:42:17','2019-06-23 12:42:17',111,0,0,0,0,NULL),(466,8,302,'2019-06-23 12:42:17','2019-06-23 12:42:17',111,0,0,0,0,NULL),(467,8,324,'2019-06-23 12:42:17','2019-06-23 12:42:17',111,0,0,0,0,NULL),(468,8,352,'2019-06-23 12:42:17','2019-06-23 12:42:17',111,0,0,0,0,NULL),(469,8,394,'2019-06-23 12:42:17','2019-06-23 12:42:17',111,0,0,0,0,NULL),(470,8,419,'2019-06-23 12:42:17','2019-06-23 12:42:17',111,0,0,0,0,NULL),(471,8,424,'2019-06-23 12:42:17','2019-06-23 12:42:17',111,0,0,0,0,NULL),(472,8,298,'2019-06-23 12:42:17','2019-06-23 12:42:17',146,0,0,0,0,NULL),(473,8,350,'2019-06-23 12:42:17','2019-06-23 12:42:17',65,0,0,0,0,NULL),(474,8,427,'2019-06-23 12:42:17','2019-06-23 12:42:17',63,0,0,0,0,NULL),(475,8,399,'2019-06-23 12:42:17','2019-06-23 12:42:17',65,0,0,0,0,NULL),(476,8,392,'2019-06-23 12:42:17','2019-06-23 12:42:17',146,0,0,0,0,NULL),(477,8,325,'2019-06-23 12:42:17','2019-06-23 12:42:17',65,0,0,0,0,NULL),(478,8,305,'2019-06-23 12:42:17','2019-06-23 12:42:17',146,0,0,0,0,NULL),(480,9,420,'2019-06-23 12:42:17','2019-06-23 12:42:17',159,0,0,0,0,NULL),(481,9,396,'2019-06-23 12:42:17','2019-06-23 12:42:17',268,0,0,0,0,NULL),(482,9,354,'2019-06-23 12:42:17','2019-06-23 12:42:17',268,0,0,0,0,NULL),(483,9,431,'2019-06-23 12:42:17','2019-06-23 12:42:17',114,0,0,0,0,NULL),(484,9,301,'2019-06-23 12:42:17','2019-06-23 12:42:17',159,0,0,0,0,NULL),(485,9,348,'2019-06-23 12:42:17','2019-06-23 12:42:17',394,0,0,0,0,NULL),(486,9,284,'2019-06-23 12:42:18','2019-06-23 12:42:18',327,0,0,0,0,NULL),(487,9,414,'2019-06-23 12:42:18','2019-06-23 12:42:18',502,0,0,0,0,NULL),(488,9,370,'2019-06-23 12:42:18','2019-06-23 12:42:18',502,0,0,0,0,NULL),(489,9,381,'2019-06-23 12:42:18','2019-06-23 12:42:18',327,0,0,0,0,NULL),(490,9,445,'2019-06-23 12:42:18','2019-06-23 12:42:18',502,0,0,0,0,NULL),(491,9,308,'2019-06-23 12:42:18','2019-06-23 12:42:18',342,0,0,0,0,NULL),(492,9,328,'2019-06-23 12:42:18','2019-06-23 12:42:18',309,0,0,0,0,NULL),(493,9,294,'2019-06-23 12:42:18','2019-06-23 12:42:18',436,0,0,0,0,NULL),(494,9,311,'2019-06-23 12:42:18','2019-06-23 12:42:18',436,0,0,0,0,NULL),(495,9,344,'2019-06-23 12:42:18','2019-06-23 12:42:18',436,0,0,0,0,NULL),(496,9,360,'2019-06-23 12:42:18','2019-06-23 12:42:18',436,0,0,0,0,NULL),(497,9,375,'2019-06-23 12:42:18','2019-06-23 12:42:18',436,0,0,0,0,NULL),(498,9,403,'2019-06-23 12:42:18','2019-06-23 12:42:18',436,0,0,0,0,NULL),(499,9,434,'2019-06-23 12:42:18','2019-06-23 12:42:18',436,0,0,0,0,NULL),(500,9,295,'2019-06-23 12:42:18','2019-06-23 12:42:18',111,0,0,0,0,NULL),(501,9,302,'2019-06-23 12:42:18','2019-06-23 12:42:18',111,0,0,0,0,NULL),(502,9,324,'2019-06-23 12:42:18','2019-06-23 12:42:18',111,0,0,0,0,NULL),(503,9,352,'2019-06-23 12:42:18','2019-06-23 12:42:18',111,0,0,0,0,NULL),(504,9,394,'2019-06-23 12:42:18','2019-06-23 12:42:18',111,0,0,0,0,NULL),(505,9,419,'2019-06-23 12:42:18','2019-06-23 12:42:18',111,0,0,0,0,NULL),(506,9,424,'2019-06-23 12:42:18','2019-06-23 12:42:18',111,0,0,0,0,NULL),(507,9,298,'2019-06-23 12:42:18','2019-06-23 12:42:18',146,0,0,0,0,NULL),(508,9,350,'2019-06-23 12:42:18','2019-06-23 12:42:18',65,0,0,0,0,NULL),(509,9,429,'2019-06-23 12:42:18','2019-06-23 12:42:18',146,0,0,0,0,NULL),(510,9,402,'2019-06-23 12:42:18','2019-06-23 12:42:18',63,0,0,0,0,NULL),(511,9,391,'2019-06-23 12:42:18','2019-06-23 12:42:18',63,0,0,0,0,NULL),(512,9,329,'2019-06-23 12:42:18','2019-06-23 12:42:18',146,0,0,0,0,NULL),(513,9,305,'2019-06-23 12:42:18','2019-06-23 12:42:18',146,0,0,0,0,NULL),(536,11,349,'2019-06-23 12:42:18','2019-06-23 12:42:18',230,0,0,0,0,NULL),(537,11,430,'2019-06-23 12:42:18','2019-06-23 12:42:18',268,0,0,0,0,NULL),(538,11,418,'2019-06-23 12:42:18','2019-06-23 12:42:18',230,0,0,0,0,NULL),(539,11,398,'2019-06-23 12:42:18','2019-06-23 12:42:18',394,0,0,0,0,NULL),(540,11,348,'2019-06-23 12:42:18','2019-06-23 12:42:18',394,0,0,0,0,NULL),(541,11,303,'2019-06-23 12:42:18','2019-06-23 12:42:18',268,0,0,0,0,NULL),(542,11,289,'2019-06-23 12:42:18','2019-06-23 12:42:18',502,0,0,0,0,NULL),(543,11,320,'2019-06-23 12:42:18','2019-06-23 12:42:18',502,0,0,0,0,NULL),(544,11,338,'2019-06-23 12:42:18','2019-06-23 12:42:18',502,0,0,0,0,NULL),(545,11,370,'2019-06-23 12:42:18','2019-06-23 12:42:18',502,0,0,0,0,NULL),(546,11,386,'2019-06-23 12:42:18','2019-06-23 12:42:18',502,0,0,0,0,NULL),(547,11,414,'2019-06-23 12:42:18','2019-06-23 12:42:18',502,0,0,0,0,NULL),(548,11,445,'2019-06-23 12:42:18','2019-06-23 12:42:18',502,0,0,0,0,NULL),(549,11,294,'2019-06-23 12:42:18','2019-06-23 12:42:18',436,0,0,0,0,NULL),(550,11,311,'2019-06-23 12:42:18','2019-06-23 12:42:18',436,0,0,0,0,NULL),(551,11,344,'2019-06-23 12:42:18','2019-06-23 12:42:18',436,0,0,0,0,NULL),(552,11,360,'2019-06-23 12:42:18','2019-06-23 12:42:18',436,0,0,0,0,NULL),(553,11,375,'2019-06-23 12:42:18','2019-06-23 12:42:18',436,0,0,0,0,NULL),(554,11,403,'2019-06-23 12:42:18','2019-06-23 12:42:18',436,0,0,0,0,NULL),(555,11,434,'2019-06-23 12:42:18','2019-06-23 12:42:18',436,0,0,0,0,NULL),(556,11,295,'2019-06-23 12:42:18','2019-06-23 12:42:18',111,0,0,0,0,NULL),(557,11,302,'2019-06-23 12:42:18','2019-06-23 12:42:18',111,0,0,0,0,NULL),(558,11,324,'2019-06-23 12:42:18','2019-06-23 12:42:18',111,0,0,0,0,NULL),(559,11,352,'2019-06-23 12:42:18','2019-06-23 12:42:18',111,0,0,0,0,NULL),(560,11,394,'2019-06-23 12:42:18','2019-06-23 12:42:18',111,0,0,0,0,NULL),(561,11,419,'2019-06-23 12:42:18','2019-06-23 12:42:18',111,0,0,0,0,NULL),(562,11,424,'2019-06-23 12:42:18','2019-06-23 12:42:18',111,0,0,0,0,NULL),(563,11,296,'2019-06-23 12:42:18','2019-06-23 12:42:18',65,0,0,0,0,NULL),(564,11,350,'2019-06-23 12:42:18','2019-06-23 12:42:18',65,0,0,0,0,NULL),(565,11,425,'2019-06-23 12:42:18','2019-06-23 12:42:18',65,0,0,0,0,NULL),(566,11,399,'2019-06-23 12:42:18','2019-06-23 12:42:18',65,0,0,0,0,NULL),(567,11,392,'2019-06-23 12:42:18','2019-06-23 12:42:18',146,0,0,0,0,NULL),(568,11,327,'2019-06-23 12:42:18','2019-06-23 12:42:18',63,0,0,0,0,NULL),(569,11,304,'2019-06-23 12:42:18','2019-06-23 12:42:18',63,0,0,0,0,NULL),(570,12,278,'2019-06-23 12:42:18','2019-06-23 12:42:18',394,0,0,0,0,NULL),(571,12,354,'2019-06-23 12:42:18','2019-06-23 12:42:18',268,0,0,0,0,NULL),(572,12,430,'2019-06-23 12:42:18','2019-06-23 12:42:18',268,0,0,0,0,NULL),(573,12,418,'2019-06-23 12:42:18','2019-06-23 12:42:18',230,0,0,0,0,NULL),(574,12,398,'2019-06-23 12:42:18','2019-06-23 12:42:18',394,0,0,0,0,NULL),(575,12,343,'2019-06-23 12:42:18','2019-06-23 12:42:18',230,0,0,0,0,NULL),(576,12,307,'2019-06-23 12:42:18','2019-06-23 12:42:18',394,0,0,0,0,NULL),(577,12,289,'2019-06-23 12:42:18','2019-06-23 12:42:18',502,0,0,0,0,NULL),(578,12,320,'2019-06-23 12:42:18','2019-06-23 12:42:18',502,0,0,0,0,NULL),(579,12,338,'2019-06-23 12:42:18','2019-06-23 12:42:18',502,0,0,0,0,NULL),(580,12,370,'2019-06-23 12:42:18','2019-06-23 12:42:18',502,0,0,0,0,NULL),(581,12,386,'2019-06-23 12:42:18','2019-06-23 12:42:18',502,0,0,0,0,NULL),(582,12,414,'2019-06-23 12:42:18','2019-06-23 12:42:18',502,0,0,0,0,NULL),(583,12,445,'2019-06-23 12:42:18','2019-06-23 12:42:18',502,0,0,0,0,NULL),(584,12,294,'2019-06-23 12:42:18','2019-06-23 12:42:18',436,0,0,0,0,NULL),(585,12,311,'2019-06-23 12:42:18','2019-06-23 12:42:18',436,0,0,0,0,NULL),(586,12,344,'2019-06-23 12:42:18','2019-06-23 12:42:18',436,0,0,0,0,NULL),(587,12,360,'2019-06-23 12:42:18','2019-06-23 12:42:18',436,0,0,0,0,NULL),(588,12,375,'2019-06-23 12:42:18','2019-06-23 12:42:18',436,0,0,0,0,NULL),(589,12,403,'2019-06-23 12:42:18','2019-06-23 12:42:18',436,0,0,0,0,NULL),(590,12,434,'2019-06-23 12:42:18','2019-06-23 12:42:18',436,0,0,0,0,NULL),(591,12,295,'2019-06-23 12:42:18','2019-06-23 12:42:18',111,0,0,0,0,NULL),(592,12,302,'2019-06-23 12:42:18','2019-06-23 12:42:18',111,0,0,0,0,NULL),(593,12,324,'2019-06-23 12:42:18','2019-06-23 12:42:18',111,0,0,0,0,NULL),(594,12,352,'2019-06-23 12:42:18','2019-06-23 12:42:18',111,0,0,0,0,NULL),(595,12,394,'2019-06-23 12:42:18','2019-06-23 12:42:18',111,0,0,0,0,NULL),(596,12,419,'2019-06-23 12:42:18','2019-06-23 12:42:18',111,0,0,0,0,NULL),(597,12,424,'2019-06-23 12:42:18','2019-06-23 12:42:18',111,0,0,0,0,NULL),(598,12,297,'2019-06-23 12:42:18','2019-06-23 12:42:18',63,0,0,0,0,NULL),(599,12,350,'2019-06-23 12:42:18','2019-06-23 12:42:18',65,0,0,0,0,NULL),(600,12,425,'2019-06-23 12:42:18','2019-06-23 12:42:18',65,0,0,0,0,NULL),(601,12,405,'2019-06-23 12:42:18','2019-06-23 12:42:18',146,0,0,0,0,NULL),(602,12,390,'2019-06-23 12:42:18','2019-06-23 12:42:18',65,0,0,0,0,NULL),(603,12,325,'2019-06-23 12:42:18','2019-06-23 12:42:18',65,0,0,0,0,NULL),(604,12,304,'2019-06-23 12:42:18','2019-06-23 12:42:18',63,0,0,0,0,NULL),(605,14,278,'2019-06-23 12:42:18','2019-06-23 12:42:18',394,0,0,0,0,NULL),(606,14,357,'2019-06-23 12:42:18','2019-06-23 12:42:18',394,0,0,0,0,NULL),(607,14,426,'2019-06-23 12:42:18','2019-06-23 12:42:18',230,0,0,0,0,NULL),(608,14,418,'2019-06-23 12:42:18','2019-06-23 12:42:18',230,0,0,0,0,NULL),(609,14,396,'2019-06-23 12:42:18','2019-06-23 12:42:18',268,0,0,0,0,NULL),(610,14,346,'2019-06-23 12:42:18','2019-06-23 12:42:18',268,0,0,0,0,NULL),(611,14,303,'2019-06-23 12:42:18','2019-06-23 12:42:18',268,0,0,0,0,NULL),(612,14,291,'2019-06-23 12:42:18','2019-06-23 12:42:18',408,0,0,0,0,NULL),(613,14,370,'2019-06-23 12:42:18','2019-06-23 12:42:18',502,0,0,0,0,NULL),(614,14,448,'2019-06-23 12:42:18','2019-06-23 12:42:18',382,0,0,0,0,NULL),(615,14,410,'2019-06-23 12:42:18','2019-06-23 12:42:18',409,0,0,0,0,NULL),(616,14,386,'2019-06-23 12:42:18','2019-06-23 12:42:18',502,0,0,0,0,NULL),(617,14,341,'2019-06-23 12:42:18','2019-06-23 12:42:18',382,0,0,0,0,NULL),(618,14,323,'2019-06-23 12:42:18','2019-06-23 12:42:18',382,0,0,0,0,NULL),(619,14,294,'2019-06-23 12:42:18','2019-06-23 12:42:18',436,0,0,0,0,NULL),(620,14,311,'2019-06-23 12:42:18','2019-06-23 12:42:18',436,0,0,0,0,NULL),(621,14,344,'2019-06-23 12:42:18','2019-06-23 12:42:18',436,0,0,0,0,NULL),(622,14,360,'2019-06-23 12:42:18','2019-06-23 12:42:18',436,0,0,0,0,NULL),(623,14,375,'2019-06-23 12:42:18','2019-06-23 12:42:18',436,0,0,0,0,NULL),(624,14,403,'2019-06-23 12:42:18','2019-06-23 12:42:18',436,0,0,0,0,NULL),(625,14,434,'2019-06-23 12:42:18','2019-06-23 12:42:18',436,0,0,0,0,NULL),(626,14,295,'2019-06-23 12:42:18','2019-06-23 12:42:18',111,0,0,0,0,NULL),(627,14,302,'2019-06-23 12:42:18','2019-06-23 12:42:18',111,0,0,0,0,NULL),(628,14,324,'2019-06-23 12:42:18','2019-06-23 12:42:18',111,0,0,0,0,NULL),(629,14,352,'2019-06-23 12:42:18','2019-06-23 12:42:18',111,0,0,0,0,NULL),(630,14,394,'2019-06-23 12:42:18','2019-06-23 12:42:18',111,0,0,0,0,NULL),(631,14,419,'2019-06-23 12:42:18','2019-06-23 12:42:18',111,0,0,0,0,NULL),(632,14,424,'2019-06-23 12:42:18','2019-06-23 12:42:18',111,0,0,0,0,NULL),(633,14,297,'2019-06-23 12:42:18','2019-06-23 12:42:18',63,0,0,0,0,NULL),(634,14,353,'2019-06-23 12:42:18','2019-06-23 12:42:18',63,0,0,0,0,NULL),(635,14,425,'2019-06-23 12:42:18','2019-06-23 12:42:18',65,0,0,0,0,NULL),(636,14,399,'2019-06-23 12:42:18','2019-06-23 12:42:18',65,0,0,0,0,NULL),(637,14,390,'2019-06-23 12:42:18','2019-06-23 12:42:18',65,0,0,0,0,NULL),(638,14,325,'2019-06-23 12:42:18','2019-06-23 12:42:18',65,0,0,0,0,NULL),(639,14,300,'2019-06-23 12:42:18','2019-06-23 12:42:18',65,0,0,0,0,NULL),(648,16,356,'2019-06-23 12:42:18','2019-06-23 12:42:18',114,0,0,0,0,NULL),(649,16,431,'2019-06-23 12:42:18','2019-06-23 12:42:18',114,0,0,0,0,NULL),(650,16,422,'2019-06-23 12:42:18','2019-06-23 12:42:18',114,0,0,0,0,NULL),(651,16,397,'2019-06-23 12:42:18','2019-06-23 12:42:18',114,0,0,0,0,NULL),(652,16,343,'2019-06-23 12:42:18','2019-06-23 12:42:18',230,0,0,0,0,NULL),(653,16,306,'2019-06-23 12:42:18','2019-06-23 12:42:18',114,0,0,0,0,NULL),(654,16,284,'2019-06-23 12:42:18','2019-06-23 12:42:18',327,0,0,0,0,NULL),(655,16,380,'2019-06-23 12:42:18','2019-06-23 12:42:18',262,0,0,0,0,NULL),(656,16,417,'2019-06-23 12:42:18','2019-06-23 12:42:18',382,0,0,0,0,NULL),(657,16,369,'2019-06-23 12:42:18','2019-06-23 12:42:18',366,0,0,0,0,NULL),(658,16,437,'2019-06-23 12:42:18','2019-06-23 12:42:18',285,0,0,0,0,NULL),(659,16,312,'2019-06-23 12:42:18','2019-06-23 12:42:18',285,0,0,0,0,NULL),(660,16,328,'2019-06-23 12:42:18','2019-06-23 12:42:18',309,0,0,0,0,NULL),(661,16,293,'2019-06-23 12:42:18','2019-06-23 12:42:18',139,0,0,0,0,NULL),(662,16,311,'2019-06-23 12:42:18','2019-06-23 12:42:18',436,0,0,0,0,NULL),(663,16,344,'2019-06-23 12:42:18','2019-06-23 12:42:18',436,0,0,0,0,NULL),(664,16,360,'2019-06-23 12:42:18','2019-06-23 12:42:18',436,0,0,0,0,NULL),(665,16,374,'2019-06-23 12:42:18','2019-06-23 12:42:18',139,0,0,0,0,NULL),(666,16,403,'2019-06-23 12:42:18','2019-06-23 12:42:18',436,0,0,0,0,NULL),(667,16,434,'2019-06-23 12:42:18','2019-06-23 12:42:18',436,0,0,0,0,NULL),(668,16,295,'2019-06-23 12:42:18','2019-06-23 12:42:18',111,0,0,0,0,NULL),(669,16,302,'2019-06-23 12:42:18','2019-06-23 12:42:18',111,0,0,0,0,NULL),(670,16,324,'2019-06-23 12:42:18','2019-06-23 12:42:18',111,0,0,0,0,NULL),(671,16,352,'2019-06-23 12:42:18','2019-06-23 12:42:18',111,0,0,0,0,NULL),(672,16,394,'2019-06-23 12:42:18','2019-06-23 12:42:18',111,0,0,0,0,NULL),(673,16,419,'2019-06-23 12:42:18','2019-06-23 12:42:18',111,0,0,0,0,NULL),(674,16,424,'2019-06-23 12:42:18','2019-06-23 12:42:18',111,0,0,0,0,NULL),(675,16,297,'2019-06-23 12:42:18','2019-06-23 12:42:18',63,0,0,0,0,NULL),(676,16,353,'2019-06-23 12:42:18','2019-06-23 12:42:18',63,0,0,0,0,NULL),(677,16,425,'2019-06-23 12:42:18','2019-06-23 12:42:18',65,0,0,0,0,NULL),(678,16,399,'2019-06-23 12:42:18','2019-06-23 12:42:18',65,0,0,0,0,NULL),(679,16,390,'2019-06-23 12:42:18','2019-06-23 12:42:18',65,0,0,0,0,NULL),(680,16,325,'2019-06-23 12:42:18','2019-06-23 12:42:18',65,0,0,0,0,NULL),(681,16,300,'2019-06-23 12:42:18','2019-06-23 12:42:18',65,0,0,0,0,NULL),(682,17,278,'2019-06-23 12:42:18','2019-06-23 12:42:18',394,0,0,0,0,NULL),(683,17,420,'2019-06-23 12:42:18','2019-06-23 12:42:18',159,0,0,0,0,NULL),(684,17,395,'2019-06-23 12:42:18','2019-06-23 12:42:18',159,0,0,0,0,NULL),(685,17,356,'2019-06-23 12:42:18','2019-06-23 12:42:18',114,0,0,0,0,NULL),(686,17,430,'2019-06-23 12:42:18','2019-06-23 12:42:18',268,0,0,0,0,NULL),(687,17,307,'2019-06-23 12:42:18','2019-06-23 12:42:18',394,0,0,0,0,NULL),(688,17,346,'2019-06-23 12:42:18','2019-06-23 12:42:18',268,0,0,0,0,NULL),(689,17,286,'2019-06-23 12:42:18','2019-06-23 12:42:18',380,0,0,0,0,NULL),(690,17,386,'2019-06-23 12:42:18','2019-06-23 12:42:18',502,0,0,0,0,NULL),(691,17,414,'2019-06-23 12:42:18','2019-06-23 12:42:18',502,0,0,0,0,NULL),(692,17,373,'2019-06-23 12:42:18','2019-06-23 12:42:18',382,0,0,0,0,NULL),(693,17,447,'2019-06-23 12:42:18','2019-06-23 12:42:18',408,0,0,0,0,NULL),(694,17,314,'2019-06-23 12:42:18','2019-06-23 12:42:18',262,0,0,0,0,NULL),(695,17,334,'2019-06-23 12:42:18','2019-06-23 12:42:18',409,0,0,0,0,NULL),(696,17,294,'2019-06-23 12:42:18','2019-06-23 12:42:18',436,0,0,0,0,NULL),(697,17,311,'2019-06-23 12:42:18','2019-06-23 12:42:18',436,0,0,0,0,NULL),(698,17,344,'2019-06-23 12:42:18','2019-06-23 12:42:18',436,0,0,0,0,NULL),(699,17,360,'2019-06-23 12:42:18','2019-06-23 12:42:18',436,0,0,0,0,NULL),(700,17,375,'2019-06-23 12:42:18','2019-06-23 12:42:18',436,0,0,0,0,NULL),(701,17,403,'2019-06-23 12:42:18','2019-06-23 12:42:18',436,0,0,0,0,NULL),(702,17,434,'2019-06-23 12:42:18','2019-06-23 12:42:18',436,0,0,0,0,NULL),(703,17,295,'2019-06-23 12:42:18','2019-06-23 12:42:18',111,0,0,0,0,NULL),(704,17,302,'2019-06-23 12:42:18','2019-06-23 12:42:18',111,0,0,0,0,NULL),(705,17,324,'2019-06-23 12:42:18','2019-06-23 12:42:18',111,0,0,0,0,NULL),(706,17,352,'2019-06-23 12:42:18','2019-06-23 12:42:18',111,0,0,0,0,NULL),(707,17,394,'2019-06-23 12:42:18','2019-06-23 12:42:18',111,0,0,0,0,NULL),(708,17,419,'2019-06-23 12:42:18','2019-06-23 12:42:18',111,0,0,0,0,NULL),(709,17,424,'2019-06-23 12:42:18','2019-06-23 12:42:18',111,0,0,0,0,NULL),(710,17,298,'2019-06-23 12:42:18','2019-06-23 12:42:18',146,0,0,0,0,NULL),(711,17,353,'2019-06-23 12:42:18','2019-06-23 12:42:18',63,0,0,0,0,NULL),(712,17,425,'2019-06-23 12:42:18','2019-06-23 12:42:18',65,0,0,0,0,NULL),(713,17,402,'2019-06-23 12:42:18','2019-06-23 12:42:18',63,0,0,0,0,NULL),(714,17,390,'2019-06-23 12:42:18','2019-06-23 12:42:18',65,0,0,0,0,NULL),(715,17,329,'2019-06-23 12:42:18','2019-06-23 12:42:18',146,0,0,0,0,NULL),(716,17,305,'2019-06-23 12:42:18','2019-06-23 12:42:18',146,0,0,0,0,NULL),(718,18,301,'2019-06-23 12:42:18','2019-06-23 12:42:18',159,0,0,0,0,NULL),(719,18,347,'2019-06-23 12:42:18','2019-06-23 12:42:18',114,0,0,0,0,NULL),(720,18,351,'2019-06-23 12:42:18','2019-06-23 12:42:18',159,0,0,0,0,NULL),(721,18,397,'2019-06-23 12:42:18','2019-06-23 12:42:18',114,0,0,0,0,NULL),(722,18,420,'2019-06-23 12:42:18','2019-06-23 12:42:18',159,0,0,0,0,NULL),(723,18,428,'2019-06-23 12:42:18','2019-06-23 12:42:18',159,0,0,0,0,NULL),(724,18,287,'2019-06-23 12:42:18','2019-06-23 12:42:18',8,0,0,0,0,NULL),(725,18,321,'2019-06-23 12:42:18','2019-06-23 12:42:18',0,0,0,0,0,NULL),(726,18,336,'2019-06-23 12:42:18','2019-06-23 12:42:18',8,0,0,0,0,NULL),(727,18,371,'2019-06-23 12:42:18','2019-06-23 12:42:18',0,0,0,0,0,NULL),(728,18,384,'2019-06-23 12:42:18','2019-06-23 12:42:18',8,0,0,0,0,NULL),(729,18,415,'2019-06-23 12:42:18','2019-06-23 12:42:18',0,0,0,0,0,NULL),(730,18,446,'2019-06-23 12:42:18','2019-06-23 12:42:18',0,0,0,0,0,NULL),(731,18,293,'2019-06-23 12:42:18','2019-06-23 12:42:18',139,0,0,0,0,NULL),(732,18,309,'2019-06-23 12:42:18','2019-06-23 12:42:18',139,0,0,0,0,NULL),(733,18,342,'2019-06-23 12:42:18','2019-06-23 12:42:18',139,0,0,0,0,NULL),(734,18,358,'2019-06-23 12:42:18','2019-06-23 12:42:18',139,0,0,0,0,NULL),(735,18,374,'2019-06-23 12:42:18','2019-06-23 12:42:18',139,0,0,0,0,NULL),(736,18,400,'2019-06-23 12:42:18','2019-06-23 12:42:18',139,0,0,0,0,NULL),(737,18,433,'2019-06-23 12:42:18','2019-06-27 07:24:27',139,0,0,0,0,NULL),(738,18,295,'2019-06-23 12:42:18','2019-06-23 12:42:18',111,0,0,0,0,NULL),(739,18,302,'2019-06-23 12:42:18','2019-06-23 12:42:18',111,0,0,0,0,NULL),(740,18,324,'2019-06-23 12:42:18','2019-06-23 12:42:18',111,0,0,0,0,NULL),(741,18,352,'2019-06-23 12:42:18','2019-06-23 12:42:18',111,0,0,0,0,NULL),(742,18,394,'2019-06-23 12:42:18','2019-06-23 12:42:18',111,0,0,0,0,NULL),(743,18,419,'2019-06-23 12:42:18','2019-06-23 12:42:18',111,0,0,0,0,NULL),(744,18,424,'2019-06-23 12:42:18','2019-06-23 12:42:18',111,0,0,0,0,NULL),(745,18,298,'2019-06-23 12:42:18','2019-06-23 12:42:18',146,0,0,0,0,NULL),(746,18,353,'2019-06-23 12:42:18','2019-06-23 12:42:18',63,0,0,0,0,NULL),(747,18,429,'2019-06-23 12:42:18','2019-06-23 12:42:18',146,0,0,0,0,NULL),(748,18,402,'2019-06-23 12:42:18','2019-06-23 12:42:18',63,0,0,0,0,NULL),(749,18,390,'2019-06-23 12:42:18','2019-06-23 12:42:18',65,0,0,0,0,NULL),(750,18,327,'2019-06-23 12:42:18','2019-06-23 12:42:18',63,0,0,0,0,NULL),(751,18,300,'2019-06-23 12:42:18','2019-06-23 12:42:18',65,0,0,0,0,NULL),(753,19,301,'2019-06-23 12:42:18','2019-06-23 12:42:18',159,0,0,0,0,NULL),(754,19,347,'2019-06-23 12:42:18','2019-06-23 12:42:18',114,0,0,0,0,NULL),(755,19,356,'2019-06-23 12:42:18','2019-06-23 12:42:18',114,0,0,0,0,NULL),(756,19,397,'2019-06-23 12:42:18','2019-06-23 12:42:18',114,0,0,0,0,NULL),(757,19,422,'2019-06-23 12:42:18','2019-06-23 12:42:18',114,0,0,0,0,NULL),(758,19,428,'2019-06-23 12:42:18','2019-06-23 12:42:18',159,0,0,0,0,NULL),(759,19,290,'2019-06-23 12:42:18','2019-06-23 12:42:18',0,0,0,0,0,NULL),(760,19,368,'2019-06-23 12:42:18','2019-06-23 12:42:18',8,0,0,0,0,NULL),(761,19,443,'2019-06-23 12:42:18','2019-06-23 12:42:18',8,0,0,0,0,NULL),(762,19,415,'2019-06-23 12:42:18','2019-06-23 12:42:18',0,0,0,0,0,NULL),(763,19,384,'2019-06-23 12:42:18','2019-06-23 12:42:18',8,0,0,0,0,NULL),(764,19,339,'2019-06-23 12:42:18','2019-06-23 12:42:18',0,0,0,0,0,NULL),(765,19,313,'2019-06-23 12:42:18','2019-06-23 12:42:18',217,0,0,0,0,NULL),(766,19,293,'2019-06-23 12:42:18','2019-06-23 12:42:18',139,0,0,0,0,NULL),(767,19,309,'2019-06-23 12:42:18','2019-06-23 12:42:18',139,0,0,0,0,NULL),(768,19,342,'2019-06-23 12:42:18','2019-06-23 12:42:18',139,0,0,0,0,NULL),(769,19,358,'2019-06-23 12:42:18','2019-06-23 12:42:18',139,0,0,0,0,NULL),(770,19,374,'2019-06-23 12:42:18','2019-06-23 12:42:18',139,0,0,0,0,NULL),(771,19,400,'2019-06-23 12:42:18','2019-06-23 12:42:18',139,0,0,0,0,NULL),(772,19,433,'2019-06-23 12:42:18','2019-06-23 12:42:18',139,0,0,0,0,NULL),(773,19,295,'2019-06-23 12:42:18','2019-06-23 12:42:18',111,0,0,0,0,NULL),(774,19,302,'2019-06-23 12:42:18','2019-06-23 12:42:18',111,0,0,0,0,NULL),(775,19,324,'2019-06-23 12:42:18','2019-06-23 12:42:18',111,0,0,0,0,NULL),(776,19,352,'2019-06-23 12:42:18','2019-06-23 12:42:18',111,0,0,0,0,NULL),(777,19,394,'2019-06-23 12:42:18','2019-06-23 12:42:18',111,0,0,0,0,NULL),(778,19,419,'2019-06-23 12:42:18','2019-06-23 12:42:18',111,0,0,0,0,NULL),(779,19,424,'2019-06-23 12:42:18','2019-06-23 12:42:18',111,0,0,0,0,NULL),(780,19,297,'2019-06-23 12:42:18','2019-06-23 12:42:18',63,0,0,0,0,NULL),(781,19,350,'2019-06-23 12:42:18','2019-06-23 12:42:18',65,0,0,0,0,NULL),(782,19,427,'2019-06-23 12:42:18','2019-06-23 12:42:18',63,0,0,0,0,NULL),(783,19,399,'2019-06-23 12:42:18','2019-06-23 12:42:18',65,0,0,0,0,NULL),(784,19,391,'2019-06-23 12:42:18','2019-06-23 12:42:18',63,0,0,0,0,NULL),(785,19,325,'2019-06-23 12:42:18','2019-06-23 12:42:18',65,0,0,0,0,NULL),(786,19,305,'2019-06-23 12:42:18','2019-06-23 12:42:18',146,0,0,0,0,NULL),(788,20,422,'2019-06-23 12:42:18','2019-06-23 12:42:18',114,0,0,0,0,NULL),(789,20,395,'2019-06-23 12:42:18','2019-06-23 12:42:18',159,0,0,0,0,NULL),(790,20,351,'2019-06-23 12:42:18','2019-06-23 12:42:18',159,0,0,0,0,NULL),(791,20,426,'2019-06-23 12:42:18','2019-06-23 12:42:18',230,0,0,0,0,NULL),(792,20,306,'2019-06-23 12:42:18','2019-06-23 12:42:18',114,0,0,0,0,NULL),(793,20,348,'2019-06-23 12:42:18','2019-06-23 12:42:18',394,0,0,0,0,NULL),(794,20,284,'2019-06-23 12:42:18','2019-06-23 12:42:18',327,0,0,0,0,NULL),(795,20,411,'2019-06-23 12:42:18','2019-06-23 12:42:18',380,0,0,0,0,NULL),(796,20,372,'2019-06-23 12:42:18','2019-06-23 12:42:18',408,0,0,0,0,NULL),(797,20,386,'2019-06-23 12:42:18','2019-06-23 12:42:18',502,0,0,0,0,NULL),(798,20,435,'2019-06-23 12:42:18','2019-06-23 12:42:18',342,0,0,0,0,NULL),(799,20,319,'2019-06-23 12:42:18','2019-06-23 12:42:18',366,0,0,0,0,NULL),(800,20,328,'2019-06-23 12:42:18','2019-06-23 12:42:18',309,0,0,0,0,NULL),(801,20,294,'2019-06-23 12:42:18','2019-06-23 12:42:18',436,0,0,0,0,NULL),(802,20,311,'2019-06-23 12:42:18','2019-06-23 12:42:18',436,0,0,0,0,NULL),(803,20,344,'2019-06-23 12:42:18','2019-06-23 12:42:18',436,0,0,0,0,NULL),(804,20,360,'2019-06-23 12:42:18','2019-06-23 12:42:18',436,0,0,0,0,NULL),(805,20,375,'2019-06-23 12:42:18','2019-06-23 12:42:18',436,0,0,0,0,NULL),(806,20,403,'2019-06-23 12:42:18','2019-06-23 12:42:18',436,0,0,0,0,NULL),(807,20,434,'2019-06-23 12:42:18','2019-06-23 12:42:18',436,0,0,0,0,NULL),(808,20,295,'2019-06-23 12:42:18','2019-06-23 12:42:18',111,0,0,0,0,NULL),(809,20,302,'2019-06-23 12:42:18','2019-06-23 12:42:18',111,0,0,0,0,NULL),(810,20,324,'2019-06-23 12:42:18','2019-06-23 12:42:18',111,0,0,0,0,NULL),(811,20,352,'2019-06-23 12:42:18','2019-06-23 12:42:18',111,0,0,0,0,NULL),(812,20,394,'2019-06-23 12:42:18','2019-06-23 12:42:18',111,0,0,0,0,NULL),(813,20,419,'2019-06-23 12:42:18','2019-06-23 12:42:18',111,0,0,0,0,NULL),(814,20,424,'2019-06-23 12:42:18','2019-06-23 12:42:18',111,0,0,0,0,NULL),(815,20,297,'2019-06-23 12:42:18','2019-06-23 12:42:18',63,0,0,0,0,NULL),(816,20,355,'2019-06-23 12:42:18','2019-06-23 12:42:18',146,0,0,0,0,NULL),(817,20,427,'2019-06-23 12:42:18','2019-06-23 12:42:18',63,0,0,0,0,NULL),(818,20,399,'2019-06-23 12:42:18','2019-06-23 12:42:18',65,0,0,0,0,NULL),(819,20,391,'2019-06-23 12:42:18','2019-06-23 12:42:18',63,0,0,0,0,NULL),(820,20,327,'2019-06-23 12:42:18','2019-06-23 12:42:18',63,0,0,0,0,NULL),(821,20,305,'2019-06-23 12:42:18','2019-06-23 12:42:18',146,0,0,0,0,NULL),(822,21,278,'2019-06-23 12:42:18','2019-06-23 12:42:18',394,0,0,0,0,NULL),(823,21,357,'2019-06-23 12:42:18','2019-06-23 12:42:18',394,0,0,0,0,NULL),(824,21,426,'2019-06-23 12:42:18','2019-06-23 12:42:18',230,0,0,0,0,NULL),(825,21,423,'2019-06-23 12:42:18','2019-06-23 12:42:18',394,0,0,0,0,NULL),(826,21,396,'2019-06-23 12:42:18','2019-06-23 12:42:18',268,0,0,0,0,NULL),(827,21,343,'2019-06-23 12:42:18','2019-06-23 12:42:18',230,0,0,0,0,NULL),(828,21,307,'2019-06-23 12:42:18','2019-06-23 12:42:18',394,0,0,0,0,NULL),(829,21,286,'2019-06-23 12:42:18','2019-06-23 12:42:18',380,0,0,0,0,NULL),(830,21,410,'2019-06-23 12:42:18','2019-06-23 12:42:18',409,0,0,0,0,NULL),(831,21,389,'2019-06-23 12:42:18','2019-06-23 12:42:18',382,0,0,0,0,NULL),(832,21,366,'2019-06-23 12:42:18','2019-06-23 12:42:18',409,0,0,0,0,NULL),(833,21,441,'2019-06-23 12:42:18','2019-06-23 12:42:18',409,0,0,0,0,NULL),(834,21,316,'2019-06-23 12:42:18','2019-06-23 12:42:18',409,0,0,0,0,NULL),(835,21,341,'2019-06-23 12:42:18','2019-06-23 12:42:18',382,0,0,0,0,NULL),(836,21,294,'2019-06-23 12:42:18','2019-06-23 12:42:18',436,0,0,0,0,NULL),(837,21,311,'2019-06-23 12:42:18','2019-06-23 12:42:18',436,0,0,0,0,NULL),(838,21,344,'2019-06-23 12:42:18','2019-06-23 12:42:18',436,0,0,0,0,NULL),(839,21,360,'2019-06-23 12:42:18','2019-06-23 12:42:18',436,0,0,0,0,NULL),(840,21,375,'2019-06-23 12:42:18','2019-06-23 12:42:18',436,0,0,0,0,NULL),(841,21,403,'2019-06-23 12:42:18','2019-06-23 12:42:18',436,0,0,0,0,NULL),(842,21,434,'2019-06-23 12:42:18','2019-06-23 12:42:18',436,0,0,0,0,NULL),(843,21,295,'2019-06-23 12:42:18','2019-06-23 12:42:18',111,0,0,0,0,NULL),(844,21,302,'2019-06-23 12:42:18','2019-06-23 12:42:18',111,0,0,0,0,NULL),(845,21,324,'2019-06-23 12:42:18','2019-06-23 12:42:18',111,0,0,0,0,NULL),(846,21,352,'2019-06-23 12:42:18','2019-06-23 12:42:18',111,0,0,0,0,NULL),(847,21,394,'2019-06-23 12:42:18','2019-06-23 12:42:18',111,0,0,0,0,NULL),(848,21,419,'2019-06-23 12:42:18','2019-06-23 12:42:18',111,0,0,0,0,NULL),(849,21,424,'2019-06-23 12:42:18','2019-06-23 12:42:18',111,0,0,0,0,NULL),(850,21,298,'2019-06-23 12:42:18','2019-06-23 12:42:18',146,0,0,0,0,NULL),(851,21,355,'2019-06-23 12:42:18','2019-06-23 12:42:18',146,0,0,0,0,NULL),(852,21,427,'2019-06-23 12:42:18','2019-06-23 12:42:18',63,0,0,0,0,NULL),(853,21,399,'2019-06-23 12:42:18','2019-06-23 12:42:18',65,0,0,0,0,NULL),(854,21,392,'2019-06-23 12:42:18','2019-06-23 12:42:18',146,0,0,0,0,NULL),(855,21,325,'2019-06-23 12:42:18','2019-06-23 12:42:18',65,0,0,0,0,NULL),(856,21,300,'2019-06-23 12:42:18','2019-06-23 12:42:18',65,0,0,0,0,NULL),(858,22,420,'2019-06-23 12:42:18','2019-06-23 12:42:18',159,0,0,0,0,NULL),(859,22,396,'2019-06-23 12:42:18','2019-06-23 12:42:18',268,0,0,0,0,NULL),(860,22,357,'2019-06-23 12:42:18','2019-06-23 12:42:18',394,0,0,0,0,NULL),(861,22,428,'2019-06-23 12:42:18','2019-06-23 12:42:18',159,0,0,0,0,NULL),(862,22,303,'2019-06-23 12:42:18','2019-06-23 12:42:18',268,0,0,0,0,NULL),(863,22,348,'2019-06-23 12:42:18','2019-06-23 12:42:18',394,0,0,0,0,NULL),(864,22,291,'2019-06-23 12:42:18','2019-06-23 12:42:18',408,0,0,0,0,NULL),(865,22,377,'2019-06-23 12:42:18','2019-06-23 12:42:18',309,0,0,0,0,NULL),(866,22,408,'2019-06-23 12:42:18','2019-06-23 12:42:18',262,0,0,0,0,NULL),(867,22,362,'2019-06-23 12:42:18','2019-06-23 12:42:18',285,0,0,0,0,NULL),(868,22,437,'2019-06-23 12:42:18','2019-06-23 12:42:18',285,0,0,0,0,NULL),(869,22,323,'2019-06-23 12:42:18','2019-06-23 12:42:18',382,0,0,0,0,NULL),(870,22,338,'2019-06-23 12:42:18','2019-06-23 12:42:18',502,0,0,0,0,NULL),(871,22,294,'2019-06-23 12:42:18','2019-06-23 12:42:18',436,0,0,0,0,NULL),(872,22,311,'2019-06-23 12:42:18','2019-06-23 12:42:18',436,0,0,0,0,NULL),(873,22,344,'2019-06-23 12:42:18','2019-06-23 12:42:18',436,0,0,0,0,NULL),(874,22,360,'2019-06-23 12:42:18','2019-06-23 12:42:18',436,0,0,0,0,NULL),(875,22,375,'2019-06-23 12:42:18','2019-06-23 12:42:18',436,0,0,0,0,NULL),(876,22,403,'2019-06-23 12:42:18','2019-06-23 12:42:18',436,0,0,0,0,NULL),(877,22,434,'2019-06-23 12:42:18','2019-06-23 12:42:18',436,0,0,0,0,NULL),(878,22,295,'2019-06-23 12:42:18','2019-06-23 12:42:18',111,0,0,0,0,NULL),(879,22,302,'2019-06-23 12:42:18','2019-06-23 12:42:18',111,0,0,0,0,NULL),(880,22,324,'2019-06-23 12:42:18','2019-06-23 12:42:18',111,0,0,0,0,NULL),(881,22,352,'2019-06-23 12:42:18','2019-06-23 12:42:18',111,0,0,0,0,NULL),(882,22,394,'2019-06-23 12:42:18','2019-06-23 12:42:18',111,0,0,0,0,NULL),(883,22,419,'2019-06-23 12:42:18','2019-06-23 12:42:18',111,0,0,0,0,NULL),(884,22,424,'2019-06-23 12:42:18','2019-06-23 12:42:18',111,0,0,0,0,NULL),(885,22,296,'2019-06-23 12:42:18','2019-06-23 12:42:18',65,0,0,0,0,NULL),(886,22,353,'2019-06-23 12:42:18','2019-06-23 12:42:18',63,0,0,0,0,NULL),(887,22,429,'2019-06-23 12:42:18','2019-06-23 12:42:18',146,0,0,0,0,NULL),(888,22,402,'2019-06-23 12:42:18','2019-06-23 12:42:18',63,0,0,0,0,NULL),(889,22,391,'2019-06-23 12:42:18','2019-06-23 12:42:18',63,0,0,0,0,NULL),(890,22,327,'2019-06-23 12:42:18','2019-06-23 12:42:18',63,0,0,0,0,NULL),(891,22,304,'2019-06-23 12:42:18','2019-06-23 12:42:18',63,0,0,0,0,NULL),(893,23,356,'2019-06-23 12:42:18','2019-06-23 12:42:18',114,0,0,0,0,NULL),(894,23,428,'2019-06-23 12:42:18','2019-06-23 12:42:18',159,0,0,0,0,NULL),(895,23,420,'2019-06-23 12:42:18','2019-06-23 12:42:18',159,0,0,0,0,NULL),(896,23,397,'2019-06-23 12:42:18','2019-06-23 12:42:18',114,0,0,0,0,NULL),(897,23,343,'2019-06-23 12:42:18','2019-06-23 12:42:18',230,0,0,0,0,NULL),(898,23,299,'2019-06-23 12:42:18','2019-06-23 12:42:18',230,0,0,0,0,NULL),(899,23,281,'2019-06-23 12:42:18','2019-06-23 12:42:18',285,0,0,0,0,NULL),(900,23,406,'2019-06-23 12:42:18','2019-06-25 11:11:12',285,1,0,0,0,NULL),(901,23,384,'2019-06-23 12:42:18','2019-06-23 12:42:18',8,0,0,0,0,NULL),(902,23,363,'2019-06-23 12:42:18','2019-06-23 12:42:18',217,0,0,0,0,NULL),(903,23,443,'2019-06-23 12:42:18','2019-06-23 12:42:18',8,0,0,0,0,NULL),(904,23,318,'2019-06-23 12:42:18','2019-06-23 12:42:18',8,0,0,0,0,NULL),(905,23,331,'2019-06-23 12:42:18','2019-06-23 12:42:18',217,0,0,0,0,NULL),(906,23,293,'2019-06-23 12:42:18','2019-06-23 12:42:18',139,0,0,0,0,NULL),(907,23,309,'2019-06-23 12:42:18','2019-06-23 12:42:18',139,0,0,0,0,NULL),(908,23,342,'2019-06-23 12:42:18','2019-06-23 12:42:18',139,0,0,0,0,NULL),(909,23,358,'2019-06-23 12:42:18','2019-06-23 12:42:18',139,0,0,0,0,NULL),(910,23,374,'2019-06-23 12:42:18','2019-06-23 12:42:18',139,0,0,0,0,NULL),(911,23,400,'2019-06-23 12:42:18','2019-06-23 12:42:18',139,0,0,0,0,NULL),(912,23,433,'2019-06-23 12:42:18','2019-06-23 12:42:18',139,0,0,0,0,NULL),(913,23,295,'2019-06-23 12:42:18','2019-06-23 12:42:18',111,0,0,0,0,NULL),(914,23,302,'2019-06-23 12:42:18','2019-06-23 12:42:18',111,0,0,0,0,NULL),(915,23,324,'2019-06-23 12:42:18','2019-06-23 12:42:18',111,0,0,0,0,NULL),(916,23,352,'2019-06-23 12:42:18','2019-06-23 12:42:18',111,0,0,0,0,NULL),(917,23,394,'2019-06-23 12:42:18','2019-06-23 12:42:18',111,0,0,0,0,NULL),(918,23,419,'2019-06-23 12:42:18','2019-06-23 12:42:18',111,0,0,0,0,NULL),(919,23,424,'2019-06-23 12:42:18','2019-06-23 12:42:18',111,0,0,0,0,NULL),(920,23,298,'2019-06-23 12:42:18','2019-06-23 12:42:18',146,0,0,0,0,NULL),(921,23,353,'2019-06-23 12:42:18','2019-06-23 12:42:18',63,0,0,0,0,NULL),(922,23,429,'2019-06-23 12:42:18','2019-06-23 12:42:18',146,0,0,0,0,NULL),(923,23,402,'2019-06-23 12:42:18','2019-06-23 12:42:18',63,0,0,0,0,NULL),(924,23,392,'2019-06-23 12:42:18','2019-06-23 12:42:18',146,0,0,0,0,NULL),(925,23,327,'2019-06-23 12:42:19','2019-06-23 12:42:19',63,0,0,0,0,NULL),(926,23,304,'2019-06-23 12:42:19','2019-06-23 12:42:19',63,0,0,0,0,NULL),(928,24,349,'2019-06-23 12:42:19','2019-06-23 12:42:19',230,0,0,0,0,NULL),(929,24,428,'2019-06-23 12:42:19','2019-06-23 12:42:19',159,0,0,0,0,NULL),(930,24,420,'2019-06-23 12:42:19','2019-06-23 12:42:19',159,0,0,0,0,NULL),(931,24,393,'2019-06-23 12:42:19','2019-06-23 12:42:19',230,0,0,0,0,NULL),(932,24,343,'2019-06-23 12:42:19','2019-06-23 12:42:19',230,0,0,0,0,NULL),(933,24,306,'2019-06-23 12:42:19','2019-06-23 12:42:19',114,0,0,0,0,NULL),(935,24,409,'2019-06-23 12:42:19','2019-06-23 12:42:19',327,0,0,0,0,NULL),(936,24,362,'2019-06-23 12:42:19','2019-06-23 12:42:19',285,0,0,0,0,NULL),(937,24,377,'2019-06-23 12:42:19','2019-06-23 12:42:19',309,0,0,0,0,NULL),(938,24,436,'2019-06-23 12:42:19','2019-06-23 12:42:19',309,0,0,0,0,NULL),(939,24,321,'2019-06-23 12:42:19','2019-06-23 12:42:19',0,0,0,0,0,NULL),(940,24,331,'2019-06-23 12:42:19','2019-06-23 12:42:19',217,0,0,0,0,NULL),(941,24,293,'2019-06-23 12:42:19','2019-06-23 12:42:19',139,0,0,0,0,NULL),(942,24,309,'2019-06-23 12:42:19','2019-06-23 12:42:19',139,0,0,0,0,NULL),(943,24,342,'2019-06-23 12:42:19','2019-06-23 12:42:19',139,0,0,0,0,NULL),(944,24,358,'2019-06-23 12:42:19','2019-06-23 12:42:19',139,0,0,0,0,NULL),(945,24,374,'2019-06-23 12:42:19','2019-06-23 12:42:19',139,0,0,0,0,NULL),(946,24,400,'2019-06-23 12:42:19','2019-06-23 12:42:19',139,0,0,0,0,NULL),(947,24,433,'2019-06-23 12:42:19','2019-06-23 12:42:19',139,0,0,0,0,NULL),(948,24,295,'2019-06-23 12:42:19','2019-06-23 12:42:19',111,0,0,0,0,NULL),(949,24,302,'2019-06-23 12:42:19','2019-06-23 12:42:19',111,0,0,0,0,NULL),(950,24,324,'2019-06-23 12:42:19','2019-06-23 12:42:19',111,0,0,0,0,NULL),(951,24,352,'2019-06-23 12:42:19','2019-06-23 12:42:19',111,0,0,0,0,NULL),(952,24,394,'2019-06-23 12:42:19','2019-06-23 12:42:19',111,0,0,0,0,NULL),(953,24,419,'2019-06-23 12:42:19','2019-06-23 12:42:19',111,0,0,0,0,NULL),(954,24,424,'2019-06-23 12:42:19','2019-06-23 12:42:19',111,0,0,0,0,NULL),(955,24,297,'2019-06-23 12:42:19','2019-06-23 12:42:19',63,0,0,0,0,NULL),(956,24,355,'2019-06-23 12:42:19','2019-06-23 12:42:19',146,0,0,0,0,NULL),(957,24,429,'2019-06-23 12:42:19','2019-06-23 12:42:19',146,0,0,0,0,NULL),(958,24,402,'2019-06-23 12:42:19','2019-06-23 12:42:19',63,0,0,0,0,NULL),(959,24,391,'2019-06-23 12:42:19','2019-06-23 12:42:19',63,0,0,0,0,NULL),(960,24,325,'2019-06-23 12:42:19','2019-06-23 12:42:19',65,0,0,0,0,NULL),(961,24,304,'2019-06-23 12:42:19','2019-06-23 12:42:19',63,0,0,0,0,NULL),(963,25,357,'2019-06-23 12:42:19','2019-06-23 12:42:19',394,0,0,0,0,NULL),(964,25,432,'2019-06-23 12:42:19','2019-06-23 12:42:19',394,0,0,0,0,NULL),(965,25,418,'2019-06-23 12:42:19','2019-06-23 12:42:19',230,0,0,0,0,NULL),(966,25,398,'2019-06-23 12:42:19','2019-06-23 12:42:19',394,0,0,0,0,NULL),(967,25,348,'2019-06-23 12:42:19','2019-06-23 12:42:19',394,0,0,0,0,NULL),(968,25,303,'2019-06-23 12:42:19','2019-06-23 12:42:19',268,0,0,0,0,NULL),(969,25,291,'2019-06-23 12:42:19','2019-06-23 12:42:19',408,0,0,0,0,NULL),(970,25,417,'2019-06-23 12:42:19','2019-06-23 12:42:19',382,0,0,0,0,NULL),(971,25,388,'2019-06-23 12:42:19','2019-06-23 12:42:19',408,0,0,0,0,NULL),(972,25,372,'2019-06-23 12:42:19','2019-06-23 12:42:19',408,0,0,0,0,NULL),(973,25,447,'2019-06-23 12:42:19','2019-06-23 12:42:19',408,0,0,0,0,NULL),(974,25,322,'2019-06-23 12:42:19','2019-06-23 12:42:19',408,0,0,0,0,NULL),(975,25,340,'2019-06-23 12:42:19','2019-06-23 12:42:19',408,0,0,0,0,NULL),(976,25,294,'2019-06-23 12:42:19','2019-06-23 12:42:19',436,0,0,0,0,NULL),(977,25,311,'2019-06-23 12:42:19','2019-06-23 12:42:19',436,0,0,0,0,NULL),(978,25,344,'2019-06-23 12:42:19','2019-06-23 12:42:19',436,0,0,0,0,NULL),(979,25,360,'2019-06-23 12:42:19','2019-06-23 12:42:19',436,0,0,0,0,NULL),(980,25,375,'2019-06-23 12:42:19','2019-06-23 12:42:19',436,0,0,0,0,NULL),(981,25,403,'2019-06-23 12:42:19','2019-06-23 12:42:19',436,0,0,0,0,NULL),(982,25,434,'2019-06-23 12:42:19','2019-06-23 12:42:19',436,0,0,0,0,NULL),(983,25,295,'2019-06-23 12:42:19','2019-06-23 12:42:19',111,0,0,0,0,NULL),(984,25,302,'2019-06-23 12:42:19','2019-06-23 12:42:19',111,0,0,0,0,NULL),(985,25,324,'2019-06-23 12:42:19','2019-06-23 12:42:19',111,0,0,0,0,NULL),(986,25,352,'2019-06-23 12:42:19','2019-06-23 12:42:19',111,0,0,0,0,NULL),(987,25,394,'2019-06-23 12:42:19','2019-06-23 12:42:19',111,0,0,0,0,NULL),(988,25,419,'2019-06-23 12:42:19','2019-06-23 12:42:19',111,0,0,0,0,NULL),(989,25,424,'2019-06-23 12:42:19','2019-06-23 12:42:19',111,0,0,0,0,NULL),(990,25,296,'2019-06-23 12:42:19','2019-06-23 12:42:19',65,0,0,0,0,NULL),(991,25,350,'2019-06-23 12:42:19','2019-06-23 12:42:19',65,0,0,0,0,NULL),(992,25,429,'2019-06-23 12:42:19','2019-06-23 12:42:19',146,0,0,0,0,NULL),(993,25,402,'2019-06-23 12:42:19','2019-06-23 12:42:19',63,0,0,0,0,NULL),(994,25,390,'2019-06-23 12:42:19','2019-06-23 12:42:19',65,0,0,0,0,NULL),(995,25,325,'2019-06-23 12:42:19','2019-06-23 12:42:19',65,0,0,0,0,NULL),(996,25,305,'2019-06-23 12:42:19','2019-06-23 12:42:19',146,0,0,0,0,NULL),(998,26,354,'2019-06-23 12:42:19','2019-06-23 12:42:19',268,0,0,0,0,NULL),(999,26,430,'2019-06-23 12:42:19','2019-06-23 12:42:19',268,0,0,0,0,NULL),(1000,26,420,'2019-06-23 12:42:19','2019-06-23 12:42:19',159,0,0,0,0,NULL),(1001,26,396,'2019-06-23 12:42:19','2019-06-23 12:42:19',268,0,0,0,0,NULL),(1002,26,346,'2019-06-23 12:42:19','2019-06-23 12:42:19',268,0,0,0,0,NULL),(1003,26,301,'2019-06-23 12:42:19','2019-06-23 12:42:19',159,0,0,0,0,NULL),(1004,26,284,'2019-06-23 12:42:19','2019-06-23 12:42:19',327,0,0,0,0,NULL),(1005,26,401,'2019-06-23 12:42:19','2019-06-23 12:42:19',342,0,0,0,0,NULL),(1006,26,370,'2019-06-23 12:42:19','2019-06-23 12:42:19',502,0,0,0,0,NULL),(1007,26,381,'2019-06-23 12:42:19','2019-06-23 12:42:19',327,0,0,0,0,NULL),(1008,26,441,'2019-06-23 12:42:19','2019-06-23 12:42:19',409,0,0,0,0,NULL),(1009,26,322,'2019-06-23 12:42:19','2019-06-23 12:42:19',408,0,0,0,0,NULL),(1010,26,338,'2019-06-23 12:42:19','2019-06-23 12:42:19',502,0,0,0,0,NULL),(1011,26,294,'2019-06-23 12:42:19','2019-06-23 12:42:19',436,0,0,0,0,NULL),(1012,26,311,'2019-06-23 12:42:19','2019-06-23 12:42:19',436,0,0,0,0,NULL),(1013,26,344,'2019-06-23 12:42:19','2019-06-23 12:42:19',436,0,0,0,0,NULL),(1014,26,360,'2019-06-23 12:42:19','2019-06-23 12:42:19',436,0,0,0,0,NULL),(1015,26,375,'2019-06-23 12:42:19','2019-06-23 12:42:19',436,0,0,0,0,NULL),(1016,26,403,'2019-06-23 12:42:19','2019-06-23 12:42:19',436,0,0,0,0,NULL),(1017,26,434,'2019-06-23 12:42:19','2019-06-23 12:42:19',436,0,0,0,0,NULL),(1018,26,295,'2019-06-23 12:42:19','2019-06-23 12:42:19',111,0,0,0,0,NULL),(1019,26,302,'2019-06-23 12:42:19','2019-06-23 12:42:19',111,0,0,0,0,NULL),(1020,26,324,'2019-06-23 12:42:19','2019-06-23 12:42:19',111,0,0,0,0,NULL),(1021,26,352,'2019-06-23 12:42:19','2019-06-23 12:42:19',111,0,0,0,0,NULL),(1022,26,394,'2019-06-23 12:42:19','2019-06-23 12:42:19',111,0,0,0,0,NULL),(1023,26,419,'2019-06-23 12:42:19','2019-06-23 12:42:19',111,0,0,0,0,NULL),(1024,26,424,'2019-06-23 12:42:19','2019-06-23 12:42:19',111,0,0,0,0,NULL),(1025,26,298,'2019-06-23 12:42:19','2019-06-23 12:42:19',146,0,0,0,0,NULL),(1026,26,355,'2019-06-23 12:42:19','2019-06-23 12:42:19',146,0,0,0,0,NULL),(1027,26,425,'2019-06-23 12:42:19','2019-06-23 12:42:19',65,0,0,0,0,NULL),(1028,26,405,'2019-06-23 12:42:19','2019-06-23 12:42:19',146,0,0,0,0,NULL),(1029,26,392,'2019-06-23 12:42:19','2019-06-23 12:42:19',146,0,0,0,0,NULL),(1030,26,325,'2019-06-23 12:42:19','2019-06-23 12:42:19',65,0,0,0,0,NULL),(1031,26,300,'2019-06-23 12:42:19','2019-06-23 12:42:19',65,0,0,0,0,NULL),(1033,27,306,'2019-06-23 12:42:19','2019-06-23 12:42:19',114,0,0,0,0,NULL),(1034,27,345,'2019-06-23 12:42:19','2019-06-23 12:42:19',159,0,0,0,0,NULL),(1035,27,356,'2019-06-23 12:42:19','2019-06-23 12:42:19',114,0,0,0,0,NULL),(1036,27,397,'2019-06-23 12:42:19','2019-06-23 12:42:19',114,0,0,0,0,NULL),(1037,27,422,'2019-06-23 12:42:19','2019-06-23 12:42:19',114,0,0,0,0,NULL),(1038,27,431,'2019-06-23 12:42:19','2019-06-23 12:42:19',114,0,0,0,0,NULL),(1039,27,287,'2019-06-23 12:42:19','2019-06-23 12:42:19',8,0,0,0,0,NULL),(1040,27,318,'2019-06-23 12:42:19','2019-06-23 12:42:19',8,0,0,0,0,NULL),(1041,27,336,'2019-06-23 12:42:19','2019-06-23 12:42:19',8,0,0,0,0,NULL),(1042,27,371,'2019-06-23 12:42:19','2019-06-23 12:42:19',0,0,0,0,0,NULL),(1043,27,384,'2019-06-23 12:42:19','2019-06-23 12:42:19',8,0,0,0,0,NULL),(1044,27,412,'2019-06-23 12:42:19','2019-06-23 12:42:19',8,0,0,0,0,NULL),(1045,27,443,'2019-06-23 12:42:19','2019-06-23 12:42:19',8,0,0,0,0,NULL),(1046,27,293,'2019-06-23 12:42:19','2019-06-23 12:42:19',139,0,0,0,0,NULL),(1047,27,309,'2019-06-23 12:42:19','2019-06-23 12:42:19',139,0,0,0,0,NULL),(1048,27,342,'2019-06-23 12:42:19','2019-06-23 12:42:19',139,0,0,0,0,NULL),(1049,27,358,'2019-06-23 12:42:19','2019-06-23 12:42:19',139,0,0,0,0,NULL),(1050,27,374,'2019-06-23 12:42:19','2019-06-23 12:42:19',139,0,0,0,0,NULL),(1051,27,400,'2019-06-23 12:42:19','2019-06-23 12:42:19',139,0,0,0,0,NULL),(1052,27,433,'2019-06-23 12:42:19','2019-06-23 12:42:19',139,0,0,0,0,NULL),(1053,27,295,'2019-06-23 12:42:19','2019-06-23 12:42:19',111,0,0,0,0,NULL),(1054,27,302,'2019-06-23 12:42:19','2019-06-23 12:42:19',111,0,0,0,0,NULL),(1055,27,324,'2019-06-23 12:42:19','2019-06-23 12:42:19',111,0,0,0,0,NULL),(1056,27,352,'2019-06-23 12:42:19','2019-06-23 12:42:19',111,0,0,0,0,NULL),(1057,27,394,'2019-06-23 12:42:19','2019-06-23 12:42:19',111,0,0,0,0,NULL),(1058,27,419,'2019-06-23 12:42:19','2019-06-23 12:42:19',111,0,0,0,0,NULL),(1059,27,424,'2019-06-23 12:42:19','2019-06-23 12:42:19',111,0,0,0,0,NULL),(1060,27,296,'2019-06-23 12:42:19','2019-06-23 12:42:19',65,0,0,0,0,NULL),(1061,27,300,'2019-06-23 12:42:19','2019-06-23 12:42:19',65,0,0,0,0,NULL),(1062,27,325,'2019-06-23 12:42:19','2019-06-23 12:42:19',65,0,0,0,0,NULL),(1063,27,350,'2019-06-23 12:42:19','2019-06-23 12:42:19',65,0,0,0,0,NULL),(1064,27,391,'2019-06-23 12:42:19','2019-06-23 12:42:19',63,0,0,0,0,NULL),(1065,27,399,'2019-06-23 12:42:19','2019-06-23 12:42:19',65,0,0,0,0,NULL),(1066,27,425,'2019-06-23 12:42:19','2019-06-23 12:42:19',65,0,0,0,0,NULL),(1068,28,351,'2019-06-23 12:42:19','2019-06-23 12:42:19',159,0,0,0,0,NULL),(1069,28,428,'2019-06-23 12:42:19','2019-06-23 12:42:19',159,0,0,0,0,NULL),(1070,28,423,'2019-06-23 12:42:19','2019-06-23 12:42:19',394,0,0,0,0,NULL),(1071,28,393,'2019-06-23 12:42:19','2019-06-23 12:42:19',230,0,0,0,0,NULL),(1072,28,343,'2019-06-23 12:42:19','2019-06-23 12:42:19',230,0,0,0,0,NULL),(1073,28,299,'2019-06-23 12:42:19','2019-06-23 12:42:19',230,0,0,0,0,NULL),(1074,28,288,'2019-06-23 12:42:19','2019-06-23 12:42:19',366,0,0,0,0,NULL),(1075,28,414,'2019-06-23 12:42:19','2019-06-23 12:42:19',502,0,0,0,0,NULL),(1076,28,373,'2019-06-23 12:42:19','2019-06-23 12:42:19',382,0,0,0,0,NULL),(1077,28,382,'2019-06-23 12:42:19','2019-06-23 12:42:19',409,0,0,0,0,NULL),(1078,28,441,'2019-06-23 12:42:19','2019-06-23 12:42:19',409,0,0,0,0,NULL),(1079,28,317,'2019-06-23 12:42:19','2019-06-23 12:42:19',380,0,0,0,0,NULL),(1080,28,338,'2019-06-23 12:42:19','2019-06-23 12:42:19',502,0,0,0,0,NULL),(1081,28,294,'2019-06-23 12:42:19','2019-06-23 12:42:19',436,0,0,0,0,NULL),(1082,28,311,'2019-06-23 12:42:19','2019-06-23 12:42:19',436,0,0,0,0,NULL),(1083,28,344,'2019-06-23 12:42:19','2019-06-23 12:42:19',436,0,0,0,0,NULL),(1084,28,360,'2019-06-23 12:42:19','2019-06-23 12:42:19',436,0,0,0,0,NULL),(1085,28,375,'2019-06-23 12:42:19','2019-06-23 12:42:19',436,0,0,0,0,NULL),(1086,28,403,'2019-06-23 12:42:19','2019-06-23 12:42:19',436,0,0,0,0,NULL),(1087,28,434,'2019-06-23 12:42:19','2019-06-23 12:42:19',436,0,0,0,0,NULL),(1088,28,295,'2019-06-23 12:42:19','2019-06-23 12:42:19',111,0,0,0,0,NULL),(1089,28,302,'2019-06-23 12:42:19','2019-06-23 12:42:19',111,0,0,0,0,NULL),(1090,28,324,'2019-06-23 12:42:19','2019-06-23 12:42:19',111,0,0,0,0,NULL),(1091,28,352,'2019-06-23 12:42:19','2019-06-23 12:42:19',111,0,0,0,0,NULL),(1092,28,394,'2019-06-23 12:42:19','2019-06-23 12:42:19',111,0,0,0,0,NULL),(1093,28,419,'2019-06-23 12:42:19','2019-06-23 12:42:19',111,0,0,0,0,NULL),(1094,28,424,'2019-06-23 12:42:19','2019-06-23 12:42:19',111,0,0,0,0,NULL),(1095,28,298,'2019-06-23 12:42:19','2019-06-23 12:42:19',146,0,0,0,0,NULL),(1096,28,350,'2019-06-23 12:42:19','2019-06-23 12:42:19',65,0,0,0,0,NULL),(1097,28,427,'2019-06-23 12:42:19','2019-06-23 12:42:19',63,0,0,0,0,NULL),(1098,28,402,'2019-06-23 12:42:19','2019-06-23 12:42:19',63,0,0,0,0,NULL),(1099,28,391,'2019-06-23 12:42:19','2019-06-23 12:42:19',63,0,0,0,0,NULL),(1100,28,325,'2019-06-23 12:42:19','2019-06-23 12:42:19',65,0,0,0,0,NULL),(1101,28,305,'2019-06-23 12:42:19','2019-06-23 12:42:19',146,0,0,0,0,NULL),(1103,29,354,'2019-06-23 12:42:19','2019-06-23 12:42:19',268,0,0,0,0,NULL),(1104,29,430,'2019-06-23 12:42:19','2019-06-23 12:42:19',268,0,0,0,0,NULL),(1105,29,422,'2019-06-23 12:42:19','2019-06-23 12:42:19',114,0,0,0,0,NULL),(1106,29,396,'2019-06-23 12:42:19','2019-06-23 12:42:19',268,0,0,0,0,NULL),(1107,29,346,'2019-06-23 12:42:19','2019-06-23 12:42:19',268,0,0,0,0,NULL),(1108,29,303,'2019-06-23 12:42:19','2019-06-23 12:42:19',268,0,0,0,0,NULL),(1109,29,282,'2019-06-23 12:42:19','2019-06-23 12:42:19',217,0,0,0,0,NULL),(1110,29,407,'2019-06-23 12:42:19','2019-06-23 12:42:19',217,0,0,0,0,NULL),(1111,29,364,'2019-06-23 12:42:19','2019-06-23 12:42:19',262,0,0,0,0,NULL),(1112,29,377,'2019-06-23 12:42:19','2019-06-23 12:42:19',309,0,0,0,0,NULL),(1113,29,435,'2019-06-23 12:42:19','2019-06-23 12:42:19',342,0,0,0,0,NULL),(1114,29,313,'2019-06-23 12:42:19','2019-06-23 12:42:19',217,0,0,0,0,NULL),(1115,29,332,'2019-06-23 12:42:19','2019-06-23 12:42:19',262,0,0,0,0,NULL),(1116,29,293,'2019-06-23 12:42:19','2019-06-23 12:42:19',139,0,0,0,0,NULL),(1117,29,309,'2019-06-23 12:42:19','2019-06-23 12:42:19',139,0,0,0,0,NULL),(1118,29,342,'2019-06-23 12:42:19','2019-06-23 12:42:19',139,0,0,0,0,NULL),(1119,29,358,'2019-06-23 12:42:19','2019-06-23 12:42:19',139,0,0,0,0,NULL),(1120,29,374,'2019-06-23 12:42:19','2019-06-23 12:42:19',139,0,0,0,0,NULL),(1121,29,400,'2019-06-23 12:42:19','2019-06-23 12:42:19',139,0,0,0,0,NULL),(1122,29,433,'2019-06-23 12:42:19','2019-06-23 12:42:19',139,0,0,0,0,NULL),(1123,29,295,'2019-06-23 12:42:19','2019-06-23 12:42:19',111,0,0,0,0,NULL),(1124,29,302,'2019-06-23 12:42:19','2019-06-23 12:42:19',111,0,0,0,0,NULL),(1125,29,324,'2019-06-23 12:42:19','2019-06-23 12:42:19',111,0,0,0,0,NULL),(1126,29,352,'2019-06-23 12:42:19','2019-06-23 12:42:19',111,0,0,0,0,NULL),(1127,29,394,'2019-06-23 12:42:19','2019-06-23 12:42:19',111,0,0,0,0,NULL),(1128,29,419,'2019-06-23 12:42:19','2019-06-23 12:42:19',111,0,0,0,0,NULL),(1129,29,424,'2019-06-23 12:42:19','2019-06-23 12:42:19',111,0,0,0,0,NULL),(1130,29,296,'2019-06-23 12:42:19','2019-06-23 12:42:19',65,0,0,0,0,NULL),(1131,29,353,'2019-06-23 12:42:19','2019-06-23 12:42:19',63,0,0,0,0,NULL),(1132,29,427,'2019-06-23 12:42:19','2019-06-23 12:42:19',63,0,0,0,0,NULL),(1133,29,399,'2019-06-23 12:42:19','2019-06-23 12:42:19',65,0,0,0,0,NULL),(1134,29,391,'2019-06-23 12:42:19','2019-06-23 12:42:19',63,0,0,0,0,NULL),(1135,29,325,'2019-06-23 12:42:19','2019-06-23 12:42:19',65,0,0,0,0,NULL),(1136,29,304,'2019-06-23 12:42:19','2019-06-23 12:42:19',63,0,0,0,0,NULL),(1158,31,278,'2019-06-23 12:42:19','2019-06-23 12:42:19',394,0,0,0,0,NULL),(1159,31,357,'2019-06-23 12:42:19','2019-06-23 12:42:19',394,0,0,0,0,NULL),(1160,31,430,'2019-06-23 12:42:19','2019-06-23 12:42:19',268,0,0,0,0,NULL),(1161,31,418,'2019-06-23 12:42:19','2019-06-23 12:42:19',230,0,0,0,0,NULL),(1162,31,398,'2019-06-23 12:42:19','2019-06-23 12:42:19',394,0,0,0,0,NULL),(1163,31,346,'2019-06-23 12:42:19','2019-06-23 12:42:19',268,0,0,0,0,NULL),(1164,31,307,'2019-06-23 12:42:19','2019-06-23 12:42:19',394,0,0,0,0,NULL),(1165,31,289,'2019-06-23 12:42:19','2019-06-23 12:42:19',502,0,0,0,0,NULL),(1166,31,372,'2019-06-23 12:42:19','2019-06-23 12:42:19',408,0,0,0,0,NULL),(1167,31,445,'2019-06-23 12:42:19','2019-06-23 12:42:19',502,0,0,0,0,NULL),(1168,31,414,'2019-06-23 12:42:19','2019-06-23 12:42:19',502,0,0,0,0,NULL),(1169,31,382,'2019-06-23 12:42:19','2019-06-23 12:42:19',409,0,0,0,0,NULL),(1170,31,334,'2019-06-23 12:42:19','2019-06-23 12:42:19',409,0,0,0,0,NULL),(1171,31,322,'2019-06-23 12:42:19','2019-06-23 12:42:19',408,0,0,0,0,NULL),(1172,31,294,'2019-06-23 12:42:19','2019-06-23 12:42:19',436,0,0,0,0,NULL),(1173,31,311,'2019-06-23 12:42:19','2019-06-23 12:42:19',436,0,0,0,0,NULL),(1174,31,344,'2019-06-23 12:42:19','2019-06-23 12:42:19',436,0,0,0,0,NULL),(1175,31,360,'2019-06-23 12:42:19','2019-06-23 12:42:19',436,0,0,0,0,NULL),(1176,31,375,'2019-06-23 12:42:19','2019-06-23 12:42:19',436,0,0,0,0,NULL),(1177,31,403,'2019-06-23 12:42:19','2019-06-23 12:42:19',436,0,0,0,0,NULL),(1178,31,434,'2019-06-23 12:42:19','2019-06-23 12:42:19',436,0,0,0,0,NULL),(1179,31,295,'2019-06-23 12:42:19','2019-06-23 12:42:19',111,0,0,0,0,NULL),(1180,31,302,'2019-06-23 12:42:19','2019-06-23 12:42:19',111,0,0,0,0,NULL),(1181,31,324,'2019-06-23 12:42:19','2019-06-23 12:42:19',111,0,0,0,0,NULL),(1182,31,352,'2019-06-23 12:42:19','2019-06-23 12:42:19',111,0,0,0,0,NULL),(1183,31,394,'2019-06-23 12:42:19','2019-06-23 12:42:19',111,0,0,0,0,NULL),(1184,31,419,'2019-06-23 12:42:19','2019-06-23 12:42:19',111,0,0,0,0,NULL),(1185,31,424,'2019-06-23 12:42:19','2019-06-23 12:42:19',111,0,0,0,0,NULL),(1186,31,298,'2019-06-23 12:42:19','2019-06-23 12:42:19',146,0,0,0,0,NULL),(1187,31,350,'2019-06-23 12:42:19','2019-06-23 12:42:19',65,0,0,0,0,NULL),(1188,31,425,'2019-06-23 12:42:19','2019-06-23 12:42:19',65,0,0,0,0,NULL),(1189,31,402,'2019-06-23 12:42:19','2019-06-23 12:42:19',63,0,0,0,0,NULL),(1190,31,390,'2019-06-23 12:42:19','2019-06-23 12:42:19',65,0,0,0,0,NULL),(1191,31,329,'2019-06-23 12:42:19','2019-06-23 12:42:19',146,0,0,0,0,NULL),(1192,31,300,'2019-06-23 12:42:19','2019-06-23 12:42:19',65,0,0,0,0,NULL),(1194,32,356,'2019-06-23 12:42:19','2019-06-23 12:42:19',114,0,0,0,0,NULL),(1195,32,428,'2019-06-23 12:42:19','2019-06-23 12:42:19',159,0,0,0,0,NULL),(1196,32,420,'2019-06-23 12:42:19','2019-06-23 12:42:19',159,0,0,0,0,NULL),(1197,32,397,'2019-06-23 12:42:19','2019-06-23 12:42:19',114,0,0,0,0,NULL),(1198,32,345,'2019-06-23 12:42:19','2019-06-23 12:42:19',159,0,0,0,0,NULL),(1199,32,299,'2019-06-23 12:42:19','2019-06-23 12:42:19',230,0,0,0,0,NULL),(1200,32,281,'2019-06-23 12:42:19','2019-06-23 12:42:19',285,0,0,0,0,NULL),(1201,32,404,'2019-06-23 12:42:19','2019-06-23 12:42:19',309,0,0,0,0,NULL),(1202,32,361,'2019-06-23 12:42:19','2019-06-23 12:42:19',309,0,0,0,0,NULL),(1203,32,384,'2019-06-23 12:42:19','2019-06-23 12:42:19',8,0,0,0,0,NULL),(1204,32,435,'2019-06-23 12:42:19','2019-06-23 12:42:19',342,0,0,0,0,NULL),(1205,32,315,'2019-06-23 12:42:19','2019-06-23 12:42:19',327,0,0,0,0,NULL),(1206,32,326,'2019-06-23 12:42:19','2019-06-27 10:08:00',342,0,0,0,0,NULL),(1207,32,293,'2019-06-23 12:42:19','2019-06-23 12:42:19',139,0,0,0,0,NULL),(1208,32,309,'2019-06-23 12:42:19','2019-06-23 12:42:19',139,0,0,0,0,NULL),(1209,32,342,'2019-06-23 12:42:19','2019-06-23 12:42:19',139,0,0,0,0,NULL),(1210,32,358,'2019-06-23 12:42:19','2019-06-23 12:42:19',139,0,0,0,0,NULL),(1211,32,374,'2019-06-23 12:42:19','2019-06-23 12:42:19',139,0,0,0,0,NULL),(1212,32,400,'2019-06-23 12:42:19','2019-06-23 12:42:19',139,0,0,0,0,NULL),(1213,32,433,'2019-06-23 12:42:19','2019-06-23 12:42:19',139,0,0,0,0,NULL),(1214,32,295,'2019-06-23 12:42:19','2019-06-23 12:42:19',111,0,0,0,0,NULL),(1215,32,302,'2019-06-23 12:42:19','2019-06-23 12:42:19',111,0,0,0,0,NULL),(1216,32,324,'2019-06-23 12:42:19','2019-06-23 12:42:19',111,0,0,0,0,NULL),(1217,32,352,'2019-06-23 12:42:19','2019-06-23 12:42:19',111,0,0,0,0,NULL),(1218,32,394,'2019-06-23 12:42:19','2019-06-23 12:42:19',111,0,0,0,0,NULL),(1219,32,419,'2019-06-23 12:42:19','2019-06-23 12:42:19',111,0,0,0,0,NULL),(1220,32,424,'2019-06-23 12:42:19','2019-06-23 12:42:19',111,0,0,0,0,NULL),(1221,32,298,'2019-06-23 12:42:19','2019-06-23 12:42:19',146,0,0,0,0,NULL),(1222,32,355,'2019-06-23 12:42:19','2019-06-23 12:42:19',146,0,0,0,0,NULL),(1223,32,425,'2019-06-23 12:42:19','2019-06-23 12:42:19',65,0,0,0,0,NULL),(1224,32,399,'2019-06-23 12:42:19','2019-06-23 12:42:19',65,0,0,0,0,NULL),(1225,32,390,'2019-06-23 12:42:19','2019-06-23 12:42:19',65,0,0,0,0,NULL),(1226,32,325,'2019-06-23 12:42:19','2019-06-23 12:42:19',65,0,0,0,0,NULL),(1227,32,304,'2019-06-23 12:42:19','2019-06-23 12:42:19',63,0,0,0,0,NULL),(1229,33,351,'2019-06-23 12:42:19','2019-06-23 12:42:19',159,0,0,0,0,NULL),(1230,33,431,'2019-06-23 12:42:19','2019-06-23 12:42:19',114,0,0,0,0,NULL),(1231,33,420,'2019-06-23 12:42:19','2019-06-23 12:42:19',159,0,0,0,0,NULL),(1232,33,393,'2019-06-23 12:42:19','2019-06-23 12:42:19',230,0,0,0,0,NULL),(1233,33,343,'2019-06-23 12:42:19','2019-06-23 12:42:19',230,0,0,0,0,NULL),(1234,33,301,'2019-06-23 12:42:19','2019-06-23 12:42:19',159,0,0,0,0,NULL),(1235,33,282,'2019-06-23 12:42:19','2019-06-23 12:42:19',217,0,0,0,0,NULL),(1236,33,412,'2019-06-23 12:42:19','2019-06-23 12:42:19',8,0,0,0,0,NULL),(1237,33,380,'2019-06-23 12:42:19','2019-06-23 12:42:19',262,0,0,0,0,NULL),(1238,33,363,'2019-06-23 12:42:19','2019-06-23 12:42:19',217,0,0,0,0,NULL),(1239,33,438,'2019-06-23 12:42:19','2019-06-23 12:42:19',217,0,0,0,0,NULL),(1240,33,314,'2019-06-23 12:42:19','2019-06-23 12:42:19',262,0,0,0,0,NULL),(1241,33,330,'2019-06-23 12:42:19','2019-06-23 12:42:19',285,0,0,0,0,NULL),(1242,33,293,'2019-06-23 12:42:19','2019-06-23 12:42:19',139,0,0,0,0,NULL),(1243,33,309,'2019-06-23 12:42:19','2019-06-23 12:42:19',139,0,0,0,0,NULL),(1244,33,342,'2019-06-23 12:42:19','2019-06-23 12:42:19',139,0,0,0,0,NULL),(1245,33,358,'2019-06-23 12:42:19','2019-06-23 12:42:19',139,0,0,0,0,NULL),(1246,33,374,'2019-06-23 12:42:19','2019-06-23 12:42:19',139,0,0,0,0,NULL),(1247,33,400,'2019-06-23 12:42:19','2019-06-23 12:42:19',139,0,0,0,0,NULL),(1248,33,433,'2019-06-23 12:42:19','2019-06-23 12:42:19',139,0,0,0,0,NULL),(1249,33,295,'2019-06-23 12:42:19','2019-06-23 12:42:19',111,0,0,0,0,NULL),(1250,33,302,'2019-06-23 12:42:19','2019-06-23 12:42:19',111,0,0,0,0,NULL),(1251,33,324,'2019-06-23 12:42:19','2019-06-23 12:42:19',111,0,0,0,0,NULL),(1252,33,352,'2019-06-23 12:42:19','2019-06-23 12:42:19',111,0,0,0,0,NULL),(1253,33,394,'2019-06-23 12:42:19','2019-06-23 12:42:19',111,0,0,0,0,NULL),(1254,33,419,'2019-06-23 12:42:19','2019-06-23 12:42:19',111,0,0,0,0,NULL),(1255,33,424,'2019-06-23 12:42:19','2019-06-23 12:42:19',111,0,0,0,0,NULL),(1256,33,296,'2019-06-23 12:42:19','2019-06-23 12:42:19',65,0,0,0,0,NULL),(1257,33,353,'2019-06-23 12:42:19','2019-06-23 12:42:19',63,0,0,0,0,NULL),(1258,33,429,'2019-06-23 12:42:19','2019-06-23 12:42:19',146,0,0,0,0,NULL),(1259,33,399,'2019-06-23 12:42:19','2019-06-23 12:42:19',65,0,0,0,0,NULL),(1260,33,390,'2019-06-23 12:42:19','2019-06-23 12:42:19',65,0,0,0,0,NULL),(1261,33,327,'2019-06-23 12:42:19','2019-06-23 12:42:19',63,0,0,0,0,NULL),(1262,33,304,'2019-06-23 12:42:19','2019-06-23 12:42:19',63,0,0,0,0,NULL),(1292,35,354,'2019-06-23 12:42:19','2019-06-23 12:42:19',268,0,0,0,0,NULL),(1293,35,428,'2019-06-23 12:42:19','2019-06-23 12:42:19',159,0,0,0,0,NULL),(1294,35,418,'2019-06-23 12:42:19','2019-06-23 12:42:19',230,0,0,0,0,NULL),(1295,35,393,'2019-06-23 12:42:19','2019-06-23 12:42:19',230,0,0,0,0,NULL),(1296,35,343,'2019-06-23 12:42:19','2019-06-23 12:42:19',230,0,0,0,0,NULL),(1297,35,303,'2019-06-23 12:42:19','2019-06-23 12:42:19',268,0,0,0,0,NULL),(1299,35,378,'2019-06-23 12:42:19','2019-06-23 12:42:19',285,0,0,0,0,NULL),(1300,35,413,'2019-06-23 12:42:19','2019-06-23 12:42:19',366,0,0,0,0,NULL),(1301,35,361,'2019-06-23 12:42:19','2019-06-23 12:42:19',309,0,0,0,0,NULL),(1302,35,441,'2019-06-23 12:42:19','2019-06-23 12:42:19',409,0,0,0,0,NULL),(1303,35,319,'2019-06-23 12:42:19','2019-06-23 12:42:19',366,0,0,0,0,NULL),(1304,35,330,'2019-06-23 12:42:19','2019-06-23 12:42:19',285,0,0,0,0,NULL),(1305,35,293,'2019-06-23 12:42:19','2019-06-23 12:42:19',139,0,0,0,0,NULL),(1306,35,309,'2019-06-23 12:42:19','2019-06-23 12:42:19',139,0,0,0,0,NULL),(1307,35,342,'2019-06-23 12:42:19','2019-06-23 12:42:19',139,0,0,0,0,NULL),(1308,35,360,'2019-06-23 12:42:19','2019-06-23 12:42:19',436,0,0,0,0,NULL),(1309,35,374,'2019-06-23 12:42:19','2019-06-23 12:42:19',139,0,0,0,0,NULL),(1310,35,400,'2019-06-23 12:42:19','2019-06-23 12:42:19',139,0,0,0,0,NULL),(1311,35,434,'2019-06-23 12:42:19','2019-06-23 12:42:19',436,0,0,0,0,NULL),(1312,35,295,'2019-06-23 12:42:19','2019-06-23 12:42:19',111,0,0,0,0,NULL),(1313,35,302,'2019-06-23 12:42:19','2019-06-23 12:42:19',111,0,0,0,0,NULL),(1314,35,324,'2019-06-23 12:42:19','2019-06-23 12:42:19',111,0,0,0,0,NULL),(1315,35,352,'2019-06-23 12:42:19','2019-06-23 12:42:19',111,0,0,0,0,NULL),(1316,35,394,'2019-06-23 12:42:19','2019-06-23 12:42:19',111,0,0,0,0,NULL),(1317,35,419,'2019-06-23 12:42:19','2019-06-23 12:42:19',111,0,0,0,0,NULL),(1318,35,424,'2019-06-23 12:42:19','2019-06-23 12:42:19',111,0,0,0,0,NULL),(1319,35,297,'2019-06-23 12:42:19','2019-06-23 12:42:19',63,0,0,0,0,NULL),(1320,35,350,'2019-06-23 12:42:19','2019-06-23 12:42:19',65,0,0,0,0,NULL),(1321,35,427,'2019-06-23 12:42:19','2019-06-23 12:42:19',63,0,0,0,0,NULL),(1322,35,402,'2019-06-23 12:42:19','2019-06-23 12:42:19',63,0,0,0,0,NULL),(1323,35,390,'2019-06-23 12:42:19','2019-06-23 12:42:19',65,0,0,0,0,NULL),(1324,35,327,'2019-06-23 12:42:19','2019-06-23 12:42:19',63,0,0,0,0,NULL),(1325,35,304,'2019-06-23 12:42:19','2019-06-23 12:42:19',63,0,0,0,0,NULL),(1348,37,351,'2019-06-23 12:42:19','2019-06-23 12:42:19',159,0,0,0,0,NULL),(1349,37,430,'2019-06-23 12:42:19','2019-06-23 12:42:19',268,0,0,0,0,NULL),(1350,37,422,'2019-06-23 12:42:19','2019-06-23 12:42:19',114,0,0,0,0,NULL),(1351,37,396,'2019-06-23 12:42:19','2019-06-23 12:42:19',268,0,0,0,0,NULL),(1352,37,347,'2019-06-23 12:42:19','2019-06-23 12:42:19',114,0,0,0,0,NULL),(1353,37,301,'2019-06-23 12:42:19','2019-06-23 12:42:19',159,0,0,0,0,NULL),(1354,37,282,'2019-06-23 12:42:20','2019-06-23 12:42:20',217,0,0,0,0,NULL),(1355,37,401,'2019-06-23 12:42:20','2019-06-23 12:42:20',342,0,0,0,0,NULL),(1356,37,363,'2019-06-23 12:42:20','2019-06-23 12:42:20',217,0,0,0,0,NULL),(1357,37,376,'2019-06-23 12:42:20','2019-06-23 12:42:20',342,0,0,0,0,NULL),(1358,37,436,'2019-06-23 12:42:20','2019-06-23 12:42:20',309,0,0,0,0,NULL),(1359,37,314,'2019-06-23 12:42:20','2019-06-23 12:42:20',262,0,0,0,0,NULL),(1360,37,332,'2019-06-23 12:42:20','2019-06-23 12:42:20',262,0,0,0,0,NULL),(1361,37,293,'2019-06-23 12:42:20','2019-06-23 12:42:20',139,0,0,0,0,NULL),(1362,37,309,'2019-06-23 12:42:20','2019-06-23 12:42:20',139,0,0,0,0,NULL),(1363,37,342,'2019-06-23 12:42:20','2019-06-23 12:42:20',139,0,0,0,0,NULL),(1364,37,358,'2019-06-23 12:42:20','2019-06-23 12:42:20',139,0,0,0,0,NULL),(1365,37,374,'2019-06-23 12:42:20','2019-06-23 12:42:20',139,0,0,0,0,NULL),(1366,37,400,'2019-06-23 12:42:20','2019-06-23 12:42:20',139,0,0,0,0,NULL),(1367,37,433,'2019-06-23 12:42:20','2019-06-23 12:42:20',139,0,0,0,0,NULL),(1368,37,295,'2019-06-23 12:42:20','2019-06-23 12:42:20',111,0,0,0,0,NULL),(1369,37,302,'2019-06-23 12:42:20','2019-06-23 12:42:20',111,0,0,0,0,NULL),(1370,37,324,'2019-06-23 12:42:20','2019-06-23 12:42:20',111,0,0,0,0,NULL),(1371,37,352,'2019-06-23 12:42:20','2019-06-23 12:42:20',111,0,0,0,0,NULL),(1372,37,394,'2019-06-23 12:42:20','2019-06-23 12:42:20',111,0,0,0,0,NULL),(1373,37,419,'2019-06-23 12:42:20','2019-06-23 12:42:20',111,0,0,0,0,NULL),(1374,37,424,'2019-06-23 12:42:20','2019-06-23 12:42:20',111,0,0,0,0,NULL),(1375,37,297,'2019-06-23 12:42:20','2019-06-23 12:42:20',63,0,0,0,0,NULL),(1376,37,353,'2019-06-23 12:42:20','2019-06-23 12:42:20',63,0,0,0,0,NULL),(1377,37,427,'2019-06-23 12:42:20','2019-06-23 12:42:20',63,0,0,0,0,NULL),(1378,37,402,'2019-06-23 12:42:20','2019-06-23 12:42:20',63,0,0,0,0,NULL),(1379,37,390,'2019-06-23 12:42:20','2019-06-23 12:42:20',65,0,0,0,0,NULL),(1380,37,327,'2019-06-23 12:42:20','2019-06-23 12:42:20',63,0,0,0,0,NULL),(1381,37,300,'2019-06-23 12:42:20','2019-06-23 12:42:20',65,0,0,0,0,NULL),(1383,38,356,'2019-06-23 12:42:20','2019-06-23 12:42:20',114,0,0,0,0,NULL),(1384,38,426,'2019-06-23 12:42:20','2019-06-23 12:42:20',230,0,0,0,0,NULL),(1385,38,422,'2019-06-23 12:42:20','2019-06-23 12:42:20',114,0,0,0,0,NULL),(1386,38,395,'2019-06-23 12:42:20','2019-06-23 12:42:20',159,0,0,0,0,NULL),(1387,38,346,'2019-06-23 12:42:20','2019-06-23 12:42:20',268,0,0,0,0,NULL),(1388,38,301,'2019-06-23 12:42:20','2019-06-23 12:42:20',159,0,0,0,0,NULL),(1389,38,291,'2019-06-23 12:42:20','2019-06-23 12:42:20',408,0,0,0,0,NULL),(1390,38,388,'2019-06-23 12:42:20','2019-06-23 12:42:20',408,0,0,0,0,NULL),(1391,38,413,'2019-06-23 12:42:20','2019-06-23 12:42:20',366,0,0,0,0,NULL),(1392,38,359,'2019-06-23 12:42:20','2019-06-23 12:42:20',342,0,0,0,0,NULL),(1393,38,444,'2019-06-23 12:42:20','2019-06-23 12:42:20',366,0,0,0,0,NULL),(1394,38,310,'2019-06-23 12:42:20','2019-06-23 12:42:20',309,0,0,0,0,NULL),(1395,38,331,'2019-06-23 12:42:20','2019-06-23 12:42:20',217,0,0,0,0,NULL),(1396,38,294,'2019-06-23 12:42:20','2019-06-23 12:42:20',436,0,0,0,0,NULL),(1397,38,311,'2019-06-23 12:42:20','2019-06-23 12:42:20',436,0,0,0,0,NULL),(1398,38,344,'2019-06-23 12:42:20','2019-06-23 12:42:20',436,0,0,0,0,NULL),(1399,38,358,'2019-06-23 12:42:20','2019-06-23 12:42:20',139,0,0,0,0,NULL),(1400,38,375,'2019-06-23 12:42:20','2019-06-23 12:42:20',436,0,0,0,0,NULL),(1401,38,403,'2019-06-23 12:42:20','2019-06-23 12:42:20',436,0,0,0,0,NULL),(1402,38,433,'2019-06-23 12:42:20','2019-06-23 12:42:20',139,0,0,0,0,NULL),(1403,38,295,'2019-06-23 12:42:20','2019-06-23 12:42:20',111,0,0,0,0,NULL),(1404,38,302,'2019-06-23 12:42:20','2019-06-23 12:42:20',111,0,0,0,0,NULL),(1405,38,324,'2019-06-23 12:42:20','2019-06-23 12:42:20',111,0,0,0,0,NULL),(1406,38,352,'2019-06-23 12:42:20','2019-06-23 12:42:20',111,0,0,0,0,NULL),(1407,38,394,'2019-06-23 12:42:20','2019-06-23 12:42:20',111,0,0,0,0,NULL),(1408,38,419,'2019-06-23 12:42:20','2019-06-23 12:42:20',111,0,0,0,0,NULL),(1409,38,424,'2019-06-23 12:42:20','2019-06-23 12:42:20',111,0,0,0,0,NULL),(1410,38,298,'2019-06-23 12:42:20','2019-06-23 12:42:20',146,0,0,0,0,NULL),(1411,38,355,'2019-06-23 12:42:20','2019-06-23 12:42:20',146,0,0,0,0,NULL),(1412,38,427,'2019-06-23 12:42:20','2019-06-23 12:42:20',63,0,0,0,0,NULL),(1413,38,405,'2019-06-23 12:42:20','2019-06-23 12:42:20',146,0,0,0,0,NULL),(1414,38,391,'2019-06-23 12:42:20','2019-06-23 12:42:20',63,0,0,0,0,NULL),(1415,38,327,'2019-06-23 12:42:20','2019-06-23 12:42:20',63,0,0,0,0,NULL),(1416,38,304,'2019-06-23 12:42:20','2019-06-23 12:42:20',63,0,0,0,0,NULL),(1572,57,420,'2019-06-23 12:42:20','2019-06-23 12:42:20',159,0,0,0,0,NULL),(1573,57,397,'2019-06-23 12:42:20','2019-06-23 12:42:20',114,0,0,0,0,NULL),(1574,57,349,'2019-06-23 12:42:20','2019-06-23 12:42:20',230,0,0,0,0,NULL),(1575,57,431,'2019-06-23 12:42:20','2019-06-23 12:42:20',114,0,0,0,0,NULL),(1576,57,299,'2019-06-23 12:42:20','2019-06-23 12:42:20',230,0,0,0,0,NULL),(1577,57,343,'2019-06-23 12:42:20','2019-06-23 12:42:20',230,0,0,0,0,NULL),(1578,57,285,'2019-06-23 12:42:20','2019-06-23 12:42:20',409,0,0,0,0,NULL),(1579,57,388,'2019-06-23 12:42:20','2019-06-23 12:42:20',408,0,0,0,0,NULL),(1580,57,411,'2019-06-23 12:42:20','2019-06-23 12:42:20',380,0,0,0,0,NULL),(1581,57,369,'2019-06-23 12:42:20','2019-06-23 12:42:20',366,0,0,0,0,NULL),(1582,57,448,'2019-06-23 12:42:20','2019-06-23 12:42:20',382,0,0,0,0,NULL),(1583,57,312,'2019-06-23 12:42:20','2019-06-23 12:42:20',285,0,0,0,0,NULL),(1584,57,332,'2019-06-23 12:42:20','2019-06-23 12:42:20',262,0,0,0,0,NULL),(1585,57,294,'2019-06-23 12:42:20','2019-06-23 12:42:20',436,0,0,0,0,NULL),(1586,57,311,'2019-06-23 12:42:20','2019-06-23 12:42:20',436,0,0,0,0,NULL),(1587,57,344,'2019-06-23 12:42:20','2019-06-23 12:42:20',436,0,0,0,0,NULL),(1588,57,360,'2019-06-23 12:42:20','2019-06-23 12:42:20',436,0,0,0,0,NULL),(1589,57,375,'2019-06-23 12:42:20','2019-06-23 12:42:20',436,0,0,0,0,NULL),(1590,57,403,'2019-06-23 12:42:20','2019-06-23 12:42:20',436,0,0,0,0,NULL),(1591,57,434,'2019-06-23 12:42:20','2019-06-23 12:42:20',436,0,0,0,0,NULL),(1592,57,295,'2019-06-23 12:42:20','2019-06-23 12:42:20',111,0,0,0,0,NULL),(1593,57,302,'2019-06-23 12:42:20','2019-06-23 12:42:20',111,0,0,0,0,NULL),(1594,57,324,'2019-06-23 12:42:20','2019-06-23 12:42:20',111,0,0,0,0,NULL),(1595,57,352,'2019-06-23 12:42:20','2019-06-23 12:42:20',111,0,0,0,0,NULL),(1596,57,394,'2019-06-23 12:42:20','2019-06-23 12:42:20',111,0,0,0,0,NULL),(1597,57,419,'2019-06-23 12:42:20','2019-06-23 12:42:20',111,0,0,0,0,NULL),(1598,57,424,'2019-06-23 12:42:20','2019-06-23 12:42:20',111,0,0,0,0,NULL),(1599,57,296,'2019-06-23 12:42:20','2019-06-23 12:42:20',65,0,0,0,0,NULL),(1600,57,355,'2019-06-23 12:42:20','2019-06-23 12:42:20',146,0,0,0,0,NULL),(1601,57,427,'2019-06-23 12:42:20','2019-06-23 12:42:20',63,0,0,0,0,NULL),(1602,57,399,'2019-06-23 12:42:20','2019-06-23 12:42:20',65,0,0,0,0,NULL),(1603,57,390,'2019-06-23 12:42:20','2019-06-23 12:42:20',65,0,0,0,0,NULL),(1604,57,329,'2019-06-23 12:42:20','2019-06-23 12:42:20',146,0,0,0,0,NULL),(1605,57,305,'2019-06-23 12:42:20','2019-06-23 12:42:20',146,0,0,0,0,NULL),(1607,58,420,'2019-06-23 12:42:20','2019-06-23 12:42:20',159,0,0,0,0,NULL),(1608,58,395,'2019-06-23 12:42:20','2019-06-23 12:42:20',159,0,0,0,0,NULL),(1609,58,357,'2019-06-23 12:42:20','2019-06-23 12:42:20',394,0,0,0,0,NULL),(1610,58,431,'2019-06-23 12:42:20','2019-06-23 12:42:20',114,0,0,0,0,NULL),(1611,58,306,'2019-06-23 12:42:20','2019-06-23 12:42:20',114,0,0,0,0,NULL),(1612,58,345,'2019-06-23 12:42:20','2019-06-23 12:42:20',159,0,0,0,0,NULL),(1613,58,282,'2019-06-23 12:42:20','2019-06-23 12:42:20',217,0,0,0,0,NULL),(1614,58,389,'2019-06-23 12:42:20','2019-06-23 12:42:20',382,0,0,0,0,NULL),(1615,58,410,'2019-06-23 12:42:20','2019-06-23 12:42:20',409,0,0,0,0,NULL),(1616,58,359,'2019-06-23 12:42:20','2019-06-23 12:42:20',342,0,0,0,0,NULL),(1617,58,444,'2019-06-23 12:42:20','2019-06-23 12:42:20',366,0,0,0,0,NULL),(1618,58,312,'2019-06-23 12:42:20','2019-06-23 12:42:20',285,0,0,0,0,NULL),(1619,58,337,'2019-06-23 12:42:20','2019-06-23 12:42:20',366,0,0,0,0,NULL),(1620,58,294,'2019-06-23 12:42:20','2019-06-23 12:42:20',436,0,0,0,0,NULL),(1621,58,309,'2019-06-23 12:42:20','2019-06-23 12:42:20',139,0,0,0,0,NULL),(1622,58,344,'2019-06-23 12:42:20','2019-06-23 12:42:20',436,0,0,0,0,NULL),(1623,58,358,'2019-06-23 12:42:20','2019-06-23 12:42:20',139,0,0,0,0,NULL),(1624,58,374,'2019-06-23 12:42:20','2019-06-23 12:42:20',139,0,0,0,0,NULL),(1625,58,400,'2019-06-23 12:42:20','2019-06-23 12:42:20',139,0,0,0,0,NULL),(1626,58,433,'2019-06-23 12:42:20','2019-06-23 12:42:20',139,0,0,0,0,NULL),(1627,58,295,'2019-06-23 12:42:20','2019-06-23 12:42:20',111,0,0,0,0,NULL),(1628,58,302,'2019-06-23 12:42:20','2019-06-23 12:42:20',111,0,0,0,0,NULL),(1629,58,324,'2019-06-23 12:42:20','2019-06-23 12:42:20',111,0,0,0,0,NULL),(1630,58,352,'2019-06-23 12:42:20','2019-06-23 12:42:20',111,0,0,0,0,NULL),(1631,58,394,'2019-06-23 12:42:20','2019-06-23 12:42:20',111,0,0,0,0,NULL),(1632,58,419,'2019-06-23 12:42:20','2019-06-23 12:42:20',111,0,0,0,0,NULL),(1633,58,424,'2019-06-23 12:42:20','2019-06-23 12:42:20',111,0,0,0,0,NULL),(1634,58,297,'2019-06-23 12:42:20','2019-06-23 12:42:20',63,0,0,0,0,NULL),(1635,58,353,'2019-06-23 12:42:20','2019-06-23 12:42:20',63,0,0,0,0,NULL),(1636,58,429,'2019-06-23 12:42:20','2019-06-23 12:42:20',146,0,0,0,0,NULL),(1637,58,402,'2019-06-23 12:42:20','2019-06-23 12:42:20',63,0,0,0,0,NULL),(1638,58,392,'2019-06-23 12:42:20','2019-06-23 12:42:20',146,0,0,0,0,NULL),(1639,58,327,'2019-06-23 12:42:20','2019-06-23 12:42:20',63,0,0,0,0,NULL),(1640,58,304,'2019-06-23 12:42:20','2019-06-23 12:42:20',63,0,0,0,0,NULL),(1641,61,278,'2019-06-23 12:42:20','2019-06-23 12:42:20',394,0,0,0,0,NULL),(1642,61,351,'2019-06-23 12:42:20','2019-06-23 12:42:20',159,0,0,0,0,NULL),(1643,61,428,'2019-06-23 12:42:20','2019-06-23 12:42:20',159,0,0,0,0,NULL),(1644,61,418,'2019-06-23 12:42:20','2019-06-23 12:42:20',230,0,0,0,0,NULL),(1645,61,395,'2019-06-23 12:42:20','2019-06-23 12:42:20',159,0,0,0,0,NULL),(1646,61,343,'2019-06-23 12:42:20','2019-06-23 12:42:20',230,0,0,0,0,NULL),(1647,61,307,'2019-06-23 12:42:20','2019-06-23 12:42:20',394,0,0,0,0,NULL),(1649,61,406,'2019-06-23 12:42:20','2019-06-23 12:42:20',285,0,0,0,0,NULL),(1650,61,373,'2019-06-23 12:42:20','2019-06-23 12:42:20',382,0,0,0,0,NULL),(1651,61,389,'2019-06-23 12:42:20','2019-06-23 12:42:20',382,0,0,0,0,NULL),(1652,61,447,'2019-06-23 12:42:20','2019-06-23 12:42:20',408,0,0,0,0,NULL),(1653,61,312,'2019-06-23 12:42:20','2019-06-23 12:42:20',285,0,0,0,0,NULL),(1654,61,328,'2019-06-23 12:42:20','2019-06-23 12:42:20',309,0,0,0,0,NULL),(1655,61,294,'2019-06-23 12:42:20','2019-06-23 12:42:20',436,0,0,0,0,NULL),(1656,61,311,'2019-06-23 12:42:20','2019-06-23 12:42:20',436,0,0,0,0,NULL),(1657,61,344,'2019-06-23 12:42:20','2019-06-23 12:42:20',436,0,0,0,0,NULL),(1658,61,360,'2019-06-23 12:42:20','2019-06-23 12:42:20',436,0,0,0,0,NULL),(1659,61,375,'2019-06-23 12:42:20','2019-06-23 12:42:20',436,0,0,0,0,NULL),(1660,61,403,'2019-06-23 12:42:20','2019-06-23 12:42:20',436,0,0,0,0,NULL),(1661,61,434,'2019-06-23 12:42:20','2019-06-23 12:42:20',436,0,0,0,0,NULL),(1662,61,295,'2019-06-23 12:42:20','2019-06-23 12:42:20',111,0,0,0,0,NULL),(1663,61,302,'2019-06-23 12:42:20','2019-06-23 12:42:20',111,0,0,0,0,NULL),(1664,61,324,'2019-06-23 12:42:20','2019-06-23 12:42:20',111,0,0,0,0,NULL),(1665,61,352,'2019-06-23 12:42:20','2019-06-23 12:42:20',111,0,0,0,0,NULL),(1666,61,394,'2019-06-23 12:42:20','2019-06-23 12:42:20',111,0,0,0,0,NULL),(1667,61,419,'2019-06-23 12:42:20','2019-06-23 12:42:20',111,0,0,0,0,NULL),(1668,61,424,'2019-06-23 12:42:20','2019-06-23 12:42:20',111,0,0,0,0,NULL),(1669,61,298,'2019-06-23 12:42:20','2019-06-23 12:42:20',146,0,0,0,0,NULL),(1670,61,355,'2019-06-23 12:42:20','2019-06-23 12:42:20',146,0,0,0,0,NULL),(1671,61,425,'2019-06-23 12:42:20','2019-06-23 12:42:20',65,0,0,0,0,NULL),(1672,61,402,'2019-06-23 12:42:20','2019-06-23 12:42:20',63,0,0,0,0,NULL),(1673,61,390,'2019-06-23 12:42:20','2019-06-23 12:42:20',65,0,0,0,0,NULL),(1674,61,329,'2019-06-23 12:42:20','2019-06-23 12:42:20',146,0,0,0,0,NULL),(1675,61,300,'2019-06-23 12:42:20','2019-06-23 12:42:20',65,0,0,0,0,NULL),(1677,62,354,'2019-06-23 12:42:20','2019-06-23 12:42:20',268,0,0,0,0,NULL),(1678,62,426,'2019-06-23 12:42:20','2019-06-23 12:42:20',230,0,0,0,0,NULL),(1679,62,422,'2019-06-23 12:42:20','2019-06-23 12:42:20',114,0,0,0,0,NULL),(1680,62,393,'2019-06-23 12:42:20','2019-06-23 12:42:20',230,0,0,0,0,NULL),(1681,62,346,'2019-06-23 12:42:20','2019-06-23 12:42:20',268,0,0,0,0,NULL),(1682,62,306,'2019-06-23 12:42:20','2019-06-23 12:42:20',114,0,0,0,0,NULL),(1683,62,292,'2019-06-23 12:42:20','2019-06-23 12:42:20',382,0,0,0,0,NULL),(1684,62,382,'2019-06-23 12:42:20','2019-06-23 12:42:20',409,0,0,0,0,NULL),(1685,62,411,'2019-06-23 12:42:20','2019-06-23 12:42:20',380,0,0,0,0,NULL),(1686,62,372,'2019-06-23 12:42:20','2019-06-23 12:42:20',408,0,0,0,0,NULL),(1687,62,441,'2019-06-23 12:42:20','2019-06-23 12:42:20',409,0,0,0,0,NULL),(1688,62,312,'2019-06-23 12:42:20','2019-06-23 12:42:20',285,0,0,0,0,NULL),(1689,62,326,'2019-06-23 12:42:20','2019-06-23 12:42:20',342,0,0,0,0,NULL),(1690,62,294,'2019-06-23 12:42:20','2019-06-23 12:42:20',436,0,0,0,0,NULL),(1691,62,309,'2019-06-23 12:42:20','2019-06-23 12:42:20',139,0,0,0,0,NULL),(1692,62,344,'2019-06-23 12:42:20','2019-06-23 12:42:20',436,0,0,0,0,NULL),(1693,62,360,'2019-06-23 12:42:20','2019-06-23 12:42:20',436,0,0,0,0,NULL),(1694,62,374,'2019-06-23 12:42:20','2019-06-23 12:42:20',139,0,0,0,0,NULL),(1695,62,403,'2019-06-23 12:42:20','2019-06-23 12:42:20',436,0,0,0,0,NULL),(1696,62,434,'2019-06-23 12:42:20','2019-06-23 12:42:20',436,0,0,0,0,NULL),(1697,62,295,'2019-06-23 12:42:20','2019-06-23 12:42:20',111,0,0,0,0,NULL),(1698,62,302,'2019-06-23 12:42:20','2019-06-23 12:42:20',111,0,0,0,0,NULL),(1699,62,324,'2019-06-23 12:42:20','2019-06-23 12:42:20',111,0,0,0,0,NULL),(1700,62,352,'2019-06-23 12:42:20','2019-06-23 12:42:20',111,0,0,0,0,NULL),(1701,62,394,'2019-06-23 12:42:20','2019-06-23 12:42:20',111,0,0,0,0,NULL),(1702,62,419,'2019-06-23 12:42:20','2019-06-23 12:42:20',111,0,0,0,0,NULL),(1703,62,424,'2019-06-23 12:42:20','2019-06-23 12:42:20',111,0,0,0,0,NULL),(1704,62,298,'2019-06-23 12:42:20','2019-06-23 12:42:20',146,0,0,0,0,NULL),(1705,62,350,'2019-06-23 12:42:20','2019-06-23 12:42:20',65,0,0,0,0,NULL),(1706,62,427,'2019-06-23 12:42:20','2019-06-23 12:42:20',63,0,0,0,0,NULL),(1707,62,405,'2019-06-23 12:42:20','2019-06-23 12:42:20',146,0,0,0,0,NULL),(1708,62,390,'2019-06-23 12:42:20','2019-06-23 12:42:20',65,0,0,0,0,NULL),(1709,62,325,'2019-06-23 12:42:20','2019-06-23 12:42:20',65,0,0,0,0,NULL),(1710,62,304,'2019-06-23 12:42:20','2019-06-23 12:42:20',63,0,0,0,0,NULL),(1712,63,420,'2019-06-23 12:42:20','2019-06-23 12:42:20',159,0,0,0,0,NULL),(1713,63,398,'2019-06-23 12:42:20','2019-06-23 12:42:20',394,0,0,0,0,NULL),(1714,63,351,'2019-06-23 12:42:20','2019-06-23 12:42:20',159,0,0,0,0,NULL),(1715,63,432,'2019-06-23 12:42:20','2019-06-23 12:42:20',394,0,0,0,0,NULL),(1716,63,306,'2019-06-23 12:42:20','2019-06-23 12:42:20',114,0,0,0,0,NULL),(1717,63,348,'2019-06-23 12:42:20','2019-06-23 12:42:20',394,0,0,0,0,NULL),(1718,63,285,'2019-06-23 12:42:20','2019-06-23 12:42:20',409,0,0,0,0,NULL),(1719,63,376,'2019-06-23 12:42:20','2019-06-23 12:42:20',342,0,0,0,0,NULL),(1720,63,411,'2019-06-23 12:42:20','2019-06-23 12:42:20',380,0,0,0,0,NULL),(1721,63,373,'2019-06-23 12:42:20','2019-06-23 12:42:20',382,0,0,0,0,NULL),(1722,63,439,'2019-06-23 12:42:20','2019-06-23 12:42:20',262,0,0,0,0,NULL),(1723,63,317,'2019-06-23 12:42:20','2019-06-23 12:42:20',380,0,0,0,0,NULL),(1724,63,330,'2019-06-23 12:42:20','2019-06-23 12:42:20',285,0,0,0,0,NULL),(1725,63,293,'2019-06-23 12:42:20','2019-06-23 12:42:20',139,0,0,0,0,NULL),(1726,63,309,'2019-06-23 12:42:20','2019-06-23 12:42:20',139,0,0,0,0,NULL),(1727,63,344,'2019-06-23 12:42:20','2019-06-23 12:42:20',436,0,0,0,0,NULL),(1728,63,358,'2019-06-23 12:42:20','2019-06-23 12:42:20',139,0,0,0,0,NULL),(1729,63,374,'2019-06-23 12:42:20','2019-06-23 12:42:20',139,0,0,0,0,NULL),(1730,63,400,'2019-06-23 12:42:20','2019-06-23 12:42:20',139,0,0,0,0,NULL),(1731,63,434,'2019-06-23 12:42:20','2019-06-23 12:42:20',436,0,0,0,0,NULL),(1732,63,295,'2019-06-23 12:42:20','2019-06-23 12:42:20',111,0,0,0,0,NULL),(1733,63,302,'2019-06-23 12:42:20','2019-06-23 12:42:20',111,0,0,0,0,NULL),(1734,63,324,'2019-06-23 12:42:20','2019-06-23 12:42:20',111,0,0,0,0,NULL),(1735,63,352,'2019-06-23 12:42:20','2019-06-23 12:42:20',111,0,0,0,0,NULL),(1736,63,394,'2019-06-23 12:42:20','2019-06-23 12:42:20',111,0,0,0,0,NULL),(1737,63,419,'2019-06-23 12:42:20','2019-06-23 12:42:20',111,0,0,0,0,NULL),(1738,63,424,'2019-06-23 12:42:20','2019-06-23 12:42:20',111,0,0,0,0,NULL),(1739,63,298,'2019-06-23 12:42:20','2019-06-23 12:42:20',146,0,0,0,0,NULL),(1740,63,353,'2019-06-23 12:42:20','2019-06-23 12:42:20',63,0,0,0,0,NULL),(1741,63,425,'2019-06-23 12:42:20','2019-06-23 12:42:20',65,0,0,0,0,NULL),(1742,63,402,'2019-06-23 12:42:20','2019-06-23 12:42:20',63,0,0,0,0,NULL),(1743,63,390,'2019-06-23 12:42:20','2019-06-23 12:42:20',65,0,0,0,0,NULL),(1744,63,329,'2019-06-23 12:42:20','2019-06-23 12:42:20',146,0,0,0,0,NULL),(1745,63,304,'2019-06-23 12:42:20','2019-06-23 12:42:20',63,0,0,0,0,NULL),(1768,68,418,'2019-06-23 12:42:21','2019-06-23 12:42:21',230,0,0,0,0,NULL),(1769,68,396,'2019-06-23 12:42:21','2019-06-23 12:42:21',268,0,0,0,0,NULL),(1770,68,351,'2019-06-23 12:42:21','2019-06-23 12:42:21',159,0,0,0,0,NULL),(1771,68,426,'2019-06-23 12:42:21','2019-06-23 12:42:21',230,0,0,0,0,NULL),(1772,68,299,'2019-06-23 12:42:21','2019-06-23 12:42:21',230,0,0,0,0,NULL),(1773,68,347,'2019-06-23 12:42:21','2019-06-23 12:42:21',114,0,0,0,0,NULL),(1774,68,284,'2019-06-23 12:42:21','2019-06-23 12:42:21',327,0,0,0,0,NULL),(1775,68,389,'2019-06-23 12:42:21','2019-06-23 12:42:21',382,0,0,0,0,NULL),(1776,68,401,'2019-06-23 12:42:21','2019-06-23 12:42:21',342,0,0,0,0,NULL),(1777,68,370,'2019-06-23 12:42:21','2019-06-23 12:42:21',502,0,0,0,0,NULL),(1778,68,445,'2019-06-23 12:42:21','2019-06-23 12:42:21',502,0,0,0,0,NULL),(1779,68,323,'2019-06-23 12:42:21','2019-06-23 12:42:21',382,0,0,0,0,NULL),(1780,68,326,'2019-06-23 12:42:21','2019-06-23 12:42:21',342,0,0,0,0,NULL),(1781,68,294,'2019-06-23 12:42:21','2019-06-23 12:42:21',436,0,0,0,0,NULL),(1782,68,311,'2019-06-23 12:42:21','2019-06-23 12:42:21',436,0,0,0,0,NULL),(1783,68,344,'2019-06-23 12:42:21','2019-06-23 12:42:21',436,0,0,0,0,NULL),(1784,68,360,'2019-06-23 12:42:21','2019-06-23 12:42:21',436,0,0,0,0,NULL),(1785,68,375,'2019-06-23 12:42:21','2019-06-23 12:42:21',436,0,0,0,0,NULL),(1786,68,403,'2019-06-23 12:42:21','2019-06-23 12:42:21',436,0,0,0,0,NULL),(1787,68,434,'2019-06-23 12:42:21','2019-06-23 12:42:21',436,0,0,0,0,NULL),(1788,68,295,'2019-06-23 12:42:21','2019-06-23 12:42:21',111,0,0,0,0,NULL),(1789,68,302,'2019-06-23 12:42:21','2019-06-23 12:42:21',111,0,0,0,0,NULL),(1790,68,324,'2019-06-23 12:42:21','2019-06-23 12:42:21',111,0,0,0,0,NULL),(1791,68,352,'2019-06-23 12:42:21','2019-06-23 12:42:21',111,0,0,0,0,NULL),(1792,68,394,'2019-06-23 12:42:21','2019-06-23 12:42:21',111,0,0,0,0,NULL),(1793,68,419,'2019-06-23 12:42:21','2019-06-23 12:42:21',111,0,0,0,0,NULL),(1794,68,424,'2019-06-23 12:42:21','2019-06-23 12:42:21',111,0,0,0,0,NULL),(1795,68,296,'2019-06-23 12:42:21','2019-06-23 12:42:21',65,0,0,0,0,NULL),(1796,68,353,'2019-06-23 12:42:21','2019-06-23 12:42:21',63,0,0,0,0,NULL),(1797,68,429,'2019-06-23 12:42:21','2019-06-23 12:42:21',146,0,0,0,0,NULL),(1798,68,405,'2019-06-23 12:42:21','2019-06-23 12:42:21',146,0,0,0,0,NULL),(1799,68,392,'2019-06-23 12:42:21','2019-06-23 12:42:21',146,0,0,0,0,NULL),(1800,68,329,'2019-06-23 12:42:21','2019-06-23 12:42:21',146,0,0,0,0,NULL),(1801,68,300,'2019-06-23 12:42:21','2019-06-23 12:42:21',65,0,0,0,0,NULL),(1824,72,349,'2019-06-23 12:42:21','2019-06-23 12:42:21',230,0,0,0,0,NULL),(1825,72,432,'2019-06-23 12:42:21','2019-06-23 12:42:21',394,0,0,0,0,NULL),(1826,72,421,'2019-06-23 12:42:21','2019-06-23 12:42:21',268,0,0,0,0,NULL),(1827,72,398,'2019-06-23 12:42:21','2019-06-23 12:42:21',394,0,0,0,0,NULL),(1828,72,346,'2019-06-23 12:42:21','2019-06-23 12:42:21',268,0,0,0,0,NULL),(1829,72,303,'2019-06-23 12:42:21','2019-06-23 12:42:21',268,0,0,0,0,NULL),(1830,72,292,'2019-06-23 12:42:21','2019-06-23 12:42:21',382,0,0,0,0,NULL),(1831,72,414,'2019-06-23 12:42:21','2019-06-23 12:42:21',502,0,0,0,0,NULL),(1832,72,388,'2019-06-23 12:42:21','2019-06-23 12:42:21',408,0,0,0,0,NULL),(1833,72,366,'2019-06-23 12:42:21','2019-06-23 12:42:21',409,0,0,0,0,NULL),(1834,72,442,'2019-06-23 12:42:21','2019-06-23 12:42:21',380,0,0,0,0,NULL),(1835,72,320,'2019-06-23 12:42:21','2019-06-23 12:42:21',502,0,0,0,0,NULL),(1836,72,338,'2019-06-23 12:42:21','2019-06-23 12:42:21',502,0,0,0,0,NULL),(1837,72,294,'2019-06-23 12:42:21','2019-06-23 12:42:21',436,0,0,0,0,NULL),(1838,72,311,'2019-06-23 12:42:21','2019-06-23 12:42:21',436,0,0,0,0,NULL),(1839,72,344,'2019-06-23 12:42:21','2019-06-23 12:42:21',436,0,0,0,0,NULL),(1840,72,360,'2019-06-23 12:42:21','2019-06-23 12:42:21',436,0,0,0,0,NULL),(1841,72,375,'2019-06-23 12:42:21','2019-06-23 12:42:21',436,0,0,0,0,NULL),(1842,72,403,'2019-06-23 12:42:21','2019-06-23 12:42:21',436,0,0,0,0,NULL),(1843,72,434,'2019-06-23 12:42:21','2019-06-23 12:42:21',436,0,0,0,0,NULL),(1844,72,295,'2019-06-23 12:42:21','2019-06-23 12:42:21',111,0,0,0,0,NULL),(1845,72,302,'2019-06-23 12:42:21','2019-06-23 12:42:21',111,0,0,0,0,NULL),(1846,72,324,'2019-06-23 12:42:21','2019-06-23 12:42:21',111,0,0,0,0,NULL),(1847,72,352,'2019-06-23 12:42:21','2019-06-23 12:42:21',111,0,0,0,0,NULL),(1848,72,394,'2019-06-23 12:42:21','2019-06-23 12:42:21',111,0,0,0,0,NULL),(1849,72,419,'2019-06-23 12:42:21','2019-06-23 12:42:21',111,0,0,0,0,NULL),(1850,72,424,'2019-06-23 12:42:21','2019-06-23 12:42:21',111,0,0,0,0,NULL),(1851,72,296,'2019-06-23 12:42:21','2019-06-23 12:42:21',65,0,0,0,0,NULL),(1852,72,350,'2019-06-23 12:42:21','2019-06-23 12:42:21',65,0,0,0,0,NULL),(1853,72,429,'2019-06-23 12:42:21','2019-06-23 12:42:21',146,0,0,0,0,NULL),(1854,72,405,'2019-06-23 12:42:21','2019-06-23 12:42:21',146,0,0,0,0,NULL),(1855,72,390,'2019-06-23 12:42:21','2019-06-23 12:42:21',65,0,0,0,0,NULL),(1856,72,329,'2019-06-23 12:42:21','2019-06-23 12:42:21',146,0,0,0,0,NULL),(1857,72,304,'2019-06-23 12:42:21','2019-06-23 12:42:21',63,0,0,0,0,NULL),(1858,73,278,'2019-06-23 12:42:21','2019-06-23 12:42:21',394,0,0,0,0,NULL),(1859,73,354,'2019-06-23 12:42:21','2019-06-23 12:42:21',268,0,0,0,0,NULL),(1860,73,430,'2019-06-23 12:42:21','2019-06-23 12:42:21',268,0,0,0,0,NULL),(1861,73,421,'2019-06-23 12:42:21','2019-06-23 12:42:21',268,0,0,0,0,NULL),(1862,73,396,'2019-06-23 12:42:21','2019-06-23 12:42:21',268,0,0,0,0,NULL),(1863,73,346,'2019-06-23 12:42:21','2019-06-23 12:42:21',268,0,0,0,0,NULL),(1864,73,307,'2019-06-23 12:42:21','2019-06-23 12:42:21',394,0,0,0,0,NULL),(1865,73,291,'2019-06-23 12:42:21','2019-06-23 12:42:21',408,0,0,0,0,NULL),(1866,73,416,'2019-06-23 12:42:21','2019-06-23 12:42:21',408,0,0,0,0,NULL),(1867,73,366,'2019-06-23 12:42:21','2019-06-23 12:42:21',409,0,0,0,0,NULL),(1868,73,388,'2019-06-23 12:42:21','2019-06-23 12:42:21',408,0,0,0,0,NULL),(1869,73,442,'2019-06-23 12:42:21','2019-06-23 12:42:21',380,0,0,0,0,NULL),(1870,73,323,'2019-06-23 12:42:21','2019-06-23 12:42:21',382,0,0,0,0,NULL),(1871,73,335,'2019-06-23 12:42:21','2019-06-23 12:42:21',380,0,0,0,0,NULL),(1872,73,294,'2019-06-23 12:42:21','2019-06-23 12:42:21',436,0,0,0,0,NULL),(1873,73,311,'2019-06-23 12:42:21','2019-06-23 12:42:21',436,0,0,0,0,NULL),(1874,73,344,'2019-06-23 12:42:21','2019-06-23 12:42:21',436,0,0,0,0,NULL),(1875,73,360,'2019-06-23 12:42:21','2019-06-23 12:42:21',436,0,0,0,0,NULL),(1876,73,375,'2019-06-23 12:42:21','2019-06-23 12:42:21',436,0,0,0,0,NULL),(1877,73,403,'2019-06-23 12:42:21','2019-06-23 12:42:21',436,0,0,0,0,NULL),(1878,73,434,'2019-06-23 12:42:21','2019-06-23 12:42:21',436,0,0,0,0,NULL),(1879,73,295,'2019-06-23 12:42:21','2019-06-23 12:42:21',111,0,0,0,0,NULL),(1880,73,302,'2019-06-23 12:42:21','2019-06-23 12:42:21',111,0,0,0,0,NULL),(1881,73,324,'2019-06-23 12:42:21','2019-06-23 12:42:21',111,0,0,0,0,NULL),(1882,73,352,'2019-06-23 12:42:21','2019-06-23 12:42:21',111,0,0,0,0,NULL),(1883,73,394,'2019-06-23 12:42:21','2019-06-23 12:42:21',111,0,0,0,0,NULL),(1884,73,419,'2019-06-23 12:42:21','2019-06-23 12:42:21',111,0,0,0,0,NULL),(1885,73,424,'2019-06-23 12:42:21','2019-06-23 12:42:21',111,0,0,0,0,NULL),(1886,73,297,'2019-06-23 12:42:21','2019-06-23 12:42:21',63,0,0,0,0,NULL),(1887,73,355,'2019-06-23 12:42:21','2019-06-23 12:42:21',146,0,0,0,0,NULL),(1888,73,425,'2019-06-23 12:42:21','2019-06-23 12:42:21',65,0,0,0,0,NULL),(1889,73,399,'2019-06-23 12:42:21','2019-06-23 12:42:21',65,0,0,0,0,NULL),(1890,73,391,'2019-06-23 12:42:21','2019-06-23 12:42:21',63,0,0,0,0,NULL),(1891,73,329,'2019-06-23 12:42:21','2019-06-23 12:42:21',146,0,0,0,0,NULL),(1892,73,300,'2019-06-23 12:42:21','2019-06-23 12:42:21',65,0,0,0,0,NULL),(1894,75,357,'2019-06-23 12:42:21','2019-06-23 12:42:21',394,0,0,0,0,NULL),(1895,75,432,'2019-06-23 12:42:21','2019-06-23 12:42:21',394,0,0,0,0,NULL),(1896,75,418,'2019-06-23 12:42:21','2019-06-23 12:42:21',230,0,0,0,0,NULL),(1897,75,396,'2019-06-23 12:42:21','2019-06-23 12:42:21',268,0,0,0,0,NULL),(1898,75,343,'2019-06-23 12:42:21','2019-06-23 12:42:21',230,0,0,0,0,NULL),(1899,75,307,'2019-06-23 12:42:21','2019-06-23 12:42:21',394,0,0,0,0,NULL),(1900,75,285,'2019-06-23 12:42:21','2019-06-23 12:42:21',409,0,0,0,0,NULL),(1901,75,370,'2019-06-23 12:42:21','2019-06-23 12:42:21',502,0,0,0,0,NULL),(1902,75,447,'2019-06-23 12:42:21','2019-06-23 12:42:21',408,0,0,0,0,NULL),(1903,75,416,'2019-06-23 12:42:21','2019-06-23 12:42:21',408,0,0,0,0,NULL),(1904,75,388,'2019-06-23 12:42:21','2019-06-23 12:42:21',408,0,0,0,0,NULL),(1905,75,334,'2019-06-23 12:42:21','2019-06-23 12:42:21',409,0,0,0,0,NULL),(1906,75,320,'2019-06-23 12:42:21','2019-06-23 12:42:21',502,0,0,0,0,NULL),(1907,75,294,'2019-06-23 12:42:21','2019-06-23 12:42:21',436,0,0,0,0,NULL),(1908,75,311,'2019-06-23 12:42:21','2019-06-23 12:42:21',436,0,0,0,0,NULL),(1909,75,344,'2019-06-23 12:42:21','2019-06-23 12:42:21',436,0,0,0,0,NULL),(1910,75,360,'2019-06-23 12:42:21','2019-06-23 12:42:21',436,0,0,0,0,NULL),(1911,75,375,'2019-06-23 12:42:21','2019-06-23 12:42:21',436,0,0,0,0,NULL),(1912,75,403,'2019-06-23 12:42:21','2019-06-23 12:42:21',436,0,0,0,0,NULL),(1913,75,434,'2019-06-23 12:42:21','2019-06-23 12:42:21',436,0,0,0,0,NULL),(1914,75,295,'2019-06-23 12:42:21','2019-06-23 12:42:21',111,0,0,0,0,NULL),(1915,75,302,'2019-06-23 12:42:21','2019-06-23 12:42:21',111,0,0,0,0,NULL),(1916,75,324,'2019-06-23 12:42:21','2019-06-23 12:42:21',111,0,0,0,0,NULL),(1917,75,352,'2019-06-23 12:42:21','2019-06-23 12:42:21',111,0,0,0,0,NULL),(1918,75,394,'2019-06-23 12:42:21','2019-06-23 12:42:21',111,0,0,0,0,NULL),(1919,75,419,'2019-06-23 12:42:21','2019-06-23 12:42:21',111,0,0,0,0,NULL),(1920,75,424,'2019-06-23 12:42:21','2019-06-23 12:42:21',111,0,0,0,0,NULL),(1921,75,297,'2019-06-23 12:42:21','2019-06-23 12:42:21',63,0,0,0,0,NULL),(1922,75,355,'2019-06-23 12:42:21','2019-06-23 12:42:21',146,0,0,0,0,NULL),(1923,75,429,'2019-06-23 12:42:21','2019-06-23 12:42:21',146,0,0,0,0,NULL),(1924,75,402,'2019-06-23 12:42:21','2019-06-23 12:42:21',63,0,0,0,0,NULL),(1925,75,390,'2019-06-23 12:42:21','2019-06-23 12:42:21',65,0,0,0,0,NULL),(1926,75,327,'2019-06-23 12:42:21','2019-06-23 12:42:21',63,0,0,0,0,NULL),(1927,75,305,'2019-06-23 12:42:21','2019-06-23 12:42:21',146,0,0,0,0,NULL),(1950,77,423,'2019-06-23 12:42:21','2019-06-23 12:42:21',394,0,0,0,0,NULL),(1951,77,393,'2019-06-23 12:42:21','2019-06-23 12:42:21',230,0,0,0,0,NULL),(1952,77,354,'2019-06-23 12:42:21','2019-06-23 12:42:21',268,0,0,0,0,NULL),(1953,77,431,'2019-06-23 12:42:21','2019-06-23 12:42:21',114,0,0,0,0,NULL),(1954,77,307,'2019-06-23 12:42:21','2019-06-23 12:42:21',394,0,0,0,0,NULL),(1955,77,345,'2019-06-23 12:42:21','2019-06-23 12:42:21',159,0,0,0,0,NULL),(1956,77,282,'2019-06-23 12:42:21','2019-06-23 12:42:21',217,0,0,0,0,NULL),(1957,77,381,'2019-06-23 12:42:21','2019-06-23 12:42:21',327,0,0,0,0,NULL),(1958,77,411,'2019-06-23 12:42:21','2019-06-23 12:42:21',380,0,0,0,0,NULL),(1959,77,364,'2019-06-23 12:42:21','2019-06-23 12:42:21',262,0,0,0,0,NULL),(1960,77,440,'2019-06-23 12:42:21','2019-06-23 12:42:21',327,0,0,0,0,NULL),(1961,77,315,'2019-06-23 12:42:21','2019-06-23 12:42:21',327,0,0,0,0,NULL),(1962,77,328,'2019-06-23 12:42:21','2019-06-23 12:42:21',309,0,0,0,0,NULL),(1963,77,293,'2019-06-23 12:42:21','2019-06-23 12:42:21',139,0,0,0,0,NULL),(1964,77,311,'2019-06-23 12:42:21','2019-06-23 12:42:21',436,0,0,0,0,NULL),(1965,77,342,'2019-06-23 12:42:21','2019-06-23 12:42:21',139,0,0,0,0,NULL),(1966,77,358,'2019-06-23 12:42:21','2019-06-23 12:42:21',139,0,0,0,0,NULL),(1967,77,375,'2019-06-23 12:42:21','2019-06-23 12:42:21',436,0,0,0,0,NULL),(1968,77,403,'2019-06-23 12:42:21','2019-06-23 12:42:21',436,0,0,0,0,NULL),(1969,77,434,'2019-06-23 12:42:21','2019-06-23 12:42:21',436,0,0,0,0,NULL),(1970,77,295,'2019-06-23 12:42:21','2019-06-23 12:42:21',111,0,0,0,0,NULL),(1971,77,302,'2019-06-23 12:42:21','2019-06-23 12:42:21',111,0,0,0,0,NULL),(1972,77,324,'2019-06-23 12:42:21','2019-06-23 12:42:21',111,0,0,0,0,NULL),(1973,77,352,'2019-06-23 12:42:21','2019-06-23 12:42:21',111,0,0,0,0,NULL),(1974,77,394,'2019-06-23 12:42:21','2019-06-23 12:42:21',111,0,0,0,0,NULL),(1975,77,419,'2019-06-23 12:42:21','2019-06-23 12:42:21',111,0,0,0,0,NULL),(1976,77,424,'2019-06-23 12:42:21','2019-06-23 12:42:21',111,0,0,0,0,NULL),(1977,77,296,'2019-06-23 12:42:21','2019-06-23 12:42:21',65,0,0,0,0,NULL),(1978,77,353,'2019-06-23 12:42:21','2019-06-23 12:42:21',63,0,0,0,0,NULL),(1979,77,427,'2019-06-23 12:42:21','2019-06-23 12:42:21',63,0,0,0,0,NULL),(1980,77,405,'2019-06-23 12:42:21','2019-06-23 12:42:21',146,0,0,0,0,NULL),(1981,77,392,'2019-06-23 12:42:21','2019-06-23 12:42:21',146,0,0,0,0,NULL),(1982,77,327,'2019-06-23 12:42:21','2019-06-23 12:42:21',63,0,0,0,0,NULL),(1983,77,304,'2019-06-23 12:42:21','2019-06-23 12:42:21',63,0,0,0,0,NULL),(2027,80,421,'2019-06-23 12:42:21','2019-06-23 12:42:21',268,0,0,0,0,NULL),(2028,80,397,'2019-06-23 12:42:21','2019-06-23 12:42:21',114,0,0,0,0,NULL),(2029,80,356,'2019-06-23 12:42:21','2019-06-23 12:42:21',114,0,0,0,0,NULL),(2030,80,430,'2019-06-23 12:42:21','2019-06-23 12:42:21',268,0,0,0,0,NULL),(2031,80,306,'2019-06-23 12:42:21','2019-06-23 12:42:21',114,0,0,0,0,NULL),(2032,80,345,'2019-06-23 12:42:21','2019-06-23 12:42:21',159,0,0,0,0,NULL),(2034,80,382,'2019-06-23 12:42:21','2019-06-23 12:42:21',409,0,0,0,0,NULL),(2035,80,409,'2019-06-23 12:42:21','2019-06-23 12:42:21',327,0,0,0,0,NULL),(2036,80,369,'2019-06-23 12:42:21','2019-06-23 12:42:21',366,0,0,0,0,NULL),(2037,80,436,'2019-06-23 12:42:21','2019-06-23 12:42:21',309,0,0,0,0,NULL),(2038,80,320,'2019-06-23 12:42:21','2019-06-23 12:42:21',502,0,0,0,0,NULL),(2039,80,334,'2019-06-23 12:42:21','2019-06-23 12:42:21',409,0,0,0,0,NULL),(2040,80,294,'2019-06-23 12:42:21','2019-06-23 12:42:21',436,0,0,0,0,NULL),(2041,80,311,'2019-06-23 12:42:21','2019-06-23 12:42:21',436,0,0,0,0,NULL),(2042,80,344,'2019-06-23 12:42:21','2019-06-23 12:42:21',436,0,0,0,0,NULL),(2043,80,360,'2019-06-23 12:42:21','2019-06-23 12:42:21',436,0,0,0,0,NULL),(2044,80,375,'2019-06-23 12:42:21','2019-06-23 12:42:21',436,0,0,0,0,NULL),(2045,80,403,'2019-06-23 12:42:21','2019-06-23 12:42:21',436,0,0,0,0,NULL),(2046,80,434,'2019-06-23 12:42:21','2019-06-23 12:42:21',436,0,0,0,0,NULL),(2047,80,295,'2019-06-23 12:42:21','2019-06-23 12:42:21',111,0,0,0,0,NULL),(2048,80,302,'2019-06-23 12:42:21','2019-06-23 12:42:21',111,0,0,0,0,NULL),(2049,80,324,'2019-06-23 12:42:21','2019-06-23 12:42:21',111,0,0,0,0,NULL),(2050,80,352,'2019-06-23 12:42:21','2019-06-23 12:42:21',111,0,0,0,0,NULL),(2051,80,394,'2019-06-23 12:42:21','2019-06-23 12:42:21',111,0,0,0,0,NULL),(2052,80,419,'2019-06-23 12:42:21','2019-06-23 12:42:21',111,0,0,0,0,NULL),(2053,80,424,'2019-06-23 12:42:21','2019-06-23 12:42:21',111,0,0,0,0,NULL),(2054,80,298,'2019-06-23 12:42:21','2019-06-23 12:42:21',146,0,0,0,0,NULL),(2055,80,350,'2019-06-23 12:42:21','2019-06-23 12:42:21',65,0,0,0,0,NULL),(2056,80,425,'2019-06-23 12:42:21','2019-06-23 12:42:21',65,0,0,0,0,NULL),(2057,80,405,'2019-06-23 12:42:21','2019-06-23 12:42:21',146,0,0,0,0,NULL),(2058,80,392,'2019-06-23 12:42:21','2019-06-23 12:42:21',146,0,0,0,0,NULL),(2059,80,325,'2019-06-23 12:42:21','2019-06-23 12:42:21',65,0,0,0,0,NULL),(2060,80,305,'2019-06-23 12:42:21','2019-06-23 12:42:21',146,0,0,0,0,NULL),(2062,82,354,'2019-06-23 12:42:21','2019-06-23 12:42:21',268,0,0,0,0,NULL),(2063,82,431,'2019-06-23 12:42:21','2019-06-23 12:42:21',114,0,0,0,0,NULL),(2064,82,422,'2019-06-23 12:42:21','2019-06-23 12:42:21',114,0,0,0,0,NULL),(2065,82,396,'2019-06-23 12:42:21','2019-06-23 12:42:21',268,0,0,0,0,NULL),(2066,82,343,'2019-06-23 12:42:21','2019-06-23 12:42:21',230,0,0,0,0,NULL),(2067,82,303,'2019-06-23 12:42:21','2019-06-23 12:42:21',268,0,0,0,0,NULL),(2068,82,285,'2019-06-23 12:42:21','2019-06-23 12:42:21',409,0,0,0,0,NULL),(2069,82,388,'2019-06-23 12:42:21','2019-06-23 12:42:21',408,0,0,0,0,NULL),(2070,82,409,'2019-06-23 12:42:21','2019-06-23 12:42:21',327,0,0,0,0,NULL),(2071,82,359,'2019-06-23 12:42:21','2019-06-23 12:42:21',342,0,0,0,0,NULL),(2072,82,436,'2019-06-23 12:42:21','2019-06-23 12:42:21',309,0,0,0,0,NULL),(2073,82,323,'2019-06-23 12:42:21','2019-06-23 12:42:21',382,0,0,0,0,NULL),(2074,82,330,'2019-06-23 12:42:21','2019-06-23 12:42:21',285,0,0,0,0,NULL),(2075,82,293,'2019-06-23 12:42:21','2019-06-23 12:42:21',139,0,0,0,0,NULL),(2076,82,311,'2019-06-23 12:42:21','2019-06-23 12:42:21',436,0,0,0,0,NULL),(2077,82,344,'2019-06-23 12:42:21','2019-06-23 12:42:21',436,0,0,0,0,NULL),(2078,82,358,'2019-06-23 12:42:21','2019-06-23 12:42:21',139,0,0,0,0,NULL),(2079,82,374,'2019-06-23 12:42:21','2019-06-23 12:42:21',139,0,0,0,0,NULL),(2080,82,400,'2019-06-23 12:42:21','2019-06-23 12:42:21',139,0,0,0,0,NULL),(2081,82,433,'2019-06-23 12:42:21','2019-06-23 12:42:21',139,0,0,0,0,NULL),(2082,82,295,'2019-06-23 12:42:21','2019-06-23 12:42:21',111,0,0,0,0,NULL),(2083,82,302,'2019-06-23 12:42:21','2019-06-23 12:42:21',111,0,0,0,0,NULL),(2084,82,324,'2019-06-23 12:42:21','2019-06-23 12:42:21',111,0,0,0,0,NULL),(2085,82,352,'2019-06-23 12:42:21','2019-06-23 12:42:21',111,0,0,0,0,NULL),(2086,82,394,'2019-06-23 12:42:21','2019-06-23 12:42:21',111,0,0,0,0,NULL),(2087,82,419,'2019-06-23 12:42:21','2019-06-23 12:42:21',111,0,0,0,0,NULL),(2088,82,424,'2019-06-23 12:42:21','2019-06-23 12:42:21',111,0,0,0,0,NULL),(2089,82,296,'2019-06-23 12:42:21','2019-06-23 12:42:21',65,0,0,0,0,NULL),(2090,82,350,'2019-06-23 12:42:21','2019-06-23 12:42:21',65,0,0,0,0,NULL),(2091,82,427,'2019-06-23 12:42:21','2019-06-23 12:42:21',63,0,0,0,0,NULL),(2092,82,402,'2019-06-23 12:42:21','2019-06-23 12:42:21',63,0,0,0,0,NULL),(2093,82,392,'2019-06-23 12:42:21','2019-06-23 12:42:21',146,0,0,0,0,NULL),(2094,82,329,'2019-06-23 12:42:21','2019-06-23 12:42:21',146,0,0,0,0,NULL),(2095,82,305,'2019-06-23 12:42:21','2019-06-23 12:42:21',146,0,0,0,0,NULL),(2097,83,418,'2019-06-23 12:42:21','2019-06-23 12:42:21',230,0,0,0,0,NULL),(2098,83,395,'2019-06-23 12:42:21','2019-06-23 12:42:21',159,0,0,0,0,NULL),(2099,83,351,'2019-06-23 12:42:21','2019-06-23 12:42:21',159,0,0,0,0,NULL),(2100,83,426,'2019-06-23 12:42:21','2019-06-23 12:42:21',230,0,0,0,0,NULL),(2101,83,307,'2019-06-23 12:42:21','2019-06-23 12:42:21',394,0,0,0,0,NULL),(2102,83,343,'2019-06-23 12:42:21','2019-06-23 12:42:21',230,0,0,0,0,NULL),(2103,83,285,'2019-06-23 12:42:21','2019-06-23 12:42:21',409,0,0,0,0,NULL),(2104,83,389,'2019-06-23 12:42:21','2019-06-23 12:42:21',382,0,0,0,0,NULL),(2105,83,409,'2019-06-23 12:42:21','2019-06-23 12:42:21',327,0,0,0,0,NULL),(2106,83,363,'2019-06-23 12:42:21','2019-06-23 12:42:21',217,0,0,0,0,NULL),(2107,83,445,'2019-06-23 12:42:21','2019-06-23 12:42:21',502,0,0,0,0,NULL),(2108,83,310,'2019-06-23 12:42:21','2019-06-23 12:42:21',309,0,0,0,0,NULL),(2109,83,334,'2019-06-23 12:42:21','2019-06-23 12:42:21',409,0,0,0,0,NULL),(2110,83,293,'2019-06-23 12:42:21','2019-06-23 12:42:21',139,0,0,0,0,NULL),(2111,83,311,'2019-06-23 12:42:21','2019-06-23 12:42:21',436,0,0,0,0,NULL),(2112,83,342,'2019-06-23 12:42:21','2019-06-23 12:42:21',139,0,0,0,0,NULL),(2113,83,360,'2019-06-23 12:42:21','2019-06-23 12:42:21',436,0,0,0,0,NULL),(2114,83,374,'2019-06-23 12:42:21','2019-06-23 12:42:21',139,0,0,0,0,NULL),(2115,83,400,'2019-06-23 12:42:21','2019-06-23 12:42:21',139,0,0,0,0,NULL),(2116,83,434,'2019-06-23 12:42:21','2019-06-23 12:42:21',436,0,0,0,0,NULL),(2117,83,295,'2019-06-23 12:42:21','2019-06-23 12:42:21',111,0,0,0,0,NULL),(2118,83,302,'2019-06-23 12:42:21','2019-06-23 12:42:21',111,0,0,0,0,NULL),(2119,83,324,'2019-06-23 12:42:21','2019-06-23 12:42:21',111,0,0,0,0,NULL),(2120,83,352,'2019-06-23 12:42:21','2019-06-23 12:42:21',111,0,0,0,0,NULL),(2121,83,394,'2019-06-23 12:42:21','2019-06-23 12:42:21',111,0,0,0,0,NULL),(2122,83,419,'2019-06-23 12:42:21','2019-06-23 12:42:21',111,0,0,0,0,NULL),(2123,83,424,'2019-06-23 12:42:21','2019-06-23 12:42:21',111,0,0,0,0,NULL),(2124,83,296,'2019-06-23 12:42:21','2019-06-23 12:42:21',65,0,0,0,0,NULL),(2125,83,353,'2019-06-23 12:42:21','2019-06-23 12:42:21',63,0,0,0,0,NULL),(2126,83,425,'2019-06-23 12:42:21','2019-06-23 12:42:21',65,0,0,0,0,NULL),(2127,83,402,'2019-06-23 12:42:21','2019-06-23 12:42:21',63,0,0,0,0,NULL),(2128,83,391,'2019-06-23 12:42:21','2019-06-23 12:42:21',63,0,0,0,0,NULL),(2129,83,325,'2019-06-23 12:42:21','2019-06-23 12:42:21',65,0,0,0,0,NULL),(2130,83,304,'2019-06-23 12:42:21','2019-06-23 12:42:21',63,0,0,0,0,NULL),(2132,86,349,'2019-06-23 12:42:21','2019-06-23 12:42:21',230,0,0,0,0,NULL),(2133,86,430,'2019-06-23 12:42:21','2019-06-23 12:42:21',268,0,0,0,0,NULL),(2134,86,418,'2019-06-23 12:42:21','2019-06-23 12:42:21',230,0,0,0,0,NULL),(2135,86,396,'2019-06-23 12:42:21','2019-06-23 12:42:21',268,0,0,0,0,NULL),(2136,86,348,'2019-06-23 12:42:21','2019-06-23 12:42:21',394,0,0,0,0,NULL),(2137,86,307,'2019-06-23 12:42:21','2019-06-23 12:42:21',394,0,0,0,0,NULL),(2138,86,289,'2019-06-23 12:42:21','2019-06-23 12:42:21',502,0,0,0,0,NULL),(2139,86,320,'2019-06-23 12:42:21','2019-06-23 12:42:21',502,0,0,0,0,NULL),(2140,86,338,'2019-06-23 12:42:21','2019-06-23 12:42:21',502,0,0,0,0,NULL),(2141,86,370,'2019-06-23 12:42:21','2019-06-23 12:42:21',502,0,0,0,0,NULL),(2142,86,386,'2019-06-23 12:42:21','2019-06-23 12:42:21',502,0,0,0,0,NULL),(2143,86,414,'2019-06-23 12:42:21','2019-06-23 12:42:21',502,0,0,0,0,NULL),(2144,86,445,'2019-06-23 12:42:21','2019-06-23 12:42:21',502,0,0,0,0,NULL),(2145,86,294,'2019-06-23 12:42:21','2019-06-23 12:42:21',436,0,0,0,0,NULL),(2146,86,311,'2019-06-23 12:42:21','2019-06-23 12:42:21',436,0,0,0,0,NULL),(2147,86,344,'2019-06-23 12:42:21','2019-06-23 12:42:21',436,0,0,0,0,NULL),(2148,86,360,'2019-06-23 12:42:21','2019-06-23 12:42:21',436,0,0,0,0,NULL),(2149,86,375,'2019-06-23 12:42:21','2019-06-23 12:42:21',436,0,0,0,0,NULL),(2150,86,403,'2019-06-23 12:42:21','2019-06-23 12:42:21',436,0,0,0,0,NULL),(2151,86,434,'2019-06-23 12:42:21','2019-06-23 12:42:21',436,0,0,0,0,NULL),(2152,86,295,'2019-06-23 12:42:21','2019-06-23 12:42:21',111,0,0,0,0,NULL),(2153,86,302,'2019-06-23 12:42:21','2019-06-23 12:42:21',111,0,0,0,0,NULL),(2154,86,324,'2019-06-23 12:42:21','2019-06-23 12:42:21',111,0,0,0,0,NULL),(2155,86,352,'2019-06-23 12:42:21','2019-06-23 12:42:21',111,0,0,0,0,NULL),(2156,86,394,'2019-06-23 12:42:21','2019-06-23 12:42:21',111,0,0,0,0,NULL),(2157,86,419,'2019-06-23 12:42:21','2019-06-23 12:42:21',111,0,0,0,0,NULL),(2158,86,424,'2019-06-23 12:42:21','2019-06-23 12:42:21',111,0,0,0,0,NULL),(2159,86,298,'2019-06-23 12:42:21','2019-06-23 12:42:21',146,0,0,0,0,NULL),(2160,86,353,'2019-06-23 12:42:21','2019-06-23 12:42:21',63,0,0,0,0,NULL),(2161,86,427,'2019-06-23 12:42:21','2019-06-23 12:42:21',63,0,0,0,0,NULL),(2162,86,399,'2019-06-23 12:42:21','2019-06-23 12:42:21',65,0,0,0,0,NULL),(2163,86,390,'2019-06-23 12:42:21','2019-06-23 12:42:21',65,0,0,0,0,NULL),(2164,86,329,'2019-06-23 12:42:21','2019-06-23 12:42:21',146,0,0,0,0,NULL),(2165,86,305,'2019-06-23 12:42:21','2019-06-23 12:42:21',146,0,0,0,0,NULL),(2167,88,351,'2019-06-23 12:42:22','2019-06-23 12:42:22',159,0,0,0,0,NULL),(2168,88,428,'2019-06-23 12:42:22','2019-06-23 12:42:22',159,0,0,0,0,NULL),(2169,88,418,'2019-06-23 12:42:22','2019-06-23 12:42:22',230,0,0,0,0,NULL),(2170,88,393,'2019-06-23 12:42:22','2019-06-23 12:42:22',230,0,0,0,0,NULL),(2171,88,345,'2019-06-23 12:42:22','2019-06-23 12:42:22',159,0,0,0,0,NULL),(2172,88,299,'2019-06-23 12:42:22','2019-06-23 12:42:22',230,0,0,0,0,NULL),(2173,88,283,'2019-06-23 12:42:22','2019-06-23 12:42:22',262,0,0,0,0,NULL),(2174,88,407,'2019-06-23 12:42:22','2019-06-23 12:42:22',217,0,0,0,0,NULL),(2175,88,363,'2019-06-23 12:42:22','2019-06-23 12:42:22',217,0,0,0,0,NULL),(2176,88,377,'2019-06-23 12:42:22','2019-06-23 12:42:22',309,0,0,0,0,NULL),(2177,88,442,'2019-06-23 12:42:22','2019-06-23 12:42:22',380,0,0,0,0,NULL),(2178,88,319,'2019-06-23 12:42:22','2019-06-23 12:42:22',366,0,0,0,0,NULL),(2179,88,330,'2019-06-23 12:42:22','2019-06-23 12:42:22',285,0,0,0,0,NULL),(2180,88,293,'2019-06-23 12:42:22','2019-06-23 12:42:22',139,0,0,0,0,NULL),(2181,88,309,'2019-06-23 12:42:22','2019-06-23 12:42:22',139,0,0,0,0,NULL),(2182,88,342,'2019-06-23 12:42:22','2019-06-23 12:42:22',139,0,0,0,0,NULL),(2183,88,358,'2019-06-23 12:42:22','2019-06-23 12:42:22',139,0,0,0,0,NULL),(2184,88,374,'2019-06-23 12:42:22','2019-06-23 12:42:22',139,0,0,0,0,NULL),(2185,88,400,'2019-06-23 12:42:22','2019-06-23 12:42:22',139,0,0,0,0,NULL),(2186,88,433,'2019-06-23 12:42:22','2019-06-23 12:42:22',139,0,0,0,0,NULL),(2187,88,295,'2019-06-23 12:42:22','2019-06-23 12:42:22',111,0,0,0,0,NULL),(2188,88,302,'2019-06-23 12:42:22','2019-06-23 12:42:22',111,0,0,0,0,NULL),(2189,88,324,'2019-06-23 12:42:22','2019-06-23 12:42:22',111,0,0,0,0,NULL),(2190,88,352,'2019-06-23 12:42:22','2019-06-23 12:42:22',111,0,0,0,0,NULL),(2191,88,394,'2019-06-23 12:42:22','2019-06-23 12:42:22',111,0,0,0,0,NULL),(2192,88,419,'2019-06-23 12:42:22','2019-06-23 12:42:22',111,0,0,0,0,NULL),(2193,88,424,'2019-06-23 12:42:22','2019-06-23 12:42:22',111,0,0,0,0,NULL),(2194,88,298,'2019-06-23 12:42:22','2019-06-23 12:42:22',146,0,0,0,0,NULL),(2195,88,350,'2019-06-23 12:42:22','2019-06-23 12:42:22',65,0,0,0,0,NULL),(2196,88,429,'2019-06-23 12:42:22','2019-06-23 12:42:22',146,0,0,0,0,NULL),(2197,88,405,'2019-06-23 12:42:22','2019-06-23 12:42:22',146,0,0,0,0,NULL),(2198,88,391,'2019-06-23 12:42:22','2019-06-23 12:42:22',63,0,0,0,0,NULL),(2199,88,325,'2019-06-23 12:42:22','2019-06-23 12:42:22',65,0,0,0,0,NULL),(2200,88,304,'2019-06-23 12:42:22','2019-06-23 12:42:22',63,0,0,0,0,NULL),(2202,89,422,'2019-06-23 12:42:22','2019-06-23 12:42:22',114,0,0,0,0,NULL),(2203,89,397,'2019-06-23 12:42:22','2019-06-23 12:42:22',114,0,0,0,0,NULL),(2204,89,356,'2019-06-23 12:42:22','2019-06-23 12:42:22',114,0,0,0,0,NULL),(2205,89,428,'2019-06-23 12:42:22','2019-06-23 12:42:22',159,0,0,0,0,NULL),(2206,89,306,'2019-06-23 12:42:22','2019-06-23 12:42:22',114,0,0,0,0,NULL),(2207,89,345,'2019-06-23 12:42:22','2019-06-23 12:42:22',159,0,0,0,0,NULL),(2208,89,292,'2019-06-23 12:42:22','2019-06-23 12:42:22',382,0,0,0,0,NULL),(2209,89,388,'2019-06-23 12:42:22','2019-06-23 12:42:22',408,0,0,0,0,NULL),(2210,89,410,'2019-06-23 12:42:22','2019-06-23 12:42:22',409,0,0,0,0,NULL),(2211,89,370,'2019-06-23 12:42:22','2019-06-23 12:42:22',502,0,0,0,0,NULL),(2212,89,444,'2019-06-23 12:42:22','2019-06-23 12:42:22',366,0,0,0,0,NULL),(2213,89,322,'2019-06-23 12:42:22','2019-06-23 12:42:22',408,0,0,0,0,NULL),(2214,89,334,'2019-06-23 12:42:22','2019-06-23 12:42:22',409,0,0,0,0,NULL),(2215,89,294,'2019-06-23 12:42:22','2019-06-23 12:42:22',436,0,0,0,0,NULL),(2216,89,311,'2019-06-23 12:42:22','2019-06-23 12:42:22',436,0,0,0,0,NULL),(2217,89,344,'2019-06-23 12:42:22','2019-06-23 12:42:22',436,0,0,0,0,NULL),(2218,89,360,'2019-06-23 12:42:22','2019-06-23 12:42:22',436,0,0,0,0,NULL),(2219,89,375,'2019-06-23 12:42:22','2019-06-23 12:42:22',436,0,0,0,0,NULL),(2220,89,403,'2019-06-23 12:42:22','2019-06-23 12:42:22',436,0,0,0,0,NULL),(2221,89,434,'2019-06-23 12:42:22','2019-06-23 12:42:22',436,0,0,0,0,NULL),(2222,89,295,'2019-06-23 12:42:22','2019-06-23 12:42:22',111,0,0,0,0,NULL),(2223,89,302,'2019-06-23 12:42:22','2019-06-23 12:42:22',111,0,0,0,0,NULL),(2224,89,324,'2019-06-23 12:42:22','2019-06-23 12:42:22',111,0,0,0,0,NULL),(2225,89,352,'2019-06-23 12:42:22','2019-06-23 12:42:22',111,0,0,0,0,NULL),(2226,89,394,'2019-06-23 12:42:22','2019-06-23 12:42:22',111,0,0,0,0,NULL),(2227,89,419,'2019-06-23 12:42:22','2019-06-23 12:42:22',111,0,0,0,0,NULL),(2228,89,424,'2019-06-23 12:42:22','2019-06-23 12:42:22',111,0,0,0,0,NULL),(2229,89,297,'2019-06-23 12:42:22','2019-06-23 12:42:22',63,0,0,0,0,NULL),(2230,89,355,'2019-06-23 12:42:22','2019-06-23 12:42:22',146,0,0,0,0,NULL),(2231,89,425,'2019-06-23 12:42:22','2019-06-23 12:42:22',65,0,0,0,0,NULL),(2232,89,399,'2019-06-23 12:42:22','2019-06-23 12:42:22',65,0,0,0,0,NULL),(2233,89,392,'2019-06-23 12:42:22','2019-06-23 12:42:22',146,0,0,0,0,NULL),(2234,89,327,'2019-06-23 12:42:22','2019-06-23 12:42:22',63,0,0,0,0,NULL),(2235,89,304,'2019-06-23 12:42:22','2019-06-23 12:42:22',63,0,0,0,0,NULL),(2236,90,278,'2019-06-23 12:42:22','2019-06-23 12:42:22',394,0,0,0,0,NULL),(2237,90,420,'2019-06-23 12:42:22','2019-06-23 12:42:22',159,0,0,0,0,NULL),(2238,90,393,'2019-06-23 12:42:22','2019-06-23 12:42:22',230,0,0,0,0,NULL),(2239,90,351,'2019-06-23 12:42:22','2019-06-23 12:42:22',159,0,0,0,0,NULL),(2240,90,432,'2019-06-23 12:42:22','2019-06-23 12:42:22',394,0,0,0,0,NULL),(2241,90,299,'2019-06-23 12:42:22','2019-06-23 12:42:22',230,0,0,0,0,NULL),(2242,90,347,'2019-06-23 12:42:22','2019-06-23 12:42:22',114,0,0,0,0,NULL),(2244,90,383,'2019-06-23 12:42:22','2019-06-23 12:42:22',380,0,0,0,0,NULL),(2245,90,414,'2019-06-23 12:42:22','2019-06-23 12:42:22',502,0,0,0,0,NULL),(2246,90,373,'2019-06-23 12:42:22','2019-06-23 12:42:22',382,0,0,0,0,NULL),(2247,90,437,'2019-06-23 12:42:22','2019-06-23 12:42:22',285,0,0,0,0,NULL),(2248,90,315,'2019-06-23 12:42:22','2019-06-23 12:42:22',327,0,0,0,0,NULL),(2249,90,337,'2019-06-23 12:42:22','2019-06-23 12:42:22',366,0,0,0,0,NULL),(2250,90,294,'2019-06-23 12:42:22','2019-06-23 12:42:22',436,0,0,0,0,NULL),(2251,90,309,'2019-06-23 12:42:22','2019-06-23 12:42:22',139,0,0,0,0,NULL),(2252,90,344,'2019-06-23 12:42:22','2019-06-23 12:42:22',436,0,0,0,0,NULL),(2253,90,360,'2019-06-23 12:42:22','2019-06-23 12:42:22',436,0,0,0,0,NULL),(2254,90,375,'2019-06-23 12:42:22','2019-06-23 12:42:22',436,0,0,0,0,NULL),(2255,90,403,'2019-06-23 12:42:22','2019-06-23 12:42:22',436,0,0,0,0,NULL),(2256,90,434,'2019-06-23 12:42:22','2019-06-23 12:42:22',436,0,0,0,0,NULL),(2257,90,295,'2019-06-23 12:42:22','2019-06-23 12:42:22',111,0,0,0,0,NULL),(2258,90,302,'2019-06-23 12:42:22','2019-06-23 12:42:22',111,0,0,0,0,NULL),(2259,90,324,'2019-06-23 12:42:22','2019-06-23 12:42:22',111,0,0,0,0,NULL),(2260,90,352,'2019-06-23 12:42:22','2019-06-23 12:42:22',111,0,0,0,0,NULL),(2261,90,394,'2019-06-23 12:42:22','2019-06-23 12:42:22',111,0,0,0,0,NULL),(2262,90,419,'2019-06-23 12:42:22','2019-06-23 12:42:22',111,0,0,0,0,NULL),(2263,90,424,'2019-06-23 12:42:22','2019-06-23 12:42:22',111,0,0,0,0,NULL),(2264,90,296,'2019-06-23 12:42:22','2019-06-23 12:42:22',65,0,0,0,0,NULL),(2265,90,350,'2019-06-23 12:42:22','2019-06-23 12:42:22',65,0,0,0,0,NULL),(2266,90,427,'2019-06-23 12:42:22','2019-06-23 12:42:22',63,0,0,0,0,NULL),(2267,90,399,'2019-06-23 12:42:22','2019-06-23 12:42:22',65,0,0,0,0,NULL),(2268,90,390,'2019-06-23 12:42:22','2019-06-23 12:42:22',65,0,0,0,0,NULL),(2269,90,325,'2019-06-23 12:42:22','2019-06-23 12:42:22',65,0,0,0,0,NULL),(2270,90,304,'2019-06-23 12:42:22','2019-06-23 12:42:22',63,0,0,0,0,NULL),(2271,92,278,'2019-06-23 12:42:22','2019-06-23 12:42:22',394,0,0,0,0,NULL),(2272,92,418,'2019-06-23 12:42:22','2019-06-23 12:42:22',230,0,0,0,0,NULL),(2273,92,397,'2019-06-23 12:42:22','2019-06-23 12:42:22',114,0,0,0,0,NULL),(2274,92,351,'2019-06-23 12:42:22','2019-06-23 12:42:22',159,0,0,0,0,NULL),(2275,92,431,'2019-06-23 12:42:22','2019-06-23 12:42:22',114,0,0,0,0,NULL),(2276,92,299,'2019-06-23 12:42:22','2019-06-23 12:42:22',230,0,0,0,0,NULL),(2277,92,345,'2019-06-23 12:42:22','2019-06-23 12:42:22',159,0,0,0,0,NULL),(2279,92,383,'2019-06-23 12:42:22','2019-06-23 12:42:22',380,0,0,0,0,NULL),(2280,92,416,'2019-06-23 12:42:22','2019-06-23 12:42:22',408,0,0,0,0,NULL),(2281,92,365,'2019-06-23 12:42:22','2019-06-23 12:42:22',327,0,0,0,0,NULL),(2282,92,437,'2019-06-23 12:42:22','2019-06-23 12:42:22',285,0,0,0,0,NULL),(2283,92,314,'2019-06-23 12:42:22','2019-06-23 12:42:22',262,0,0,0,0,NULL),(2284,92,332,'2019-06-23 12:42:22','2019-06-23 12:42:22',262,0,0,0,0,NULL),(2285,92,294,'2019-06-23 12:42:22','2019-06-23 12:42:22',436,0,0,0,0,NULL),(2286,92,311,'2019-06-23 12:42:22','2019-06-23 12:42:22',436,0,0,0,0,NULL),(2287,92,344,'2019-06-23 12:42:22','2019-06-23 12:42:22',436,0,0,0,0,NULL),(2288,92,360,'2019-06-23 12:42:22','2019-06-23 12:42:22',436,0,0,0,0,NULL),(2289,92,375,'2019-06-23 12:42:22','2019-06-23 12:42:22',436,0,0,0,0,NULL),(2290,92,403,'2019-06-23 12:42:22','2019-06-23 12:42:22',436,0,0,0,0,NULL),(2291,92,434,'2019-06-23 12:42:22','2019-06-23 12:42:22',436,0,0,0,0,NULL),(2292,92,295,'2019-06-23 12:42:22','2019-06-23 12:42:22',111,0,0,0,0,NULL),(2293,92,302,'2019-06-23 12:42:22','2019-06-23 12:42:22',111,0,0,0,0,NULL),(2294,92,324,'2019-06-23 12:42:22','2019-06-23 12:42:22',111,0,0,0,0,NULL),(2295,92,352,'2019-06-23 12:42:22','2019-06-23 12:42:22',111,0,0,0,0,NULL),(2296,92,394,'2019-06-23 12:42:22','2019-06-23 12:42:22',111,0,0,0,0,NULL),(2297,92,419,'2019-06-23 12:42:22','2019-06-23 12:42:22',111,0,0,0,0,NULL),(2298,92,424,'2019-06-23 12:42:22','2019-06-23 12:42:22',111,0,0,0,0,NULL),(2299,92,297,'2019-06-23 12:42:22','2019-06-23 12:42:22',63,0,0,0,0,NULL),(2300,92,355,'2019-06-23 12:42:22','2019-06-23 12:42:22',146,0,0,0,0,NULL),(2301,92,427,'2019-06-23 12:42:22','2019-06-23 12:42:22',63,0,0,0,0,NULL),(2302,92,399,'2019-06-23 12:42:22','2019-06-23 12:42:22',65,0,0,0,0,NULL),(2303,92,392,'2019-06-23 12:42:22','2019-06-23 12:42:22',146,0,0,0,0,NULL),(2304,92,327,'2019-06-23 12:42:22','2019-06-23 12:42:22',63,0,0,0,0,NULL),(2305,92,305,'2019-06-23 12:42:22','2019-06-23 12:42:22',146,0,0,0,0,NULL),(2307,93,420,'2019-06-23 12:42:22','2019-06-23 12:42:22',159,0,0,0,0,NULL),(2308,93,397,'2019-06-23 12:42:22','2019-06-23 12:42:22',114,0,0,0,0,NULL),(2309,93,351,'2019-06-23 12:42:22','2019-06-23 12:42:22',159,0,0,0,0,NULL),(2310,93,431,'2019-06-23 12:42:22','2019-06-23 12:42:22',114,0,0,0,0,NULL),(2311,93,306,'2019-06-23 12:42:22','2019-06-23 12:42:22',114,0,0,0,0,NULL),(2312,93,346,'2019-06-23 12:42:22','2019-06-23 12:42:22',268,0,0,0,0,NULL),(2313,93,291,'2019-06-23 12:42:22','2019-06-23 12:42:22',408,0,0,0,0,NULL),(2314,93,381,'2019-06-23 12:42:22','2019-06-23 12:42:22',327,0,0,0,0,NULL),(2315,93,404,'2019-06-23 12:42:22','2019-06-23 12:42:22',309,0,0,0,0,NULL),(2316,93,367,'2019-06-23 12:42:22','2019-06-23 12:42:22',380,0,0,0,0,NULL),(2317,93,437,'2019-06-23 12:42:22','2019-06-23 12:42:22',285,0,0,0,0,NULL),(2318,93,313,'2019-06-23 12:42:22','2019-06-23 12:42:22',217,0,0,0,0,NULL),(2319,93,328,'2019-06-23 12:42:22','2019-06-23 12:42:22',309,0,0,0,0,NULL),(2320,93,294,'2019-06-23 12:42:22','2019-06-23 12:42:22',436,0,0,0,0,NULL),(2321,93,311,'2019-06-23 12:42:22','2019-06-23 12:42:22',436,0,0,0,0,NULL),(2322,93,344,'2019-06-23 12:42:22','2019-06-23 12:42:22',436,0,0,0,0,NULL),(2323,93,360,'2019-06-23 12:42:22','2019-06-23 12:42:22',436,0,0,0,0,NULL),(2324,93,375,'2019-06-23 12:42:22','2019-06-23 12:42:22',436,0,0,0,0,NULL),(2325,93,403,'2019-06-23 12:42:22','2019-06-23 12:42:22',436,0,0,0,0,NULL),(2326,93,434,'2019-06-23 12:42:22','2019-06-23 12:42:22',436,0,0,0,0,NULL),(2327,93,295,'2019-06-23 12:42:22','2019-06-23 12:42:22',111,0,0,0,0,NULL),(2328,93,302,'2019-06-23 12:42:22','2019-06-23 12:42:22',111,0,0,0,0,NULL),(2329,93,324,'2019-06-23 12:42:22','2019-06-23 12:42:22',111,0,0,0,0,NULL),(2330,93,352,'2019-06-23 12:42:22','2019-06-23 12:42:22',111,0,0,0,0,NULL),(2331,93,394,'2019-06-23 12:42:22','2019-06-23 12:42:22',111,0,0,0,0,NULL),(2332,93,419,'2019-06-23 12:42:22','2019-06-23 12:42:22',111,0,0,0,0,NULL),(2333,93,424,'2019-06-23 12:42:22','2019-06-23 12:42:22',111,0,0,0,0,NULL),(2334,93,298,'2019-06-23 12:42:22','2019-06-23 12:42:22',146,0,0,0,0,NULL),(2335,93,353,'2019-06-23 12:42:22','2019-06-23 12:42:22',63,0,0,0,0,NULL),(2336,93,429,'2019-06-23 12:42:22','2019-06-23 12:42:22',146,0,0,0,0,NULL),(2337,93,399,'2019-06-23 12:42:22','2019-06-23 12:42:22',65,0,0,0,0,NULL),(2338,93,392,'2019-06-23 12:42:22','2019-06-23 12:42:22',146,0,0,0,0,NULL),(2339,93,327,'2019-06-23 12:42:22','2019-06-23 12:42:22',63,0,0,0,0,NULL),(2340,93,305,'2019-06-23 12:42:22','2019-06-23 12:42:22',146,0,0,0,0,NULL),(2341,94,278,'2019-06-23 12:42:22','2019-06-23 12:42:22',394,0,0,0,0,NULL),(2342,94,357,'2019-06-23 12:42:22','2019-06-23 12:42:22',394,0,0,0,0,NULL),(2343,94,430,'2019-06-23 12:42:22','2019-06-23 12:42:22',268,0,0,0,0,NULL),(2344,94,423,'2019-06-23 12:42:22','2019-06-23 12:42:22',394,0,0,0,0,NULL),(2345,94,396,'2019-06-23 12:42:22','2019-06-23 12:42:22',268,0,0,0,0,NULL),(2346,94,348,'2019-06-23 12:42:22','2019-06-23 12:42:22',394,0,0,0,0,NULL),(2347,94,307,'2019-06-23 12:42:22','2019-06-23 12:42:22',394,0,0,0,0,NULL),(2348,94,285,'2019-06-23 12:42:22','2019-06-23 12:42:22',409,0,0,0,0,NULL),(2349,94,372,'2019-06-23 12:42:22','2019-06-23 12:42:22',408,0,0,0,0,NULL),(2350,94,447,'2019-06-23 12:42:22','2019-06-23 12:42:22',408,0,0,0,0,NULL),(2351,94,416,'2019-06-23 12:42:22','2019-06-23 12:42:22',408,0,0,0,0,NULL),(2352,94,382,'2019-06-23 12:42:22','2019-06-23 12:42:22',409,0,0,0,0,NULL),(2353,94,334,'2019-06-23 12:42:22','2019-06-23 12:42:22',409,0,0,0,0,NULL),(2354,94,320,'2019-06-23 12:42:22','2019-06-23 12:42:22',502,0,0,0,0,NULL),(2355,94,294,'2019-06-23 12:42:22','2019-06-23 12:42:22',436,0,0,0,0,NULL),(2356,94,311,'2019-06-23 12:42:22','2019-06-23 12:42:22',436,0,0,0,0,NULL),(2357,94,344,'2019-06-23 12:42:22','2019-06-23 12:42:22',436,0,0,0,0,NULL),(2358,94,360,'2019-06-23 12:42:22','2019-06-23 12:42:22',436,0,0,0,0,NULL),(2359,94,375,'2019-06-23 12:42:22','2019-06-23 12:42:22',436,0,0,0,0,NULL),(2360,94,403,'2019-06-23 12:42:22','2019-06-23 12:42:22',436,0,0,0,0,NULL),(2361,94,434,'2019-06-23 12:42:22','2019-06-23 12:42:22',436,0,0,0,0,NULL),(2362,94,295,'2019-06-23 12:42:22','2019-06-23 12:42:22',111,0,0,0,0,NULL),(2363,94,302,'2019-06-23 12:42:22','2019-06-23 12:42:22',111,0,0,0,0,NULL),(2364,94,324,'2019-06-23 12:42:22','2019-06-23 12:42:22',111,0,0,0,0,NULL),(2365,94,352,'2019-06-23 12:42:22','2019-06-23 12:42:22',111,0,0,0,0,NULL),(2366,94,394,'2019-06-23 12:42:22','2019-06-23 12:42:22',111,0,0,0,0,NULL),(2367,94,419,'2019-06-23 12:42:22','2019-06-23 12:42:22',111,0,0,0,0,NULL),(2368,94,424,'2019-06-23 12:42:22','2019-06-23 12:42:22',111,0,0,0,0,NULL),(2369,94,296,'2019-06-23 12:42:22','2019-06-23 12:42:22',65,0,0,0,0,NULL),(2370,94,353,'2019-06-23 12:42:22','2019-06-23 12:42:22',63,0,0,0,0,NULL),(2371,94,429,'2019-06-23 12:42:22','2019-06-23 12:42:22',146,0,0,0,0,NULL),(2372,94,399,'2019-06-23 12:42:22','2019-06-23 12:42:22',65,0,0,0,0,NULL),(2373,94,390,'2019-06-23 12:42:22','2019-06-23 12:42:22',65,0,0,0,0,NULL),(2374,94,325,'2019-06-23 12:42:22','2019-06-23 12:42:22',65,0,0,0,0,NULL),(2375,94,305,'2019-06-23 12:42:22','2019-06-23 12:42:22',146,0,0,0,0,NULL),(2377,95,349,'2019-06-23 12:42:22','2019-06-23 12:42:22',230,0,0,0,0,NULL),(2378,95,431,'2019-06-23 12:42:22','2019-06-23 12:42:22',114,0,0,0,0,NULL),(2379,95,418,'2019-06-23 12:42:22','2019-06-23 12:42:22',230,0,0,0,0,NULL),(2380,95,396,'2019-06-23 12:42:22','2019-06-23 12:42:22',268,0,0,0,0,NULL),(2381,95,347,'2019-06-23 12:42:22','2019-06-23 12:42:22',114,0,0,0,0,NULL),(2382,95,301,'2019-06-23 12:42:22','2019-06-23 12:42:22',159,0,0,0,0,NULL),(2383,95,292,'2019-06-23 12:42:22','2019-06-23 12:42:22',382,0,0,0,0,NULL),(2384,95,380,'2019-06-23 12:42:22','2019-06-23 12:42:22',262,0,0,0,0,NULL),(2385,95,408,'2019-06-23 12:42:22','2019-06-23 12:42:22',262,0,0,0,0,NULL),(2386,95,367,'2019-06-23 12:42:22','2019-06-23 12:42:22',380,0,0,0,0,NULL),(2387,95,448,'2019-06-23 12:42:22','2019-06-23 12:42:22',382,0,0,0,0,NULL),(2388,95,313,'2019-06-23 12:42:22','2019-06-23 12:42:22',217,0,0,0,0,NULL),(2389,95,341,'2019-06-23 12:42:22','2019-06-23 12:42:22',382,0,0,0,0,NULL),(2390,95,294,'2019-06-23 12:42:22','2019-06-23 12:42:22',436,0,0,0,0,NULL),(2391,95,309,'2019-06-23 12:42:22','2019-06-23 12:42:22',139,0,0,0,0,NULL),(2392,95,342,'2019-06-23 12:42:22','2019-06-23 12:42:22',139,0,0,0,0,NULL),(2393,95,358,'2019-06-23 12:42:22','2019-06-23 12:42:22',139,0,0,0,0,NULL),(2394,95,374,'2019-06-23 12:42:22','2019-06-23 12:42:22',139,0,0,0,0,NULL),(2395,95,400,'2019-06-23 12:42:22','2019-06-23 12:42:22',139,0,0,0,0,NULL),(2396,95,434,'2019-06-23 12:42:22','2019-06-23 12:42:22',436,0,0,0,0,NULL),(2397,95,295,'2019-06-23 12:42:22','2019-06-23 12:42:22',111,0,0,0,0,NULL),(2398,95,302,'2019-06-23 12:42:22','2019-06-23 12:42:22',111,0,0,0,0,NULL),(2399,95,324,'2019-06-23 12:42:22','2019-06-23 12:42:22',111,0,0,0,0,NULL),(2400,95,352,'2019-06-23 12:42:22','2019-06-23 12:42:22',111,0,0,0,0,NULL),(2401,95,394,'2019-06-23 12:42:22','2019-06-23 12:42:22',111,0,0,0,0,NULL),(2402,95,419,'2019-06-23 12:42:22','2019-06-23 12:42:22',111,0,0,0,0,NULL),(2403,95,424,'2019-06-23 12:42:22','2019-06-23 12:42:22',111,0,0,0,0,NULL),(2404,95,297,'2019-06-23 12:42:22','2019-06-23 12:42:22',63,0,0,0,0,NULL),(2405,95,353,'2019-06-23 12:42:22','2019-06-23 12:42:22',63,0,0,0,0,NULL),(2406,95,429,'2019-06-23 12:42:22','2019-06-23 12:42:22',146,0,0,0,0,NULL),(2407,95,399,'2019-06-23 12:42:22','2019-06-23 12:42:22',65,0,0,0,0,NULL),(2408,95,392,'2019-06-23 12:42:22','2019-06-23 12:42:22',146,0,0,0,0,NULL),(2409,95,325,'2019-06-23 12:42:22','2019-06-23 12:42:22',65,0,0,0,0,NULL),(2410,95,304,'2019-06-23 12:42:22','2019-06-23 12:42:22',63,0,0,0,0,NULL),(2412,96,418,'2019-06-23 12:42:22','2019-06-23 12:42:22',230,0,0,0,0,NULL),(2413,96,397,'2019-06-23 12:42:22','2019-06-23 12:42:22',114,0,0,0,0,NULL),(2414,96,354,'2019-06-23 12:42:22','2019-06-23 12:42:22',268,0,0,0,0,NULL),(2415,96,430,'2019-06-23 12:42:22','2019-06-23 12:42:22',268,0,0,0,0,NULL),(2416,96,301,'2019-06-23 12:42:22','2019-06-23 12:42:22',159,0,0,0,0,NULL),(2417,96,343,'2019-06-23 12:42:22','2019-06-23 12:42:22',230,0,0,0,0,NULL),(2418,96,284,'2019-06-23 12:42:22','2019-06-23 12:42:22',327,0,0,0,0,NULL),(2419,96,376,'2019-06-23 12:42:22','2019-06-23 12:42:22',342,0,0,0,0,NULL),(2420,96,414,'2019-06-23 12:42:22','2019-06-23 12:42:22',502,0,0,0,0,NULL),(2421,96,362,'2019-06-23 12:42:22','2019-06-23 12:42:22',285,0,0,0,0,NULL),(2422,96,448,'2019-06-23 12:42:22','2019-06-23 12:42:22',382,0,0,0,0,NULL),(2423,96,308,'2019-06-23 12:42:22','2019-06-23 12:42:22',342,0,0,0,0,NULL),(2424,96,335,'2019-06-23 12:42:22','2019-06-23 12:42:22',380,0,0,0,0,NULL),(2425,96,294,'2019-06-23 12:42:22','2019-06-23 12:42:22',436,0,0,0,0,NULL),(2426,96,311,'2019-06-23 12:42:22','2019-06-23 12:42:22',436,0,0,0,0,NULL),(2427,96,344,'2019-06-23 12:42:22','2019-06-23 12:42:22',436,0,0,0,0,NULL),(2428,96,360,'2019-06-23 12:42:22','2019-06-23 12:42:22',436,0,0,0,0,NULL),(2429,96,375,'2019-06-23 12:42:22','2019-06-23 12:42:22',436,0,0,0,0,NULL),(2430,96,403,'2019-06-23 12:42:22','2019-06-23 12:42:22',436,0,0,0,0,NULL),(2431,96,434,'2019-06-23 12:42:22','2019-06-23 12:42:22',436,0,0,0,0,NULL),(2432,96,295,'2019-06-23 12:42:22','2019-06-23 12:42:22',111,0,0,0,0,NULL),(2433,96,302,'2019-06-23 12:42:22','2019-06-23 12:42:22',111,0,0,0,0,NULL),(2434,96,324,'2019-06-23 12:42:22','2019-06-23 12:42:22',111,0,0,0,0,NULL),(2435,96,352,'2019-06-23 12:42:22','2019-06-23 12:42:22',111,0,0,0,0,NULL),(2436,96,394,'2019-06-23 12:42:22','2019-06-23 12:42:22',111,0,0,0,0,NULL),(2437,96,419,'2019-06-23 12:42:22','2019-06-23 12:42:22',111,0,0,0,0,NULL),(2438,96,424,'2019-06-23 12:42:22','2019-06-23 12:42:22',111,0,0,0,0,NULL),(2439,96,298,'2019-06-23 12:42:22','2019-06-23 12:42:22',146,0,0,0,0,NULL),(2440,96,353,'2019-06-23 12:42:22','2019-06-23 12:42:22',63,0,0,0,0,NULL),(2441,96,429,'2019-06-23 12:42:22','2019-06-23 12:42:22',146,0,0,0,0,NULL),(2442,96,399,'2019-06-23 12:42:22','2019-06-23 12:42:22',65,0,0,0,0,NULL),(2443,96,392,'2019-06-23 12:42:22','2019-06-23 12:42:22',146,0,0,0,0,NULL),(2444,96,325,'2019-06-23 12:42:22','2019-06-23 12:42:22',65,0,0,0,0,NULL),(2445,96,300,'2019-06-23 12:42:22','2019-06-23 12:42:22',65,0,0,0,0,NULL),(2447,99,354,'2019-06-23 12:42:22','2019-06-23 12:42:22',268,0,0,0,0,NULL),(2448,99,426,'2019-06-23 12:42:22','2019-06-23 12:42:22',230,0,0,0,0,NULL),(2449,99,420,'2019-06-23 12:42:22','2019-06-23 12:42:22',159,0,0,0,0,NULL),(2450,99,395,'2019-06-23 12:42:22','2019-06-23 12:42:22',159,0,0,0,0,NULL),(2451,99,346,'2019-06-23 12:42:22','2019-06-23 12:42:22',268,0,0,0,0,NULL),(2452,99,299,'2019-06-23 12:42:22','2019-06-23 12:42:22',230,0,0,0,0,NULL),(2453,99,283,'2019-06-23 12:42:22','2019-06-23 12:42:22',262,0,0,0,0,NULL),(2454,99,379,'2019-06-23 12:42:22','2019-06-23 12:42:22',217,0,0,0,0,NULL),(2455,99,417,'2019-06-23 12:42:22','2019-06-23 12:42:22',382,0,0,0,0,NULL),(2456,99,373,'2019-06-23 12:42:22','2019-06-23 12:42:22',382,0,0,0,0,NULL),(2457,99,440,'2019-06-23 12:42:22','2019-06-23 12:42:22',327,0,0,0,0,NULL),(2458,99,312,'2019-06-23 12:42:22','2019-06-23 12:42:22',285,0,0,0,0,NULL),(2459,99,335,'2019-06-23 12:42:22','2019-06-23 12:42:22',380,0,0,0,0,NULL),(2460,99,294,'2019-06-23 12:42:22','2019-06-23 12:42:22',436,0,0,0,0,NULL),(2461,99,311,'2019-06-23 12:42:22','2019-06-23 12:42:22',436,0,0,0,0,NULL),(2462,99,342,'2019-06-23 12:42:22','2019-06-23 12:42:22',139,0,0,0,0,NULL),(2463,99,358,'2019-06-23 12:42:22','2019-06-23 12:42:22',139,0,0,0,0,NULL),(2464,99,374,'2019-06-23 12:42:22','2019-06-23 12:42:22',139,0,0,0,0,NULL),(2465,99,403,'2019-06-23 12:42:22','2019-06-23 12:42:22',436,0,0,0,0,NULL),(2466,99,434,'2019-06-23 12:42:22','2019-06-23 12:42:22',436,0,0,0,0,NULL),(2467,99,295,'2019-06-23 12:42:22','2019-06-23 12:42:22',111,0,0,0,0,NULL),(2468,99,302,'2019-06-23 12:42:22','2019-06-23 12:42:22',111,0,0,0,0,NULL),(2469,99,324,'2019-06-23 12:42:22','2019-06-23 12:42:22',111,0,0,0,0,NULL),(2470,99,352,'2019-06-23 12:42:22','2019-06-23 12:42:22',111,0,0,0,0,NULL),(2471,99,394,'2019-06-23 12:42:22','2019-06-23 12:42:22',111,0,0,0,0,NULL),(2472,99,419,'2019-06-23 12:42:22','2019-06-23 12:42:22',111,0,0,0,0,NULL),(2473,99,424,'2019-06-23 12:42:22','2019-06-23 12:42:22',111,0,0,0,0,NULL),(2474,99,297,'2019-06-23 12:42:22','2019-06-23 12:42:22',63,0,0,0,0,NULL),(2475,99,355,'2019-06-23 12:42:22','2019-06-23 12:42:22',146,0,0,0,0,NULL),(2476,99,425,'2019-06-23 12:42:22','2019-06-23 12:42:22',65,0,0,0,0,NULL),(2477,99,405,'2019-06-23 12:42:22','2019-06-23 12:42:22',146,0,0,0,0,NULL),(2478,99,391,'2019-06-23 12:42:22','2019-06-23 12:42:22',63,0,0,0,0,NULL),(2479,99,325,'2019-06-23 12:42:22','2019-06-23 12:42:22',65,0,0,0,0,NULL),(2480,99,304,'2019-06-23 12:42:22','2019-06-23 12:42:22',63,0,0,0,0,NULL),(2482,100,354,'2019-06-23 12:42:22','2019-06-23 12:42:22',268,0,0,0,0,NULL),(2483,100,426,'2019-06-23 12:42:22','2019-06-23 12:42:22',230,0,0,0,0,NULL),(2484,100,418,'2019-06-23 12:42:22','2019-06-23 12:42:22',230,0,0,0,0,NULL),(2485,100,395,'2019-06-23 12:42:22','2019-06-23 12:42:22',159,0,0,0,0,NULL),(2486,100,343,'2019-06-23 12:42:22','2019-06-23 12:42:22',230,0,0,0,0,NULL),(2487,100,299,'2019-06-23 12:42:22','2019-06-23 12:42:22',230,0,0,0,0,NULL),(2488,100,281,'2019-06-23 12:42:22','2019-06-23 12:42:22',285,0,0,0,0,NULL),(2489,100,407,'2019-06-23 12:42:22','2019-06-23 12:42:22',217,0,0,0,0,NULL),(2490,100,369,'2019-06-23 12:42:22','2019-06-23 12:42:22',366,0,0,0,0,NULL),(2491,100,384,'2019-06-23 12:42:22','2019-06-23 12:42:22',8,0,0,0,0,NULL),(2492,100,440,'2019-06-23 12:42:22','2019-06-23 12:42:22',327,0,0,0,0,NULL),(2493,100,308,'2019-06-23 12:42:22','2019-06-23 12:42:22',342,0,0,0,0,NULL),(2494,100,333,'2019-06-23 12:42:22','2019-06-23 12:42:22',327,0,0,0,0,NULL),(2495,100,293,'2019-06-23 12:42:22','2019-06-23 12:42:22',139,0,0,0,0,NULL),(2496,100,309,'2019-06-23 12:42:22','2019-06-23 12:42:22',139,0,0,0,0,NULL),(2497,100,342,'2019-06-23 12:42:22','2019-06-23 12:42:22',139,0,0,0,0,NULL),(2498,100,358,'2019-06-23 12:42:22','2019-06-23 12:42:22',139,0,0,0,0,NULL),(2499,100,374,'2019-06-23 12:42:22','2019-06-23 12:42:22',139,0,0,0,0,NULL),(2500,100,400,'2019-06-23 12:42:22','2019-06-23 12:42:22',139,0,0,0,0,NULL),(2501,100,433,'2019-06-23 12:42:22','2019-06-23 12:42:22',139,0,0,0,0,NULL),(2502,100,295,'2019-06-23 12:42:22','2019-06-23 12:42:22',111,0,0,0,0,NULL),(2503,100,302,'2019-06-23 12:42:22','2019-06-23 12:42:22',111,0,0,0,0,NULL),(2504,100,324,'2019-06-23 12:42:22','2019-06-23 12:42:22',111,0,0,0,0,NULL),(2505,100,352,'2019-06-23 12:42:22','2019-06-23 12:42:22',111,0,0,0,0,NULL),(2506,100,394,'2019-06-23 12:42:22','2019-06-23 12:42:22',111,0,0,0,0,NULL),(2507,100,419,'2019-06-23 12:42:22','2019-06-23 12:42:22',111,0,0,0,0,NULL),(2508,100,424,'2019-06-23 12:42:22','2019-06-23 12:42:22',111,0,0,0,0,NULL),(2509,100,297,'2019-06-23 12:42:22','2019-06-23 12:42:22',63,0,0,0,0,NULL),(2510,100,355,'2019-06-23 12:42:22','2019-06-23 12:42:22',146,0,0,0,0,NULL),(2511,100,425,'2019-06-23 12:42:22','2019-06-23 12:42:22',65,0,0,0,0,NULL),(2512,100,405,'2019-06-23 12:42:22','2019-06-23 12:42:22',146,0,0,0,0,NULL),(2513,100,390,'2019-06-23 12:42:22','2019-06-23 12:42:22',65,0,0,0,0,NULL),(2514,100,327,'2019-06-23 12:42:22','2019-06-23 12:42:22',63,0,0,0,0,NULL),(2515,100,300,'2019-06-23 12:42:22','2019-06-23 12:42:22',65,0,0,0,0,NULL),(2545,102,357,'2019-06-23 12:42:23','2019-06-23 12:42:23',394,0,0,0,0,NULL),(2546,102,430,'2019-06-23 12:42:23','2019-06-23 12:42:23',268,0,0,0,0,NULL),(2547,102,421,'2019-06-23 12:42:23','2019-06-23 12:42:23',268,0,0,0,0,NULL),(2548,102,396,'2019-06-23 12:42:23','2019-06-23 12:42:23',268,0,0,0,0,NULL),(2549,102,343,'2019-06-23 12:42:23','2019-06-23 12:42:23',230,0,0,0,0,NULL),(2550,102,303,'2019-06-23 12:42:23','2019-06-23 12:42:23',268,0,0,0,0,NULL),(2551,102,285,'2019-06-23 12:42:23','2019-06-23 12:42:23',409,0,0,0,0,NULL),(2552,102,416,'2019-06-23 12:42:23','2019-06-23 12:42:23',408,0,0,0,0,NULL),(2553,102,382,'2019-06-23 12:42:23','2019-06-23 12:42:23',409,0,0,0,0,NULL),(2554,102,372,'2019-06-23 12:42:23','2019-06-23 12:42:23',408,0,0,0,0,NULL),(2555,102,445,'2019-06-23 12:42:23','2019-06-23 12:42:23',502,0,0,0,0,NULL),(2556,102,323,'2019-06-23 12:42:23','2019-06-23 12:42:23',382,0,0,0,0,NULL),(2557,102,340,'2019-06-23 12:42:23','2019-06-23 12:42:23',408,0,0,0,0,NULL),(2558,102,294,'2019-06-23 12:42:23','2019-06-23 12:42:23',436,0,0,0,0,NULL),(2559,102,311,'2019-06-23 12:42:23','2019-06-23 12:42:23',436,0,0,0,0,NULL),(2560,102,344,'2019-06-23 12:42:23','2019-06-23 12:42:23',436,0,0,0,0,NULL),(2561,102,360,'2019-06-23 12:42:23','2019-06-23 12:42:23',436,0,0,0,0,NULL),(2562,102,375,'2019-06-23 12:42:23','2019-06-23 12:42:23',436,0,0,0,0,NULL),(2563,102,403,'2019-06-23 12:42:23','2019-06-23 12:42:23',436,0,0,0,0,NULL),(2564,102,434,'2019-06-23 12:42:23','2019-06-23 12:42:23',436,0,0,0,0,NULL),(2565,102,295,'2019-06-23 12:42:23','2019-06-23 12:42:23',111,0,0,0,0,NULL),(2566,102,302,'2019-06-23 12:42:23','2019-06-23 12:42:23',111,0,0,0,0,NULL),(2567,102,324,'2019-06-23 12:42:23','2019-06-23 12:42:23',111,0,0,0,0,NULL),(2568,102,352,'2019-06-23 12:42:23','2019-06-23 12:42:23',111,0,0,0,0,NULL),(2569,102,394,'2019-06-23 12:42:23','2019-06-23 12:42:23',111,0,0,0,0,NULL),(2570,102,419,'2019-06-23 12:42:23','2019-06-23 12:42:23',111,0,0,0,0,NULL),(2571,102,424,'2019-06-23 12:42:23','2019-06-23 12:42:23',111,0,0,0,0,NULL),(2572,102,296,'2019-06-23 12:42:23','2019-06-23 12:42:23',65,0,0,0,0,NULL),(2573,102,353,'2019-06-23 12:42:23','2019-06-23 12:42:23',63,0,0,0,0,NULL),(2574,102,429,'2019-06-23 12:42:23','2019-06-23 12:42:23',146,0,0,0,0,NULL),(2575,102,399,'2019-06-23 12:42:23','2019-06-23 12:42:23',65,0,0,0,0,NULL),(2576,102,391,'2019-06-23 12:42:23','2019-06-23 12:42:23',63,0,0,0,0,NULL),(2577,102,327,'2019-06-23 12:42:23','2019-06-23 12:42:23',63,0,0,0,0,NULL),(2578,102,304,'2019-06-23 12:42:23','2019-06-23 12:42:23',63,0,0,0,0,NULL),(2608,104,354,'2019-06-23 12:42:23','2019-06-23 12:42:23',268,0,0,0,0,NULL),(2609,104,432,'2019-06-23 12:42:23','2019-06-23 12:42:23',394,0,0,0,0,NULL),(2610,104,421,'2019-06-23 12:42:23','2019-06-23 12:42:23',268,0,0,0,0,NULL),(2611,104,393,'2019-06-23 12:42:23','2019-06-23 12:42:23',230,0,0,0,0,NULL),(2612,104,343,'2019-06-23 12:42:23','2019-06-23 12:42:23',230,0,0,0,0,NULL),(2613,104,307,'2019-06-23 12:42:23','2019-06-23 12:42:23',394,0,0,0,0,NULL),(2614,104,289,'2019-06-23 12:42:23','2019-06-23 12:42:23',502,0,0,0,0,NULL),(2615,104,414,'2019-06-23 12:42:23','2019-06-23 12:42:23',502,0,0,0,0,NULL),(2616,104,389,'2019-06-23 12:42:23','2019-06-23 12:42:23',382,0,0,0,0,NULL),(2617,104,367,'2019-06-23 12:42:23','2019-06-23 12:42:23',380,0,0,0,0,NULL),(2618,104,441,'2019-06-23 12:42:23','2019-06-23 12:42:23',409,0,0,0,0,NULL),(2619,104,323,'2019-06-23 12:42:23','2019-06-23 12:42:23',382,0,0,0,0,NULL),(2620,104,334,'2019-06-23 12:42:23','2019-06-23 12:42:23',409,0,0,0,0,NULL),(2621,104,294,'2019-06-23 12:42:23','2019-06-23 12:42:23',436,0,0,0,0,NULL),(2622,104,311,'2019-06-23 12:42:23','2019-06-23 12:42:23',436,0,0,0,0,NULL),(2623,104,344,'2019-06-23 12:42:23','2019-06-23 12:42:23',436,0,0,0,0,NULL),(2624,104,360,'2019-06-23 12:42:23','2019-06-23 12:42:23',436,0,0,0,0,NULL),(2625,104,375,'2019-06-23 12:42:23','2019-06-23 12:42:23',436,0,0,0,0,NULL),(2626,104,403,'2019-06-23 12:42:23','2019-06-23 12:42:23',436,0,0,0,0,NULL),(2627,104,434,'2019-06-23 12:42:23','2019-06-23 12:42:23',436,0,0,0,0,NULL),(2628,104,295,'2019-06-23 12:42:23','2019-06-23 12:42:23',111,0,0,0,0,NULL),(2629,104,302,'2019-06-23 12:42:23','2019-06-23 12:42:23',111,0,0,0,0,NULL),(2630,104,324,'2019-06-23 12:42:23','2019-06-23 12:42:23',111,0,0,0,0,NULL),(2631,104,352,'2019-06-23 12:42:23','2019-06-23 12:42:23',111,0,0,0,0,NULL),(2632,104,394,'2019-06-23 12:42:23','2019-06-23 12:42:23',111,0,0,0,0,NULL),(2633,104,419,'2019-06-23 12:42:23','2019-06-23 12:42:23',111,0,0,0,0,NULL),(2634,104,424,'2019-06-23 12:42:23','2019-06-23 12:42:23',111,0,0,0,0,NULL),(2635,104,297,'2019-06-23 12:42:23','2019-06-23 12:42:23',63,0,0,0,0,NULL),(2636,104,353,'2019-06-23 12:42:23','2019-06-23 12:42:23',63,0,0,0,0,NULL),(2637,104,427,'2019-06-23 12:42:23','2019-06-23 12:42:23',63,0,0,0,0,NULL),(2638,104,399,'2019-06-23 12:42:23','2019-06-23 12:42:23',65,0,0,0,0,NULL),(2639,104,390,'2019-06-23 12:42:23','2019-06-23 12:42:23',65,0,0,0,0,NULL),(2640,104,329,'2019-06-23 12:42:23','2019-06-23 12:42:23',146,0,0,0,0,NULL),(2641,104,305,'2019-06-23 12:42:23','2019-06-23 12:42:23',146,0,0,0,0,NULL),(2643,105,418,'2019-06-23 12:42:23','2019-06-23 12:42:23',230,0,0,0,0,NULL),(2644,105,396,'2019-06-23 12:42:23','2019-06-23 12:42:23',268,0,0,0,0,NULL),(2645,105,354,'2019-06-23 12:42:23','2019-06-23 12:42:23',268,0,0,0,0,NULL),(2646,105,432,'2019-06-23 12:42:23','2019-06-23 12:42:23',394,0,0,0,0,NULL),(2647,105,303,'2019-06-23 12:42:23','2019-06-23 12:42:23',268,0,0,0,0,NULL),(2648,105,343,'2019-06-23 12:42:23','2019-06-23 12:42:23',230,0,0,0,0,NULL),(2649,105,283,'2019-06-23 12:42:23','2019-06-23 12:42:23',262,0,0,0,0,NULL),(2650,105,376,'2019-06-23 12:42:23','2019-06-23 12:42:23',342,0,0,0,0,NULL),(2651,105,417,'2019-06-23 12:42:23','2019-06-23 12:42:23',382,0,0,0,0,NULL),(2652,105,361,'2019-06-23 12:42:23','2019-06-23 12:42:23',309,0,0,0,0,NULL),(2653,105,448,'2019-06-23 12:42:23','2019-06-23 12:42:23',382,0,0,0,0,NULL),(2654,105,310,'2019-06-23 12:42:23','2019-06-23 12:42:23',309,0,0,0,0,NULL),(2655,105,340,'2019-06-23 12:42:23','2019-06-23 12:42:23',408,0,0,0,0,NULL),(2656,105,294,'2019-06-23 12:42:23','2019-06-23 12:42:23',436,0,0,0,0,NULL),(2657,105,311,'2019-06-23 12:42:23','2019-06-23 12:42:23',436,0,0,0,0,NULL),(2658,105,344,'2019-06-23 12:42:23','2019-06-23 12:42:23',436,0,0,0,0,NULL),(2659,105,360,'2019-06-23 12:42:23','2019-06-23 12:42:23',436,0,0,0,0,NULL),(2660,105,375,'2019-06-23 12:42:23','2019-06-23 12:42:23',436,0,0,0,0,NULL),(2661,105,403,'2019-06-23 12:42:23','2019-06-23 12:42:23',436,0,0,0,0,NULL),(2662,105,434,'2019-06-23 12:42:23','2019-06-23 12:42:23',436,0,0,0,0,NULL),(2663,105,295,'2019-06-23 12:42:23','2019-06-23 12:42:23',111,0,0,0,0,NULL),(2664,105,302,'2019-06-23 12:42:23','2019-06-23 12:42:23',111,0,0,0,0,NULL),(2665,105,324,'2019-06-23 12:42:23','2019-06-23 12:42:23',111,0,0,0,0,NULL),(2666,105,352,'2019-06-23 12:42:23','2019-06-23 12:42:23',111,0,0,0,0,NULL),(2667,105,394,'2019-06-23 12:42:23','2019-06-23 12:42:23',111,0,0,0,0,NULL),(2668,105,419,'2019-06-23 12:42:23','2019-06-23 12:42:23',111,0,0,0,0,NULL),(2669,105,424,'2019-06-23 12:42:23','2019-06-23 12:42:23',111,0,0,0,0,NULL),(2670,105,298,'2019-06-23 12:42:23','2019-06-23 12:42:23',146,0,0,0,0,NULL),(2671,105,350,'2019-06-23 12:42:23','2019-06-23 12:42:23',65,0,0,0,0,NULL),(2672,105,425,'2019-06-23 12:42:23','2019-06-23 12:42:23',65,0,0,0,0,NULL),(2673,105,402,'2019-06-23 12:42:23','2019-06-23 12:42:23',63,0,0,0,0,NULL),(2674,105,391,'2019-06-23 12:42:23','2019-06-23 12:42:23',63,0,0,0,0,NULL),(2675,105,327,'2019-06-23 12:42:23','2019-06-23 12:42:23',63,0,0,0,0,NULL),(2676,105,300,'2019-06-23 12:42:23','2019-06-23 12:42:23',65,0,0,0,0,NULL),(2678,106,422,'2019-06-23 12:42:23','2019-06-23 12:42:23',114,0,0,0,0,NULL),(2679,106,395,'2019-06-23 12:42:23','2019-06-23 12:42:23',159,0,0,0,0,NULL),(2680,106,349,'2019-06-23 12:42:23','2019-06-23 12:42:23',230,0,0,0,0,NULL),(2681,106,432,'2019-06-23 12:42:23','2019-06-23 12:42:23',394,0,0,0,0,NULL),(2682,106,307,'2019-06-23 12:42:23','2019-06-23 12:42:23',394,0,0,0,0,NULL),(2683,106,347,'2019-06-23 12:42:23','2019-06-23 12:42:23',114,0,0,0,0,NULL),(2684,106,281,'2019-06-23 12:42:23','2019-06-23 12:42:23',285,0,0,0,0,NULL),(2685,106,389,'2019-06-23 12:42:23','2019-06-23 12:42:23',382,0,0,0,0,NULL),(2686,106,408,'2019-06-23 12:42:23','2019-06-23 12:42:23',262,0,0,0,0,NULL),(2687,106,372,'2019-06-23 12:42:23','2019-06-23 12:42:23',408,0,0,0,0,NULL),(2688,106,442,'2019-06-23 12:42:23','2019-06-23 12:42:23',380,0,0,0,0,NULL),(2689,106,320,'2019-06-23 12:42:23','2019-06-23 12:42:23',502,0,0,0,0,NULL),(2690,106,340,'2019-06-23 12:42:23','2019-06-23 12:42:23',408,0,0,0,0,NULL),(2691,106,294,'2019-06-23 12:42:23','2019-06-23 12:42:23',436,0,0,0,0,NULL),(2692,106,311,'2019-06-23 12:42:23','2019-06-23 12:42:23',436,0,0,0,0,NULL),(2693,106,344,'2019-06-23 12:42:23','2019-06-23 12:42:23',436,0,0,0,0,NULL),(2694,106,360,'2019-06-23 12:42:23','2019-06-23 12:42:23',436,0,0,0,0,NULL),(2695,106,375,'2019-06-23 12:42:23','2019-06-23 12:42:23',436,0,0,0,0,NULL),(2696,106,403,'2019-06-23 12:42:23','2019-06-23 12:42:23',436,0,0,0,0,NULL),(2697,106,434,'2019-06-23 12:42:23','2019-06-23 12:42:23',436,0,0,0,0,NULL),(2698,106,295,'2019-06-23 12:42:23','2019-06-23 12:42:23',111,0,0,0,0,NULL),(2699,106,302,'2019-06-23 12:42:23','2019-06-23 12:42:23',111,0,0,0,0,NULL),(2700,106,324,'2019-06-23 12:42:23','2019-06-23 12:42:23',111,0,0,0,0,NULL),(2701,106,352,'2019-06-23 12:42:23','2019-06-23 12:42:23',111,0,0,0,0,NULL),(2702,106,394,'2019-06-23 12:42:23','2019-06-23 12:42:23',111,0,0,0,0,NULL),(2703,106,419,'2019-06-23 12:42:23','2019-06-23 12:42:23',111,0,0,0,0,NULL),(2704,106,424,'2019-06-23 12:42:23','2019-06-23 12:42:23',111,0,0,0,0,NULL),(2705,106,298,'2019-06-23 12:42:23','2019-06-23 12:42:23',146,0,0,0,0,NULL),(2706,106,353,'2019-06-23 12:42:23','2019-06-23 12:42:23',63,0,0,0,0,NULL),(2707,106,429,'2019-06-23 12:42:23','2019-06-23 12:42:23',146,0,0,0,0,NULL),(2708,106,402,'2019-06-23 12:42:23','2019-06-23 12:42:23',63,0,0,0,0,NULL),(2709,106,390,'2019-06-23 12:42:23','2019-06-23 12:42:23',65,0,0,0,0,NULL),(2710,106,329,'2019-06-23 12:42:23','2019-06-23 12:42:23',146,0,0,0,0,NULL),(2711,106,304,'2019-06-23 12:42:23','2019-06-23 12:42:23',63,0,0,0,0,NULL),(2733,108,278,'2019-06-23 12:42:23','2019-06-23 12:42:23',394,0,0,0,0,NULL),(2734,108,357,'2019-06-23 12:42:23','2019-06-23 12:42:23',394,0,0,0,0,NULL),(2735,108,432,'2019-06-23 12:42:23','2019-06-23 12:42:23',394,0,0,0,0,NULL),(2736,108,423,'2019-06-23 12:42:23','2019-06-23 12:42:23',394,0,0,0,0,NULL),(2737,108,396,'2019-06-23 12:42:23','2019-06-23 12:42:23',268,0,0,0,0,NULL),(2738,108,346,'2019-06-23 12:42:23','2019-06-23 12:42:23',268,0,0,0,0,NULL),(2739,108,299,'2019-06-23 12:42:23','2019-06-23 12:42:23',230,0,0,0,0,NULL),(2740,108,286,'2019-06-23 12:42:23','2019-06-23 12:42:23',380,0,0,0,0,NULL),(2741,108,410,'2019-06-23 12:42:23','2019-06-23 12:42:23',409,0,0,0,0,NULL),(2742,108,382,'2019-06-23 12:42:23','2019-06-23 12:42:23',409,0,0,0,0,NULL),(2743,108,373,'2019-06-23 12:42:23','2019-06-23 12:42:23',382,0,0,0,0,NULL),(2744,108,441,'2019-06-23 12:42:23','2019-06-23 12:42:23',409,0,0,0,0,NULL),(2745,108,317,'2019-06-23 12:42:23','2019-06-23 12:42:23',380,0,0,0,0,NULL),(2746,108,335,'2019-06-23 12:42:23','2019-06-23 12:42:23',380,0,0,0,0,NULL),(2747,108,294,'2019-06-23 12:42:23','2019-06-23 12:42:23',436,0,0,0,0,NULL),(2748,108,311,'2019-06-23 12:42:23','2019-06-23 12:42:23',436,0,0,0,0,NULL),(2749,108,344,'2019-06-23 12:42:23','2019-06-23 12:42:23',436,0,0,0,0,NULL),(2750,108,360,'2019-06-23 12:42:23','2019-06-23 12:42:23',436,0,0,0,0,NULL),(2751,108,375,'2019-06-23 12:42:23','2019-06-23 12:42:23',436,0,0,0,0,NULL),(2752,108,403,'2019-06-23 12:42:23','2019-06-23 12:42:23',436,0,0,0,0,NULL),(2753,108,434,'2019-06-23 12:42:23','2019-06-23 12:42:23',436,0,0,0,0,NULL),(2754,108,295,'2019-06-23 12:42:23','2019-06-23 12:42:23',111,0,0,0,0,NULL),(2755,108,302,'2019-06-23 12:42:23','2019-06-23 12:42:23',111,0,0,0,0,NULL),(2756,108,324,'2019-06-23 12:42:23','2019-06-23 12:42:23',111,0,0,0,0,NULL),(2757,108,352,'2019-06-23 12:42:23','2019-06-23 12:42:23',111,0,0,0,0,NULL),(2758,108,394,'2019-06-23 12:42:23','2019-06-23 12:42:23',111,0,0,0,0,NULL),(2759,108,419,'2019-06-23 12:42:23','2019-06-23 12:42:23',111,0,0,0,0,NULL),(2760,108,424,'2019-06-23 12:42:23','2019-06-23 12:42:23',111,0,0,0,0,NULL),(2761,108,297,'2019-06-23 12:42:23','2019-06-23 12:42:23',63,0,0,0,0,NULL),(2762,108,355,'2019-06-23 12:42:23','2019-06-23 12:42:23',146,0,0,0,0,NULL),(2763,108,427,'2019-06-23 12:42:23','2019-06-23 12:42:23',63,0,0,0,0,NULL),(2764,108,405,'2019-06-23 12:42:23','2019-06-23 12:42:23',146,0,0,0,0,NULL),(2765,108,392,'2019-06-23 12:42:23','2019-06-23 12:42:23',146,0,0,0,0,NULL),(2766,108,329,'2019-06-23 12:42:23','2019-06-23 12:42:23',146,0,0,0,0,NULL),(2767,108,305,'2019-06-23 12:42:23','2019-06-23 12:42:23',146,0,0,0,0,NULL),(2769,114,356,'2019-06-23 12:42:23','2019-06-23 12:42:23',114,0,0,0,0,NULL),(2770,114,430,'2019-06-23 12:42:23','2019-06-23 12:42:23',268,0,0,0,0,NULL),(2771,114,421,'2019-06-23 12:42:23','2019-06-23 12:42:23',268,0,0,0,0,NULL),(2772,114,397,'2019-06-23 12:42:23','2019-06-23 12:42:23',114,0,0,0,0,NULL),(2773,114,347,'2019-06-23 12:42:23','2019-06-23 12:42:23',114,0,0,0,0,NULL),(2774,114,303,'2019-06-23 12:42:23','2019-06-23 12:42:23',268,0,0,0,0,NULL),(2775,114,287,'2019-06-23 12:42:23','2019-06-23 12:42:23',8,0,0,0,0,NULL),(2776,114,406,'2019-06-23 12:42:23','2019-06-23 12:42:23',285,0,0,0,0,NULL),(2777,114,384,'2019-06-23 12:42:23','2019-06-23 12:42:23',8,0,0,0,0,NULL),(2778,114,363,'2019-06-23 12:42:23','2019-06-23 12:42:23',217,0,0,0,0,NULL),(2779,114,443,'2019-06-23 12:42:23','2019-06-23 12:42:23',8,0,0,0,0,NULL),(2780,114,312,'2019-06-23 12:42:23','2019-06-23 12:42:23',285,0,0,0,0,NULL),(2781,114,330,'2019-06-23 12:42:23','2019-06-23 12:42:23',285,0,0,0,0,NULL),(2782,114,293,'2019-06-23 12:42:23','2019-06-23 12:42:23',139,0,0,0,0,NULL),(2783,114,309,'2019-06-23 12:42:23','2019-06-23 12:42:23',139,0,0,0,0,NULL),(2784,114,342,'2019-06-23 12:42:23','2019-06-23 12:42:23',139,0,0,0,0,NULL),(2785,114,358,'2019-06-23 12:42:23','2019-06-23 12:42:23',139,0,0,0,0,NULL),(2786,114,374,'2019-06-23 12:42:23','2019-06-23 12:42:23',139,0,0,0,0,NULL),(2787,114,400,'2019-06-23 12:42:23','2019-06-23 12:42:23',139,0,0,0,0,NULL),(2788,114,433,'2019-06-23 12:42:23','2019-06-23 12:42:23',139,0,0,0,0,NULL),(2789,114,295,'2019-06-23 12:42:23','2019-06-23 12:42:23',111,0,0,0,0,NULL),(2790,114,302,'2019-06-23 12:42:23','2019-06-23 12:42:23',111,0,0,0,0,NULL),(2791,114,324,'2019-06-23 12:42:23','2019-06-23 12:42:23',111,0,0,0,0,NULL),(2792,114,352,'2019-06-23 12:42:23','2019-06-23 12:42:23',111,0,0,0,0,NULL),(2793,114,394,'2019-06-23 12:42:23','2019-06-23 12:42:23',111,0,0,0,0,NULL),(2794,114,419,'2019-06-23 12:42:23','2019-06-23 12:42:23',111,0,0,0,0,NULL),(2795,114,424,'2019-06-23 12:42:23','2019-06-23 12:42:23',111,0,0,0,0,NULL),(2796,114,296,'2019-06-23 12:42:23','2019-06-23 12:42:23',65,0,0,0,0,NULL),(2797,114,355,'2019-06-23 12:42:23','2019-06-23 12:42:23',146,0,0,0,0,NULL),(2798,114,429,'2019-06-23 12:42:23','2019-06-23 12:42:23',146,0,0,0,0,NULL),(2799,114,399,'2019-06-23 12:42:23','2019-06-23 12:42:23',65,0,0,0,0,NULL),(2800,114,391,'2019-06-23 12:42:23','2019-06-23 12:42:23',63,0,0,0,0,NULL),(2801,114,329,'2019-06-23 12:42:23','2019-06-23 12:42:23',146,0,0,0,0,NULL),(2802,114,305,'2019-06-23 12:42:23','2019-06-23 12:42:23',146,0,0,0,0,NULL),(2804,115,351,'2019-06-23 12:42:23','2019-06-23 12:42:23',159,0,0,0,0,NULL),(2805,115,430,'2019-06-23 12:42:23','2019-06-23 12:42:23',268,0,0,0,0,NULL),(2806,115,420,'2019-06-23 12:42:23','2019-06-23 12:42:23',159,0,0,0,0,NULL),(2807,115,396,'2019-06-23 12:42:23','2019-06-23 12:42:23',268,0,0,0,0,NULL),(2808,115,347,'2019-06-23 12:42:23','2019-06-23 12:42:23',114,0,0,0,0,NULL),(2809,115,306,'2019-06-23 12:42:23','2019-06-23 12:42:23',114,0,0,0,0,NULL),(2810,115,289,'2019-06-23 12:42:23','2019-06-23 12:42:23',502,0,0,0,0,NULL),(2811,115,376,'2019-06-23 12:42:23','2019-06-23 12:42:23',342,0,0,0,0,NULL),(2812,115,413,'2019-06-23 12:42:23','2019-06-23 12:42:23',366,0,0,0,0,NULL),(2813,115,373,'2019-06-23 12:42:23','2019-06-23 12:42:23',382,0,0,0,0,NULL),(2814,115,448,'2019-06-23 12:42:23','2019-06-23 12:42:23',382,0,0,0,0,NULL),(2815,115,313,'2019-06-23 12:42:23','2019-06-23 12:42:23',217,0,0,0,0,NULL),(2816,115,331,'2019-06-23 12:42:23','2019-06-23 12:42:23',217,0,0,0,0,NULL),(2817,115,293,'2019-06-23 12:42:23','2019-06-23 12:42:23',139,0,0,0,0,NULL),(2818,115,309,'2019-06-23 12:42:23','2019-06-23 12:42:23',139,0,0,0,0,NULL),(2819,115,342,'2019-06-23 12:42:23','2019-06-23 12:42:23',139,0,0,0,0,NULL),(2820,115,358,'2019-06-23 12:42:23','2019-06-23 12:42:23',139,0,0,0,0,NULL),(2821,115,375,'2019-06-23 12:42:23','2019-06-23 12:42:23',436,0,0,0,0,NULL),(2822,115,400,'2019-06-23 12:42:23','2019-06-23 12:42:23',139,0,0,0,0,NULL),(2823,115,434,'2019-06-23 12:42:23','2019-06-23 12:42:23',436,0,0,0,0,NULL),(2824,115,295,'2019-06-23 12:42:23','2019-06-23 12:42:23',111,0,0,0,0,NULL),(2825,115,302,'2019-06-23 12:42:23','2019-06-23 12:42:23',111,0,0,0,0,NULL),(2826,115,324,'2019-06-23 12:42:23','2019-06-23 12:42:23',111,0,0,0,0,NULL),(2827,115,352,'2019-06-23 12:42:23','2019-06-23 12:42:23',111,0,0,0,0,NULL),(2828,115,394,'2019-06-23 12:42:23','2019-06-23 12:42:23',111,0,0,0,0,NULL),(2829,115,419,'2019-06-23 12:42:23','2019-06-23 12:42:23',111,0,0,0,0,NULL),(2830,115,424,'2019-06-23 12:42:23','2019-06-23 12:42:23',111,0,0,0,0,NULL),(2831,115,297,'2019-06-23 12:42:23','2019-06-23 12:42:23',63,0,0,0,0,NULL),(2832,115,355,'2019-06-23 12:42:23','2019-06-23 12:42:23',146,0,0,0,0,NULL),(2833,115,427,'2019-06-23 12:42:23','2019-06-23 12:42:23',63,0,0,0,0,NULL),(2834,115,399,'2019-06-23 12:42:23','2019-06-23 12:42:23',65,0,0,0,0,NULL),(2835,115,390,'2019-06-23 12:42:23','2019-06-23 12:42:23',65,0,0,0,0,NULL),(2836,115,325,'2019-06-23 12:42:23','2019-06-23 12:42:23',65,0,0,0,0,NULL),(2837,115,300,'2019-06-23 12:42:23','2019-06-23 12:42:23',65,0,0,0,0,NULL),(2839,116,354,'2019-06-23 12:42:23','2019-06-23 12:42:23',268,0,0,0,0,NULL),(2840,116,426,'2019-06-23 12:42:23','2019-06-23 12:42:23',230,0,0,0,0,NULL),(2841,116,420,'2019-06-23 12:42:23','2019-06-23 12:42:23',159,0,0,0,0,NULL),(2842,116,396,'2019-06-23 12:42:23','2019-06-23 12:42:23',268,0,0,0,0,NULL),(2843,116,343,'2019-06-23 12:42:23','2019-06-23 12:42:23',230,0,0,0,0,NULL),(2844,116,303,'2019-06-23 12:42:23','2019-06-23 12:42:23',268,0,0,0,0,NULL),(2845,116,282,'2019-06-23 12:42:23','2019-06-23 12:42:23',217,0,0,0,0,NULL),(2846,116,408,'2019-06-23 12:42:23','2019-06-23 12:42:23',262,0,0,0,0,NULL),(2847,116,368,'2019-06-23 12:42:23','2019-06-23 12:42:23',8,0,0,0,0,NULL),(2848,116,384,'2019-06-23 12:42:23','2019-06-23 12:42:23',8,0,0,0,0,NULL),(2849,116,435,'2019-06-23 12:42:23','2019-06-23 12:42:23',342,0,0,0,0,NULL),(2850,116,321,'2019-06-23 12:42:23','2019-06-23 12:42:23',0,0,0,0,0,NULL),(2851,116,333,'2019-06-23 12:42:23','2019-06-23 12:42:23',327,0,0,0,0,NULL),(2852,116,293,'2019-06-23 12:42:23','2019-06-23 12:42:23',139,0,0,0,0,NULL),(2853,116,309,'2019-06-23 12:42:23','2019-06-23 12:42:23',139,0,0,0,0,NULL),(2854,116,342,'2019-06-23 12:42:23','2019-06-23 12:42:23',139,0,0,0,0,NULL),(2855,116,358,'2019-06-23 12:42:23','2019-06-23 12:42:23',139,0,0,0,0,NULL),(2856,116,374,'2019-06-23 12:42:23','2019-06-23 12:42:23',139,0,0,0,0,NULL),(2857,116,400,'2019-06-23 12:42:23','2019-06-23 12:42:23',139,0,0,0,0,NULL),(2858,116,433,'2019-06-23 12:42:23','2019-06-23 12:42:23',139,0,0,0,0,NULL),(2859,116,295,'2019-06-23 12:42:23','2019-06-23 12:42:23',111,0,0,0,0,NULL),(2860,116,302,'2019-06-23 12:42:23','2019-06-23 12:42:23',111,0,0,0,0,NULL),(2861,116,324,'2019-06-23 12:42:23','2019-06-23 12:42:23',111,0,0,0,0,NULL),(2862,116,352,'2019-06-23 12:42:23','2019-06-23 12:42:23',111,0,0,0,0,NULL),(2863,116,394,'2019-06-23 12:42:23','2019-06-23 12:42:23',111,0,0,0,0,NULL),(2864,116,419,'2019-06-23 12:42:23','2019-06-23 12:42:23',111,0,0,0,0,NULL),(2865,116,424,'2019-06-23 12:42:23','2019-06-23 12:42:23',111,0,0,0,0,NULL),(2866,116,297,'2019-06-23 12:42:23','2019-06-23 12:42:23',63,0,0,0,0,NULL),(2867,116,353,'2019-06-23 12:42:23','2019-06-23 12:42:23',63,0,0,0,0,NULL),(2868,116,427,'2019-06-23 12:42:23','2019-06-23 12:42:23',63,0,0,0,0,NULL),(2869,116,405,'2019-06-23 12:42:23','2019-06-23 12:42:23',146,0,0,0,0,NULL),(2870,116,390,'2019-06-23 12:42:23','2019-06-23 12:42:23',65,0,0,0,0,NULL),(2871,116,327,'2019-06-23 12:42:23','2019-06-23 12:42:23',63,0,0,0,0,NULL),(2872,116,305,'2019-06-23 12:42:23','2019-06-23 12:42:23',146,0,0,0,0,NULL),(2874,117,301,'2019-06-23 12:42:23','2019-06-23 12:42:23',159,0,0,0,0,NULL),(2875,117,345,'2019-06-23 12:42:23','2019-06-23 12:42:23',159,0,0,0,0,NULL),(2876,117,351,'2019-06-23 12:42:23','2019-06-23 12:42:23',159,0,0,0,0,NULL),(2877,117,397,'2019-06-23 12:42:23','2019-06-23 12:42:23',114,0,0,0,0,NULL),(2878,117,422,'2019-06-23 12:42:23','2019-06-23 12:42:23',114,0,0,0,0,NULL),(2879,117,431,'2019-06-23 12:42:23','2019-06-23 12:42:23',114,0,0,0,0,NULL),(2880,117,290,'2019-06-23 12:42:23','2019-06-23 12:42:23',0,0,0,0,0,NULL),(2881,117,321,'2019-06-23 12:42:23','2019-06-23 12:42:23',0,0,0,0,0,NULL),(2882,117,339,'2019-06-23 12:42:23','2019-06-23 12:42:23',0,0,0,0,0,NULL),(2883,117,368,'2019-06-23 12:42:23','2019-06-23 12:42:23',8,0,0,0,0,NULL),(2884,117,387,'2019-06-23 12:42:23','2019-06-23 12:42:23',0,0,0,0,0,NULL),(2885,117,412,'2019-06-23 12:42:23','2019-06-23 12:42:23',8,0,0,0,0,NULL),(2886,117,446,'2019-06-23 12:42:23','2019-06-23 12:42:23',0,0,0,0,0,NULL),(2887,117,293,'2019-06-23 12:42:23','2019-06-23 12:42:23',139,0,0,0,0,NULL),(2888,117,309,'2019-06-23 12:42:23','2019-06-23 12:42:23',139,0,0,0,0,NULL),(2889,117,342,'2019-06-23 12:42:23','2019-06-23 12:42:23',139,0,0,0,0,NULL),(2890,117,358,'2019-06-23 12:42:23','2019-06-23 12:42:23',139,0,0,0,0,NULL),(2891,117,374,'2019-06-23 12:42:23','2019-06-23 12:42:23',139,0,0,0,0,NULL),(2892,117,400,'2019-06-23 12:42:23','2019-06-23 12:42:23',139,0,0,0,0,NULL),(2893,117,433,'2019-06-23 12:42:23','2019-06-23 12:42:23',139,0,0,0,0,NULL),(2894,117,295,'2019-06-23 12:42:23','2019-06-23 12:42:23',111,0,0,0,0,NULL),(2895,117,302,'2019-06-23 12:42:23','2019-06-23 12:42:23',111,0,0,0,0,NULL),(2896,117,324,'2019-06-23 12:42:23','2019-06-23 12:42:23',111,0,0,0,0,NULL),(2897,117,352,'2019-06-23 12:42:23','2019-06-23 12:42:23',111,0,0,0,0,NULL),(2898,117,394,'2019-06-23 12:42:23','2019-06-23 12:42:23',111,0,0,0,0,NULL),(2899,117,419,'2019-06-23 12:42:23','2019-06-23 12:42:23',111,0,0,0,0,NULL),(2900,117,424,'2019-06-23 12:42:23','2019-06-23 12:42:23',111,0,0,0,0,NULL),(2901,117,297,'2019-06-23 12:42:23','2019-06-23 12:42:23',63,0,0,0,0,NULL),(2902,117,350,'2019-06-23 12:42:23','2019-06-23 12:42:23',65,0,0,0,0,NULL),(2903,117,425,'2019-06-23 12:42:23','2019-06-23 12:42:23',65,0,0,0,0,NULL),(2904,117,405,'2019-06-23 12:42:23','2019-06-23 12:42:23',146,0,0,0,0,NULL),(2905,117,392,'2019-06-23 12:42:23','2019-06-23 12:42:23',146,0,0,0,0,NULL),(2906,117,329,'2019-06-23 12:42:23','2019-06-23 12:42:23',146,0,0,0,0,NULL),(2907,117,305,'2019-06-23 12:42:23','2019-06-23 12:42:23',146,0,0,0,0,NULL),(2909,120,418,'2019-06-23 12:42:23','2019-06-23 12:42:23',230,0,0,0,0,NULL),(2910,120,393,'2019-06-23 12:42:23','2019-06-23 12:42:23',230,0,0,0,0,NULL),(2911,120,357,'2019-06-23 12:42:23','2019-06-23 12:42:23',394,0,0,0,0,NULL),(2912,120,426,'2019-06-23 12:42:23','2019-06-23 12:42:23',230,0,0,0,0,NULL),(2913,120,301,'2019-06-23 12:42:23','2019-06-23 12:42:23',159,0,0,0,0,NULL),(2914,120,345,'2019-06-23 12:42:23','2019-06-23 12:42:23',159,0,0,0,0,NULL),(2915,120,286,'2019-06-23 12:42:23','2019-06-23 12:42:23',380,0,0,0,0,NULL),(2916,120,377,'2019-06-23 12:42:23','2019-06-23 12:42:23',309,0,0,0,0,NULL),(2917,120,408,'2019-06-23 12:42:23','2019-06-23 12:42:23',262,0,0,0,0,NULL),(2918,120,367,'2019-06-23 12:42:23','2019-06-23 12:42:23',380,0,0,0,0,NULL),(2919,120,444,'2019-06-23 12:42:23','2019-06-23 12:42:23',366,0,0,0,0,NULL),(2920,120,310,'2019-06-23 12:42:23','2019-06-23 12:42:23',309,0,0,0,0,NULL),(2921,120,338,'2019-06-23 12:42:23','2019-06-23 12:42:23',502,0,0,0,0,NULL),(2922,120,294,'2019-06-23 12:42:23','2019-06-23 12:42:23',436,0,0,0,0,NULL),(2923,120,311,'2019-06-23 12:42:23','2019-06-23 12:42:23',436,0,0,0,0,NULL),(2924,120,344,'2019-06-23 12:42:23','2019-06-23 12:42:23',436,0,0,0,0,NULL),(2925,120,360,'2019-06-23 12:42:23','2019-06-23 12:42:23',436,0,0,0,0,NULL),(2926,120,375,'2019-06-23 12:42:23','2019-06-23 12:42:23',436,0,0,0,0,NULL),(2927,120,403,'2019-06-23 12:42:23','2019-06-23 12:42:23',436,0,0,0,0,NULL),(2928,120,434,'2019-06-23 12:42:23','2019-06-23 12:42:23',436,0,0,0,0,NULL),(2929,120,295,'2019-06-23 12:42:23','2019-06-23 12:42:23',111,0,0,0,0,NULL),(2930,120,302,'2019-06-23 12:42:24','2019-06-23 12:42:24',111,0,0,0,0,NULL),(2931,120,324,'2019-06-23 12:42:24','2019-06-23 12:42:24',111,0,0,0,0,NULL),(2932,120,352,'2019-06-23 12:42:24','2019-06-23 12:42:24',111,0,0,0,0,NULL),(2933,120,394,'2019-06-23 12:42:24','2019-06-23 12:42:24',111,0,0,0,0,NULL),(2934,120,419,'2019-06-23 12:42:24','2019-06-23 12:42:24',111,0,0,0,0,NULL),(2935,120,424,'2019-06-23 12:42:24','2019-06-23 12:42:24',111,0,0,0,0,NULL),(2936,120,297,'2019-06-23 12:42:24','2019-06-23 12:42:24',63,0,0,0,0,NULL),(2937,120,355,'2019-06-23 12:42:24','2019-06-23 12:42:24',146,0,0,0,0,NULL),(2938,120,425,'2019-06-23 12:42:24','2019-06-23 12:42:24',65,0,0,0,0,NULL),(2939,120,402,'2019-06-23 12:42:24','2019-06-23 12:42:24',63,0,0,0,0,NULL),(2940,120,390,'2019-06-23 12:42:24','2019-06-23 12:42:24',65,0,0,0,0,NULL),(2941,120,329,'2019-06-23 12:42:24','2019-06-23 12:42:24',146,0,0,0,0,NULL),(2942,120,300,'2019-06-23 12:42:24','2019-06-23 12:42:24',65,0,0,0,0,NULL),(2944,121,349,'2019-06-23 12:42:24','2019-06-23 12:42:24',230,0,0,0,0,NULL),(2945,121,430,'2019-06-23 12:42:24','2019-06-23 12:42:24',268,0,0,0,0,NULL),(2946,121,418,'2019-06-23 12:42:24','2019-06-23 12:42:24',230,0,0,0,0,NULL),(2947,121,396,'2019-06-23 12:42:24','2019-06-23 12:42:24',268,0,0,0,0,NULL),(2948,121,347,'2019-06-23 12:42:24','2019-06-23 12:42:24',114,0,0,0,0,NULL),(2949,121,299,'2019-06-23 12:42:24','2019-06-23 12:42:24',230,0,0,0,0,NULL),(2950,121,284,'2019-06-23 12:42:24','2019-06-23 12:42:24',327,0,0,0,0,NULL),(2951,121,377,'2019-06-23 12:42:24','2019-06-23 12:42:24',309,0,0,0,0,NULL),(2952,121,416,'2019-06-23 12:42:24','2019-06-23 12:42:24',408,0,0,0,0,NULL),(2953,121,363,'2019-06-23 12:42:24','2019-06-23 12:42:24',217,0,0,0,0,NULL),(2954,121,448,'2019-06-23 12:42:24','2019-06-23 12:42:24',382,0,0,0,0,NULL),(2955,121,319,'2019-06-23 12:42:24','2019-06-23 12:42:24',366,0,0,0,0,NULL),(2956,121,333,'2019-06-23 12:42:24','2019-06-23 12:42:24',327,0,0,0,0,NULL),(2957,121,294,'2019-06-23 12:42:24','2019-06-23 12:42:24',436,0,0,0,0,NULL),(2958,121,311,'2019-06-23 12:42:24','2019-06-23 12:42:24',436,0,0,0,0,NULL),(2959,121,344,'2019-06-23 12:42:24','2019-06-23 12:42:24',436,0,0,0,0,NULL),(2960,121,358,'2019-06-23 12:42:24','2019-06-23 12:42:24',139,0,0,0,0,NULL),(2961,121,375,'2019-06-23 12:42:24','2019-06-23 12:42:24',436,0,0,0,0,NULL),(2962,121,400,'2019-06-23 12:42:24','2019-06-23 12:42:24',139,0,0,0,0,NULL),(2963,121,434,'2019-06-23 12:42:24','2019-06-23 12:42:24',436,0,0,0,0,NULL),(2964,121,295,'2019-06-23 12:42:24','2019-06-23 12:42:24',111,0,0,0,0,NULL),(2965,121,302,'2019-06-23 12:42:24','2019-06-23 12:42:24',111,0,0,0,0,NULL),(2966,121,324,'2019-06-23 12:42:24','2019-06-23 12:42:24',111,0,0,0,0,NULL),(2967,121,352,'2019-06-23 12:42:24','2019-06-23 12:42:24',111,0,0,0,0,NULL),(2968,121,394,'2019-06-23 12:42:24','2019-06-23 12:42:24',111,0,0,0,0,NULL),(2969,121,419,'2019-06-23 12:42:24','2019-06-23 12:42:24',111,0,0,0,0,NULL),(2970,121,424,'2019-06-23 12:42:24','2019-06-23 12:42:24',111,0,0,0,0,NULL),(2971,121,297,'2019-06-23 12:42:24','2019-06-23 12:42:24',63,0,0,0,0,NULL),(2972,121,350,'2019-06-23 12:42:24','2019-06-23 12:42:24',65,0,0,0,0,NULL),(2973,121,425,'2019-06-23 12:42:24','2019-06-23 12:42:24',65,0,0,0,0,NULL),(2974,121,405,'2019-06-23 12:42:24','2019-06-23 12:42:24',146,0,0,0,0,NULL),(2975,121,392,'2019-06-23 12:42:24','2019-06-23 12:42:24',146,0,0,0,0,NULL),(2976,121,329,'2019-06-23 12:42:24','2019-06-23 12:42:24',146,0,0,0,0,NULL),(2977,121,304,'2019-06-23 12:42:24','2019-06-23 12:42:24',63,0,0,0,0,NULL),(2978,122,278,'2019-06-23 12:42:24','2019-06-23 12:42:24',394,0,0,0,0,NULL),(2979,122,422,'2019-06-23 12:42:24','2019-06-23 12:42:24',114,0,0,0,0,NULL),(2980,122,396,'2019-06-23 12:42:24','2019-06-23 12:42:24',268,0,0,0,0,NULL),(2981,122,349,'2019-06-23 12:42:24','2019-06-23 12:42:24',230,0,0,0,0,NULL),(2982,122,431,'2019-06-23 12:42:24','2019-06-23 12:42:24',114,0,0,0,0,NULL),(2983,122,301,'2019-06-23 12:42:24','2019-06-23 12:42:24',159,0,0,0,0,NULL),(2984,122,347,'2019-06-23 12:42:24','2019-06-23 12:42:24',114,0,0,0,0,NULL),(2985,122,289,'2019-06-23 12:42:24','2019-06-23 12:42:24',502,0,0,0,0,NULL),(2986,122,386,'2019-06-23 12:42:24','2019-06-23 12:42:24',502,0,0,0,0,NULL),(2987,122,411,'2019-06-23 12:42:24','2019-06-23 12:42:24',380,0,0,0,0,NULL),(2988,122,361,'2019-06-23 12:42:24','2019-06-23 12:42:24',309,0,0,0,0,NULL),(2989,122,441,'2019-06-23 12:42:24','2019-06-23 12:42:24',409,0,0,0,0,NULL),(2990,122,310,'2019-06-23 12:42:24','2019-06-23 12:42:24',309,0,0,0,0,NULL),(2991,122,326,'2019-06-23 12:42:24','2019-06-23 12:42:24',342,0,0,0,0,NULL),(2992,122,294,'2019-06-23 12:42:24','2019-06-23 12:42:24',436,0,0,0,0,NULL),(2993,122,311,'2019-06-23 12:42:24','2019-06-23 12:42:24',436,0,0,0,0,NULL),(2994,122,344,'2019-06-23 12:42:24','2019-06-23 12:42:24',436,0,0,0,0,NULL),(2995,122,360,'2019-06-23 12:42:24','2019-06-23 12:42:24',436,0,0,0,0,NULL),(2996,122,375,'2019-06-23 12:42:24','2019-06-23 12:42:24',436,0,0,0,0,NULL),(2997,122,403,'2019-06-23 12:42:24','2019-06-23 12:42:24',436,0,0,0,0,NULL),(2998,122,434,'2019-06-23 12:42:24','2019-06-23 12:42:24',436,0,0,0,0,NULL),(2999,122,295,'2019-06-23 12:42:24','2019-06-23 12:42:24',111,0,0,0,0,NULL),(3000,122,302,'2019-06-23 12:42:24','2019-06-23 12:42:24',111,0,0,0,0,NULL),(3001,122,324,'2019-06-23 12:42:24','2019-06-23 12:42:24',111,0,0,0,0,NULL),(3002,122,352,'2019-06-23 12:42:24','2019-06-23 12:42:24',111,0,0,0,0,NULL),(3003,122,394,'2019-06-23 12:42:24','2019-06-23 12:42:24',111,0,0,0,0,NULL),(3004,122,419,'2019-06-23 12:42:24','2019-06-23 12:42:24',111,0,0,0,0,NULL),(3005,122,424,'2019-06-23 12:42:24','2019-06-23 12:42:24',111,0,0,0,0,NULL),(3006,122,298,'2019-06-23 12:42:24','2019-06-23 12:42:24',146,0,0,0,0,NULL),(3007,122,353,'2019-06-23 12:42:24','2019-06-23 12:42:24',63,0,0,0,0,NULL),(3008,122,427,'2019-06-23 12:42:24','2019-06-23 12:42:24',63,0,0,0,0,NULL),(3009,122,402,'2019-06-23 12:42:24','2019-06-23 12:42:24',63,0,0,0,0,NULL),(3010,122,391,'2019-06-23 12:42:24','2019-06-23 12:42:24',63,0,0,0,0,NULL),(3011,122,325,'2019-06-23 12:42:24','2019-06-23 12:42:24',65,0,0,0,0,NULL),(3012,122,305,'2019-06-23 12:42:24','2019-06-23 12:42:24',146,0,0,0,0,NULL),(3042,129,423,'2019-06-23 12:42:24','2019-06-23 12:42:24',394,0,0,0,0,NULL),(3043,129,396,'2019-06-23 12:42:24','2019-06-23 12:42:24',268,0,0,0,0,NULL),(3044,129,349,'2019-06-23 12:42:24','2019-06-23 12:42:24',230,0,0,0,0,NULL),(3045,129,426,'2019-06-23 12:42:24','2019-06-23 12:42:24',230,0,0,0,0,NULL),(3046,129,301,'2019-06-23 12:42:24','2019-06-23 12:42:24',159,0,0,0,0,NULL),(3047,129,345,'2019-06-23 12:42:24','2019-06-23 12:42:24',159,0,0,0,0,NULL),(3048,129,286,'2019-06-23 12:42:24','2019-06-23 12:42:24',380,0,0,0,0,NULL),(3049,129,381,'2019-06-23 12:42:24','2019-06-23 12:42:24',327,0,0,0,0,NULL),(3050,129,413,'2019-06-23 12:42:24','2019-06-23 12:42:24',366,0,0,0,0,NULL),(3051,129,366,'2019-06-23 12:42:24','2019-06-23 12:42:24',409,0,0,0,0,NULL),(3052,129,441,'2019-06-23 12:42:24','2019-06-23 12:42:24',409,0,0,0,0,NULL),(3053,129,320,'2019-06-23 12:42:24','2019-06-23 12:42:24',502,0,0,0,0,NULL),(3054,129,331,'2019-06-23 12:42:24','2019-06-23 12:42:24',217,0,0,0,0,NULL),(3055,129,294,'2019-06-23 12:42:24','2019-06-23 12:42:24',436,0,0,0,0,NULL),(3056,129,311,'2019-06-23 12:42:24','2019-06-23 12:42:24',436,0,0,0,0,NULL),(3057,129,344,'2019-06-23 12:42:24','2019-06-23 12:42:24',436,0,0,0,0,NULL),(3058,129,360,'2019-06-23 12:42:24','2019-06-23 12:42:24',436,0,0,0,0,NULL),(3059,129,375,'2019-06-23 12:42:24','2019-06-23 12:42:24',436,0,0,0,0,NULL),(3060,129,403,'2019-06-23 12:42:24','2019-06-23 12:42:24',436,0,0,0,0,NULL),(3061,129,434,'2019-06-23 12:42:24','2019-06-23 12:42:24',436,0,0,0,0,NULL),(3062,129,295,'2019-06-23 12:42:24','2019-06-23 12:42:24',111,0,0,0,0,NULL),(3063,129,302,'2019-06-23 12:42:24','2019-06-23 12:42:24',111,0,0,0,0,NULL),(3064,129,324,'2019-06-23 12:42:24','2019-06-23 12:42:24',111,0,0,0,0,NULL),(3065,129,352,'2019-06-23 12:42:24','2019-06-23 12:42:24',111,0,0,0,0,NULL),(3066,129,394,'2019-06-23 12:42:24','2019-06-23 12:42:24',111,0,0,0,0,NULL),(3067,129,419,'2019-06-23 12:42:24','2019-06-23 12:42:24',111,0,0,0,0,NULL),(3068,129,424,'2019-06-23 12:42:24','2019-06-23 12:42:24',111,0,0,0,0,NULL),(3069,129,296,'2019-06-23 12:42:24','2019-06-23 12:42:24',65,0,0,0,0,NULL),(3070,129,355,'2019-06-23 12:42:24','2019-06-23 12:42:24',146,0,0,0,0,NULL),(3071,129,425,'2019-06-23 12:42:24','2019-06-23 12:42:24',65,0,0,0,0,NULL),(3072,129,399,'2019-06-23 12:42:24','2019-06-23 12:42:24',65,0,0,0,0,NULL),(3073,129,390,'2019-06-23 12:42:24','2019-06-23 12:42:24',65,0,0,0,0,NULL),(3074,129,327,'2019-06-23 12:42:24','2019-06-23 12:42:24',63,0,0,0,0,NULL),(3075,129,300,'2019-06-23 12:42:24','2019-06-23 12:42:24',65,0,0,0,0,NULL),(3084,131,420,'2019-06-23 12:42:24','2019-06-23 12:42:24',159,0,0,0,0,NULL),(3085,131,395,'2019-06-23 12:42:24','2019-06-23 12:42:24',159,0,0,0,0,NULL),(3086,131,357,'2019-06-23 12:42:24','2019-06-23 12:42:24',394,0,0,0,0,NULL),(3087,131,431,'2019-06-23 12:42:24','2019-06-23 12:42:24',114,0,0,0,0,NULL),(3088,131,306,'2019-06-23 12:42:24','2019-06-23 12:42:24',114,0,0,0,0,NULL),(3089,131,346,'2019-06-23 12:42:24','2019-06-23 12:42:24',268,0,0,0,0,NULL),(3090,131,288,'2019-06-23 12:42:24','2019-06-23 12:42:24',366,0,0,0,0,NULL),(3091,131,386,'2019-06-23 12:42:24','2019-06-23 12:42:24',502,0,0,0,0,NULL),(3092,131,408,'2019-06-23 12:42:24','2019-06-23 12:42:24',262,0,0,0,0,NULL),(3093,131,362,'2019-06-23 12:42:24','2019-06-23 12:42:24',285,0,0,0,0,NULL),(3094,131,448,'2019-06-23 12:42:24','2019-06-23 12:42:24',382,0,0,0,0,NULL),(3095,131,310,'2019-06-23 12:42:24','2019-06-23 12:42:24',309,0,0,0,0,NULL),(3096,131,341,'2019-06-23 12:42:24','2019-06-23 12:42:24',382,0,0,0,0,NULL),(3097,131,294,'2019-06-23 12:42:24','2019-06-23 12:42:24',436,0,0,0,0,NULL),(3098,131,311,'2019-06-23 12:42:24','2019-06-23 12:42:24',436,0,0,0,0,NULL),(3099,131,344,'2019-06-23 12:42:24','2019-06-23 12:42:24',436,0,0,0,0,NULL),(3100,131,360,'2019-06-23 12:42:24','2019-06-23 12:42:24',436,0,0,0,0,NULL),(3101,131,375,'2019-06-23 12:42:24','2019-06-23 12:42:24',436,0,0,0,0,NULL),(3102,131,403,'2019-06-23 12:42:24','2019-06-23 12:42:24',436,0,0,0,0,NULL),(3103,131,434,'2019-06-23 12:42:24','2019-06-23 12:42:24',436,0,0,0,0,NULL),(3104,131,295,'2019-06-23 12:42:24','2019-06-23 12:42:24',111,0,0,0,0,NULL),(3105,131,302,'2019-06-23 12:42:24','2019-06-23 12:42:24',111,0,0,0,0,NULL),(3106,131,324,'2019-06-23 12:42:24','2019-06-23 12:42:24',111,0,0,0,0,NULL),(3107,131,352,'2019-06-23 12:42:24','2019-06-23 12:42:24',111,0,0,0,0,NULL),(3108,131,394,'2019-06-23 12:42:24','2019-06-23 12:42:24',111,0,0,0,0,NULL),(3109,131,419,'2019-06-23 12:42:24','2019-06-23 12:42:24',111,0,0,0,0,NULL),(3110,131,424,'2019-06-23 12:42:24','2019-06-23 12:42:24',111,0,0,0,0,NULL),(3111,131,297,'2019-06-23 12:42:24','2019-06-23 12:42:24',63,0,0,0,0,NULL),(3112,131,350,'2019-06-23 12:42:24','2019-06-23 12:42:24',65,0,0,0,0,NULL),(3113,131,425,'2019-06-23 12:42:24','2019-06-23 12:42:24',65,0,0,0,0,NULL),(3114,131,405,'2019-06-23 12:42:24','2019-06-23 12:42:24',146,0,0,0,0,NULL),(3115,131,391,'2019-06-23 12:42:24','2019-06-23 12:42:24',63,0,0,0,0,NULL),(3116,131,329,'2019-06-23 12:42:24','2019-06-23 12:42:24',146,0,0,0,0,NULL),(3117,131,304,'2019-06-23 12:42:24','2019-06-23 12:42:24',63,0,0,0,0,NULL),(3119,132,354,'2019-06-23 12:42:24','2019-06-23 12:42:24',268,0,0,0,0,NULL),(3120,132,432,'2019-06-23 12:42:24','2019-06-23 12:42:24',394,0,0,0,0,NULL),(3121,132,421,'2019-06-23 12:42:24','2019-06-23 12:42:24',268,0,0,0,0,NULL),(3122,132,393,'2019-06-23 12:42:24','2019-06-23 12:42:24',230,0,0,0,0,NULL),(3123,132,346,'2019-06-23 12:42:24','2019-06-23 12:42:24',268,0,0,0,0,NULL),(3124,132,307,'2019-06-23 12:42:24','2019-06-23 12:42:24',394,0,0,0,0,NULL),(3125,132,289,'2019-06-23 12:42:24','2019-06-23 12:42:24',502,0,0,0,0,NULL),(3126,132,320,'2019-06-23 12:42:24','2019-06-23 12:42:24',502,0,0,0,0,NULL),(3127,132,338,'2019-06-23 12:42:24','2019-06-23 12:42:24',502,0,0,0,0,NULL),(3128,132,370,'2019-06-23 12:42:24','2019-06-23 12:42:24',502,0,0,0,0,NULL),(3129,132,386,'2019-06-23 12:42:24','2019-06-23 12:42:24',502,0,0,0,0,NULL),(3130,132,414,'2019-06-23 12:42:24','2019-06-23 12:42:24',502,0,0,0,0,NULL),(3131,132,445,'2019-06-23 12:42:24','2019-06-23 12:42:24',502,0,0,0,0,NULL),(3132,132,294,'2019-06-23 12:42:24','2019-06-23 12:42:24',436,0,0,0,0,NULL),(3133,132,311,'2019-06-23 12:42:24','2019-06-23 12:42:24',436,0,0,0,0,NULL),(3134,132,344,'2019-06-23 12:42:24','2019-06-23 12:42:24',436,0,0,0,0,NULL),(3135,132,360,'2019-06-23 12:42:24','2019-06-23 12:42:24',436,0,0,0,0,NULL),(3136,132,375,'2019-06-23 12:42:24','2019-06-23 12:42:24',436,0,0,0,0,NULL),(3137,132,403,'2019-06-23 12:42:24','2019-06-23 12:42:24',436,0,0,0,0,NULL),(3138,132,434,'2019-06-23 12:42:24','2019-06-23 12:42:24',436,0,0,0,0,NULL),(3139,132,295,'2019-06-23 12:42:24','2019-06-23 12:42:24',111,0,0,0,0,NULL),(3140,132,302,'2019-06-23 12:42:24','2019-06-23 12:42:24',111,0,0,0,0,NULL),(3141,132,324,'2019-06-23 12:42:24','2019-06-23 12:42:24',111,0,0,0,0,NULL),(3142,132,352,'2019-06-23 12:42:24','2019-06-23 12:42:24',111,0,0,0,0,NULL),(3143,132,394,'2019-06-23 12:42:24','2019-06-23 12:42:24',111,0,0,0,0,NULL),(3144,132,419,'2019-06-23 12:42:24','2019-06-23 12:42:24',111,0,0,0,0,NULL),(3145,132,424,'2019-06-23 12:42:24','2019-06-23 12:42:24',111,0,0,0,0,NULL),(3146,132,298,'2019-06-23 12:42:24','2019-06-23 12:42:24',146,0,0,0,0,NULL),(3147,132,355,'2019-06-23 12:42:24','2019-06-23 12:42:24',146,0,0,0,0,NULL),(3148,132,429,'2019-06-23 12:42:24','2019-06-23 12:42:24',146,0,0,0,0,NULL),(3149,132,399,'2019-06-23 12:42:24','2019-06-23 12:42:24',65,0,0,0,0,NULL),(3150,132,392,'2019-06-23 12:42:24','2019-06-23 12:42:24',146,0,0,0,0,NULL),(3151,132,325,'2019-06-23 12:42:24','2019-06-23 12:42:24',65,0,0,0,0,NULL),(3152,132,300,'2019-06-23 12:42:24','2019-06-23 12:42:24',65,0,0,0,0,NULL),(3154,134,349,'2019-06-23 12:42:24','2019-06-23 12:42:24',230,0,0,0,0,NULL),(3155,134,426,'2019-06-23 12:42:24','2019-06-23 12:42:24',230,0,0,0,0,NULL),(3156,134,423,'2019-06-23 12:42:24','2019-06-23 12:42:24',394,0,0,0,0,NULL),(3157,134,396,'2019-06-23 12:42:24','2019-06-23 12:42:24',268,0,0,0,0,NULL),(3158,134,348,'2019-06-23 12:42:24','2019-06-23 12:42:24',394,0,0,0,0,NULL),(3159,134,307,'2019-06-23 12:42:24','2019-06-23 12:42:24',394,0,0,0,0,NULL),(3160,134,285,'2019-06-23 12:42:24','2019-06-23 12:42:24',409,0,0,0,0,NULL),(3161,134,370,'2019-06-23 12:42:24','2019-06-23 12:42:24',502,0,0,0,0,NULL),(3162,134,447,'2019-06-23 12:42:24','2019-06-23 12:42:24',408,0,0,0,0,NULL),(3163,134,414,'2019-06-23 12:42:24','2019-06-23 12:42:24',502,0,0,0,0,NULL),(3164,134,386,'2019-06-23 12:42:24','2019-06-23 12:42:24',502,0,0,0,0,NULL),(3165,134,338,'2019-06-23 12:42:24','2019-06-23 12:42:24',502,0,0,0,0,NULL),(3166,134,320,'2019-06-23 12:42:24','2019-06-23 12:42:24',502,0,0,0,0,NULL),(3167,134,294,'2019-06-23 12:42:24','2019-06-23 12:42:24',436,0,0,0,0,NULL),(3168,134,311,'2019-06-23 12:42:24','2019-06-23 12:42:24',436,0,0,0,0,NULL),(3169,134,344,'2019-06-23 12:42:24','2019-06-23 12:42:24',436,0,0,0,0,NULL),(3170,134,360,'2019-06-23 12:42:24','2019-06-23 12:42:24',436,0,0,0,0,NULL),(3171,134,375,'2019-06-23 12:42:24','2019-06-23 12:42:24',436,0,0,0,0,NULL),(3172,134,403,'2019-06-23 12:42:24','2019-06-23 12:42:24',436,0,0,0,0,NULL),(3173,134,434,'2019-06-23 12:42:24','2019-06-23 12:42:24',436,0,0,0,0,NULL),(3174,134,295,'2019-06-23 12:42:24','2019-06-23 12:42:24',111,0,0,0,0,NULL),(3175,134,302,'2019-06-23 12:42:24','2019-06-23 12:42:24',111,0,0,0,0,NULL),(3176,134,324,'2019-06-23 12:42:24','2019-06-23 12:42:24',111,0,0,0,0,NULL),(3177,134,352,'2019-06-23 12:42:24','2019-06-23 12:42:24',111,0,0,0,0,NULL),(3178,134,394,'2019-06-23 12:42:24','2019-06-23 12:42:24',111,0,0,0,0,NULL),(3179,134,419,'2019-06-23 12:42:24','2019-06-23 12:42:24',111,0,0,0,0,NULL),(3180,134,424,'2019-06-23 12:42:24','2019-06-23 12:42:24',111,0,0,0,0,NULL),(3181,134,297,'2019-06-23 12:42:24','2019-06-23 12:42:24',63,0,0,0,0,NULL),(3182,134,353,'2019-06-23 12:42:24','2019-06-23 12:42:24',63,0,0,0,0,NULL),(3183,134,427,'2019-06-23 12:42:24','2019-06-23 12:42:24',63,0,0,0,0,NULL),(3184,134,405,'2019-06-23 12:42:24','2019-06-23 12:42:24',146,0,0,0,0,NULL),(3185,134,392,'2019-06-23 12:42:24','2019-06-23 12:42:24',146,0,0,0,0,NULL),(3186,134,325,'2019-06-23 12:42:24','2019-06-23 12:42:24',65,0,0,0,0,NULL),(3187,134,300,'2019-06-23 12:42:24','2019-06-23 12:42:24',65,0,0,0,0,NULL),(3196,138,418,'2019-06-23 12:42:24','2019-06-23 12:42:24',230,0,0,0,0,NULL),(3197,138,398,'2019-06-23 12:42:24','2019-06-23 12:42:24',394,0,0,0,0,NULL),(3198,138,349,'2019-06-23 12:42:24','2019-06-23 12:42:24',230,0,0,0,0,NULL),(3199,138,430,'2019-06-23 12:42:24','2019-06-23 12:42:24',268,0,0,0,0,NULL),(3200,138,306,'2019-06-23 12:42:24','2019-06-23 12:42:24',114,0,0,0,0,NULL),(3201,138,348,'2019-06-23 12:42:24','2019-06-23 12:42:24',394,0,0,0,0,NULL),(3202,138,282,'2019-06-23 12:42:24','2019-06-23 12:42:24',217,0,0,0,0,NULL),(3203,138,385,'2019-06-23 12:42:24','2019-06-23 12:42:24',366,0,0,0,0,NULL),(3204,138,401,'2019-06-23 12:42:24','2019-06-23 12:42:24',342,0,0,0,0,NULL),(3205,138,372,'2019-06-23 12:42:24','2019-06-23 12:42:24',408,0,0,0,0,NULL),(3206,138,435,'2019-06-23 12:42:24','2019-06-23 12:42:24',342,0,0,0,0,NULL),(3207,138,312,'2019-06-23 12:42:24','2019-06-23 12:42:24',285,0,0,0,0,NULL),(3208,138,334,'2019-06-23 12:42:24','2019-06-23 12:42:24',409,0,0,0,0,NULL),(3209,138,294,'2019-06-23 12:42:24','2019-06-23 12:42:24',436,0,0,0,0,NULL),(3210,138,311,'2019-06-23 12:42:24','2019-06-23 12:42:24',436,0,0,0,0,NULL),(3211,138,344,'2019-06-23 12:42:24','2019-06-23 12:42:24',436,0,0,0,0,NULL),(3212,138,360,'2019-06-23 12:42:24','2019-06-23 12:42:24',436,0,0,0,0,NULL),(3213,138,375,'2019-06-23 12:42:24','2019-06-23 12:42:24',436,0,0,0,0,NULL),(3214,138,403,'2019-06-23 12:42:24','2019-06-23 12:42:24',436,0,0,0,0,NULL),(3215,138,434,'2019-06-23 12:42:24','2019-06-23 12:42:24',436,0,0,0,0,NULL),(3216,138,295,'2019-06-23 12:42:24','2019-06-23 12:42:24',111,0,0,0,0,NULL),(3217,138,302,'2019-06-23 12:42:24','2019-06-23 12:42:24',111,0,0,0,0,NULL),(3218,138,324,'2019-06-23 12:42:24','2019-06-23 12:42:24',111,0,0,0,0,NULL),(3219,138,352,'2019-06-23 12:42:24','2019-06-23 12:42:24',111,0,0,0,0,NULL),(3220,138,394,'2019-06-23 12:42:24','2019-06-23 12:42:24',111,0,0,0,0,NULL),(3221,138,419,'2019-06-23 12:42:24','2019-06-23 12:42:24',111,0,0,0,0,NULL),(3222,138,424,'2019-06-23 12:42:24','2019-06-23 12:42:24',111,0,0,0,0,NULL),(3223,138,298,'2019-06-23 12:42:24','2019-06-23 12:42:24',146,0,0,0,0,NULL),(3224,138,353,'2019-06-23 12:42:24','2019-06-23 12:42:24',63,0,0,0,0,NULL),(3225,138,429,'2019-06-23 12:42:24','2019-06-23 12:42:24',146,0,0,0,0,NULL),(3226,138,399,'2019-06-23 12:42:24','2019-06-23 12:42:24',65,0,0,0,0,NULL),(3227,138,392,'2019-06-23 12:42:24','2019-06-23 12:42:24',146,0,0,0,0,NULL),(3228,138,327,'2019-06-23 12:42:24','2019-06-23 12:42:24',63,0,0,0,0,NULL),(3229,138,300,'2019-06-23 12:42:24','2019-06-23 12:42:24',65,0,0,0,0,NULL),(3231,139,422,'2019-06-23 12:42:24','2019-06-23 12:42:24',114,0,0,0,0,NULL),(3232,139,395,'2019-06-23 12:42:24','2019-06-23 12:42:24',159,0,0,0,0,NULL),(3233,139,357,'2019-06-23 12:42:24','2019-06-23 12:42:24',394,0,0,0,0,NULL),(3234,139,430,'2019-06-23 12:42:24','2019-06-23 12:42:24',268,0,0,0,0,NULL),(3235,139,301,'2019-06-23 12:42:24','2019-06-23 12:42:24',159,0,0,0,0,NULL),(3236,139,345,'2019-06-23 12:42:24','2019-06-23 12:42:24',159,0,0,0,0,NULL),(3237,139,284,'2019-06-23 12:42:24','2019-06-23 12:42:24',327,0,0,0,0,NULL),(3238,139,378,'2019-06-23 12:42:24','2019-06-23 12:42:24',285,0,0,0,0,NULL),(3239,139,416,'2019-06-23 12:42:24','2019-06-23 12:42:24',408,0,0,0,0,NULL),(3240,139,363,'2019-06-23 12:42:24','2019-06-23 12:42:24',217,0,0,0,0,NULL),(3241,139,440,'2019-06-23 12:42:24','2019-06-23 12:42:24',327,0,0,0,0,NULL),(3242,139,317,'2019-06-23 12:42:24','2019-06-23 12:42:24',380,0,0,0,0,NULL),(3243,139,334,'2019-06-23 12:42:24','2019-06-23 12:42:24',409,0,0,0,0,NULL),(3244,139,294,'2019-06-23 12:42:24','2019-06-23 12:42:24',436,0,0,0,0,NULL),(3245,139,311,'2019-06-23 12:42:24','2019-06-23 12:42:24',436,0,0,0,0,NULL),(3246,139,344,'2019-06-23 12:42:24','2019-06-23 12:42:24',436,0,0,0,0,NULL),(3247,139,360,'2019-06-23 12:42:24','2019-06-23 12:42:24',436,0,0,0,0,NULL),(3248,139,375,'2019-06-23 12:42:24','2019-06-23 12:42:24',436,0,0,0,0,NULL),(3249,139,403,'2019-06-23 12:42:24','2019-06-23 12:42:24',436,0,0,0,0,NULL),(3250,139,434,'2019-06-23 12:42:24','2019-06-23 12:42:24',436,0,0,0,0,NULL),(3251,139,295,'2019-06-23 12:42:24','2019-06-23 12:42:24',111,0,0,0,0,NULL),(3252,139,302,'2019-06-23 12:42:24','2019-06-23 12:42:24',111,0,0,0,0,NULL),(3253,139,324,'2019-06-23 12:42:24','2019-06-23 12:42:24',111,0,0,0,0,NULL),(3254,139,352,'2019-06-23 12:42:24','2019-06-23 12:42:24',111,0,0,0,0,NULL),(3255,139,394,'2019-06-23 12:42:24','2019-06-23 12:42:24',111,0,0,0,0,NULL),(3256,139,419,'2019-06-23 12:42:24','2019-06-23 12:42:24',111,0,0,0,0,NULL),(3257,139,424,'2019-06-23 12:42:24','2019-06-23 12:42:24',111,0,0,0,0,NULL),(3258,139,296,'2019-06-23 12:42:24','2019-06-23 12:42:24',65,0,0,0,0,NULL),(3259,139,353,'2019-06-23 12:42:24','2019-06-23 12:42:24',63,0,0,0,0,NULL),(3260,139,425,'2019-06-23 12:42:24','2019-06-23 12:42:24',65,0,0,0,0,NULL),(3261,139,399,'2019-06-23 12:42:24','2019-06-23 12:42:24',65,0,0,0,0,NULL),(3262,139,391,'2019-06-23 12:42:24','2019-06-23 12:42:24',63,0,0,0,0,NULL),(3263,139,327,'2019-06-23 12:42:24','2019-06-23 12:42:24',63,0,0,0,0,NULL),(3264,139,305,'2019-06-23 12:42:24','2019-06-23 12:42:24',146,0,0,0,0,NULL),(3266,140,421,'2019-06-23 12:42:24','2019-06-23 12:42:24',268,0,0,0,0,NULL),(3267,140,396,'2019-06-23 12:42:24','2019-06-23 12:42:24',268,0,0,0,0,NULL),(3268,140,349,'2019-06-23 12:42:24','2019-06-23 12:42:24',230,0,0,0,0,NULL),(3269,140,431,'2019-06-23 12:42:24','2019-06-23 12:42:24',114,0,0,0,0,NULL),(3270,140,301,'2019-06-23 12:42:24','2019-06-23 12:42:24',159,0,0,0,0,NULL),(3271,140,343,'2019-06-23 12:42:24','2019-06-23 12:42:24',230,0,0,0,0,NULL),(3272,140,289,'2019-06-23 12:42:24','2019-06-23 12:42:24',502,0,0,0,0,NULL),(3273,140,385,'2019-06-23 12:42:24','2019-06-23 12:42:24',366,0,0,0,0,NULL),(3274,140,401,'2019-06-23 12:42:24','2019-06-23 12:42:24',342,0,0,0,0,NULL),(3275,140,362,'2019-06-23 12:42:24','2019-06-23 12:42:24',285,0,0,0,0,NULL),(3276,140,444,'2019-06-23 12:42:24','2019-06-23 12:42:24',366,0,0,0,0,NULL),(3277,140,316,'2019-06-23 12:42:24','2019-06-23 12:42:24',409,0,0,0,0,NULL),(3278,140,338,'2019-06-23 12:42:24','2019-06-23 12:42:24',502,0,0,0,0,NULL),(3279,140,294,'2019-06-23 12:42:24','2019-06-23 12:42:24',436,0,0,0,0,NULL),(3280,140,311,'2019-06-23 12:42:24','2019-06-23 12:42:24',436,0,0,0,0,NULL),(3281,140,344,'2019-06-23 12:42:24','2019-06-23 12:42:24',436,0,0,0,0,NULL),(3282,140,360,'2019-06-23 12:42:24','2019-06-23 12:42:24',436,0,0,0,0,NULL),(3283,140,375,'2019-06-23 12:42:24','2019-06-23 12:42:24',436,0,0,0,0,NULL),(3284,140,403,'2019-06-23 12:42:24','2019-06-23 12:42:24',436,0,0,0,0,NULL),(3285,140,434,'2019-06-23 12:42:24','2019-06-23 12:42:24',436,0,0,0,0,NULL),(3286,140,295,'2019-06-23 12:42:24','2019-06-23 12:42:24',111,0,0,0,0,NULL),(3287,140,302,'2019-06-23 12:42:24','2019-06-23 12:42:24',111,0,0,0,0,NULL),(3288,140,324,'2019-06-23 12:42:24','2019-06-23 12:42:24',111,0,0,0,0,NULL),(3289,140,352,'2019-06-23 12:42:24','2019-06-23 12:42:24',111,0,0,0,0,NULL),(3290,140,394,'2019-06-23 12:42:24','2019-06-23 12:42:24',111,0,0,0,0,NULL),(3291,140,419,'2019-06-23 12:42:24','2019-06-23 12:42:24',111,0,0,0,0,NULL),(3292,140,424,'2019-06-23 12:42:24','2019-06-23 12:42:24',111,0,0,0,0,NULL),(3293,140,297,'2019-06-23 12:42:24','2019-06-23 12:42:24',63,0,0,0,0,NULL),(3294,140,353,'2019-06-23 12:42:24','2019-06-23 12:42:24',63,0,0,0,0,NULL),(3295,140,427,'2019-06-23 12:42:24','2019-06-23 12:42:24',63,0,0,0,0,NULL),(3296,140,399,'2019-06-23 12:42:24','2019-06-23 12:42:24',65,0,0,0,0,NULL),(3297,140,392,'2019-06-23 12:42:24','2019-06-23 12:42:24',146,0,0,0,0,NULL),(3298,140,327,'2019-06-23 12:42:24','2019-06-23 12:42:24',63,0,0,0,0,NULL),(3299,140,300,'2019-06-23 12:42:24','2019-06-23 12:42:24',65,0,0,0,0,NULL),(3301,141,354,'2019-06-23 12:42:25','2019-06-23 12:42:25',268,0,0,0,0,NULL),(3302,141,430,'2019-06-23 12:42:25','2019-06-23 12:42:25',268,0,0,0,0,NULL),(3303,141,418,'2019-06-23 12:42:25','2019-06-23 12:42:25',230,0,0,0,0,NULL),(3304,141,393,'2019-06-23 12:42:25','2019-06-23 12:42:25',230,0,0,0,0,NULL),(3305,141,346,'2019-06-23 12:42:25','2019-06-23 12:42:25',268,0,0,0,0,NULL),(3306,141,303,'2019-06-23 12:42:25','2019-06-23 12:42:25',268,0,0,0,0,NULL),(3307,141,291,'2019-06-23 12:42:25','2019-06-23 12:42:25',408,0,0,0,0,NULL),(3308,141,373,'2019-06-23 12:42:25','2019-06-23 12:42:25',382,0,0,0,0,NULL),(3309,141,447,'2019-06-23 12:42:25','2019-06-23 12:42:25',408,0,0,0,0,NULL),(3310,141,410,'2019-06-23 12:42:25','2019-06-23 12:42:25',409,0,0,0,0,NULL),(3311,141,382,'2019-06-23 12:42:25','2019-06-23 12:42:25',409,0,0,0,0,NULL),(3312,141,341,'2019-06-23 12:42:25','2019-06-23 12:42:25',382,0,0,0,0,NULL),(3313,141,322,'2019-06-23 12:42:25','2019-06-23 12:42:25',408,0,0,0,0,NULL),(3314,141,294,'2019-06-23 12:42:25','2019-06-23 12:42:25',436,0,0,0,0,NULL),(3315,141,311,'2019-06-23 12:42:25','2019-06-23 12:42:25',436,0,0,0,0,NULL),(3316,141,344,'2019-06-23 12:42:25','2019-06-23 12:42:25',436,0,0,0,0,NULL),(3317,141,360,'2019-06-23 12:42:25','2019-06-23 12:42:25',436,0,0,0,0,NULL),(3318,141,375,'2019-06-23 12:42:25','2019-06-23 12:42:25',436,0,0,0,0,NULL),(3319,141,403,'2019-06-23 12:42:25','2019-06-23 12:42:25',436,0,0,0,0,NULL),(3320,141,434,'2019-06-23 12:42:25','2019-06-23 12:42:25',436,0,0,0,0,NULL),(3321,141,295,'2019-06-23 12:42:25','2019-06-23 12:42:25',111,0,0,0,0,NULL),(3322,141,302,'2019-06-23 12:42:25','2019-06-23 12:42:25',111,0,0,0,0,NULL),(3323,141,324,'2019-06-23 12:42:25','2019-06-23 12:42:25',111,0,0,0,0,NULL),(3324,141,352,'2019-06-23 12:42:25','2019-06-23 12:42:25',111,0,0,0,0,NULL),(3325,141,394,'2019-06-23 12:42:25','2019-06-23 12:42:25',111,0,0,0,0,NULL),(3326,141,419,'2019-06-23 12:42:25','2019-06-23 12:42:25',111,0,0,0,0,NULL),(3327,141,424,'2019-06-23 12:42:25','2019-06-23 12:42:25',111,0,0,0,0,NULL),(3328,141,297,'2019-06-23 12:42:25','2019-06-23 12:42:25',63,0,0,0,0,NULL),(3329,141,353,'2019-06-23 12:42:25','2019-06-23 12:42:25',63,0,0,0,0,NULL),(3330,141,429,'2019-06-23 12:42:25','2019-06-23 12:42:25',146,0,0,0,0,NULL),(3331,141,405,'2019-06-23 12:42:25','2019-06-23 12:42:25',146,0,0,0,0,NULL),(3332,141,392,'2019-06-23 12:42:25','2019-06-23 12:42:25',146,0,0,0,0,NULL),(3333,141,329,'2019-06-23 12:42:25','2019-06-23 12:42:25',146,0,0,0,0,NULL),(3334,141,305,'2019-06-23 12:42:25','2019-06-23 12:42:25',146,0,0,0,0,NULL),(3364,143,422,'2019-06-23 12:42:25','2019-06-23 12:42:25',114,0,0,0,0,NULL),(3365,143,398,'2019-06-23 12:42:25','2019-06-23 12:42:25',394,0,0,0,0,NULL),(3366,143,356,'2019-06-23 12:42:25','2019-06-23 12:42:25',114,0,0,0,0,NULL),(3367,143,426,'2019-06-23 12:42:25','2019-06-23 12:42:25',230,0,0,0,0,NULL),(3368,143,301,'2019-06-23 12:42:25','2019-06-23 12:42:25',159,0,0,0,0,NULL),(3369,143,347,'2019-06-23 12:42:25','2019-06-23 12:42:25',114,0,0,0,0,NULL),(3370,143,292,'2019-06-23 12:42:25','2019-06-23 12:42:25',382,0,0,0,0,NULL),(3371,143,378,'2019-06-23 12:42:25','2019-06-23 12:42:25',285,0,0,0,0,NULL),(3372,143,417,'2019-06-23 12:42:25','2019-06-23 12:42:25',382,0,0,0,0,NULL),(3373,143,366,'2019-06-23 12:42:25','2019-06-23 12:42:25',409,0,0,0,0,NULL),(3374,143,442,'2019-06-23 12:42:25','2019-06-23 12:42:25',380,0,0,0,0,NULL),(3375,143,313,'2019-06-23 12:42:25','2019-06-23 12:42:25',217,0,0,0,0,NULL),(3376,143,328,'2019-06-23 12:42:25','2019-06-23 12:42:25',309,0,0,0,0,NULL),(3377,143,294,'2019-06-23 12:42:25','2019-06-23 12:42:25',436,0,0,0,0,NULL),(3378,143,311,'2019-06-23 12:42:25','2019-06-23 12:42:25',436,0,0,0,0,NULL),(3379,143,344,'2019-06-23 12:42:25','2019-06-23 12:42:25',436,0,0,0,0,NULL),(3380,143,360,'2019-06-23 12:42:25','2019-06-23 12:42:25',436,0,0,0,0,NULL),(3381,143,375,'2019-06-23 12:42:25','2019-06-23 12:42:25',436,0,0,0,0,NULL),(3382,143,400,'2019-06-23 12:42:25','2019-06-23 12:42:25',139,0,0,0,0,NULL),(3383,143,433,'2019-06-23 12:42:25','2019-06-23 12:42:25',139,0,0,0,0,NULL),(3384,143,295,'2019-06-23 12:42:25','2019-06-23 12:42:25',111,0,0,0,0,NULL),(3385,143,302,'2019-06-23 12:42:25','2019-06-23 12:42:25',111,0,0,0,0,NULL),(3386,143,324,'2019-06-23 12:42:25','2019-06-23 12:42:25',111,0,0,0,0,NULL),(3387,143,352,'2019-06-23 12:42:25','2019-06-23 12:42:25',111,0,0,0,0,NULL),(3388,143,394,'2019-06-23 12:42:25','2019-06-23 12:42:25',111,0,0,0,0,NULL),(3389,143,419,'2019-06-23 12:42:25','2019-06-23 12:42:25',111,0,0,0,0,NULL),(3390,143,424,'2019-06-23 12:42:25','2019-06-23 12:42:25',111,0,0,0,0,NULL),(3391,143,298,'2019-06-23 12:42:25','2019-06-23 12:42:25',146,0,0,0,0,NULL),(3392,143,353,'2019-06-23 12:42:25','2019-06-23 12:42:25',63,0,0,0,0,NULL),(3393,143,427,'2019-06-23 12:42:25','2019-06-23 12:42:25',63,0,0,0,0,NULL),(3394,143,402,'2019-06-23 12:42:25','2019-06-23 12:42:25',63,0,0,0,0,NULL),(3395,143,391,'2019-06-23 12:42:25','2019-06-23 12:42:25',63,0,0,0,0,NULL),(3396,143,327,'2019-06-23 12:42:25','2019-06-23 12:42:25',63,0,0,0,0,NULL),(3397,143,300,'2019-06-23 12:42:25','2019-06-23 12:42:25',65,0,0,0,0,NULL),(3399,144,354,'2019-06-23 12:42:25','2019-06-23 12:42:25',268,0,0,0,0,NULL),(3400,144,428,'2019-06-23 12:42:25','2019-06-23 12:42:25',159,0,0,0,0,NULL),(3401,144,421,'2019-06-23 12:42:25','2019-06-23 12:42:25',268,0,0,0,0,NULL),(3402,144,396,'2019-06-23 12:42:25','2019-06-23 12:42:25',268,0,0,0,0,NULL),(3403,144,343,'2019-06-23 12:42:25','2019-06-23 12:42:25',230,0,0,0,0,NULL),(3404,144,303,'2019-06-23 12:42:25','2019-06-23 12:42:25',268,0,0,0,0,NULL),(3405,144,288,'2019-06-23 12:42:25','2019-06-23 12:42:25',366,0,0,0,0,NULL),(3406,144,388,'2019-06-23 12:42:25','2019-06-23 12:42:25',408,0,0,0,0,NULL),(3407,144,406,'2019-06-23 12:42:25','2019-06-23 12:42:25',285,0,0,0,0,NULL),(3408,144,362,'2019-06-23 12:42:25','2019-06-23 12:42:25',285,0,0,0,0,NULL),(3409,144,435,'2019-06-23 12:42:25','2019-06-23 12:42:25',342,0,0,0,0,NULL),(3410,144,310,'2019-06-23 12:42:25','2019-06-23 12:42:25',309,0,0,0,0,NULL),(3411,144,331,'2019-06-23 12:42:25','2019-06-23 12:42:25',217,0,0,0,0,NULL),(3412,144,293,'2019-06-23 12:42:25','2019-06-23 12:42:25',139,0,0,0,0,NULL),(3413,144,309,'2019-06-23 12:42:25','2019-06-23 12:42:25',139,0,0,0,0,NULL),(3414,144,344,'2019-06-23 12:42:25','2019-06-23 12:42:25',436,0,0,0,0,NULL),(3415,144,360,'2019-06-23 12:42:25','2019-06-23 12:42:25',436,0,0,0,0,NULL),(3416,144,375,'2019-06-23 12:42:25','2019-06-23 12:42:25',436,0,0,0,0,NULL),(3417,144,400,'2019-06-23 12:42:25','2019-06-23 12:42:25',139,0,0,0,0,NULL),(3418,144,433,'2019-06-23 12:42:25','2019-06-23 12:42:25',139,0,0,0,0,NULL),(3419,144,295,'2019-06-23 12:42:25','2019-06-23 12:42:25',111,0,0,0,0,NULL),(3420,144,302,'2019-06-23 12:42:25','2019-06-23 12:42:25',111,0,0,0,0,NULL),(3421,144,324,'2019-06-23 12:42:25','2019-06-23 12:42:25',111,0,0,0,0,NULL),(3422,144,352,'2019-06-23 12:42:25','2019-06-23 12:42:25',111,0,0,0,0,NULL),(3423,144,394,'2019-06-23 12:42:25','2019-06-23 12:42:25',111,0,0,0,0,NULL),(3424,144,419,'2019-06-23 12:42:25','2019-06-23 12:42:25',111,0,0,0,0,NULL),(3425,144,424,'2019-06-23 12:42:25','2019-06-23 12:42:25',111,0,0,0,0,NULL),(3426,144,296,'2019-06-23 12:42:25','2019-06-23 12:42:25',65,0,0,0,0,NULL),(3427,144,353,'2019-06-23 12:42:25','2019-06-23 12:42:25',63,0,0,0,0,NULL),(3428,144,429,'2019-06-23 12:42:25','2019-06-23 12:42:25',146,0,0,0,0,NULL),(3429,144,399,'2019-06-23 12:42:25','2019-06-23 12:42:25',65,0,0,0,0,NULL),(3430,144,390,'2019-06-23 12:42:25','2019-06-23 12:42:25',65,0,0,0,0,NULL),(3431,144,325,'2019-06-23 12:42:25','2019-06-23 12:42:25',65,0,0,0,0,NULL),(3432,144,304,'2019-06-23 12:42:25','2019-06-23 12:42:25',63,0,0,0,0,NULL),(3455,147,354,'2019-06-23 12:42:25','2019-06-23 12:42:25',268,0,0,0,0,NULL),(3456,147,431,'2019-06-23 12:42:25','2019-06-23 12:42:25',114,0,0,0,0,NULL),(3457,147,421,'2019-06-23 12:42:25','2019-06-23 12:42:25',268,0,0,0,0,NULL),(3458,147,393,'2019-06-23 12:42:25','2019-06-23 12:42:25',230,0,0,0,0,NULL),(3459,147,347,'2019-06-23 12:42:25','2019-06-23 12:42:25',114,0,0,0,0,NULL),(3460,147,299,'2019-06-23 12:42:25','2019-06-23 12:42:25',230,0,0,0,0,NULL),(3461,147,288,'2019-06-23 12:42:25','2019-06-23 12:42:25',366,0,0,0,0,NULL),(3462,147,379,'2019-06-23 12:42:25','2019-06-23 12:42:25',217,0,0,0,0,NULL),(3463,147,417,'2019-06-23 12:42:25','2019-06-23 12:42:25',382,0,0,0,0,NULL),(3464,147,362,'2019-06-23 12:42:25','2019-06-23 12:42:25',285,0,0,0,0,NULL),(3465,147,437,'2019-06-23 12:42:25','2019-06-23 12:42:25',285,0,0,0,0,NULL),(3466,147,315,'2019-06-23 12:42:25','2019-06-23 12:42:25',327,0,0,0,0,NULL),(3467,147,341,'2019-06-23 12:42:25','2019-06-23 12:42:25',382,0,0,0,0,NULL),(3468,147,294,'2019-06-23 12:42:25','2019-06-23 12:42:25',436,0,0,0,0,NULL),(3469,147,311,'2019-06-23 12:42:25','2019-06-23 12:42:25',436,0,0,0,0,NULL),(3470,147,342,'2019-06-23 12:42:25','2019-06-23 12:42:25',139,0,0,0,0,NULL),(3471,147,360,'2019-06-23 12:42:25','2019-06-23 12:42:25',436,0,0,0,0,NULL),(3472,147,374,'2019-06-23 12:42:25','2019-06-23 12:42:25',139,0,0,0,0,NULL),(3473,147,400,'2019-06-23 12:42:25','2019-06-23 12:42:25',139,0,0,0,0,NULL),(3474,147,434,'2019-06-23 12:42:25','2019-06-23 12:42:25',436,0,0,0,0,NULL),(3475,147,295,'2019-06-23 12:42:25','2019-06-23 12:42:25',111,0,0,0,0,NULL),(3476,147,302,'2019-06-23 12:42:25','2019-06-23 12:42:25',111,0,0,0,0,NULL),(3477,147,324,'2019-06-23 12:42:25','2019-06-23 12:42:25',111,0,0,0,0,NULL),(3478,147,352,'2019-06-23 12:42:25','2019-06-23 12:42:25',111,0,0,0,0,NULL),(3479,147,394,'2019-06-23 12:42:25','2019-06-23 12:42:25',111,0,0,0,0,NULL),(3480,147,419,'2019-06-23 12:42:25','2019-06-23 12:42:25',111,0,0,0,0,NULL),(3481,147,424,'2019-06-23 12:42:25','2019-06-23 12:42:25',111,0,0,0,0,NULL),(3482,147,296,'2019-06-23 12:42:25','2019-06-23 12:42:25',65,0,0,0,0,NULL),(3483,147,353,'2019-06-23 12:42:25','2019-06-23 12:42:25',63,0,0,0,0,NULL),(3484,147,429,'2019-06-23 12:42:25','2019-06-23 12:42:25',146,0,0,0,0,NULL),(3485,147,405,'2019-06-23 12:42:25','2019-06-23 12:42:25',146,0,0,0,0,NULL),(3486,147,390,'2019-06-23 12:42:25','2019-06-23 12:42:25',65,0,0,0,0,NULL),(3487,147,327,'2019-06-23 12:42:25','2019-06-23 12:42:25',63,0,0,0,0,NULL),(3488,147,304,'2019-06-23 12:42:25','2019-06-23 12:42:25',63,0,0,0,0,NULL),(3490,152,422,'2019-06-23 12:42:25','2019-06-23 12:42:25',114,0,0,0,0,NULL),(3491,152,393,'2019-06-23 12:42:25','2019-06-23 12:42:25',230,0,0,0,0,NULL),(3492,152,349,'2019-06-23 12:42:25','2019-06-23 12:42:25',230,0,0,0,0,NULL),(3493,152,426,'2019-06-23 12:42:25','2019-06-23 12:42:25',230,0,0,0,0,NULL),(3494,152,307,'2019-06-23 12:42:25','2019-06-23 12:42:25',394,0,0,0,0,NULL),(3495,152,346,'2019-06-23 12:42:25','2019-06-23 12:42:25',268,0,0,0,0,NULL),(3496,152,281,'2019-06-23 12:42:25','2019-06-23 12:42:25',285,0,0,0,0,NULL),(3497,152,389,'2019-06-23 12:42:25','2019-06-23 12:42:25',382,0,0,0,0,NULL),(3498,152,413,'2019-06-23 12:42:25','2019-06-23 12:42:25',366,0,0,0,0,NULL),(3499,152,364,'2019-06-23 12:42:25','2019-06-23 12:42:25',262,0,0,0,0,NULL),(3500,152,439,'2019-06-23 12:42:25','2019-06-23 12:42:25',262,0,0,0,0,NULL),(3501,152,316,'2019-06-23 12:42:25','2019-06-23 12:42:25',409,0,0,0,0,NULL),(3502,152,338,'2019-06-23 12:42:25','2019-06-23 12:42:25',502,0,0,0,0,NULL),(3503,152,294,'2019-06-23 12:42:25','2019-06-23 12:42:25',436,0,0,0,0,NULL),(3504,152,311,'2019-06-23 12:42:25','2019-06-23 12:42:25',436,0,0,0,0,NULL),(3505,152,344,'2019-06-23 12:42:25','2019-06-23 12:42:25',436,0,0,0,0,NULL),(3506,152,360,'2019-06-23 12:42:25','2019-06-23 12:42:25',436,0,0,0,0,NULL),(3507,152,375,'2019-06-23 12:42:25','2019-06-23 12:42:25',436,0,0,0,0,NULL),(3508,152,403,'2019-06-23 12:42:25','2019-06-23 12:42:25',436,0,0,0,0,NULL),(3509,152,434,'2019-06-23 12:42:25','2019-06-23 12:42:25',436,0,0,0,0,NULL),(3510,152,295,'2019-06-23 12:42:25','2019-06-23 12:42:25',111,0,0,0,0,NULL),(3511,152,302,'2019-06-23 12:42:25','2019-06-23 12:42:25',111,0,0,0,0,NULL),(3512,152,324,'2019-06-23 12:42:25','2019-06-23 12:42:25',111,0,0,0,0,NULL),(3513,152,352,'2019-06-23 12:42:25','2019-06-23 12:42:25',111,0,0,0,0,NULL),(3514,152,394,'2019-06-23 12:42:25','2019-06-23 12:42:25',111,0,0,0,0,NULL),(3515,152,419,'2019-06-23 12:42:25','2019-06-23 12:42:25',111,0,0,0,0,NULL),(3516,152,424,'2019-06-23 12:42:25','2019-06-23 12:42:25',111,0,0,0,0,NULL),(3517,152,297,'2019-06-23 12:42:25','2019-06-23 12:42:25',63,0,0,0,0,NULL),(3518,152,353,'2019-06-23 12:42:25','2019-06-23 12:42:25',63,0,0,0,0,NULL),(3519,152,427,'2019-06-23 12:42:25','2019-06-23 12:42:25',63,0,0,0,0,NULL),(3520,152,402,'2019-06-23 12:42:25','2019-06-23 12:42:25',63,0,0,0,0,NULL),(3521,152,392,'2019-06-23 12:42:25','2019-06-23 12:42:25',146,0,0,0,0,NULL),(3522,152,329,'2019-06-23 12:42:25','2019-06-23 12:42:25',146,0,0,0,0,NULL),(3523,152,300,'2019-06-23 12:42:25','2019-06-23 12:42:25',65,0,0,0,0,NULL),(3525,153,351,'2019-06-23 12:42:25','2019-06-23 12:42:25',159,0,0,0,0,NULL),(3526,153,428,'2019-06-23 12:42:25','2019-06-23 12:42:25',159,0,0,0,0,NULL),(3527,153,418,'2019-06-23 12:42:25','2019-06-23 12:42:25',230,0,0,0,0,NULL),(3528,153,395,'2019-06-23 12:42:25','2019-06-23 12:42:25',159,0,0,0,0,NULL),(3529,153,346,'2019-06-23 12:42:25','2019-06-23 12:42:25',268,0,0,0,0,NULL),(3530,153,303,'2019-06-23 12:42:25','2019-06-23 12:42:25',268,0,0,0,0,NULL),(3531,153,291,'2019-06-23 12:42:25','2019-06-23 12:42:25',408,0,0,0,0,NULL),(3532,153,388,'2019-06-23 12:42:25','2019-06-23 12:42:25',408,0,0,0,0,NULL),(3533,153,404,'2019-06-23 12:42:25','2019-06-23 12:42:25',309,0,0,0,0,NULL),(3534,153,372,'2019-06-23 12:42:25','2019-06-23 12:42:25',408,0,0,0,0,NULL),(3535,153,444,'2019-06-23 12:42:25','2019-06-23 12:42:25',366,0,0,0,0,NULL),(3536,153,310,'2019-06-23 12:42:25','2019-06-23 12:42:25',309,0,0,0,0,NULL),(3537,153,337,'2019-06-23 12:42:25','2019-06-23 12:42:25',366,0,0,0,0,NULL),(3538,153,293,'2019-06-23 12:42:25','2019-06-23 12:42:25',139,0,0,0,0,NULL),(3539,153,309,'2019-06-23 12:42:25','2019-06-23 12:42:25',139,0,0,0,0,NULL),(3540,153,342,'2019-06-23 12:42:25','2019-06-23 12:42:25',139,0,0,0,0,NULL),(3541,153,358,'2019-06-23 12:42:25','2019-06-23 12:42:25',139,0,0,0,0,NULL),(3542,153,374,'2019-06-23 12:42:25','2019-06-23 12:42:25',139,0,0,0,0,NULL),(3543,153,400,'2019-06-23 12:42:25','2019-06-23 12:42:25',139,0,0,0,0,NULL),(3544,153,433,'2019-06-23 12:42:25','2019-06-23 12:42:25',139,0,0,0,0,NULL),(3545,153,295,'2019-06-23 12:42:25','2019-06-23 12:42:25',111,0,0,0,0,NULL),(3546,153,302,'2019-06-23 12:42:25','2019-06-23 12:42:25',111,0,0,0,0,NULL),(3547,153,324,'2019-06-23 12:42:25','2019-06-23 12:42:25',111,0,0,0,0,NULL),(3548,153,352,'2019-06-23 12:42:25','2019-06-23 12:42:25',111,0,0,0,0,NULL),(3549,153,394,'2019-06-23 12:42:25','2019-06-23 12:42:25',111,0,0,0,0,NULL),(3550,153,419,'2019-06-23 12:42:25','2019-06-23 12:42:25',111,0,0,0,0,NULL),(3551,153,424,'2019-06-23 12:42:25','2019-06-23 12:42:25',111,0,0,0,0,NULL),(3552,153,296,'2019-06-23 12:42:25','2019-06-23 12:42:25',65,0,0,0,0,NULL),(3553,153,350,'2019-06-23 12:42:25','2019-06-23 12:42:25',65,0,0,0,0,NULL),(3554,153,425,'2019-06-23 12:42:25','2019-06-23 12:42:25',65,0,0,0,0,NULL),(3555,153,402,'2019-06-23 12:42:25','2019-06-23 12:42:25',63,0,0,0,0,NULL),(3556,153,392,'2019-06-23 12:42:25','2019-06-23 12:42:25',146,0,0,0,0,NULL),(3557,153,329,'2019-06-23 12:42:25','2019-06-23 12:42:25',146,0,0,0,0,NULL),(3558,153,305,'2019-06-23 12:42:25','2019-06-23 12:42:25',146,0,0,0,0,NULL),(3560,154,422,'2019-06-23 12:42:25','2019-06-23 12:42:25',114,0,0,0,0,NULL),(3561,154,393,'2019-06-23 12:42:25','2019-06-23 12:42:25',230,0,0,0,0,NULL),(3562,154,357,'2019-06-23 12:42:25','2019-06-23 12:42:25',394,0,0,0,0,NULL),(3563,154,432,'2019-06-23 12:42:25','2019-06-23 12:42:25',394,0,0,0,0,NULL),(3564,154,306,'2019-06-23 12:42:25','2019-06-23 12:42:25',114,0,0,0,0,NULL),(3565,154,345,'2019-06-23 12:42:25','2019-06-23 12:42:25',159,0,0,0,0,NULL),(3567,154,380,'2019-06-23 12:42:25','2019-06-23 12:42:25',262,0,0,0,0,NULL),(3568,154,404,'2019-06-23 12:42:25','2019-06-23 12:42:25',309,0,0,0,0,NULL),(3569,154,367,'2019-06-23 12:42:25','2019-06-23 12:42:25',380,0,0,0,0,NULL),(3570,154,448,'2019-06-23 12:42:25','2019-06-23 12:42:25',382,0,0,0,0,NULL),(3571,154,316,'2019-06-23 12:42:25','2019-06-23 12:42:25',409,0,0,0,0,NULL),(3572,154,337,'2019-06-23 12:42:25','2019-06-23 12:42:25',366,0,0,0,0,NULL),(3573,154,294,'2019-06-23 12:42:25','2019-06-23 12:42:25',436,0,0,0,0,NULL),(3574,154,311,'2019-06-23 12:42:25','2019-06-23 12:42:25',436,0,0,0,0,NULL),(3575,154,344,'2019-06-23 12:42:25','2019-06-23 12:42:25',436,0,0,0,0,NULL),(3576,154,360,'2019-06-23 12:42:25','2019-06-23 12:42:25',436,0,0,0,0,NULL),(3577,154,375,'2019-06-23 12:42:25','2019-06-23 12:42:25',436,0,0,0,0,NULL),(3578,154,403,'2019-06-23 12:42:25','2019-06-23 12:42:25',436,0,0,0,0,NULL),(3579,154,434,'2019-06-23 12:42:25','2019-06-23 12:42:25',436,0,0,0,0,NULL),(3580,154,295,'2019-06-23 12:42:25','2019-06-23 12:42:25',111,0,0,0,0,NULL),(3581,154,302,'2019-06-23 12:42:25','2019-06-23 12:42:25',111,0,0,0,0,NULL),(3582,154,324,'2019-06-23 12:42:25','2019-06-23 12:42:25',111,0,0,0,0,NULL),(3583,154,352,'2019-06-23 12:42:25','2019-06-23 12:42:25',111,0,0,0,0,NULL),(3584,154,394,'2019-06-23 12:42:25','2019-06-23 12:42:25',111,0,0,0,0,NULL),(3585,154,419,'2019-06-23 12:42:25','2019-06-23 12:42:25',111,0,0,0,0,NULL),(3586,154,424,'2019-06-23 12:42:25','2019-06-23 12:42:25',111,0,0,0,0,NULL),(3587,154,297,'2019-06-23 12:42:25','2019-06-23 12:42:25',63,0,0,0,0,NULL),(3588,154,355,'2019-06-23 12:42:25','2019-06-23 12:42:25',146,0,0,0,0,NULL),(3589,154,427,'2019-06-23 12:42:25','2019-06-23 12:42:25',63,0,0,0,0,NULL),(3590,154,405,'2019-06-23 12:42:25','2019-06-23 12:42:25',146,0,0,0,0,NULL),(3591,154,392,'2019-06-23 12:42:25','2019-06-23 12:42:25',146,0,0,0,0,NULL),(3592,154,329,'2019-06-23 12:42:25','2019-06-23 12:42:25',146,0,0,0,0,NULL),(3593,154,305,'2019-06-23 12:42:25','2019-06-23 12:42:25',146,0,0,0,0,NULL),(3595,157,423,'2019-06-23 12:42:25','2019-06-23 12:42:25',394,0,0,0,0,NULL),(3596,157,397,'2019-06-23 12:42:25','2019-06-23 12:42:25',114,0,0,0,0,NULL),(3597,157,357,'2019-06-23 12:42:25','2019-06-23 12:42:25',394,0,0,0,0,NULL),(3598,157,432,'2019-06-23 12:42:25','2019-06-23 12:42:25',394,0,0,0,0,NULL),(3599,157,303,'2019-06-23 12:42:25','2019-06-23 12:42:25',268,0,0,0,0,NULL),(3600,157,343,'2019-06-23 12:42:25','2019-06-23 12:42:25',230,0,0,0,0,NULL),(3601,157,280,'2019-06-23 12:42:25','2019-06-23 12:42:25',309,0,0,0,0,NULL),(3602,157,379,'2019-06-23 12:42:25','2019-06-23 12:42:25',217,0,0,0,0,NULL),(3603,157,404,'2019-06-23 12:42:25','2019-06-23 12:42:25',309,0,0,0,0,NULL),(3604,157,372,'2019-06-23 12:42:25','2019-06-23 12:42:25',408,0,0,0,0,NULL),(3605,157,445,'2019-06-23 12:42:25','2019-06-23 12:42:25',502,0,0,0,0,NULL),(3606,157,314,'2019-06-23 12:42:25','2019-06-23 12:42:25',262,0,0,0,0,NULL),(3607,157,332,'2019-06-23 12:42:25','2019-06-23 12:42:25',262,0,0,0,0,NULL),(3608,157,294,'2019-06-23 12:42:25','2019-06-23 12:42:25',436,0,0,0,0,NULL),(3609,157,311,'2019-06-23 12:42:25','2019-06-23 12:42:25',436,0,0,0,0,NULL),(3610,157,344,'2019-06-23 12:42:25','2019-06-23 12:42:25',436,0,0,0,0,NULL),(3611,157,360,'2019-06-23 12:42:25','2019-06-23 12:42:25',436,0,0,0,0,NULL),(3612,157,375,'2019-06-23 12:42:25','2019-06-23 12:42:25',436,0,0,0,0,NULL),(3613,157,403,'2019-06-23 12:42:25','2019-06-23 12:42:25',436,0,0,0,0,NULL),(3614,157,434,'2019-06-23 12:42:25','2019-06-23 12:42:25',436,0,0,0,0,NULL),(3615,157,295,'2019-06-23 12:42:25','2019-06-23 12:42:25',111,0,0,0,0,NULL),(3616,157,302,'2019-06-23 12:42:25','2019-06-23 12:42:25',111,0,0,0,0,NULL),(3617,157,324,'2019-06-23 12:42:25','2019-06-23 12:42:25',111,0,0,0,0,NULL),(3618,157,352,'2019-06-23 12:42:25','2019-06-23 12:42:25',111,0,0,0,0,NULL),(3619,157,394,'2019-06-23 12:42:25','2019-06-23 12:42:25',111,0,0,0,0,NULL),(3620,157,419,'2019-06-23 12:42:25','2019-06-23 12:42:25',111,0,0,0,0,NULL),(3621,157,424,'2019-06-23 12:42:25','2019-06-23 12:42:25',111,0,0,0,0,NULL),(3622,157,298,'2019-06-23 12:42:25','2019-06-23 12:42:25',146,0,0,0,0,NULL),(3623,157,355,'2019-06-23 12:42:25','2019-06-23 12:42:25',146,0,0,0,0,NULL),(3624,157,425,'2019-06-23 12:42:25','2019-06-23 12:42:25',65,0,0,0,0,NULL),(3625,157,399,'2019-06-23 12:42:25','2019-06-23 12:42:25',65,0,0,0,0,NULL),(3626,157,390,'2019-06-23 12:42:25','2019-06-23 12:42:25',65,0,0,0,0,NULL),(3627,157,325,'2019-06-23 12:42:25','2019-06-23 12:42:25',65,0,0,0,0,NULL),(3628,157,300,'2019-06-23 12:42:25','2019-06-23 12:42:25',65,0,0,0,0,NULL),(3629,159,278,'2019-06-23 12:42:25','2019-06-23 12:42:25',394,0,0,0,0,NULL),(3630,159,349,'2019-06-23 12:42:25','2019-06-23 12:42:25',230,0,0,0,0,NULL),(3631,159,430,'2019-06-23 12:42:25','2019-06-23 12:42:25',268,0,0,0,0,NULL),(3632,159,418,'2019-06-23 12:42:25','2019-06-23 12:42:25',230,0,0,0,0,NULL),(3633,159,393,'2019-06-23 12:42:25','2019-06-23 12:42:25',230,0,0,0,0,NULL),(3634,159,348,'2019-06-23 12:42:25','2019-06-23 12:42:25',394,0,0,0,0,NULL),(3635,159,307,'2019-06-23 12:42:25','2019-06-23 12:42:25',394,0,0,0,0,NULL),(3636,159,289,'2019-06-23 12:42:25','2019-06-23 12:42:25',502,0,0,0,0,NULL),(3637,159,320,'2019-06-23 12:42:25','2019-06-23 12:42:25',502,0,0,0,0,NULL),(3638,159,338,'2019-06-23 12:42:25','2019-06-23 12:42:25',502,0,0,0,0,NULL),(3639,159,370,'2019-06-23 12:42:25','2019-06-23 12:42:25',502,0,0,0,0,NULL),(3640,159,386,'2019-06-23 12:42:25','2019-06-23 12:42:25',502,0,0,0,0,NULL),(3641,159,414,'2019-06-23 12:42:25','2019-06-23 12:42:25',502,0,0,0,0,NULL),(3642,159,445,'2019-06-23 12:42:25','2019-06-23 12:42:25',502,0,0,0,0,NULL),(3643,159,294,'2019-06-23 12:42:25','2019-06-23 12:42:25',436,0,0,0,0,NULL),(3644,159,311,'2019-06-23 12:42:25','2019-06-23 12:42:25',436,0,0,0,0,NULL),(3645,159,344,'2019-06-23 12:42:25','2019-06-23 12:42:25',436,0,0,0,0,NULL),(3646,159,360,'2019-06-23 12:42:25','2019-06-23 12:42:25',436,0,0,0,0,NULL),(3647,159,375,'2019-06-23 12:42:25','2019-06-23 12:42:25',436,0,0,0,0,NULL),(3648,159,403,'2019-06-23 12:42:25','2019-06-23 12:42:25',436,0,0,0,0,NULL),(3649,159,434,'2019-06-23 12:42:25','2019-06-23 12:42:25',436,0,0,0,0,NULL),(3650,159,295,'2019-06-23 12:42:25','2019-06-23 12:42:25',111,0,0,0,0,NULL),(3651,159,302,'2019-06-23 12:42:25','2019-06-23 12:42:25',111,0,0,0,0,NULL),(3652,159,324,'2019-06-23 12:42:25','2019-06-23 12:42:25',111,0,0,0,0,NULL),(3653,159,352,'2019-06-23 12:42:25','2019-06-23 12:42:25',111,0,0,0,0,NULL),(3654,159,394,'2019-06-23 12:42:25','2019-06-23 12:42:25',111,0,0,0,0,NULL),(3655,159,419,'2019-06-23 12:42:25','2019-06-23 12:42:25',111,0,0,0,0,NULL),(3656,159,424,'2019-06-23 12:42:25','2019-06-23 12:42:25',111,0,0,0,0,NULL),(3657,159,296,'2019-06-23 12:42:25','2019-06-23 12:42:25',65,0,0,0,0,NULL),(3658,159,355,'2019-06-23 12:42:25','2019-06-23 12:42:25',146,0,0,0,0,NULL),(3659,159,425,'2019-06-23 12:42:25','2019-06-23 12:42:25',65,0,0,0,0,NULL),(3660,159,402,'2019-06-23 12:42:25','2019-06-23 12:42:25',63,0,0,0,0,NULL),(3661,159,392,'2019-06-23 12:42:25','2019-06-23 12:42:25',146,0,0,0,0,NULL),(3662,159,325,'2019-06-23 12:42:25','2019-06-23 12:42:25',65,0,0,0,0,NULL),(3663,159,304,'2019-06-23 12:42:25','2019-06-23 12:42:25',63,0,0,0,0,NULL),(3665,160,301,'2019-06-23 12:42:25','2019-06-23 12:42:25',159,0,0,0,0,NULL),(3666,160,347,'2019-06-23 12:42:25','2019-06-23 12:42:25',114,0,0,0,0,NULL),(3667,160,356,'2019-06-23 12:42:25','2019-06-23 12:42:25',114,0,0,0,0,NULL),(3668,160,397,'2019-06-23 12:42:25','2019-06-23 12:42:25',114,0,0,0,0,NULL),(3669,160,420,'2019-06-23 12:42:25','2019-06-23 12:42:25',159,0,0,0,0,NULL),(3670,160,431,'2019-06-23 12:42:25','2019-06-23 12:42:25',114,0,0,0,0,NULL),(3671,160,290,'2019-06-23 12:42:25','2019-06-23 12:42:25',0,0,0,0,0,NULL),(3672,160,321,'2019-06-23 12:42:25','2019-06-23 12:42:25',0,0,0,0,0,NULL),(3673,160,339,'2019-06-23 12:42:25','2019-06-23 12:42:25',0,0,0,0,0,NULL),(3674,160,368,'2019-06-23 12:42:25','2019-06-23 12:42:25',8,0,0,0,0,NULL),(3675,160,384,'2019-06-23 12:42:25','2019-06-23 12:42:25',8,0,0,0,0,NULL),(3676,160,412,'2019-06-23 12:42:25','2019-06-23 12:42:25',8,0,0,0,0,NULL),(3677,160,446,'2019-06-23 12:42:25','2019-06-23 12:42:25',0,0,0,0,0,NULL),(3678,160,293,'2019-06-23 12:42:25','2019-06-23 12:42:25',139,0,0,0,0,NULL),(3679,160,309,'2019-06-23 12:42:25','2019-06-23 12:42:25',139,0,0,0,0,NULL),(3680,160,342,'2019-06-23 12:42:25','2019-06-23 12:42:25',139,0,0,0,0,NULL),(3681,160,358,'2019-06-23 12:42:25','2019-06-23 12:42:25',139,0,0,0,0,NULL),(3682,160,374,'2019-06-23 12:42:25','2019-06-23 12:42:25',139,0,0,0,0,NULL),(3683,160,400,'2019-06-23 12:42:25','2019-06-23 12:42:25',139,0,0,0,0,NULL),(3684,160,433,'2019-06-23 12:42:25','2019-06-23 12:42:25',139,0,0,0,0,NULL),(3685,160,295,'2019-06-23 12:42:25','2019-06-23 12:42:25',111,0,0,0,0,NULL),(3686,160,302,'2019-06-23 12:42:25','2019-06-23 12:42:25',111,0,0,0,0,NULL),(3687,160,324,'2019-06-23 12:42:25','2019-06-23 12:42:25',111,0,0,0,0,NULL),(3688,160,352,'2019-06-23 12:42:25','2019-06-23 12:42:25',111,0,0,0,0,NULL),(3689,160,394,'2019-06-23 12:42:25','2019-06-23 12:42:25',111,0,0,0,0,NULL),(3690,160,419,'2019-06-23 12:42:25','2019-06-23 12:42:25',111,0,0,0,0,NULL),(3691,160,424,'2019-06-23 12:42:25','2019-06-23 12:42:25',111,0,0,0,0,NULL),(3692,160,297,'2019-06-23 12:42:26','2019-06-23 12:42:26',63,0,0,0,0,NULL),(3693,160,350,'2019-06-23 12:42:26','2019-06-23 12:42:26',65,0,0,0,0,NULL),(3694,160,427,'2019-06-23 12:42:26','2019-06-23 12:42:26',63,0,0,0,0,NULL),(3695,160,402,'2019-06-23 12:42:26','2019-06-23 12:42:26',63,0,0,0,0,NULL),(3696,160,391,'2019-06-23 12:42:26','2019-06-23 12:42:26',63,0,0,0,0,NULL),(3697,160,327,'2019-06-23 12:42:26','2019-06-23 12:42:26',63,0,0,0,0,NULL),(3698,160,300,'2019-06-23 12:42:26','2019-06-23 12:42:26',65,0,0,0,0,NULL),(3700,169,418,'2019-06-23 12:42:26','2019-06-23 12:42:26',230,0,0,0,0,NULL),(3701,169,397,'2019-06-23 12:42:26','2019-06-23 12:42:26',114,0,0,0,0,NULL),(3702,169,357,'2019-06-23 12:42:26','2019-06-23 12:42:26',394,0,0,0,0,NULL),(3703,169,432,'2019-06-23 12:42:26','2019-06-23 12:42:26',394,0,0,0,0,NULL),(3704,169,306,'2019-06-23 12:42:26','2019-06-23 12:42:26',114,0,0,0,0,NULL),(3705,169,348,'2019-06-23 12:42:26','2019-06-23 12:42:26',394,0,0,0,0,NULL),(3706,169,292,'2019-06-23 12:42:26','2019-06-23 12:42:26',382,0,0,0,0,NULL),(3707,169,388,'2019-06-23 12:42:26','2019-06-23 12:42:26',408,0,0,0,0,NULL),(3708,169,414,'2019-06-23 12:42:26','2019-06-23 12:42:26',502,0,0,0,0,NULL),(3709,169,361,'2019-06-23 12:42:26','2019-06-23 12:42:26',309,0,0,0,0,NULL),(3710,169,437,'2019-06-23 12:42:26','2019-06-23 12:42:26',285,0,0,0,0,NULL),(3711,169,315,'2019-06-23 12:42:26','2019-06-23 12:42:26',327,0,0,0,0,NULL),(3712,169,338,'2019-06-23 12:42:26','2019-06-23 12:42:26',502,0,0,0,0,NULL),(3713,169,294,'2019-06-23 12:42:26','2019-06-23 12:42:26',436,0,0,0,0,NULL),(3714,169,311,'2019-06-23 12:42:26','2019-06-23 12:42:26',436,0,0,0,0,NULL),(3715,169,344,'2019-06-23 12:42:26','2019-06-23 12:42:26',436,0,0,0,0,NULL),(3716,169,360,'2019-06-23 12:42:26','2019-06-23 12:42:26',436,0,0,0,0,NULL),(3717,169,375,'2019-06-23 12:42:26','2019-06-23 12:42:26',436,0,0,0,0,NULL),(3718,169,403,'2019-06-23 12:42:26','2019-06-23 12:42:26',436,0,0,0,0,NULL),(3719,169,434,'2019-06-23 12:42:26','2019-06-23 12:42:26',436,0,0,0,0,NULL),(3720,169,295,'2019-06-23 12:42:26','2019-06-23 12:42:26',111,0,0,0,0,NULL),(3721,169,302,'2019-06-23 12:42:26','2019-06-23 12:42:26',111,0,0,0,0,NULL),(3722,169,324,'2019-06-23 12:42:26','2019-06-23 12:42:26',111,0,0,0,0,NULL),(3723,169,352,'2019-06-23 12:42:26','2019-06-23 12:42:26',111,0,0,0,0,NULL),(3724,169,394,'2019-06-23 12:42:26','2019-06-23 12:42:26',111,0,0,0,0,NULL),(3725,169,419,'2019-06-23 12:42:26','2019-06-23 12:42:26',111,0,0,0,0,NULL),(3726,169,424,'2019-06-23 12:42:26','2019-06-23 12:42:26',111,0,0,0,0,NULL),(3727,169,298,'2019-06-23 12:42:26','2019-06-23 12:42:26',146,0,0,0,0,NULL),(3728,169,350,'2019-06-23 12:42:26','2019-06-23 12:42:26',65,0,0,0,0,NULL),(3729,169,429,'2019-06-23 12:42:26','2019-06-23 12:42:26',146,0,0,0,0,NULL),(3730,169,402,'2019-06-23 12:42:26','2019-06-23 12:42:26',63,0,0,0,0,NULL),(3731,169,391,'2019-06-23 12:42:26','2019-06-23 12:42:26',63,0,0,0,0,NULL),(3732,169,325,'2019-06-23 12:42:26','2019-06-23 12:42:26',65,0,0,0,0,NULL),(3733,169,305,'2019-06-23 12:42:26','2019-06-23 12:42:26',146,0,0,0,0,NULL),(3735,173,418,'2019-06-23 12:42:26','2019-06-23 12:42:26',230,0,0,0,0,NULL),(3736,173,393,'2019-06-23 12:42:26','2019-06-23 12:42:26',230,0,0,0,0,NULL),(3737,173,354,'2019-06-23 12:42:26','2019-06-23 12:42:26',268,0,0,0,0,NULL),(3738,173,430,'2019-06-23 12:42:26','2019-06-23 12:42:26',268,0,0,0,0,NULL),(3739,173,301,'2019-06-23 12:42:26','2019-06-23 12:42:26',159,0,0,0,0,NULL),(3740,173,343,'2019-06-23 12:42:26','2019-06-23 12:42:26',230,0,0,0,0,NULL),(3741,173,285,'2019-06-23 12:42:26','2019-06-23 12:42:26',409,0,0,0,0,NULL),(3742,173,386,'2019-06-23 12:42:26','2019-06-23 12:42:26',502,0,0,0,0,NULL),(3743,173,407,'2019-06-23 12:42:26','2019-06-23 12:42:26',217,0,0,0,0,NULL),(3744,173,365,'2019-06-23 12:42:26','2019-06-23 12:42:26',327,0,0,0,0,NULL),(3745,173,436,'2019-06-23 12:42:26','2019-06-23 12:42:26',309,0,0,0,0,NULL),(3746,173,308,'2019-06-23 12:42:26','2019-06-23 12:42:26',342,0,0,0,0,NULL),(3747,173,341,'2019-06-23 12:42:26','2019-06-23 12:42:26',382,0,0,0,0,NULL),(3748,173,294,'2019-06-23 12:42:26','2019-06-23 12:42:26',436,0,0,0,0,NULL),(3749,173,311,'2019-06-23 12:42:26','2019-06-23 12:42:26',436,0,0,0,0,NULL),(3750,173,344,'2019-06-23 12:42:26','2019-06-23 12:42:26',436,0,0,0,0,NULL),(3751,173,360,'2019-06-23 12:42:26','2019-06-23 12:42:26',436,0,0,0,0,NULL),(3752,173,375,'2019-06-23 12:42:26','2019-06-23 12:42:26',436,0,0,0,0,NULL),(3753,173,403,'2019-06-23 12:42:26','2019-06-23 12:42:26',436,0,0,0,0,NULL),(3754,173,434,'2019-06-23 12:42:26','2019-06-23 12:42:26',436,0,0,0,0,NULL),(3755,173,295,'2019-06-23 12:42:26','2019-06-23 12:42:26',111,0,0,0,0,NULL),(3756,173,302,'2019-06-23 12:42:26','2019-06-23 12:42:26',111,0,0,0,0,NULL),(3757,173,324,'2019-06-23 12:42:26','2019-06-23 12:42:26',111,0,0,0,0,NULL),(3758,173,352,'2019-06-23 12:42:26','2019-06-23 12:42:26',111,0,0,0,0,NULL),(3759,173,394,'2019-06-23 12:42:26','2019-06-23 12:42:26',111,0,0,0,0,NULL),(3760,173,419,'2019-06-23 12:42:26','2019-06-23 12:42:26',111,0,0,0,0,NULL),(3761,173,424,'2019-06-23 12:42:26','2019-06-23 12:42:26',111,0,0,0,0,NULL),(3762,173,298,'2019-06-23 12:42:26','2019-06-23 12:42:26',146,0,0,0,0,NULL),(3763,173,355,'2019-06-23 12:42:26','2019-06-23 12:42:26',146,0,0,0,0,NULL),(3764,173,427,'2019-06-23 12:42:26','2019-06-23 12:42:26',63,0,0,0,0,NULL),(3765,173,399,'2019-06-23 12:42:26','2019-06-23 12:42:26',65,0,0,0,0,NULL),(3766,173,391,'2019-06-23 12:42:26','2019-06-23 12:42:26',63,0,0,0,0,NULL),(3767,173,325,'2019-06-23 12:42:26','2019-06-23 12:42:26',65,0,0,0,0,NULL),(3768,173,305,'2019-06-23 12:42:26','2019-06-23 12:42:26',146,0,0,0,0,NULL),(3791,175,349,'2019-06-23 12:42:26','2019-06-23 12:42:26',230,0,0,0,0,NULL),(3792,175,432,'2019-06-23 12:42:26','2019-06-23 12:42:26',394,0,0,0,0,NULL),(3793,175,421,'2019-06-23 12:42:26','2019-06-23 12:42:26',268,0,0,0,0,NULL),(3794,175,393,'2019-06-23 12:42:26','2019-06-23 12:42:26',230,0,0,0,0,NULL),(3795,175,346,'2019-06-23 12:42:26','2019-06-23 12:42:26',268,0,0,0,0,NULL),(3796,175,303,'2019-06-23 12:42:26','2019-06-23 12:42:26',268,0,0,0,0,NULL),(3797,175,289,'2019-06-23 12:42:26','2019-06-23 12:42:26',502,0,0,0,0,NULL),(3798,175,417,'2019-06-23 12:42:26','2019-06-23 12:42:26',382,0,0,0,0,NULL),(3799,175,388,'2019-06-23 12:42:26','2019-06-23 12:42:26',408,0,0,0,0,NULL),(3800,175,366,'2019-06-23 12:42:26','2019-06-23 12:42:26',409,0,0,0,0,NULL),(3801,175,447,'2019-06-23 12:42:26','2019-06-23 12:42:26',408,0,0,0,0,NULL),(3802,175,317,'2019-06-23 12:42:26','2019-06-23 12:42:26',380,0,0,0,0,NULL),(3803,175,341,'2019-06-23 12:42:26','2019-06-23 12:42:26',382,0,0,0,0,NULL),(3804,175,294,'2019-06-23 12:42:26','2019-06-23 12:42:26',436,0,0,0,0,NULL),(3805,175,311,'2019-06-23 12:42:26','2019-06-23 12:42:26',436,0,0,0,0,NULL),(3806,175,344,'2019-06-23 12:42:26','2019-06-23 12:42:26',436,0,0,0,0,NULL),(3807,175,360,'2019-06-23 12:42:26','2019-06-23 12:42:26',436,0,0,0,0,NULL),(3808,175,375,'2019-06-23 12:42:26','2019-06-23 12:42:26',436,0,0,0,0,NULL),(3809,175,403,'2019-06-23 12:42:26','2019-06-23 12:42:26',436,0,0,0,0,NULL),(3810,175,434,'2019-06-23 12:42:26','2019-06-23 12:42:26',436,0,0,0,0,NULL),(3811,175,295,'2019-06-23 12:42:26','2019-06-23 12:42:26',111,0,0,0,0,NULL),(3812,175,302,'2019-06-23 12:42:26','2019-06-23 12:42:26',111,0,0,0,0,NULL),(3813,175,324,'2019-06-23 12:42:26','2019-06-23 12:42:26',111,0,0,0,0,NULL),(3814,175,352,'2019-06-23 12:42:26','2019-06-23 12:42:26',111,0,0,0,0,NULL),(3815,175,394,'2019-06-23 12:42:26','2019-06-23 12:42:26',111,0,0,0,0,NULL),(3816,175,419,'2019-06-23 12:42:26','2019-06-23 12:42:26',111,0,0,0,0,NULL),(3817,175,424,'2019-06-23 12:42:26','2019-06-23 12:42:26',111,0,0,0,0,NULL),(3818,175,297,'2019-06-23 12:42:26','2019-06-23 12:42:26',63,0,0,0,0,NULL),(3819,175,300,'2019-06-23 12:42:26','2019-06-23 12:42:26',65,0,0,0,0,NULL),(3820,175,327,'2019-06-23 12:42:26','2019-06-23 12:42:26',63,0,0,0,0,NULL),(3821,175,350,'2019-06-23 12:42:26','2019-06-23 12:42:26',65,0,0,0,0,NULL),(3822,175,390,'2019-06-23 12:42:26','2019-06-23 12:42:26',65,0,0,0,0,NULL),(3823,175,402,'2019-06-23 12:42:26','2019-06-23 12:42:26',63,0,0,0,0,NULL),(3824,175,427,'2019-06-23 12:42:26','2019-06-23 12:42:26',63,0,0,0,0,NULL),(3826,176,349,'2019-06-23 12:42:26','2019-06-23 12:42:26',230,0,0,0,0,NULL),(3827,176,426,'2019-06-23 12:42:26','2019-06-23 12:42:26',230,0,0,0,0,NULL),(3828,176,421,'2019-06-23 12:42:26','2019-06-23 12:42:26',268,0,0,0,0,NULL),(3829,176,396,'2019-06-23 12:42:26','2019-06-23 12:42:26',268,0,0,0,0,NULL),(3830,176,346,'2019-06-23 12:42:26','2019-06-23 12:42:26',268,0,0,0,0,NULL),(3831,176,303,'2019-06-23 12:42:26','2019-06-23 12:42:26',268,0,0,0,0,NULL),(3832,176,285,'2019-06-23 12:42:26','2019-06-23 12:42:26',409,0,0,0,0,NULL),(3833,176,416,'2019-06-23 12:42:26','2019-06-23 12:42:26',408,0,0,0,0,NULL),(3834,176,389,'2019-06-23 12:42:26','2019-06-23 12:42:26',382,0,0,0,0,NULL),(3835,176,373,'2019-06-23 12:42:26','2019-06-23 12:42:26',382,0,0,0,0,NULL),(3836,176,447,'2019-06-23 12:42:26','2019-06-23 12:42:26',408,0,0,0,0,NULL),(3837,176,316,'2019-06-23 12:42:26','2019-06-23 12:42:26',409,0,0,0,0,NULL),(3838,176,334,'2019-06-23 12:42:26','2019-06-23 12:42:26',409,0,0,0,0,NULL),(3839,176,294,'2019-06-23 12:42:26','2019-06-23 12:42:26',436,0,0,0,0,NULL),(3840,176,311,'2019-06-23 12:42:26','2019-06-23 12:42:26',436,0,0,0,0,NULL),(3841,176,344,'2019-06-23 12:42:26','2019-06-23 12:42:26',436,0,0,0,0,NULL),(3842,176,360,'2019-06-23 12:42:26','2019-06-23 12:42:26',436,0,0,0,0,NULL),(3843,176,375,'2019-06-23 12:42:26','2019-06-23 12:42:26',436,0,0,0,0,NULL),(3844,176,403,'2019-06-23 12:42:26','2019-06-23 12:42:26',436,0,0,0,0,NULL),(3845,176,434,'2019-06-23 12:42:26','2019-06-23 12:42:26',436,0,0,0,0,NULL),(3846,176,295,'2019-06-23 12:42:26','2019-06-23 12:42:26',111,0,0,0,0,NULL),(3847,176,302,'2019-06-23 12:42:26','2019-06-23 12:42:26',111,0,0,0,0,NULL),(3848,176,324,'2019-06-23 12:42:26','2019-06-23 12:42:26',111,0,0,0,0,NULL),(3849,176,352,'2019-06-23 12:42:26','2019-06-23 12:42:26',111,0,0,0,0,NULL),(3850,176,394,'2019-06-23 12:42:26','2019-06-23 12:42:26',111,0,0,0,0,NULL),(3851,176,419,'2019-06-23 12:42:26','2019-06-23 12:42:26',111,0,0,0,0,NULL),(3852,176,424,'2019-06-23 12:42:26','2019-06-23 12:42:26',111,0,0,0,0,NULL),(3853,176,297,'2019-06-23 12:42:26','2019-06-23 12:42:26',63,0,0,0,0,NULL),(3854,176,353,'2019-06-23 12:42:26','2019-06-23 12:42:26',63,0,0,0,0,NULL),(3855,176,425,'2019-06-23 12:42:26','2019-06-23 12:42:26',65,0,0,0,0,NULL),(3856,176,402,'2019-06-23 12:42:26','2019-06-23 12:42:26',63,0,0,0,0,NULL),(3857,176,391,'2019-06-23 12:42:26','2019-06-23 12:42:26',63,0,0,0,0,NULL),(3858,176,329,'2019-06-23 12:42:26','2019-06-23 12:42:26',146,0,0,0,0,NULL),(3859,176,305,'2019-06-23 12:42:26','2019-06-23 12:42:26',146,0,0,0,0,NULL),(3888,180,278,'2019-06-23 12:42:26','2019-06-23 12:42:26',394,0,0,0,0,NULL),(3889,180,422,'2019-06-23 12:42:26','2019-06-23 12:42:26',114,0,0,0,0,NULL),(3890,180,396,'2019-06-23 12:42:26','2019-06-23 12:42:26',268,0,0,0,0,NULL),(3891,180,354,'2019-06-23 12:42:26','2019-06-23 12:42:26',268,0,0,0,0,NULL),(3892,180,428,'2019-06-23 12:42:26','2019-06-23 12:42:26',159,0,0,0,0,NULL),(3893,180,299,'2019-06-23 12:42:26','2019-06-23 12:42:26',230,0,0,0,0,NULL),(3894,180,346,'2019-06-23 12:42:26','2019-06-23 12:42:26',268,0,0,0,0,NULL),(3895,180,289,'2019-06-23 12:42:26','2019-06-23 12:42:26',502,0,0,0,0,NULL),(3896,180,388,'2019-06-23 12:42:26','2019-06-23 12:42:26',408,0,0,0,0,NULL),(3897,180,404,'2019-06-23 12:42:26','2019-06-23 12:42:26',309,0,0,0,0,NULL),(3898,180,359,'2019-06-23 12:42:26','2019-06-23 12:42:26',342,0,0,0,0,NULL),(3899,180,436,'2019-06-23 12:42:26','2019-06-23 12:42:26',309,0,0,0,0,NULL),(3900,180,323,'2019-06-23 12:42:26','2019-06-23 12:42:26',382,0,0,0,0,NULL),(3901,180,337,'2019-06-23 12:42:26','2019-06-23 12:42:26',366,0,0,0,0,NULL),(3902,180,294,'2019-06-23 12:42:26','2019-06-23 12:42:26',436,0,0,0,0,NULL),(3903,180,311,'2019-06-23 12:42:26','2019-06-23 12:42:26',436,0,0,0,0,NULL),(3904,180,344,'2019-06-23 12:42:26','2019-06-23 12:42:26',436,0,0,0,0,NULL),(3905,180,360,'2019-06-23 12:42:26','2019-06-23 12:42:26',436,0,0,0,0,NULL),(3906,180,375,'2019-06-23 12:42:26','2019-06-23 12:42:26',436,0,0,0,0,NULL),(3907,180,403,'2019-06-23 12:42:26','2019-06-23 12:42:26',436,0,0,0,0,NULL),(3908,180,434,'2019-06-23 12:42:26','2019-06-23 12:42:26',436,0,0,0,0,NULL),(3909,180,295,'2019-06-23 12:42:26','2019-06-23 12:42:26',111,0,0,0,0,NULL),(3910,180,302,'2019-06-23 12:42:26','2019-06-23 12:42:26',111,0,0,0,0,NULL),(3911,180,324,'2019-06-23 12:42:26','2019-06-23 12:42:26',111,0,0,0,0,NULL),(3912,180,352,'2019-06-23 12:42:26','2019-06-23 12:42:26',111,0,0,0,0,NULL),(3913,180,394,'2019-06-23 12:42:26','2019-06-23 12:42:26',111,0,0,0,0,NULL),(3914,180,419,'2019-06-23 12:42:26','2019-06-23 12:42:26',111,0,0,0,0,NULL),(3915,180,424,'2019-06-23 12:42:26','2019-06-23 12:42:26',111,0,0,0,0,NULL),(3916,180,297,'2019-06-23 12:42:26','2019-06-23 12:42:26',63,0,0,0,0,NULL),(3917,180,350,'2019-06-23 12:42:26','2019-06-23 12:42:26',65,0,0,0,0,NULL),(3918,180,429,'2019-06-23 12:42:26','2019-06-23 12:42:26',146,0,0,0,0,NULL),(3919,180,399,'2019-06-23 12:42:26','2019-06-23 12:42:26',65,0,0,0,0,NULL),(3920,180,390,'2019-06-23 12:42:26','2019-06-23 12:42:26',65,0,0,0,0,NULL),(3921,180,325,'2019-06-23 12:42:26','2019-06-23 12:42:26',65,0,0,0,0,NULL),(3922,180,300,'2019-06-23 12:42:26','2019-06-23 12:42:26',65,0,0,0,0,NULL),(3923,181,278,'2019-06-23 12:42:26','2019-06-23 12:42:26',394,0,0,0,0,NULL),(3924,181,357,'2019-06-23 12:42:26','2019-06-23 12:42:26',394,0,0,0,0,NULL),(3925,181,430,'2019-06-23 12:42:26','2019-06-23 12:42:26',268,0,0,0,0,NULL),(3926,181,423,'2019-06-23 12:42:26','2019-06-23 12:42:26',394,0,0,0,0,NULL),(3927,181,396,'2019-06-23 12:42:26','2019-06-23 12:42:26',268,0,0,0,0,NULL),(3928,181,346,'2019-06-23 12:42:26','2019-06-23 12:42:26',268,0,0,0,0,NULL),(3929,181,307,'2019-06-23 12:42:26','2019-06-23 12:42:26',394,0,0,0,0,NULL),(3930,181,286,'2019-06-23 12:42:26','2019-06-23 12:42:26',380,0,0,0,0,NULL),(3931,181,411,'2019-06-23 12:42:26','2019-06-23 12:42:26',380,0,0,0,0,NULL),(3932,181,382,'2019-06-23 12:42:26','2019-06-23 12:42:26',409,0,0,0,0,NULL),(3933,181,366,'2019-06-23 12:42:26','2019-06-23 12:42:26',409,0,0,0,0,NULL),(3934,181,445,'2019-06-23 12:42:26','2019-06-23 12:42:26',502,0,0,0,0,NULL),(3935,181,316,'2019-06-23 12:42:26','2019-06-23 12:42:26',409,0,0,0,0,NULL),(3936,181,338,'2019-06-23 12:42:26','2019-06-23 12:42:26',502,0,0,0,0,NULL),(3937,181,294,'2019-06-23 12:42:26','2019-06-23 12:42:26',436,0,0,0,0,NULL),(3938,181,311,'2019-06-23 12:42:26','2019-06-23 12:42:26',436,0,0,0,0,NULL),(3939,181,344,'2019-06-23 12:42:26','2019-06-23 12:42:26',436,0,0,0,0,NULL),(3940,181,360,'2019-06-23 12:42:26','2019-06-23 12:42:26',436,0,0,0,0,NULL),(3941,181,375,'2019-06-23 12:42:26','2019-06-23 12:42:26',436,0,0,0,0,NULL),(3942,181,403,'2019-06-23 12:42:26','2019-06-23 12:42:26',436,0,0,0,0,NULL),(3943,181,434,'2019-06-23 12:42:26','2019-06-23 12:42:26',436,0,0,0,0,NULL),(3944,181,295,'2019-06-23 12:42:26','2019-06-23 12:42:26',111,0,0,0,0,NULL),(3945,181,302,'2019-06-23 12:42:26','2019-06-23 12:42:26',111,0,0,0,0,NULL),(3946,181,324,'2019-06-23 12:42:26','2019-06-23 12:42:26',111,0,0,0,0,NULL),(3947,181,352,'2019-06-23 12:42:26','2019-06-23 12:42:26',111,0,0,0,0,NULL),(3948,181,394,'2019-06-23 12:42:26','2019-06-23 12:42:26',111,0,0,0,0,NULL),(3949,181,419,'2019-06-23 12:42:26','2019-06-23 12:42:26',111,0,0,0,0,NULL),(3950,181,424,'2019-06-23 12:42:26','2019-06-23 12:42:26',111,0,0,0,0,NULL),(3951,181,296,'2019-06-23 12:42:26','2019-06-23 12:42:26',65,0,0,0,0,NULL),(3952,181,350,'2019-06-23 12:42:26','2019-06-23 12:42:26',65,0,0,0,0,NULL),(3953,181,425,'2019-06-23 12:42:26','2019-06-23 12:42:26',65,0,0,0,0,NULL),(3954,181,399,'2019-06-23 12:42:26','2019-06-23 12:42:26',65,0,0,0,0,NULL),(3955,181,390,'2019-06-23 12:42:26','2019-06-23 12:42:26',65,0,0,0,0,NULL),(3956,181,325,'2019-06-23 12:42:26','2019-06-23 12:42:26',65,0,0,0,0,NULL),(3957,181,304,'2019-06-23 12:42:26','2019-06-23 12:42:26',63,0,0,0,0,NULL),(3959,182,354,'2019-06-23 12:42:26','2019-06-23 12:42:26',268,0,0,0,0,NULL),(3960,182,426,'2019-06-23 12:42:26','2019-06-23 12:42:26',230,0,0,0,0,NULL),(3961,182,421,'2019-06-23 12:42:26','2019-06-23 12:42:26',268,0,0,0,0,NULL),(3962,182,396,'2019-06-23 12:42:26','2019-06-23 12:42:26',268,0,0,0,0,NULL),(3963,182,347,'2019-06-23 12:42:26','2019-06-23 12:42:26',114,0,0,0,0,NULL),(3964,182,306,'2019-06-23 12:42:26','2019-06-23 12:42:26',114,0,0,0,0,NULL),(3965,182,285,'2019-06-23 12:42:26','2019-06-23 12:42:26',409,0,0,0,0,NULL),(3966,182,376,'2019-06-23 12:42:26','2019-06-23 12:42:26',342,0,0,0,0,NULL),(3967,182,408,'2019-06-23 12:42:26','2019-06-23 12:42:26',262,0,0,0,0,NULL),(3968,182,363,'2019-06-23 12:42:26','2019-06-23 12:42:26',217,0,0,0,0,NULL),(3969,182,442,'2019-06-23 12:42:26','2019-06-23 12:42:26',380,0,0,0,0,NULL),(3970,182,316,'2019-06-23 12:42:26','2019-06-23 12:42:26',409,0,0,0,0,NULL),(3971,182,330,'2019-06-23 12:42:26','2019-06-23 12:42:26',285,0,0,0,0,NULL),(3972,182,294,'2019-06-23 12:42:26','2019-06-23 12:42:26',436,0,0,0,0,NULL),(3973,182,311,'2019-06-23 12:42:26','2019-06-23 12:42:26',436,0,0,0,0,NULL),(3974,182,344,'2019-06-23 12:42:26','2019-06-23 12:42:26',436,0,0,0,0,NULL),(3975,182,358,'2019-06-23 12:42:26','2019-06-23 12:42:26',139,0,0,0,0,NULL),(3976,182,375,'2019-06-23 12:42:26','2019-06-23 12:42:26',436,0,0,0,0,NULL),(3977,182,403,'2019-06-23 12:42:26','2019-06-23 12:42:26',436,0,0,0,0,NULL),(3978,182,433,'2019-06-23 12:42:26','2019-06-23 12:42:26',139,0,0,0,0,NULL),(3979,182,295,'2019-06-23 12:42:26','2019-06-23 12:42:26',111,0,0,0,0,NULL),(3980,182,302,'2019-06-23 12:42:26','2019-06-23 12:42:26',111,0,0,0,0,NULL),(3981,182,324,'2019-06-23 12:42:26','2019-06-23 12:42:26',111,0,0,0,0,NULL),(3982,182,352,'2019-06-23 12:42:26','2019-06-23 12:42:26',111,0,0,0,0,NULL),(3983,182,394,'2019-06-23 12:42:26','2019-06-23 12:42:26',111,0,0,0,0,NULL),(3984,182,419,'2019-06-23 12:42:26','2019-06-23 12:42:26',111,0,0,0,0,NULL),(3985,182,424,'2019-06-23 12:42:26','2019-06-23 12:42:26',111,0,0,0,0,NULL),(3986,182,297,'2019-06-23 12:42:26','2019-06-23 12:42:26',63,0,0,0,0,NULL),(3987,182,355,'2019-06-23 12:42:26','2019-06-23 12:42:26',146,0,0,0,0,NULL),(3988,182,427,'2019-06-23 12:42:26','2019-06-23 12:42:26',63,0,0,0,0,NULL),(3989,182,402,'2019-06-23 12:42:26','2019-06-23 12:42:26',63,0,0,0,0,NULL),(3990,182,391,'2019-06-23 12:42:26','2019-06-23 12:42:26',63,0,0,0,0,NULL),(3991,182,327,'2019-06-23 12:42:26','2019-06-23 12:42:26',63,0,0,0,0,NULL),(3992,182,300,'2019-06-23 12:42:26','2019-06-23 12:42:26',65,0,0,0,0,NULL),(3994,184,422,'2019-06-23 12:42:26','2019-06-23 12:42:26',114,0,0,0,0,NULL),(3995,184,395,'2019-06-23 12:42:26','2019-06-23 12:42:26',159,0,0,0,0,NULL),(3996,184,354,'2019-06-23 12:42:26','2019-06-23 12:42:26',268,0,0,0,0,NULL),(3997,184,428,'2019-06-23 12:42:26','2019-06-23 12:42:26',159,0,0,0,0,NULL),(3998,184,307,'2019-06-23 12:42:26','2019-06-23 12:42:26',394,0,0,0,0,NULL),(3999,184,347,'2019-06-23 12:42:26','2019-06-23 12:42:26',114,0,0,0,0,NULL),(4000,184,286,'2019-06-23 12:42:26','2019-06-23 12:42:26',380,0,0,0,0,NULL),(4001,184,380,'2019-06-23 12:42:26','2019-06-23 12:42:26',262,0,0,0,0,NULL),(4002,184,408,'2019-06-23 12:42:26','2019-06-23 12:42:26',262,0,0,0,0,NULL),(4003,184,367,'2019-06-23 12:42:26','2019-06-23 12:42:26',380,0,0,0,0,NULL),(4004,184,445,'2019-06-23 12:42:26','2019-06-23 12:42:26',502,0,0,0,0,NULL),(4005,184,313,'2019-06-23 12:42:26','2019-06-23 12:42:26',217,0,0,0,0,NULL),(4006,184,340,'2019-06-23 12:42:26','2019-06-23 12:42:26',408,0,0,0,0,NULL),(4007,184,294,'2019-06-23 12:42:26','2019-06-23 12:42:26',436,0,0,0,0,NULL),(4008,184,311,'2019-06-23 12:42:26','2019-06-23 12:42:26',436,0,0,0,0,NULL),(4009,184,344,'2019-06-23 12:42:26','2019-06-23 12:42:26',436,0,0,0,0,NULL),(4010,184,360,'2019-06-23 12:42:26','2019-06-23 12:42:26',436,0,0,0,0,NULL),(4011,184,375,'2019-06-23 12:42:26','2019-06-23 12:42:26',436,0,0,0,0,NULL),(4012,184,403,'2019-06-23 12:42:26','2019-06-23 12:42:26',436,0,0,0,0,NULL),(4013,184,434,'2019-06-23 12:42:26','2019-06-23 12:42:26',436,0,0,0,0,NULL),(4014,184,295,'2019-06-23 12:42:26','2019-06-23 12:42:26',111,0,0,0,0,NULL),(4015,184,302,'2019-06-23 12:42:26','2019-06-23 12:42:26',111,0,0,0,0,NULL),(4016,184,324,'2019-06-23 12:42:26','2019-06-23 12:42:26',111,0,0,0,0,NULL),(4017,184,352,'2019-06-23 12:42:26','2019-06-23 12:42:26',111,0,0,0,0,NULL),(4018,184,394,'2019-06-23 12:42:26','2019-06-23 12:42:26',111,0,0,0,0,NULL),(4019,184,419,'2019-06-23 12:42:26','2019-06-23 12:42:26',111,0,0,0,0,NULL),(4020,184,424,'2019-06-23 12:42:26','2019-06-23 12:42:26',111,0,0,0,0,NULL),(4021,184,296,'2019-06-23 12:42:26','2019-06-23 12:42:26',65,0,0,0,0,NULL),(4022,184,355,'2019-06-23 12:42:26','2019-06-23 12:42:26',146,0,0,0,0,NULL),(4023,184,427,'2019-06-23 12:42:26','2019-06-23 12:42:26',63,0,0,0,0,NULL),(4024,184,402,'2019-06-23 12:42:26','2019-06-23 12:42:26',63,0,0,0,0,NULL),(4025,184,390,'2019-06-23 12:42:26','2019-06-23 12:42:26',65,0,0,0,0,NULL),(4026,184,329,'2019-06-23 12:42:26','2019-06-23 12:42:26',146,0,0,0,0,NULL),(4027,184,305,'2019-06-23 12:42:26','2019-06-23 12:42:26',146,0,0,0,0,NULL),(4029,185,354,'2019-06-23 12:42:26','2019-06-23 12:42:26',268,0,0,0,0,NULL),(4030,185,431,'2019-06-23 12:42:26','2019-06-23 12:42:26',114,0,0,0,0,NULL),(4031,185,422,'2019-06-23 12:42:26','2019-06-23 12:42:26',114,0,0,0,0,NULL),(4032,185,397,'2019-06-23 12:42:26','2019-06-23 12:42:26',114,0,0,0,0,NULL),(4033,185,345,'2019-06-23 12:42:26','2019-06-23 12:42:26',159,0,0,0,0,NULL),(4034,185,306,'2019-06-23 12:42:26','2019-06-23 12:42:26',114,0,0,0,0,NULL),(4035,185,281,'2019-06-23 12:42:26','2019-06-23 12:42:26',285,0,0,0,0,NULL),(4036,185,413,'2019-06-23 12:42:26','2019-06-23 12:42:26',366,0,0,0,0,NULL),(4037,185,364,'2019-06-23 12:42:26','2019-06-23 12:42:26',262,0,0,0,0,NULL),(4038,185,387,'2019-06-23 12:42:26','2019-06-23 12:42:26',0,0,0,0,0,NULL),(4039,185,440,'2019-06-23 12:42:26','2019-06-23 12:42:26',327,0,0,0,0,NULL),(4040,185,319,'2019-06-23 12:42:26','2019-06-23 12:42:26',366,0,0,0,0,NULL),(4041,185,326,'2019-06-23 12:42:26','2019-06-23 12:42:26',342,0,0,0,0,NULL),(4042,185,293,'2019-06-23 12:42:26','2019-06-23 12:42:26',139,0,0,0,0,NULL),(4043,185,309,'2019-06-23 12:42:26','2019-06-23 12:42:26',139,0,0,0,0,NULL),(4044,185,342,'2019-06-23 12:42:26','2019-06-23 12:42:26',139,0,0,0,0,NULL),(4045,185,358,'2019-06-23 12:42:26','2019-06-23 12:42:26',139,0,0,0,0,NULL),(4046,185,374,'2019-06-23 12:42:26','2019-06-23 12:42:26',139,0,0,0,0,NULL),(4047,185,400,'2019-06-23 12:42:26','2019-06-23 12:42:26',139,0,0,0,0,NULL),(4048,185,433,'2019-06-23 12:42:26','2019-06-23 12:42:26',139,0,0,0,0,NULL),(4049,185,295,'2019-06-23 12:42:26','2019-06-23 12:42:26',111,0,0,0,0,NULL),(4050,185,302,'2019-06-23 12:42:26','2019-06-23 12:42:26',111,0,0,0,0,NULL),(4051,185,324,'2019-06-23 12:42:26','2019-06-23 12:42:26',111,0,0,0,0,NULL),(4052,185,352,'2019-06-23 12:42:26','2019-06-23 12:42:26',111,0,0,0,0,NULL),(4053,185,394,'2019-06-23 12:42:26','2019-06-23 12:42:26',111,0,0,0,0,NULL),(4054,185,419,'2019-06-23 12:42:26','2019-06-23 12:42:26',111,0,0,0,0,NULL),(4055,185,424,'2019-06-23 12:42:26','2019-06-23 12:42:26',111,0,0,0,0,NULL),(4056,185,298,'2019-06-23 12:42:26','2019-06-23 12:42:26',146,0,0,0,0,NULL),(4057,185,355,'2019-06-23 12:42:26','2019-06-23 12:42:26',146,0,0,0,0,NULL),(4058,185,425,'2019-06-23 12:42:26','2019-06-23 12:42:26',65,0,0,0,0,NULL),(4059,185,399,'2019-06-23 12:42:26','2019-06-23 12:42:26',65,0,0,0,0,NULL),(4060,185,391,'2019-06-23 12:42:26','2019-06-23 12:42:26',63,0,0,0,0,NULL),(4061,185,327,'2019-06-23 12:42:26','2019-06-23 12:42:26',63,0,0,0,0,NULL),(4062,185,305,'2019-06-23 12:42:26','2019-06-23 12:42:26',146,0,0,0,0,NULL),(4064,187,349,'2019-06-23 12:42:26','2019-06-23 12:42:26',230,0,0,0,0,NULL),(4065,187,430,'2019-06-23 12:42:26','2019-06-23 12:42:26',268,0,0,0,0,NULL),(4066,187,421,'2019-06-23 12:42:26','2019-06-23 12:42:26',268,0,0,0,0,NULL),(4067,187,397,'2019-06-23 12:42:26','2019-06-23 12:42:26',114,0,0,0,0,NULL),(4068,187,346,'2019-06-23 12:42:26','2019-06-23 12:42:26',268,0,0,0,0,NULL),(4069,187,306,'2019-06-23 12:42:26','2019-06-23 12:42:26',114,0,0,0,0,NULL),(4070,187,287,'2019-06-23 12:42:27','2019-06-23 12:42:27',8,0,0,0,0,NULL),(4071,187,389,'2019-06-23 12:42:27','2019-06-23 12:42:27',382,0,0,0,0,NULL),(4072,187,412,'2019-06-23 12:42:27','2019-06-23 12:42:27',8,0,0,0,0,NULL),(4073,187,367,'2019-06-23 12:42:27','2019-06-23 12:42:27',380,0,0,0,0,NULL),(4074,187,444,'2019-06-23 12:42:27','2019-06-23 12:42:27',366,0,0,0,0,NULL),(4075,187,308,'2019-06-23 12:42:27','2019-06-23 12:42:27',342,0,0,0,0,NULL),(4076,187,335,'2019-06-23 12:42:27','2019-06-23 12:42:27',380,0,0,0,0,NULL),(4077,187,293,'2019-06-23 12:42:27','2019-06-23 12:42:27',139,0,0,0,0,NULL),(4078,187,309,'2019-06-23 12:42:27','2019-06-23 12:42:27',139,0,0,0,0,NULL),(4079,187,342,'2019-06-23 12:42:27','2019-06-23 12:42:27',139,0,0,0,0,NULL),(4080,187,358,'2019-06-23 12:42:27','2019-06-23 12:42:27',139,0,0,0,0,NULL),(4081,187,374,'2019-06-23 12:42:27','2019-06-23 12:42:27',139,0,0,0,0,NULL),(4082,187,400,'2019-06-23 12:42:27','2019-06-23 12:42:27',139,0,0,0,0,NULL),(4083,187,433,'2019-06-23 12:42:27','2019-06-23 12:42:27',139,0,0,0,0,NULL),(4084,187,295,'2019-06-23 12:42:27','2019-06-23 12:42:27',111,0,0,0,0,NULL),(4085,187,302,'2019-06-23 12:42:27','2019-06-23 12:42:27',111,0,0,0,0,NULL),(4086,187,324,'2019-06-23 12:42:27','2019-06-23 12:42:27',111,0,0,0,0,NULL),(4087,187,352,'2019-06-23 12:42:27','2019-06-23 12:42:27',111,0,0,0,0,NULL),(4088,187,394,'2019-06-23 12:42:27','2019-06-23 12:42:27',111,0,0,0,0,NULL),(4089,187,419,'2019-06-23 12:42:27','2019-06-23 12:42:27',111,0,0,0,0,NULL),(4090,187,424,'2019-06-23 12:42:27','2019-06-23 12:42:27',111,0,0,0,0,NULL),(4091,187,298,'2019-06-23 12:42:27','2019-06-23 12:42:27',146,0,0,0,0,NULL),(4092,187,350,'2019-06-23 12:42:27','2019-06-23 12:42:27',65,0,0,0,0,NULL),(4093,187,429,'2019-06-23 12:42:27','2019-06-23 12:42:27',146,0,0,0,0,NULL),(4094,187,405,'2019-06-23 12:42:27','2019-06-23 12:42:27',146,0,0,0,0,NULL),(4095,187,392,'2019-06-23 12:42:27','2019-06-23 12:42:27',146,0,0,0,0,NULL),(4096,187,325,'2019-06-23 12:42:27','2019-06-23 12:42:27',65,0,0,0,0,NULL),(4097,187,304,'2019-06-23 12:42:27','2019-06-23 12:42:27',63,0,0,0,0,NULL),(4099,188,349,'2019-06-23 12:42:27','2019-06-23 12:42:27',230,0,0,0,0,NULL),(4100,188,431,'2019-06-23 12:42:27','2019-06-23 12:42:27',114,0,0,0,0,NULL),(4101,188,422,'2019-06-23 12:42:27','2019-06-23 12:42:27',114,0,0,0,0,NULL),(4102,188,397,'2019-06-23 12:42:27','2019-06-23 12:42:27',114,0,0,0,0,NULL),(4103,188,345,'2019-06-23 12:42:27','2019-06-23 12:42:27',159,0,0,0,0,NULL),(4104,188,299,'2019-06-23 12:42:27','2019-06-23 12:42:27',230,0,0,0,0,NULL),(4105,188,282,'2019-06-23 12:42:27','2019-06-23 12:42:27',217,0,0,0,0,NULL),(4106,188,363,'2019-06-23 12:42:27','2019-06-23 12:42:27',217,0,0,0,0,NULL),(4107,188,443,'2019-06-23 12:42:27','2019-06-23 12:42:27',8,0,0,0,0,NULL),(4108,188,415,'2019-06-23 12:42:27','2019-06-23 12:42:27',0,0,0,0,0,NULL),(4109,188,387,'2019-06-23 12:42:27','2019-06-23 12:42:27',0,0,0,0,0,NULL),(4110,188,331,'2019-06-23 12:42:27','2019-06-23 12:42:27',217,0,0,0,0,NULL),(4111,188,313,'2019-06-23 12:42:27','2019-06-23 12:42:27',217,0,0,0,0,NULL),(4112,188,293,'2019-06-23 12:42:27','2019-06-23 12:42:27',139,0,0,0,0,NULL),(4113,188,309,'2019-06-23 12:42:27','2019-06-23 12:42:27',139,0,0,0,0,NULL),(4114,188,342,'2019-06-23 12:42:27','2019-06-23 12:42:27',139,0,0,0,0,NULL),(4115,188,358,'2019-06-23 12:42:27','2019-06-23 12:42:27',139,0,0,0,0,NULL),(4116,188,374,'2019-06-23 12:42:27','2019-06-23 12:42:27',139,0,0,0,0,NULL),(4117,188,400,'2019-06-23 12:42:27','2019-06-23 12:42:27',139,0,0,0,0,NULL),(4118,188,433,'2019-06-23 12:42:27','2019-06-23 12:42:27',139,0,0,0,0,NULL),(4119,188,295,'2019-06-23 12:42:27','2019-06-23 12:42:27',111,0,0,0,0,NULL),(4120,188,302,'2019-06-23 12:42:27','2019-06-23 12:42:27',111,0,0,0,0,NULL),(4121,188,324,'2019-06-23 12:42:27','2019-06-23 12:42:27',111,0,0,0,0,NULL),(4122,188,352,'2019-06-23 12:42:27','2019-06-23 12:42:27',111,0,0,0,0,NULL),(4123,188,394,'2019-06-23 12:42:27','2019-06-23 12:42:27',111,0,0,0,0,NULL),(4124,188,419,'2019-06-23 12:42:27','2019-06-23 12:42:27',111,0,0,0,0,NULL),(4125,188,424,'2019-06-23 12:42:27','2019-06-23 12:42:27',111,0,0,0,0,NULL),(4126,188,298,'2019-06-23 12:42:27','2019-06-23 12:42:27',146,0,0,0,0,NULL),(4127,188,353,'2019-06-23 12:42:27','2019-06-23 12:42:27',63,0,0,0,0,NULL),(4128,188,427,'2019-06-23 12:42:27','2019-06-23 12:42:27',63,0,0,0,0,NULL),(4129,188,405,'2019-06-23 12:42:27','2019-06-23 12:42:27',146,0,0,0,0,NULL),(4130,188,392,'2019-06-23 12:42:27','2019-06-23 12:42:27',146,0,0,0,0,NULL),(4131,188,329,'2019-06-23 12:42:27','2019-06-23 12:42:27',146,0,0,0,0,NULL),(4132,188,304,'2019-06-23 12:42:27','2019-06-23 12:42:27',63,0,0,0,0,NULL),(4148,190,418,'2019-06-23 12:42:27','2019-06-23 12:42:27',230,0,0,0,0,NULL),(4149,190,396,'2019-06-23 12:42:27','2019-06-23 12:42:27',268,0,0,0,0,NULL),(4150,190,354,'2019-06-23 12:42:27','2019-06-23 12:42:27',268,0,0,0,0,NULL),(4151,190,428,'2019-06-23 12:42:27','2019-06-23 12:42:27',159,0,0,0,0,NULL),(4152,190,303,'2019-06-23 12:42:27','2019-06-23 12:42:27',268,0,0,0,0,NULL),(4153,190,346,'2019-06-23 12:42:27','2019-06-23 12:42:27',268,0,0,0,0,NULL),(4154,190,283,'2019-06-23 12:42:27','2019-06-23 12:42:27',262,0,0,0,0,NULL),(4155,190,376,'2019-06-23 12:42:27','2019-06-23 12:42:27',342,0,0,0,0,NULL),(4156,190,409,'2019-06-23 12:42:27','2019-06-23 12:42:27',327,0,0,0,0,NULL),(4157,190,359,'2019-06-23 12:42:27','2019-06-23 12:42:27',342,0,0,0,0,NULL),(4158,190,439,'2019-06-23 12:42:27','2019-06-23 12:42:27',262,0,0,0,0,NULL),(4159,190,313,'2019-06-23 12:42:27','2019-06-23 12:42:27',217,0,0,0,0,NULL),(4160,190,331,'2019-06-23 12:42:27','2019-06-23 12:42:27',217,0,0,0,0,NULL),(4161,190,293,'2019-06-23 12:42:27','2019-06-23 12:42:27',139,0,0,0,0,NULL),(4162,190,311,'2019-06-23 12:42:27','2019-06-23 12:42:27',436,0,0,0,0,NULL),(4163,190,344,'2019-06-23 12:42:27','2019-06-23 12:42:27',436,0,0,0,0,NULL),(4164,190,358,'2019-06-23 12:42:27','2019-06-23 12:42:27',139,0,0,0,0,NULL),(4165,190,374,'2019-06-23 12:42:27','2019-06-23 12:42:27',139,0,0,0,0,NULL),(4166,190,403,'2019-06-23 12:42:27','2019-06-23 12:42:27',436,0,0,0,0,NULL),(4167,190,434,'2019-06-23 12:42:27','2019-06-23 12:42:27',436,0,0,0,0,NULL),(4168,190,295,'2019-06-23 12:42:27','2019-06-23 12:42:27',111,0,0,0,0,NULL),(4169,190,302,'2019-06-23 12:42:27','2019-06-23 12:42:27',111,0,0,0,0,NULL),(4170,190,324,'2019-06-23 12:42:27','2019-06-23 12:42:27',111,0,0,0,0,NULL),(4171,190,352,'2019-06-23 12:42:27','2019-06-23 12:42:27',111,0,0,0,0,NULL),(4172,190,394,'2019-06-23 12:42:27','2019-06-23 12:42:27',111,0,0,0,0,NULL),(4173,190,419,'2019-06-23 12:42:27','2019-06-23 12:42:27',111,0,0,0,0,NULL),(4174,190,424,'2019-06-23 12:42:27','2019-06-23 12:42:27',111,0,0,0,0,NULL),(4175,190,296,'2019-06-23 12:42:27','2019-06-23 12:42:27',65,0,0,0,0,NULL),(4176,190,353,'2019-06-23 12:42:27','2019-06-23 12:42:27',63,0,0,0,0,NULL),(4177,190,429,'2019-06-23 12:42:27','2019-06-23 12:42:27',146,0,0,0,0,NULL),(4178,190,402,'2019-06-23 12:42:27','2019-06-23 12:42:27',63,0,0,0,0,NULL),(4179,190,392,'2019-06-23 12:42:27','2019-06-23 12:42:27',146,0,0,0,0,NULL),(4180,190,327,'2019-06-23 12:42:27','2019-06-23 12:42:27',63,0,0,0,0,NULL),(4181,190,305,'2019-06-23 12:42:27','2019-06-23 12:42:27',146,0,0,0,0,NULL),(4183,201,423,'2019-06-23 12:42:27','2019-06-23 12:42:27',394,0,0,0,0,NULL),(4184,201,398,'2019-06-23 12:42:27','2019-06-23 12:42:27',394,0,0,0,0,NULL),(4185,201,357,'2019-06-23 12:42:27','2019-06-23 12:42:27',394,0,0,0,0,NULL),(4186,201,431,'2019-06-23 12:42:27','2019-06-23 12:42:27',114,0,0,0,0,NULL),(4187,201,301,'2019-06-23 12:42:27','2019-06-23 12:42:27',159,0,0,0,0,NULL),(4188,201,343,'2019-06-23 12:42:27','2019-06-23 12:42:27',230,0,0,0,0,NULL),(4189,201,280,'2019-06-23 12:42:27','2019-06-23 12:42:27',309,0,0,0,0,NULL),(4190,201,380,'2019-06-23 12:42:27','2019-06-23 12:42:27',262,0,0,0,0,NULL),(4191,201,407,'2019-06-23 12:42:27','2019-06-23 12:42:27',217,0,0,0,0,NULL),(4192,201,359,'2019-06-23 12:42:27','2019-06-23 12:42:27',342,0,0,0,0,NULL),(4193,201,442,'2019-06-23 12:42:27','2019-06-23 12:42:27',380,0,0,0,0,NULL),(4194,201,322,'2019-06-23 12:42:27','2019-06-23 12:42:27',408,0,0,0,0,NULL),(4195,201,330,'2019-06-23 12:42:27','2019-06-23 12:42:27',285,0,0,0,0,NULL),(4196,201,294,'2019-06-23 12:42:27','2019-06-23 12:42:27',436,0,0,0,0,NULL),(4197,201,311,'2019-06-23 12:42:27','2019-06-23 12:42:27',436,0,0,0,0,NULL),(4198,201,344,'2019-06-23 12:42:27','2019-06-23 12:42:27',436,0,0,0,0,NULL),(4199,201,360,'2019-06-23 12:42:27','2019-06-23 12:42:27',436,0,0,0,0,NULL),(4200,201,375,'2019-06-23 12:42:27','2019-06-23 12:42:27',436,0,0,0,0,NULL),(4201,201,403,'2019-06-23 12:42:27','2019-06-23 12:42:27',436,0,0,0,0,NULL),(4202,201,434,'2019-06-23 12:42:27','2019-06-23 12:42:27',436,0,0,0,0,NULL),(4203,201,295,'2019-06-23 12:42:27','2019-06-23 12:42:27',111,0,0,0,0,NULL),(4204,201,302,'2019-06-23 12:42:27','2019-06-23 12:42:27',111,0,0,0,0,NULL),(4205,201,324,'2019-06-23 12:42:27','2019-06-23 12:42:27',111,0,0,0,0,NULL),(4206,201,352,'2019-06-23 12:42:27','2019-06-23 12:42:27',111,0,0,0,0,NULL),(4207,201,394,'2019-06-23 12:42:27','2019-06-23 12:42:27',111,0,0,0,0,NULL),(4208,201,419,'2019-06-23 12:42:27','2019-06-23 12:42:27',111,0,0,0,0,NULL),(4209,201,424,'2019-06-23 12:42:27','2019-06-23 12:42:27',111,0,0,0,0,NULL),(4210,201,297,'2019-06-23 12:42:27','2019-06-23 12:42:27',63,0,0,0,0,NULL),(4211,201,353,'2019-06-23 12:42:27','2019-06-23 12:42:27',63,0,0,0,0,NULL),(4212,201,425,'2019-06-23 12:42:27','2019-06-23 12:42:27',65,0,0,0,0,NULL),(4213,201,399,'2019-06-23 12:42:27','2019-06-23 12:42:27',65,0,0,0,0,NULL),(4214,201,392,'2019-06-23 12:42:27','2019-06-23 12:42:27',146,0,0,0,0,NULL),(4215,201,327,'2019-06-23 12:42:27','2019-06-23 12:42:27',63,0,0,0,0,NULL),(4216,201,305,'2019-06-23 12:42:27','2019-06-23 12:42:27',146,0,0,0,0,NULL),(4218,202,349,'2019-06-23 12:42:27','2019-06-23 12:42:27',230,0,0,0,0,NULL),(4219,202,430,'2019-06-23 12:42:27','2019-06-23 12:42:27',268,0,0,0,0,NULL),(4220,202,418,'2019-06-23 12:42:27','2019-06-23 12:42:27',230,0,0,0,0,NULL),(4221,202,398,'2019-06-23 12:42:27','2019-06-23 12:42:27',394,0,0,0,0,NULL),(4222,202,346,'2019-06-23 12:42:27','2019-06-23 12:42:27',268,0,0,0,0,NULL),(4223,202,299,'2019-06-23 12:42:27','2019-06-23 12:42:27',230,0,0,0,0,NULL),(4224,202,292,'2019-06-23 12:42:27','2019-06-23 12:42:27',382,0,0,0,0,NULL),(4225,202,410,'2019-06-23 12:42:27','2019-06-23 12:42:27',409,0,0,0,0,NULL),(4226,202,388,'2019-06-23 12:42:27','2019-06-23 12:42:27',408,0,0,0,0,NULL),(4227,202,372,'2019-06-23 12:42:27','2019-06-23 12:42:27',408,0,0,0,0,NULL),(4228,202,445,'2019-06-23 12:42:27','2019-06-23 12:42:27',502,0,0,0,0,NULL),(4229,202,323,'2019-06-23 12:42:27','2019-06-23 12:42:27',382,0,0,0,0,NULL),(4230,202,335,'2019-06-23 12:42:27','2019-06-23 12:42:27',380,0,0,0,0,NULL),(4231,202,294,'2019-06-23 12:42:27','2019-06-23 12:42:27',436,0,0,0,0,NULL),(4232,202,311,'2019-06-23 12:42:27','2019-06-23 12:42:27',436,0,0,0,0,NULL),(4233,202,344,'2019-06-23 12:42:27','2019-06-23 12:42:27',436,0,0,0,0,NULL),(4234,202,360,'2019-06-23 12:42:27','2019-06-23 12:42:27',436,0,0,0,0,NULL),(4235,202,375,'2019-06-23 12:42:27','2019-06-23 12:42:27',436,0,0,0,0,NULL),(4236,202,403,'2019-06-23 12:42:27','2019-06-23 12:42:27',436,0,0,0,0,NULL),(4237,202,434,'2019-06-23 12:42:27','2019-06-23 12:42:27',436,0,0,0,0,NULL),(4238,202,295,'2019-06-23 12:42:27','2019-06-23 12:42:27',111,0,0,0,0,NULL),(4239,202,302,'2019-06-23 12:42:27','2019-06-23 12:42:27',111,0,0,0,0,NULL),(4240,202,324,'2019-06-23 12:42:27','2019-06-23 12:42:27',111,0,0,0,0,NULL),(4241,202,352,'2019-06-23 12:42:27','2019-06-23 12:42:27',111,0,0,0,0,NULL),(4242,202,394,'2019-06-23 12:42:27','2019-06-23 12:42:27',111,0,0,0,0,NULL),(4243,202,419,'2019-06-23 12:42:27','2019-06-23 12:42:27',111,0,0,0,0,NULL),(4244,202,424,'2019-06-23 12:42:27','2019-06-23 12:42:27',111,0,0,0,0,NULL),(4245,202,297,'2019-06-23 12:42:27','2019-06-23 12:42:27',63,0,0,0,0,NULL),(4246,202,350,'2019-06-23 12:42:27','2019-06-23 12:42:27',65,0,0,0,0,NULL),(4247,202,427,'2019-06-23 12:42:27','2019-06-23 12:42:27',63,0,0,0,0,NULL),(4248,202,399,'2019-06-23 12:42:27','2019-06-23 12:42:27',65,0,0,0,0,NULL),(4249,202,392,'2019-06-23 12:42:27','2019-06-23 12:42:27',146,0,0,0,0,NULL),(4250,202,327,'2019-06-23 12:42:27','2019-06-23 12:42:27',63,0,0,0,0,NULL),(4251,202,304,'2019-06-23 12:42:27','2019-06-23 12:42:27',63,0,0,0,0,NULL),(4253,203,349,'2019-06-23 12:42:27','2019-06-23 12:42:27',230,0,0,0,0,NULL),(4254,203,426,'2019-06-23 12:42:27','2019-06-23 12:42:27',230,0,0,0,0,NULL),(4255,203,421,'2019-06-23 12:42:27','2019-06-23 12:42:27',268,0,0,0,0,NULL),(4256,203,393,'2019-06-23 12:42:27','2019-06-23 12:42:27',230,0,0,0,0,NULL),(4257,203,343,'2019-06-23 12:42:27','2019-06-23 12:42:27',230,0,0,0,0,NULL),(4258,203,306,'2019-06-23 12:42:27','2019-06-23 12:42:27',114,0,0,0,0,NULL),(4259,203,291,'2019-06-23 12:42:27','2019-06-23 12:42:27',408,0,0,0,0,NULL),(4260,203,379,'2019-06-23 12:42:27','2019-06-23 12:42:27',217,0,0,0,0,NULL),(4261,203,406,'2019-06-23 12:42:27','2019-06-23 12:42:27',285,0,0,0,0,NULL),(4262,203,369,'2019-06-23 12:42:27','2019-06-23 12:42:27',366,0,0,0,0,NULL),(4263,203,438,'2019-06-23 12:42:27','2019-06-23 12:42:27',217,0,0,0,0,NULL),(4264,203,312,'2019-06-23 12:42:27','2019-06-23 12:42:27',285,0,0,0,0,NULL),(4265,203,341,'2019-06-23 12:42:27','2019-06-23 12:42:27',382,0,0,0,0,NULL),(4266,203,294,'2019-06-23 12:42:27','2019-06-23 12:42:27',436,0,0,0,0,NULL),(4267,203,311,'2019-06-23 12:42:27','2019-06-23 12:42:27',436,0,0,0,0,NULL),(4268,203,344,'2019-06-23 12:42:27','2019-06-23 12:42:27',436,0,0,0,0,NULL),(4269,203,360,'2019-06-23 12:42:27','2019-06-23 12:42:27',436,0,0,0,0,NULL),(4270,203,375,'2019-06-23 12:42:27','2019-06-23 12:42:27',436,0,0,0,0,NULL),(4271,203,400,'2019-06-23 12:42:27','2019-06-23 12:42:27',139,0,0,0,0,NULL),(4272,203,434,'2019-06-23 12:42:27','2019-06-23 12:42:27',436,0,0,0,0,NULL),(4273,203,295,'2019-06-23 12:42:27','2019-06-23 12:42:27',111,0,0,0,0,NULL),(4274,203,302,'2019-06-23 12:42:27','2019-06-23 12:42:27',111,0,0,0,0,NULL),(4275,203,324,'2019-06-23 12:42:27','2019-06-23 12:42:27',111,0,0,0,0,NULL),(4276,203,352,'2019-06-23 12:42:27','2019-06-23 12:42:27',111,0,0,0,0,NULL),(4277,203,394,'2019-06-23 12:42:27','2019-06-23 12:42:27',111,0,0,0,0,NULL),(4278,203,419,'2019-06-23 12:42:27','2019-06-23 12:42:27',111,0,0,0,0,NULL),(4279,203,424,'2019-06-23 12:42:27','2019-06-23 12:42:27',111,0,0,0,0,NULL),(4280,203,298,'2019-06-23 12:42:27','2019-06-23 12:42:27',146,0,0,0,0,NULL),(4281,203,350,'2019-06-23 12:42:27','2019-06-23 12:42:27',65,0,0,0,0,NULL),(4282,203,427,'2019-06-23 12:42:27','2019-06-23 12:42:27',63,0,0,0,0,NULL),(4283,203,405,'2019-06-23 12:42:27','2019-06-23 12:42:27',146,0,0,0,0,NULL),(4284,203,392,'2019-06-23 12:42:27','2019-06-23 12:42:27',146,0,0,0,0,NULL),(4285,203,327,'2019-06-23 12:42:27','2019-06-23 12:42:27',63,0,0,0,0,NULL),(4286,203,304,'2019-06-23 12:42:27','2019-06-23 12:42:27',63,0,0,0,0,NULL),(4288,204,356,'2019-06-23 12:42:27','2019-06-23 12:42:27',114,0,0,0,0,NULL),(4289,204,426,'2019-06-23 12:42:27','2019-06-23 12:42:27',230,0,0,0,0,NULL),(4290,204,420,'2019-06-23 12:42:27','2019-06-23 12:42:27',159,0,0,0,0,NULL),(4291,204,396,'2019-06-23 12:42:27','2019-06-23 12:42:27',268,0,0,0,0,NULL),(4292,204,346,'2019-06-23 12:42:27','2019-06-23 12:42:27',268,0,0,0,0,NULL),(4293,204,306,'2019-06-23 12:42:27','2019-06-23 12:42:27',114,0,0,0,0,NULL),(4294,204,291,'2019-06-23 12:42:27','2019-06-23 12:42:27',408,0,0,0,0,NULL),(4295,204,378,'2019-06-23 12:42:27','2019-06-23 12:42:27',285,0,0,0,0,NULL),(4296,204,410,'2019-06-23 12:42:27','2019-06-23 12:42:27',409,0,0,0,0,NULL),(4297,204,362,'2019-06-23 12:42:27','2019-06-23 12:42:27',285,0,0,0,0,NULL),(4298,204,438,'2019-06-23 12:42:27','2019-06-23 12:42:27',217,0,0,0,0,NULL),(4299,204,310,'2019-06-23 12:42:27','2019-06-23 12:42:27',309,0,0,0,0,NULL),(4300,204,330,'2019-06-23 12:42:27','2019-06-23 12:42:27',285,0,0,0,0,NULL),(4301,204,293,'2019-06-23 12:42:27','2019-06-23 12:42:27',139,0,0,0,0,NULL),(4302,204,309,'2019-06-23 12:42:27','2019-06-23 12:42:27',139,0,0,0,0,NULL),(4303,204,342,'2019-06-23 12:42:27','2019-06-23 12:42:27',139,0,0,0,0,NULL),(4304,204,358,'2019-06-23 12:42:27','2019-06-23 12:42:27',139,0,0,0,0,NULL),(4305,204,375,'2019-06-23 12:42:27','2019-06-23 12:42:27',436,0,0,0,0,NULL),(4306,204,400,'2019-06-23 12:42:27','2019-06-23 12:42:27',139,0,0,0,0,NULL),(4307,204,433,'2019-06-23 12:42:27','2019-06-23 12:42:27',139,0,0,0,0,NULL),(4308,204,295,'2019-06-23 12:42:27','2019-06-23 12:42:27',111,0,0,0,0,NULL),(4309,204,302,'2019-06-23 12:42:27','2019-06-23 12:42:27',111,0,0,0,0,NULL),(4310,204,324,'2019-06-23 12:42:27','2019-06-23 12:42:27',111,0,0,0,0,NULL),(4311,204,352,'2019-06-23 12:42:27','2019-06-23 12:42:27',111,0,0,0,0,NULL),(4312,204,394,'2019-06-23 12:42:27','2019-06-23 12:42:27',111,0,0,0,0,NULL),(4313,204,419,'2019-06-23 12:42:27','2019-06-23 12:42:27',111,0,0,0,0,NULL),(4314,204,424,'2019-06-23 12:42:27','2019-06-23 12:42:27',111,0,0,0,0,NULL),(4315,204,296,'2019-06-23 12:42:27','2019-06-23 12:42:27',65,0,0,0,0,NULL),(4316,204,355,'2019-06-23 12:42:27','2019-06-23 12:42:27',146,0,0,0,0,NULL),(4317,204,425,'2019-06-23 12:42:27','2019-06-23 12:42:27',65,0,0,0,0,NULL),(4318,204,399,'2019-06-23 12:42:27','2019-06-23 12:42:27',65,0,0,0,0,NULL),(4319,204,392,'2019-06-23 12:42:27','2019-06-23 12:42:27',146,0,0,0,0,NULL),(4320,204,325,'2019-06-23 12:42:27','2019-06-23 12:42:27',65,0,0,0,0,NULL),(4321,204,304,'2019-06-23 12:42:27','2019-06-23 12:42:27',63,0,0,0,0,NULL),(4323,205,356,'2019-06-23 12:42:27','2019-06-23 12:42:27',114,0,0,0,0,NULL),(4324,205,430,'2019-06-23 12:42:27','2019-06-23 12:42:27',268,0,0,0,0,NULL),(4325,205,418,'2019-06-23 12:42:27','2019-06-23 12:42:27',230,0,0,0,0,NULL),(4326,205,397,'2019-06-23 12:42:27','2019-06-23 12:42:27',114,0,0,0,0,NULL),(4327,205,347,'2019-06-23 12:42:27','2019-06-23 12:42:27',114,0,0,0,0,NULL),(4328,205,299,'2019-06-23 12:42:27','2019-06-23 12:42:27',230,0,0,0,0,NULL),(4329,205,282,'2019-06-23 12:42:27','2019-06-23 12:42:27',217,0,0,0,0,NULL),(4330,205,404,'2019-06-23 12:42:27','2019-06-23 12:42:27',309,0,0,0,0,NULL),(4331,205,378,'2019-06-23 12:42:27','2019-06-23 12:42:27',285,0,0,0,0,NULL),(4332,205,368,'2019-06-23 12:42:27','2019-06-23 12:42:27',8,0,0,0,0,NULL),(4333,205,443,'2019-06-23 12:42:27','2019-06-23 12:42:27',8,0,0,0,0,NULL),(4334,205,313,'2019-06-23 12:42:27','2019-06-23 12:42:27',217,0,0,0,0,NULL),(4335,205,330,'2019-06-23 12:42:27','2019-06-23 12:42:27',285,0,0,0,0,NULL),(4336,205,293,'2019-06-23 12:42:27','2019-06-23 12:42:27',139,0,0,0,0,NULL),(4337,205,309,'2019-06-23 12:42:27','2019-06-23 12:42:27',139,0,0,0,0,NULL),(4338,205,342,'2019-06-23 12:42:27','2019-06-23 12:42:27',139,0,0,0,0,NULL),(4339,205,358,'2019-06-23 12:42:27','2019-06-23 12:42:27',139,0,0,0,0,NULL),(4340,205,374,'2019-06-23 12:42:27','2019-06-23 12:42:27',139,0,0,0,0,NULL),(4341,205,400,'2019-06-23 12:42:27','2019-06-23 12:42:27',139,0,0,0,0,NULL),(4342,205,433,'2019-06-23 12:42:27','2019-06-23 12:42:27',139,0,0,0,0,NULL),(4343,205,295,'2019-06-23 12:42:27','2019-06-23 12:42:27',111,0,0,0,0,NULL),(4344,205,302,'2019-06-23 12:42:27','2019-06-23 12:42:27',111,0,0,0,0,NULL),(4345,205,324,'2019-06-23 12:42:27','2019-06-23 12:42:27',111,0,0,0,0,NULL),(4346,205,352,'2019-06-23 12:42:27','2019-06-23 12:42:27',111,0,0,0,0,NULL),(4347,205,394,'2019-06-23 12:42:27','2019-06-23 12:42:27',111,0,0,0,0,NULL),(4348,205,419,'2019-06-23 12:42:27','2019-06-23 12:42:27',111,0,0,0,0,NULL),(4349,205,424,'2019-06-23 12:42:27','2019-06-23 12:42:27',111,0,0,0,0,NULL),(4350,205,297,'2019-06-23 12:42:27','2019-06-23 12:42:27',63,0,0,0,0,NULL),(4351,205,350,'2019-06-23 12:42:27','2019-06-23 12:42:27',65,0,0,0,0,NULL),(4352,205,427,'2019-06-23 12:42:27','2019-06-23 12:42:27',63,0,0,0,0,NULL),(4353,205,405,'2019-06-23 12:42:27','2019-06-23 12:42:27',146,0,0,0,0,NULL),(4354,205,390,'2019-06-23 12:42:27','2019-06-23 12:42:27',65,0,0,0,0,NULL),(4355,205,327,'2019-06-23 12:42:27','2019-06-23 12:42:27',63,0,0,0,0,NULL),(4356,205,300,'2019-06-23 12:42:27','2019-06-23 12:42:27',65,0,0,0,0,NULL),(4358,207,356,'2019-06-23 12:42:27','2019-06-23 12:42:27',114,0,0,0,0,NULL),(4359,207,426,'2019-06-23 12:42:27','2019-06-23 12:42:27',230,0,0,0,0,NULL),(4360,207,420,'2019-06-23 12:42:27','2019-06-23 12:42:27',159,0,0,0,0,NULL),(4361,207,395,'2019-06-23 12:42:27','2019-06-23 12:42:27',159,0,0,0,0,NULL),(4362,207,343,'2019-06-23 12:42:27','2019-06-23 12:42:27',230,0,0,0,0,NULL),(4363,207,306,'2019-06-23 12:42:27','2019-06-23 12:42:27',114,0,0,0,0,NULL),(4364,207,283,'2019-06-23 12:42:27','2019-06-23 12:42:27',262,0,0,0,0,NULL),(4365,207,409,'2019-06-23 12:42:27','2019-06-23 12:42:27',327,0,0,0,0,NULL),(4366,207,368,'2019-06-23 12:42:27','2019-06-23 12:42:27',8,0,0,0,0,NULL),(4367,207,379,'2019-06-23 12:42:27','2019-06-23 12:42:27',217,0,0,0,0,NULL),(4368,207,436,'2019-06-23 12:42:27','2019-06-23 12:42:27',309,0,0,0,0,NULL),(4369,207,308,'2019-06-23 12:42:27','2019-06-23 12:42:27',342,0,0,0,0,NULL),(4370,207,331,'2019-06-23 12:42:27','2019-06-23 12:42:27',217,0,0,0,0,NULL),(4371,207,293,'2019-06-23 12:42:27','2019-06-23 12:42:27',139,0,0,0,0,NULL),(4372,207,309,'2019-06-23 12:42:27','2019-06-23 12:42:27',139,0,0,0,0,NULL),(4373,207,342,'2019-06-23 12:42:27','2019-06-23 12:42:27',139,0,0,0,0,NULL),(4374,207,358,'2019-06-23 12:42:27','2019-06-23 12:42:27',139,0,0,0,0,NULL),(4375,207,374,'2019-06-23 12:42:27','2019-06-23 12:42:27',139,0,0,0,0,NULL),(4376,207,400,'2019-06-23 12:42:27','2019-06-23 12:42:27',139,0,0,0,0,NULL),(4377,207,433,'2019-06-23 12:42:27','2019-06-23 12:42:27',139,0,0,0,0,NULL),(4378,207,295,'2019-06-23 12:42:27','2019-06-23 12:42:27',111,0,0,0,0,NULL),(4379,207,302,'2019-06-23 12:42:27','2019-06-23 12:42:27',111,0,0,0,0,NULL),(4380,207,324,'2019-06-23 12:42:27','2019-06-23 12:42:27',111,0,0,0,0,NULL),(4381,207,352,'2019-06-23 12:42:27','2019-06-23 12:42:27',111,0,0,0,0,NULL),(4382,207,394,'2019-06-23 12:42:27','2019-06-23 12:42:27',111,0,0,0,0,NULL),(4383,207,419,'2019-06-23 12:42:27','2019-06-23 12:42:27',111,0,0,0,0,NULL),(4384,207,424,'2019-06-23 12:42:27','2019-06-23 12:42:27',111,0,0,0,0,NULL),(4385,207,296,'2019-06-23 12:42:27','2019-06-23 12:42:27',65,0,0,0,0,NULL),(4386,207,305,'2019-06-23 12:42:27','2019-06-23 12:42:27',146,0,0,0,0,NULL),(4387,207,325,'2019-06-23 12:42:27','2019-06-23 12:42:27',65,0,0,0,0,NULL),(4388,207,355,'2019-06-23 12:42:27','2019-06-23 12:42:27',146,0,0,0,0,NULL),(4389,207,390,'2019-06-23 12:42:27','2019-06-23 12:42:27',65,0,0,0,0,NULL),(4390,207,405,'2019-06-23 12:42:27','2019-06-23 12:42:27',146,0,0,0,0,NULL),(4391,207,429,'2019-06-23 12:42:27','2019-06-23 12:42:27',146,0,0,0,0,NULL),(4393,208,349,'2019-06-23 12:42:27','2019-06-23 12:42:27',230,0,0,0,0,NULL),(4394,208,426,'2019-06-23 12:42:27','2019-06-23 12:42:27',230,0,0,0,0,NULL),(4395,208,418,'2019-06-23 12:42:27','2019-06-23 12:42:27',230,0,0,0,0,NULL),(4396,208,396,'2019-06-23 12:42:27','2019-06-23 12:42:27',268,0,0,0,0,NULL),(4397,208,348,'2019-06-23 12:42:27','2019-06-23 12:42:27',394,0,0,0,0,NULL),(4398,208,303,'2019-06-23 12:42:27','2019-06-23 12:42:27',268,0,0,0,0,NULL),(4399,208,289,'2019-06-23 12:42:27','2019-06-23 12:42:27',502,0,0,0,0,NULL),(4400,208,320,'2019-06-23 12:42:27','2019-06-23 12:42:27',502,0,0,0,0,NULL),(4401,208,338,'2019-06-23 12:42:27','2019-06-23 12:42:27',502,0,0,0,0,NULL),(4402,208,370,'2019-06-23 12:42:27','2019-06-23 12:42:27',502,0,0,0,0,NULL),(4403,208,386,'2019-06-23 12:42:27','2019-06-23 12:42:27',502,0,0,0,0,NULL),(4404,208,414,'2019-06-23 12:42:27','2019-06-23 12:42:27',502,0,0,0,0,NULL),(4405,208,445,'2019-06-23 12:42:27','2019-06-23 12:42:27',502,0,0,0,0,NULL),(4406,208,294,'2019-06-23 12:42:27','2019-06-23 12:42:27',436,0,0,0,0,NULL),(4407,208,311,'2019-06-23 12:42:27','2019-06-23 12:42:27',436,0,0,0,0,NULL),(4408,208,344,'2019-06-23 12:42:27','2019-06-23 12:42:27',436,0,0,0,0,NULL),(4409,208,360,'2019-06-23 12:42:27','2019-06-23 12:42:27',436,0,0,0,0,NULL),(4410,208,375,'2019-06-23 12:42:27','2019-06-23 12:42:27',436,0,0,0,0,NULL),(4411,208,403,'2019-06-23 12:42:27','2019-06-23 12:42:27',436,0,0,0,0,NULL),(4412,208,434,'2019-06-23 12:42:27','2019-06-23 12:42:27',436,0,0,0,0,NULL),(4413,208,295,'2019-06-23 12:42:27','2019-06-23 12:42:27',111,0,0,0,0,NULL),(4414,208,302,'2019-06-23 12:42:27','2019-06-23 12:42:27',111,0,0,0,0,NULL),(4415,208,324,'2019-06-23 12:42:27','2019-06-23 12:42:27',111,0,0,0,0,NULL),(4416,208,352,'2019-06-23 12:42:27','2019-06-23 12:42:27',111,0,0,0,0,NULL),(4417,208,394,'2019-06-23 12:42:27','2019-06-23 12:42:27',111,0,0,0,0,NULL),(4418,208,419,'2019-06-23 12:42:27','2019-06-23 12:42:27',111,0,0,0,0,NULL),(4419,208,424,'2019-06-23 12:42:27','2019-06-23 12:42:27',111,0,0,0,0,NULL),(4420,208,296,'2019-06-23 12:42:27','2019-06-23 12:42:27',65,0,0,0,0,NULL),(4421,208,353,'2019-06-23 12:42:27','2019-06-23 12:42:27',63,0,0,0,0,NULL),(4422,208,425,'2019-06-23 12:42:27','2019-06-23 12:42:27',65,0,0,0,0,NULL),(4423,208,405,'2019-06-23 12:42:27','2019-06-23 12:42:27',146,0,0,0,0,NULL),(4424,208,390,'2019-06-23 12:42:27','2019-06-23 12:42:27',65,0,0,0,0,NULL),(4425,208,325,'2019-06-23 12:42:27','2019-06-23 12:42:27',65,0,0,0,0,NULL),(4426,208,300,'2019-06-23 12:42:27','2019-06-23 12:42:27',65,0,0,0,0,NULL),(4428,210,418,'2019-06-23 12:42:27','2019-06-23 12:42:27',230,0,0,0,0,NULL),(4429,210,397,'2019-06-23 12:42:27','2019-06-23 12:42:27',114,0,0,0,0,NULL),(4430,210,354,'2019-06-23 12:42:27','2019-06-23 12:42:27',268,0,0,0,0,NULL),(4431,210,432,'2019-06-23 12:42:27','2019-06-23 12:42:27',394,0,0,0,0,NULL),(4432,210,301,'2019-06-23 12:42:27','2019-06-23 12:42:27',159,0,0,0,0,NULL),(4433,210,348,'2019-06-23 12:42:27','2019-06-23 12:42:27',394,0,0,0,0,NULL),(4434,210,291,'2019-06-23 12:42:27','2019-06-23 12:42:27',408,0,0,0,0,NULL),(4435,210,380,'2019-06-23 12:42:27','2019-06-23 12:42:27',262,0,0,0,0,NULL),(4436,210,417,'2019-06-23 12:42:27','2019-06-23 12:42:27',382,0,0,0,0,NULL),(4437,210,363,'2019-06-23 12:42:27','2019-06-23 12:42:27',217,0,0,0,0,NULL),(4438,210,441,'2019-06-23 12:42:27','2019-06-23 12:42:27',409,0,0,0,0,NULL),(4439,210,323,'2019-06-23 12:42:27','2019-06-23 12:42:27',382,0,0,0,0,NULL),(4440,210,334,'2019-06-23 12:42:27','2019-06-23 12:42:27',409,0,0,0,0,NULL),(4441,210,294,'2019-06-23 12:42:27','2019-06-23 12:42:27',436,0,0,0,0,NULL),(4442,210,311,'2019-06-23 12:42:27','2019-06-23 12:42:27',436,0,0,0,0,NULL),(4443,210,344,'2019-06-23 12:42:27','2019-06-23 12:42:27',436,0,0,0,0,NULL),(4444,210,360,'2019-06-23 12:42:27','2019-06-23 12:42:27',436,0,0,0,0,NULL),(4445,210,375,'2019-06-23 12:42:27','2019-06-23 12:42:27',436,0,0,0,0,NULL),(4446,210,403,'2019-06-23 12:42:27','2019-06-23 12:42:27',436,0,0,0,0,NULL),(4447,210,434,'2019-06-23 12:42:27','2019-06-23 12:42:27',436,0,0,0,0,NULL),(4448,210,295,'2019-06-23 12:42:28','2019-06-23 12:42:28',111,0,0,0,0,NULL),(4449,210,302,'2019-06-23 12:42:28','2019-06-23 12:42:28',111,0,0,0,0,NULL),(4450,210,324,'2019-06-23 12:42:28','2019-06-23 12:42:28',111,0,0,0,0,NULL),(4451,210,352,'2019-06-23 12:42:28','2019-06-23 12:42:28',111,0,0,0,0,NULL),(4452,210,394,'2019-06-23 12:42:28','2019-06-23 12:42:28',111,0,0,0,0,NULL),(4453,210,419,'2019-06-23 12:42:28','2019-06-23 12:42:28',111,0,0,0,0,NULL),(4454,210,424,'2019-06-23 12:42:28','2019-06-23 12:42:28',111,0,0,0,0,NULL),(4455,210,296,'2019-06-23 12:42:28','2019-06-23 12:42:28',65,0,0,0,0,NULL),(4456,210,355,'2019-06-23 12:42:28','2019-06-23 12:42:28',146,0,0,0,0,NULL),(4457,210,425,'2019-06-23 12:42:28','2019-06-23 12:42:28',65,0,0,0,0,NULL),(4458,210,399,'2019-06-23 12:42:28','2019-06-23 12:42:28',65,0,0,0,0,NULL),(4459,210,390,'2019-06-23 12:42:28','2019-06-23 12:42:28',65,0,0,0,0,NULL),(4460,210,327,'2019-06-23 12:42:28','2019-06-23 12:42:28',63,0,0,0,0,NULL),(4461,210,304,'2019-06-23 12:42:28','2019-06-23 12:42:28',63,0,0,0,0,NULL),(4462,217,278,'2019-06-23 12:42:28','2019-06-23 12:42:28',394,0,0,0,0,NULL),(4463,217,354,'2019-06-23 12:42:28','2019-06-23 12:42:28',268,0,0,0,0,NULL),(4464,217,428,'2019-06-23 12:42:28','2019-06-23 12:42:28',159,0,0,0,0,NULL),(4465,217,420,'2019-06-23 12:42:28','2019-06-23 12:42:28',159,0,0,0,0,NULL),(4466,217,396,'2019-06-23 12:42:28','2019-06-23 12:42:28',268,0,0,0,0,NULL),(4467,217,348,'2019-06-23 12:42:28','2019-06-23 12:42:28',394,0,0,0,0,NULL),(4468,217,301,'2019-06-23 12:42:28','2019-06-23 12:42:28',159,0,0,0,0,NULL),(4469,217,288,'2019-06-23 12:42:28','2019-06-23 12:42:28',366,0,0,0,0,NULL),(4470,217,416,'2019-06-23 12:42:28','2019-06-23 12:42:28',408,0,0,0,0,NULL),(4471,217,367,'2019-06-23 12:42:28','2019-06-23 12:42:28',380,0,0,0,0,NULL),(4472,217,383,'2019-06-23 12:42:28','2019-06-23 12:42:28',380,0,0,0,0,NULL),(4473,217,447,'2019-06-23 12:42:28','2019-06-23 12:42:28',408,0,0,0,0,NULL),(4474,217,323,'2019-06-23 12:42:28','2019-06-23 12:42:28',382,0,0,0,0,NULL),(4475,217,341,'2019-06-23 12:42:28','2019-06-23 12:42:28',382,0,0,0,0,NULL),(4476,217,294,'2019-06-23 12:42:28','2019-06-23 12:42:28',436,0,0,0,0,NULL),(4477,217,311,'2019-06-23 12:42:28','2019-06-23 12:42:28',436,0,0,0,0,NULL),(4478,217,344,'2019-06-23 12:42:28','2019-06-23 12:42:28',436,0,0,0,0,NULL),(4479,217,360,'2019-06-23 12:42:28','2019-06-23 12:42:28',436,0,0,0,0,NULL),(4480,217,375,'2019-06-23 12:42:28','2019-06-23 12:42:28',436,0,0,0,0,NULL),(4481,217,403,'2019-06-23 12:42:28','2019-06-23 12:42:28',436,0,0,0,0,NULL),(4482,217,434,'2019-06-23 12:42:28','2019-06-23 12:42:28',436,0,0,0,0,NULL),(4483,217,295,'2019-06-23 12:42:28','2019-06-23 12:42:28',111,0,0,0,0,NULL),(4484,217,302,'2019-06-23 12:42:28','2019-06-23 12:42:28',111,0,0,0,0,NULL),(4485,217,324,'2019-06-23 12:42:28','2019-06-23 12:42:28',111,0,0,0,0,NULL),(4486,217,352,'2019-06-23 12:42:28','2019-06-23 12:42:28',111,0,0,0,0,NULL),(4487,217,394,'2019-06-23 12:42:28','2019-06-23 12:42:28',111,0,0,0,0,NULL),(4488,217,419,'2019-06-23 12:42:28','2019-06-23 12:42:28',111,0,0,0,0,NULL),(4489,217,424,'2019-06-23 12:42:28','2019-06-23 12:42:28',111,0,0,0,0,NULL),(4490,217,298,'2019-06-23 12:42:28','2019-06-23 12:42:28',146,0,0,0,0,NULL),(4491,217,350,'2019-06-23 12:42:28','2019-06-23 12:42:28',65,0,0,0,0,NULL),(4492,217,425,'2019-06-23 12:42:28','2019-06-23 12:42:28',65,0,0,0,0,NULL),(4493,217,405,'2019-06-23 12:42:28','2019-06-23 12:42:28',146,0,0,0,0,NULL),(4494,217,390,'2019-06-23 12:42:28','2019-06-23 12:42:28',65,0,0,0,0,NULL),(4495,217,325,'2019-06-23 12:42:28','2019-06-23 12:42:28',65,0,0,0,0,NULL),(4496,217,304,'2019-06-23 12:42:28','2019-06-23 12:42:28',63,0,0,0,0,NULL),(4498,220,354,'2019-06-23 12:42:28','2019-06-23 12:42:28',268,0,0,0,0,NULL),(4499,220,428,'2019-06-23 12:42:28','2019-06-23 12:42:28',159,0,0,0,0,NULL),(4500,220,420,'2019-06-23 12:42:28','2019-06-23 12:42:28',159,0,0,0,0,NULL),(4501,220,396,'2019-06-23 12:42:28','2019-06-23 12:42:28',268,0,0,0,0,NULL),(4502,220,346,'2019-06-23 12:42:28','2019-06-23 12:42:28',268,0,0,0,0,NULL),(4503,220,306,'2019-06-23 12:42:28','2019-06-23 12:42:28',114,0,0,0,0,NULL),(4504,220,285,'2019-06-23 12:42:28','2019-06-23 12:42:28',409,0,0,0,0,NULL),(4505,220,380,'2019-06-23 12:42:28','2019-06-23 12:42:28',262,0,0,0,0,NULL),(4506,220,407,'2019-06-23 12:42:28','2019-06-23 12:42:28',217,0,0,0,0,NULL),(4507,220,359,'2019-06-23 12:42:28','2019-06-23 12:42:28',342,0,0,0,0,NULL),(4508,220,435,'2019-06-23 12:42:28','2019-06-23 12:42:28',342,0,0,0,0,NULL),(4509,220,316,'2019-06-23 12:42:28','2019-06-23 12:42:28',409,0,0,0,0,NULL),(4510,220,340,'2019-06-23 12:42:28','2019-06-23 12:42:28',408,0,0,0,0,NULL),(4511,220,294,'2019-06-23 12:42:28','2019-06-23 12:42:28',436,0,0,0,0,NULL),(4512,220,311,'2019-06-23 12:42:28','2019-06-23 12:42:28',436,0,0,0,0,NULL),(4513,220,342,'2019-06-23 12:42:28','2019-06-23 12:42:28',139,0,0,0,0,NULL),(4514,220,358,'2019-06-23 12:42:28','2019-06-23 12:42:28',139,0,0,0,0,NULL),(4515,220,375,'2019-06-23 12:42:28','2019-06-23 12:42:28',436,0,0,0,0,NULL),(4516,220,403,'2019-06-23 12:42:28','2019-06-23 12:42:28',436,0,0,0,0,NULL),(4517,220,433,'2019-06-23 12:42:28','2019-06-23 12:42:28',139,0,0,0,0,NULL),(4518,220,295,'2019-06-23 12:42:28','2019-06-23 12:42:28',111,0,0,0,0,NULL),(4519,220,302,'2019-06-23 12:42:28','2019-06-23 12:42:28',111,0,0,0,0,NULL),(4520,220,324,'2019-06-23 12:42:28','2019-06-23 12:42:28',111,0,0,0,0,NULL),(4521,220,352,'2019-06-23 12:42:28','2019-06-23 12:42:28',111,0,0,0,0,NULL),(4522,220,394,'2019-06-23 12:42:28','2019-06-23 12:42:28',111,0,0,0,0,NULL),(4523,220,419,'2019-06-23 12:42:28','2019-06-23 12:42:28',111,0,0,0,0,NULL),(4524,220,424,'2019-06-23 12:42:28','2019-06-23 12:42:28',111,0,0,0,0,NULL),(4525,220,297,'2019-06-23 12:42:28','2019-06-23 12:42:28',63,0,0,0,0,NULL),(4526,220,353,'2019-06-23 12:42:28','2019-06-23 12:42:28',63,0,0,0,0,NULL),(4527,220,427,'2019-06-23 12:42:28','2019-06-23 12:42:28',63,0,0,0,0,NULL),(4528,220,399,'2019-06-23 12:42:28','2019-06-23 12:42:28',65,0,0,0,0,NULL),(4529,220,390,'2019-06-23 12:42:28','2019-06-23 12:42:28',65,0,0,0,0,NULL),(4530,220,329,'2019-06-23 12:42:28','2019-06-23 12:42:28',146,0,0,0,0,NULL),(4531,220,305,'2019-06-23 12:42:28','2019-06-23 12:42:28',146,0,0,0,0,NULL),(4533,221,349,'2019-06-23 12:42:28','2019-06-23 12:42:28',230,0,0,0,0,NULL),(4534,221,428,'2019-06-23 12:42:28','2019-06-23 12:42:28',159,0,0,0,0,NULL),(4535,221,420,'2019-06-23 12:42:28','2019-06-23 12:42:28',159,0,0,0,0,NULL),(4536,221,393,'2019-06-23 12:42:28','2019-06-23 12:42:28',230,0,0,0,0,NULL),(4537,221,343,'2019-06-23 12:42:28','2019-06-23 12:42:28',230,0,0,0,0,NULL),(4538,221,306,'2019-06-23 12:42:28','2019-06-23 12:42:28',114,0,0,0,0,NULL),(4539,221,288,'2019-06-23 12:42:28','2019-06-23 12:42:28',366,0,0,0,0,NULL),(4540,221,389,'2019-06-23 12:42:28','2019-06-23 12:42:28',382,0,0,0,0,NULL),(4541,221,413,'2019-06-23 12:42:28','2019-06-23 12:42:28',366,0,0,0,0,NULL),(4542,221,373,'2019-06-23 12:42:28','2019-06-23 12:42:28',382,0,0,0,0,NULL),(4543,221,436,'2019-06-23 12:42:28','2019-06-23 12:42:28',309,0,0,0,0,NULL),(4544,221,322,'2019-06-23 12:42:28','2019-06-23 12:42:28',408,0,0,0,0,NULL),(4545,221,332,'2019-06-23 12:42:28','2019-06-23 12:42:28',262,0,0,0,0,NULL),(4546,221,293,'2019-06-23 12:42:28','2019-06-23 12:42:28',139,0,0,0,0,NULL),(4547,221,309,'2019-06-23 12:42:28','2019-06-23 12:42:28',139,0,0,0,0,NULL),(4548,221,342,'2019-06-23 12:42:28','2019-06-23 12:42:28',139,0,0,0,0,NULL),(4549,221,358,'2019-06-23 12:42:28','2019-06-23 12:42:28',139,0,0,0,0,NULL),(4550,221,374,'2019-06-23 12:42:28','2019-06-23 12:42:28',139,0,0,0,0,NULL),(4551,221,400,'2019-06-23 12:42:28','2019-06-23 12:42:28',139,0,0,0,0,NULL),(4552,221,434,'2019-06-23 12:42:28','2019-06-23 12:42:28',436,0,0,0,0,NULL),(4553,221,295,'2019-06-23 12:42:28','2019-06-23 12:42:28',111,0,0,0,0,NULL),(4554,221,302,'2019-06-23 12:42:28','2019-06-23 12:42:28',111,0,0,0,0,NULL),(4555,221,324,'2019-06-23 12:42:28','2019-06-23 12:42:28',111,0,0,0,0,NULL),(4556,221,352,'2019-06-23 12:42:28','2019-06-23 12:42:28',111,0,0,0,0,NULL),(4557,221,394,'2019-06-23 12:42:28','2019-06-23 12:42:28',111,0,0,0,0,NULL),(4558,221,419,'2019-06-23 12:42:28','2019-06-23 12:42:28',111,0,0,0,0,NULL),(4559,221,424,'2019-06-23 12:42:28','2019-06-23 12:42:28',111,0,0,0,0,NULL),(4560,221,297,'2019-06-23 12:42:28','2019-06-23 12:42:28',63,0,0,0,0,NULL),(4561,221,355,'2019-06-23 12:42:28','2019-06-23 12:42:28',146,0,0,0,0,NULL),(4562,221,429,'2019-06-23 12:42:28','2019-06-23 12:42:28',146,0,0,0,0,NULL),(4563,221,399,'2019-06-23 12:42:28','2019-06-23 12:42:28',65,0,0,0,0,NULL),(4564,221,391,'2019-06-23 12:42:28','2019-06-23 12:42:28',63,0,0,0,0,NULL),(4565,221,325,'2019-06-23 12:42:28','2019-06-23 12:42:28',65,0,0,0,0,NULL),(4566,221,305,'2019-06-23 12:42:28','2019-06-23 12:42:28',146,0,0,0,0,NULL),(4596,223,418,'2019-06-23 12:42:28','2019-06-23 12:42:28',230,0,0,0,0,NULL),(4597,223,397,'2019-06-23 12:42:28','2019-06-23 12:42:28',114,0,0,0,0,NULL),(4598,223,351,'2019-06-23 12:42:28','2019-06-23 12:42:28',159,0,0,0,0,NULL),(4599,223,426,'2019-06-23 12:42:28','2019-06-23 12:42:28',230,0,0,0,0,NULL),(4600,223,307,'2019-06-23 12:42:28','2019-06-23 12:42:28',394,0,0,0,0,NULL),(4601,223,347,'2019-06-23 12:42:28','2019-06-23 12:42:28',114,0,0,0,0,NULL),(4602,223,291,'2019-06-23 12:42:28','2019-06-23 12:42:28',408,0,0,0,0,NULL),(4603,223,378,'2019-06-23 12:42:28','2019-06-23 12:42:28',285,0,0,0,0,NULL),(4604,223,406,'2019-06-23 12:42:28','2019-06-23 12:42:28',285,0,0,0,0,NULL),(4605,223,367,'2019-06-23 12:42:28','2019-06-23 12:42:28',380,0,0,0,0,NULL),(4606,223,448,'2019-06-23 12:42:28','2019-06-23 12:42:28',382,0,0,0,0,NULL),(4607,223,317,'2019-06-23 12:42:28','2019-06-23 12:42:28',380,0,0,0,0,NULL),(4608,223,337,'2019-06-23 12:42:28','2019-06-23 12:42:28',366,0,0,0,0,NULL),(4609,223,293,'2019-06-23 12:42:28','2019-06-23 12:42:28',139,0,0,0,0,NULL),(4610,223,311,'2019-06-23 12:42:28','2019-06-23 12:42:28',436,0,0,0,0,NULL),(4611,223,342,'2019-06-23 12:42:28','2019-06-23 12:42:28',139,0,0,0,0,NULL),(4612,223,358,'2019-06-23 12:42:28','2019-06-23 12:42:28',139,0,0,0,0,NULL),(4613,223,374,'2019-06-23 12:42:28','2019-06-23 12:42:28',139,0,0,0,0,NULL),(4614,223,400,'2019-06-23 12:42:28','2019-06-23 12:42:28',139,0,0,0,0,NULL),(4615,223,434,'2019-06-23 12:42:28','2019-06-23 12:42:28',436,0,0,0,0,NULL),(4616,223,295,'2019-06-23 12:42:28','2019-06-23 12:42:28',111,0,0,0,0,NULL),(4617,223,302,'2019-06-23 12:42:28','2019-06-23 12:42:28',111,0,0,0,0,NULL),(4618,223,324,'2019-06-23 12:42:28','2019-06-23 12:42:28',111,0,0,0,0,NULL),(4619,223,352,'2019-06-23 12:42:28','2019-06-23 12:42:28',111,0,0,0,0,NULL),(4620,223,394,'2019-06-23 12:42:28','2019-06-23 12:42:28',111,0,0,0,0,NULL),(4621,223,419,'2019-06-23 12:42:28','2019-06-23 12:42:28',111,0,0,0,0,NULL),(4622,223,424,'2019-06-23 12:42:28','2019-06-23 12:42:28',111,0,0,0,0,NULL),(4623,223,296,'2019-06-23 12:42:28','2019-06-23 12:42:28',65,0,0,0,0,NULL),(4624,223,353,'2019-06-23 12:42:28','2019-06-23 12:42:28',63,0,0,0,0,NULL),(4625,223,427,'2019-06-23 12:42:28','2019-06-23 12:42:28',63,0,0,0,0,NULL),(4626,223,405,'2019-06-23 12:42:28','2019-06-23 12:42:28',146,0,0,0,0,NULL),(4627,223,391,'2019-06-23 12:42:28','2019-06-23 12:42:28',63,0,0,0,0,NULL),(4628,223,327,'2019-06-23 12:42:28','2019-06-23 12:42:28',63,0,0,0,0,NULL),(4629,223,304,'2019-06-23 12:42:28','2019-06-23 12:42:28',63,0,0,0,0,NULL),(4715,231,422,'2019-06-23 12:42:28','2019-06-23 12:42:28',114,0,0,0,0,NULL),(4716,231,398,'2019-06-23 12:42:28','2019-06-23 12:42:28',394,0,0,0,0,NULL),(4717,231,357,'2019-06-23 12:42:28','2019-06-23 12:42:28',394,0,0,0,0,NULL),(4718,231,431,'2019-06-23 12:42:28','2019-06-23 12:42:28',114,0,0,0,0,NULL),(4719,231,299,'2019-06-23 12:42:28','2019-06-23 12:42:28',230,0,0,0,0,NULL),(4720,231,343,'2019-06-23 12:42:28','2019-06-23 12:42:28',230,0,0,0,0,NULL),(4721,231,280,'2019-06-23 12:42:28','2019-06-23 12:42:28',309,0,0,0,0,NULL),(4722,231,379,'2019-06-23 12:42:28','2019-06-23 12:42:28',217,0,0,0,0,NULL),(4723,231,406,'2019-06-23 12:42:28','2019-06-23 12:42:28',285,0,0,0,0,NULL),(4724,231,363,'2019-06-23 12:42:28','2019-06-23 12:42:28',217,0,0,0,0,NULL),(4725,231,444,'2019-06-23 12:42:28','2019-06-23 12:42:28',366,0,0,0,0,NULL),(4726,231,323,'2019-06-23 12:42:28','2019-06-23 12:42:28',382,0,0,0,0,NULL),(4727,231,338,'2019-06-23 12:42:28','2019-06-23 12:42:28',502,0,0,0,0,NULL),(4728,231,294,'2019-06-23 12:42:28','2019-06-23 12:42:28',436,0,0,0,0,NULL),(4729,231,311,'2019-06-23 12:42:28','2019-06-23 12:42:28',436,0,0,0,0,NULL),(4730,231,344,'2019-06-23 12:42:28','2019-06-23 12:42:28',436,0,0,0,0,NULL),(4731,231,360,'2019-06-23 12:42:28','2019-06-23 12:42:28',436,0,0,0,0,NULL),(4732,231,375,'2019-06-23 12:42:28','2019-06-23 12:42:28',436,0,0,0,0,NULL),(4733,231,403,'2019-06-23 12:42:28','2019-06-23 12:42:28',436,0,0,0,0,NULL),(4734,231,434,'2019-06-23 12:42:28','2019-06-23 12:42:28',436,0,0,0,0,NULL),(4735,231,295,'2019-06-23 12:42:28','2019-06-23 12:42:28',111,0,0,0,0,NULL),(4736,231,302,'2019-06-23 12:42:28','2019-06-23 12:42:28',111,0,0,0,0,NULL),(4737,231,324,'2019-06-23 12:42:28','2019-06-23 12:42:28',111,0,0,0,0,NULL),(4738,231,352,'2019-06-23 12:42:28','2019-06-23 12:42:28',111,0,0,0,0,NULL),(4739,231,394,'2019-06-23 12:42:28','2019-06-23 12:42:28',111,0,0,0,0,NULL),(4740,231,419,'2019-06-23 12:42:28','2019-06-23 12:42:28',111,0,0,0,0,NULL),(4741,231,424,'2019-06-23 12:42:28','2019-06-23 12:42:28',111,0,0,0,0,NULL),(4742,231,298,'2019-06-23 12:42:28','2019-06-23 12:42:28',146,0,0,0,0,NULL),(4743,231,353,'2019-06-23 12:42:28','2019-06-23 12:42:28',63,0,0,0,0,NULL),(4744,231,425,'2019-06-23 12:42:28','2019-06-23 12:42:28',65,0,0,0,0,NULL),(4745,231,399,'2019-06-23 12:42:28','2019-06-23 12:42:28',65,0,0,0,0,NULL),(4746,231,390,'2019-06-23 12:42:28','2019-06-23 12:42:28',65,0,0,0,0,NULL),(4747,231,325,'2019-06-23 12:42:28','2019-06-23 12:42:28',65,0,0,0,0,NULL),(4748,231,304,'2019-06-23 12:42:28','2019-06-23 12:42:28',63,0,0,0,0,NULL),(4827,235,349,'2019-06-23 12:42:29','2019-06-23 12:42:29',230,0,0,0,0,NULL),(4828,235,432,'2019-06-23 12:42:29','2019-06-23 12:42:29',394,0,0,0,0,NULL),(4829,235,423,'2019-06-23 12:42:29','2019-06-23 12:42:29',394,0,0,0,0,NULL),(4830,235,396,'2019-06-23 12:42:29','2019-06-23 12:42:29',268,0,0,0,0,NULL),(4831,235,345,'2019-06-23 12:42:29','2019-06-23 12:42:29',159,0,0,0,0,NULL),(4832,235,307,'2019-06-23 12:42:29','2019-06-23 12:42:29',394,0,0,0,0,NULL),(4833,235,291,'2019-06-23 12:42:29','2019-06-23 12:42:29',408,0,0,0,0,NULL),(4834,235,401,'2019-06-23 12:42:29','2019-06-23 12:42:29',342,0,0,0,0,NULL),(4835,235,369,'2019-06-23 12:42:29','2019-06-23 12:42:29',366,0,0,0,0,NULL),(4836,235,376,'2019-06-23 12:42:29','2019-06-23 12:42:29',342,0,0,0,0,NULL),(4837,235,448,'2019-06-23 12:42:29','2019-06-23 12:42:29',382,0,0,0,0,NULL),(4838,235,310,'2019-06-23 12:42:29','2019-06-23 12:42:29',309,0,0,0,0,NULL),(4839,235,337,'2019-06-23 12:42:29','2019-06-23 12:42:29',366,0,0,0,0,NULL),(4840,235,294,'2019-06-23 12:42:29','2019-06-23 12:42:29',436,0,0,0,0,NULL),(4841,235,311,'2019-06-23 12:42:29','2019-06-23 12:42:29',436,0,0,0,0,NULL),(4842,235,344,'2019-06-23 12:42:29','2019-06-23 12:42:29',436,0,0,0,0,NULL),(4843,235,360,'2019-06-23 12:42:29','2019-06-23 12:42:29',436,0,0,0,0,NULL),(4844,235,375,'2019-06-23 12:42:29','2019-06-23 12:42:29',436,0,0,0,0,NULL),(4845,235,403,'2019-06-23 12:42:29','2019-06-23 12:42:29',436,0,0,0,0,NULL),(4846,235,434,'2019-06-23 12:42:29','2019-06-23 12:42:29',436,0,0,0,0,NULL),(4847,235,295,'2019-06-23 12:42:29','2019-06-23 12:42:29',111,0,0,0,0,NULL),(4848,235,302,'2019-06-23 12:42:29','2019-06-23 12:42:29',111,0,0,0,0,NULL),(4849,235,324,'2019-06-23 12:42:29','2019-06-23 12:42:29',111,0,0,0,0,NULL),(4850,235,352,'2019-06-23 12:42:29','2019-06-23 12:42:29',111,0,0,0,0,NULL),(4851,235,394,'2019-06-23 12:42:29','2019-06-23 12:42:29',111,0,0,0,0,NULL),(4852,235,419,'2019-06-23 12:42:29','2019-06-23 12:42:29',111,0,0,0,0,NULL),(4853,235,424,'2019-06-23 12:42:29','2019-06-23 12:42:29',111,0,0,0,0,NULL),(4854,235,298,'2019-06-23 12:42:29','2019-06-23 12:42:29',146,0,0,0,0,NULL),(4855,235,353,'2019-06-23 12:42:29','2019-06-23 12:42:29',63,0,0,0,0,NULL),(4856,235,429,'2019-06-23 12:42:29','2019-06-23 12:42:29',146,0,0,0,0,NULL),(4857,235,405,'2019-06-23 12:42:29','2019-06-23 12:42:29',146,0,0,0,0,NULL),(4858,235,391,'2019-06-23 12:42:29','2019-06-23 12:42:29',63,0,0,0,0,NULL),(4859,235,327,'2019-06-23 12:42:29','2019-06-23 12:42:29',63,0,0,0,0,NULL),(4860,235,305,'2019-06-23 12:42:29','2019-06-23 12:42:29',146,0,0,0,0,NULL),(4862,237,423,'2019-06-23 12:42:29','2019-06-23 12:42:29',394,0,0,0,0,NULL),(4863,237,395,'2019-06-23 12:42:29','2019-06-23 12:42:29',159,0,0,0,0,NULL),(4864,237,357,'2019-06-23 12:42:29','2019-06-23 12:42:29',394,0,0,0,0,NULL),(4865,237,428,'2019-06-23 12:42:29','2019-06-23 12:42:29',159,0,0,0,0,NULL),(4866,237,303,'2019-06-23 12:42:29','2019-06-23 12:42:29',268,0,0,0,0,NULL),(4867,237,346,'2019-06-23 12:42:29','2019-06-23 12:42:29',268,0,0,0,0,NULL),(4868,237,283,'2019-06-23 12:42:29','2019-06-23 12:42:29',262,0,0,0,0,NULL),(4869,237,388,'2019-06-23 12:42:29','2019-06-23 12:42:29',408,0,0,0,0,NULL),(4870,237,407,'2019-06-23 12:42:29','2019-06-23 12:42:29',217,0,0,0,0,NULL),(4871,237,366,'2019-06-23 12:42:29','2019-06-23 12:42:29',409,0,0,0,0,NULL),(4872,237,439,'2019-06-23 12:42:29','2019-06-23 12:42:29',262,0,0,0,0,NULL),(4873,237,315,'2019-06-23 12:42:29','2019-06-23 12:42:29',327,0,0,0,0,NULL),(4874,237,333,'2019-06-23 12:42:29','2019-06-23 12:42:29',327,0,0,0,0,NULL),(4875,237,294,'2019-06-23 12:42:29','2019-06-23 12:42:29',436,0,0,0,0,NULL),(4876,237,311,'2019-06-23 12:42:29','2019-06-23 12:42:29',436,0,0,0,0,NULL),(4877,237,344,'2019-06-23 12:42:29','2019-06-23 12:42:29',436,0,0,0,0,NULL),(4878,237,360,'2019-06-23 12:42:29','2019-06-23 12:42:29',436,0,0,0,0,NULL),(4879,237,375,'2019-06-23 12:42:29','2019-06-23 12:42:29',436,0,0,0,0,NULL),(4880,237,403,'2019-06-23 12:42:29','2019-06-23 12:42:29',436,0,0,0,0,NULL),(4881,237,434,'2019-06-23 12:42:29','2019-06-23 12:42:29',436,0,0,0,0,NULL),(4882,237,295,'2019-06-23 12:42:29','2019-06-23 12:42:29',111,0,0,0,0,NULL),(4883,237,302,'2019-06-23 12:42:29','2019-06-23 12:42:29',111,0,0,0,0,NULL),(4884,237,324,'2019-06-23 12:42:29','2019-06-23 12:42:29',111,0,0,0,0,NULL),(4885,237,352,'2019-06-23 12:42:29','2019-06-23 12:42:29',111,0,0,0,0,NULL),(4886,237,394,'2019-06-23 12:42:29','2019-06-23 12:42:29',111,0,0,0,0,NULL),(4887,237,419,'2019-06-23 12:42:29','2019-06-23 12:42:29',111,0,0,0,0,NULL),(4888,237,424,'2019-06-23 12:42:29','2019-06-23 12:42:29',111,0,0,0,0,NULL),(4889,237,296,'2019-06-23 12:42:29','2019-06-23 12:42:29',65,0,0,0,0,NULL),(4890,237,350,'2019-06-23 12:42:29','2019-06-23 12:42:29',65,0,0,0,0,NULL),(4891,237,427,'2019-06-23 12:42:29','2019-06-23 12:42:29',63,0,0,0,0,NULL),(4892,237,399,'2019-06-23 12:42:29','2019-06-23 12:42:29',65,0,0,0,0,NULL),(4893,237,390,'2019-06-23 12:42:29','2019-06-23 12:42:29',65,0,0,0,0,NULL),(4894,237,327,'2019-06-23 12:42:29','2019-06-23 12:42:29',63,0,0,0,0,NULL),(4895,237,300,'2019-06-23 12:42:29','2019-06-23 12:42:29',65,0,0,0,0,NULL),(4896,2,278,'2019-06-23 14:50:57','2019-06-23 14:50:57',394,0,0,0,0,NULL),(4897,2,307,'2019-06-23 14:50:57','2019-06-23 14:50:57',394,0,0,0,0,NULL),(4898,2,348,'2019-06-23 14:50:57','2019-06-23 14:50:57',394,0,0,0,0,NULL),(4899,2,357,'2019-06-23 14:50:57','2019-06-23 14:50:57',394,0,0,0,0,NULL),(4900,2,398,'2019-06-23 14:50:57','2019-06-23 14:50:57',394,0,0,0,0,NULL),(4901,2,423,'2019-06-23 14:50:57','2019-06-23 14:50:57',394,0,0,0,0,NULL),(4902,2,432,'2019-06-23 14:50:57','2019-06-23 14:50:57',394,0,0,0,0,NULL),(4903,2,295,'2019-06-23 14:50:57','2019-06-23 14:50:57',111,0,0,0,0,NULL),(4904,2,302,'2019-06-23 14:50:57','2019-06-23 14:50:57',111,0,0,0,0,NULL),(4905,2,324,'2019-06-23 14:50:57','2019-06-23 14:50:57',111,0,0,0,0,NULL),(4906,2,352,'2019-06-23 14:50:57','2019-06-23 14:50:57',111,0,0,0,0,NULL),(4907,2,394,'2019-06-23 14:50:57','2019-06-23 14:50:57',111,0,0,0,0,NULL),(4908,2,419,'2019-06-23 14:50:57','2019-06-23 14:50:57',111,0,0,0,0,NULL),(4909,2,424,'2019-06-23 14:50:57','2019-06-23 14:50:57',111,0,0,0,0,NULL),(4910,2,298,'2019-06-23 14:50:57','2019-06-23 14:50:57',146,0,0,0,0,NULL),(4911,2,305,'2019-06-23 14:50:57','2019-06-23 14:50:57',146,0,0,0,0,NULL),(4912,2,329,'2019-06-23 14:50:57','2019-06-23 14:50:57',146,0,0,0,0,NULL),(4913,2,350,'2019-06-23 14:50:57','2019-06-23 14:50:57',65,0,0,0,0,NULL),(4914,2,392,'2019-06-23 14:50:57','2019-06-23 14:50:57',146,0,0,0,0,NULL),(4915,2,399,'2019-06-23 14:50:57','2019-06-23 14:50:57',65,0,0,0,0,NULL),(4916,2,425,'2019-06-23 14:50:57','2019-06-23 14:50:57',65,0,0,0,0,NULL),(4946,7,306,'2019-06-23 14:50:57','2019-06-23 14:50:57',114,0,0,0,0,NULL),(4947,7,347,'2019-06-23 14:50:57','2019-06-23 14:50:57',114,0,0,0,0,NULL),(4948,7,356,'2019-06-23 14:50:57','2019-06-23 14:50:57',114,0,0,0,0,NULL),(4949,7,397,'2019-06-23 14:50:57','2019-06-23 14:50:57',114,0,0,0,0,NULL),(4950,7,422,'2019-06-23 14:50:57','2019-06-23 14:50:57',114,0,0,0,0,NULL),(4951,7,431,'2019-06-23 14:50:57','2019-06-23 14:50:57',114,0,0,0,0,NULL),(4952,7,290,'2019-06-23 14:50:57','2019-06-23 14:50:57',0,0,0,0,0,NULL),(4953,7,318,'2019-06-23 14:50:57','2019-06-23 14:50:57',8,0,0,0,0,NULL),(4954,7,339,'2019-06-23 14:50:57','2019-06-23 14:50:57',0,0,0,0,0,NULL),(4955,7,368,'2019-06-23 14:50:57','2019-06-23 14:50:57',8,0,0,0,0,NULL),(4956,7,387,'2019-06-23 14:50:57','2019-06-23 14:50:57',0,0,0,0,0,NULL),(4957,7,415,'2019-06-23 14:50:57','2019-06-23 14:50:57',0,0,0,0,0,NULL),(4958,7,446,'2019-06-23 14:50:57','2019-06-23 14:50:57',0,0,0,0,0,NULL),(4959,7,295,'2019-06-23 14:50:57','2019-06-23 14:50:57',111,0,0,0,0,NULL),(4960,7,302,'2019-06-23 14:50:57','2019-06-23 14:50:57',111,0,0,0,0,NULL),(4961,7,324,'2019-06-23 14:50:57','2019-06-23 14:50:57',111,0,0,0,0,NULL),(4962,7,352,'2019-06-23 14:50:57','2019-06-23 14:50:57',111,0,0,0,0,NULL),(4963,7,394,'2019-06-23 14:50:57','2019-06-23 14:50:57',111,0,0,0,0,NULL),(4964,7,419,'2019-06-23 14:50:57','2019-06-23 14:50:57',111,0,0,0,0,NULL),(4965,7,424,'2019-06-23 14:50:57','2019-06-23 14:50:57',111,0,0,0,0,NULL),(4966,7,297,'2019-06-23 14:50:57','2019-06-23 14:50:57',63,0,0,0,0,NULL),(4967,7,350,'2019-06-23 14:50:57','2019-06-23 14:50:57',65,0,0,0,0,NULL),(4968,7,425,'2019-06-23 14:50:57','2019-06-23 14:50:57',65,0,0,0,0,NULL),(4969,7,399,'2019-06-23 14:50:57','2019-06-23 14:50:57',65,0,0,0,0,NULL),(4970,7,390,'2019-06-23 14:50:57','2019-06-23 14:50:57',65,0,0,0,0,NULL),(4971,7,327,'2019-06-23 14:50:57','2019-06-23 14:50:57',63,0,0,0,0,NULL),(4972,7,305,'2019-06-23 14:50:57','2019-06-23 14:50:57',146,0,0,0,0,NULL),(4973,10,278,'2019-06-23 14:50:57','2019-06-23 14:50:57',394,0,0,0,0,NULL),(4974,10,307,'2019-06-23 14:50:57','2019-06-23 14:50:57',394,0,0,0,0,NULL),(4975,10,348,'2019-06-23 14:50:57','2019-06-23 14:50:57',394,0,0,0,0,NULL),(4976,10,357,'2019-06-23 14:50:57','2019-06-23 14:50:57',394,0,0,0,0,NULL),(4977,10,398,'2019-06-23 14:50:57','2019-06-23 14:50:57',394,0,0,0,0,NULL),(4978,10,423,'2019-06-23 14:50:57','2019-06-23 14:50:57',394,0,0,0,0,NULL),(4979,10,432,'2019-06-23 14:50:57','2019-06-23 14:50:57',394,0,0,0,0,NULL),(4980,10,295,'2019-06-23 14:50:57','2019-06-23 14:50:57',111,0,0,0,0,NULL),(4981,10,302,'2019-06-23 14:50:57','2019-06-23 14:50:57',111,0,0,0,0,NULL),(4982,10,324,'2019-06-23 14:50:57','2019-06-23 14:50:57',111,0,0,0,0,NULL),(4983,10,352,'2019-06-23 14:50:57','2019-06-23 14:50:57',111,0,0,0,0,NULL),(4984,10,394,'2019-06-23 14:50:57','2019-06-23 14:50:57',111,0,0,0,0,NULL),(4985,10,419,'2019-06-23 14:50:57','2019-06-23 14:50:57',111,0,0,0,0,NULL),(4986,10,424,'2019-06-23 14:50:57','2019-06-23 14:50:57',111,0,0,0,0,NULL),(4987,10,298,'2019-06-23 14:50:57','2019-06-23 14:50:57',146,0,0,0,0,NULL),(4988,10,305,'2019-06-23 14:50:57','2019-06-23 14:50:57',146,0,0,0,0,NULL),(4989,10,329,'2019-06-23 14:50:57','2019-06-23 14:50:57',146,0,0,0,0,NULL),(4990,10,355,'2019-06-23 14:50:57','2019-06-23 14:50:57',146,0,0,0,0,NULL),(4991,10,392,'2019-06-23 14:50:57','2019-06-23 14:50:57',146,0,0,0,0,NULL),(4992,10,405,'2019-06-23 14:50:57','2019-06-23 14:50:57',146,0,0,0,0,NULL),(4993,10,429,'2019-06-23 14:50:57','2019-06-23 14:50:57',146,0,0,0,0,NULL),(5001,30,278,'2019-06-23 14:50:57','2019-06-23 14:50:57',394,0,0,0,0,NULL),(5002,30,307,'2019-06-23 14:50:57','2019-06-23 14:50:57',394,0,0,0,0,NULL),(5003,30,348,'2019-06-23 14:50:57','2019-06-23 14:50:57',394,0,0,0,0,NULL),(5004,30,357,'2019-06-23 14:50:57','2019-06-23 14:50:57',394,0,0,0,0,NULL),(5005,30,398,'2019-06-23 14:50:57','2019-06-23 14:50:57',394,0,0,0,0,NULL),(5006,30,423,'2019-06-23 14:50:57','2019-06-23 14:50:57',394,0,0,0,0,NULL),(5007,30,432,'2019-06-23 14:50:57','2019-06-23 14:50:57',394,0,0,0,0,NULL),(5008,30,295,'2019-06-23 14:50:57','2019-06-23 14:50:57',111,0,0,0,0,NULL),(5009,30,302,'2019-06-23 14:50:57','2019-06-23 14:50:57',111,0,0,0,0,NULL),(5010,30,324,'2019-06-23 14:50:57','2019-06-23 14:50:57',111,0,0,0,0,NULL),(5011,30,352,'2019-06-23 14:50:57','2019-06-23 14:50:57',111,0,0,0,0,NULL),(5012,30,394,'2019-06-23 14:50:57','2019-06-23 14:50:57',111,0,0,0,0,NULL),(5013,30,419,'2019-06-23 14:50:57','2019-06-23 14:50:57',111,0,0,0,0,NULL),(5014,30,424,'2019-06-23 14:50:57','2019-06-23 14:50:57',111,0,0,0,0,NULL),(5015,30,298,'2019-06-23 14:50:57','2019-06-23 14:50:57',146,0,0,0,0,NULL),(5016,30,305,'2019-06-23 14:50:57','2019-06-23 14:50:57',146,0,0,0,0,NULL),(5017,30,329,'2019-06-23 14:50:57','2019-06-23 14:50:57',146,0,0,0,0,NULL),(5018,30,355,'2019-06-23 14:50:57','2019-06-23 14:50:57',146,0,0,0,0,NULL),(5019,30,392,'2019-06-23 14:50:57','2019-06-23 14:50:57',146,0,0,0,0,NULL),(5020,30,405,'2019-06-23 14:50:57','2019-06-23 14:50:57',146,0,0,0,0,NULL),(5021,30,429,'2019-06-23 14:50:57','2019-06-23 14:50:57',146,0,0,0,0,NULL),(5023,34,303,'2019-06-23 14:50:57','2019-06-23 14:50:57',268,0,0,0,0,NULL),(5024,34,348,'2019-06-23 14:50:57','2019-06-23 14:50:57',394,0,0,0,0,NULL),(5025,34,357,'2019-06-23 14:50:57','2019-06-23 14:50:57',394,0,0,0,0,NULL),(5026,34,398,'2019-06-23 14:50:57','2019-06-23 14:50:57',394,0,0,0,0,NULL),(5027,34,423,'2019-06-23 14:50:57','2019-06-23 14:50:57',394,0,0,0,0,NULL),(5028,34,432,'2019-06-23 14:50:57','2019-06-23 14:50:57',394,0,0,0,0,NULL),(5029,34,285,'2019-06-23 14:50:57','2019-06-23 14:50:57',409,0,0,0,0,NULL),(5030,34,416,'2019-06-23 14:50:57','2019-06-23 14:50:57',408,0,0,0,0,NULL),(5031,34,388,'2019-06-23 14:50:57','2019-06-23 14:50:57',408,0,0,0,0,NULL),(5032,34,372,'2019-06-23 14:50:57','2019-06-23 14:50:57',408,0,0,0,0,NULL),(5033,34,445,'2019-06-23 14:50:57','2019-06-23 14:50:57',502,0,0,0,0,NULL),(5034,34,317,'2019-06-23 14:50:57','2019-06-23 14:50:57',380,0,0,0,0,NULL),(5035,34,340,'2019-06-23 14:50:57','2019-06-23 14:50:57',408,0,0,0,0,NULL),(5036,34,294,'2019-06-23 14:50:57','2019-06-23 14:50:57',436,0,0,0,0,NULL),(5037,34,311,'2019-06-23 14:50:57','2019-06-23 14:50:57',436,0,0,0,0,NULL),(5038,34,344,'2019-06-23 14:50:57','2019-06-23 14:50:57',436,0,0,0,0,NULL),(5039,34,360,'2019-06-23 14:50:57','2019-06-23 14:50:57',436,0,0,0,0,NULL),(5040,34,375,'2019-06-23 14:50:57','2019-06-23 14:50:57',436,0,0,0,0,NULL),(5041,34,403,'2019-06-23 14:50:57','2019-06-23 14:50:57',436,0,0,0,0,NULL),(5042,34,434,'2019-06-23 14:50:57','2019-06-23 14:50:57',436,0,0,0,0,NULL),(5043,34,297,'2019-06-23 14:50:57','2019-06-23 14:50:57',63,0,0,0,0,NULL),(5044,34,350,'2019-06-23 14:50:57','2019-06-23 14:50:57',65,0,0,0,0,NULL),(5045,34,429,'2019-06-23 14:50:57','2019-06-23 14:50:57',146,0,0,0,0,NULL),(5046,34,402,'2019-06-23 14:50:57','2019-06-23 14:50:57',63,0,0,0,0,NULL),(5047,34,392,'2019-06-23 14:50:57','2019-06-23 14:50:57',146,0,0,0,0,NULL),(5048,34,325,'2019-06-23 14:50:57','2019-06-23 14:50:57',65,0,0,0,0,NULL),(5049,34,304,'2019-06-23 14:50:57','2019-06-23 14:50:57',63,0,0,0,0,NULL),(5050,36,278,'2019-06-23 14:50:57','2019-06-23 14:50:57',394,0,0,0,0,NULL),(5051,36,307,'2019-06-23 14:50:57','2019-06-23 14:50:57',394,0,0,0,0,NULL),(5052,36,348,'2019-06-23 14:50:57','2019-06-23 14:50:57',394,0,0,0,0,NULL),(5053,36,357,'2019-06-23 14:50:57','2019-06-23 14:50:57',394,0,0,0,0,NULL),(5054,36,398,'2019-06-23 14:50:57','2019-06-23 14:50:57',394,0,0,0,0,NULL),(5055,36,423,'2019-06-23 14:50:57','2019-06-23 14:50:57',394,0,0,0,0,NULL),(5056,36,432,'2019-06-23 14:50:57','2019-06-23 14:50:57',394,0,0,0,0,NULL),(5057,36,295,'2019-06-23 14:50:57','2019-06-23 14:50:57',111,0,0,0,0,NULL),(5058,36,302,'2019-06-23 14:50:57','2019-06-23 14:50:57',111,0,0,0,0,NULL),(5059,36,324,'2019-06-23 14:50:57','2019-06-23 14:50:57',111,0,0,0,0,NULL),(5060,36,352,'2019-06-23 14:50:57','2019-06-23 14:50:57',111,0,0,0,0,NULL),(5061,36,394,'2019-06-23 14:50:57','2019-06-23 14:50:57',111,0,0,0,0,NULL),(5062,36,419,'2019-06-23 14:50:57','2019-06-23 14:50:57',111,0,0,0,0,NULL),(5063,36,424,'2019-06-23 14:50:57','2019-06-23 14:50:57',111,0,0,0,0,NULL),(5064,36,296,'2019-06-23 14:50:57','2019-06-23 14:50:57',65,0,0,0,0,NULL),(5065,36,355,'2019-06-23 14:50:57','2019-06-23 14:50:57',146,0,0,0,0,NULL),(5066,36,425,'2019-06-23 14:50:57','2019-06-23 14:50:57',65,0,0,0,0,NULL),(5067,36,402,'2019-06-23 14:50:57','2019-06-23 14:50:57',63,0,0,0,0,NULL),(5068,36,391,'2019-06-23 14:50:57','2019-06-23 14:50:57',63,0,0,0,0,NULL),(5069,36,325,'2019-06-23 14:50:57','2019-06-23 14:50:57',65,0,0,0,0,NULL),(5070,36,304,'2019-06-23 14:50:57','2019-06-23 14:50:57',63,0,0,0,0,NULL),(5072,47,307,'2019-06-23 14:50:57','2019-06-23 14:50:57',394,0,0,0,0,NULL),(5073,47,348,'2019-06-23 14:50:57','2019-06-23 14:50:57',394,0,0,0,0,NULL),(5074,47,354,'2019-06-23 14:50:57','2019-06-23 14:50:57',268,0,0,0,0,NULL),(5075,47,398,'2019-06-23 14:50:57','2019-06-23 14:50:57',394,0,0,0,0,NULL),(5076,47,421,'2019-06-23 14:50:57','2019-06-23 14:50:57',268,0,0,0,0,NULL),(5077,47,430,'2019-06-23 14:50:57','2019-06-23 14:50:57',268,0,0,0,0,NULL),(5078,47,289,'2019-06-23 14:50:57','2019-06-23 14:50:57',502,0,0,0,0,NULL),(5079,47,320,'2019-06-23 14:50:57','2019-06-23 14:50:57',502,0,0,0,0,NULL),(5080,47,338,'2019-06-23 14:50:57','2019-06-23 14:50:57',502,0,0,0,0,NULL),(5081,47,370,'2019-06-23 14:50:57','2019-06-23 14:50:57',502,0,0,0,0,NULL),(5082,47,386,'2019-06-23 14:50:57','2019-06-23 14:50:57',502,0,0,0,0,NULL),(5083,47,414,'2019-06-23 14:50:57','2019-06-23 14:50:57',502,0,0,0,0,NULL),(5084,47,445,'2019-06-23 14:50:57','2019-06-23 14:50:57',502,0,0,0,0,NULL),(5085,47,295,'2019-06-23 14:50:57','2019-06-23 14:50:57',111,0,0,0,0,NULL),(5086,47,302,'2019-06-23 14:50:57','2019-06-23 14:50:57',111,0,0,0,0,NULL),(5087,47,324,'2019-06-23 14:50:57','2019-06-23 14:50:57',111,0,0,0,0,NULL),(5088,47,352,'2019-06-23 14:50:57','2019-06-23 14:50:57',111,0,0,0,0,NULL),(5089,47,394,'2019-06-23 14:50:57','2019-06-23 14:50:57',111,0,0,0,0,NULL),(5090,47,419,'2019-06-23 14:50:57','2019-06-23 14:50:57',111,0,0,0,0,NULL),(5091,47,424,'2019-06-23 14:50:57','2019-06-23 14:50:57',111,0,0,0,0,NULL),(5092,47,298,'2019-06-23 14:50:57','2019-06-23 14:50:57',146,0,0,0,0,NULL),(5093,47,350,'2019-06-23 14:50:57','2019-06-23 14:50:57',65,0,0,0,0,NULL),(5094,47,425,'2019-06-23 14:50:57','2019-06-23 14:50:57',65,0,0,0,0,NULL),(5095,47,405,'2019-06-23 14:50:57','2019-06-23 14:50:57',146,0,0,0,0,NULL),(5096,47,390,'2019-06-23 14:50:57','2019-06-23 14:50:57',65,0,0,0,0,NULL),(5097,47,329,'2019-06-23 14:50:57','2019-06-23 14:50:57',146,0,0,0,0,NULL),(5098,47,300,'2019-06-23 14:50:57','2019-06-23 14:50:57',65,0,0,0,0,NULL),(5099,50,278,'2019-06-23 14:50:57','2019-06-23 14:50:57',394,0,0,0,0,NULL),(5100,50,307,'2019-06-23 14:50:57','2019-06-23 14:50:57',394,0,0,0,0,NULL),(5101,50,348,'2019-06-23 14:50:57','2019-06-23 14:50:57',394,0,0,0,0,NULL),(5102,50,357,'2019-06-23 14:50:57','2019-06-23 14:50:57',394,0,0,0,0,NULL),(5103,50,398,'2019-06-23 14:50:57','2019-06-23 14:50:57',394,0,0,0,0,NULL),(5104,50,423,'2019-06-23 14:50:57','2019-06-23 14:50:57',394,0,0,0,0,NULL),(5105,50,432,'2019-06-23 14:50:57','2019-06-23 14:50:57',394,0,0,0,0,NULL),(5106,50,295,'2019-06-23 14:50:57','2019-06-23 14:50:57',111,0,0,0,0,NULL),(5107,50,302,'2019-06-23 14:50:57','2019-06-23 14:50:57',111,0,0,0,0,NULL),(5108,50,324,'2019-06-23 14:50:57','2019-06-23 14:50:57',111,0,0,0,0,NULL),(5109,50,352,'2019-06-23 14:50:57','2019-06-23 14:50:57',111,0,0,0,0,NULL),(5110,50,394,'2019-06-23 14:50:57','2019-06-23 14:50:57',111,0,0,0,0,NULL),(5111,50,419,'2019-06-23 14:50:57','2019-06-23 14:50:57',111,0,0,0,0,NULL),(5112,50,424,'2019-06-23 14:50:57','2019-06-23 14:50:57',111,0,0,0,0,NULL),(5113,50,298,'2019-06-23 14:50:57','2019-06-23 14:50:57',146,0,0,0,0,NULL),(5114,50,305,'2019-06-23 14:50:57','2019-06-23 14:50:57',146,0,0,0,0,NULL),(5115,50,329,'2019-06-23 14:50:57','2019-06-23 14:50:57',146,0,0,0,0,NULL),(5116,50,355,'2019-06-23 14:50:57','2019-06-23 14:50:57',146,0,0,0,0,NULL),(5117,50,392,'2019-06-23 14:50:57','2019-06-23 14:50:57',146,0,0,0,0,NULL),(5118,50,405,'2019-06-23 14:50:57','2019-06-23 14:50:57',146,0,0,0,0,NULL),(5119,50,429,'2019-06-23 14:50:57','2019-06-23 14:50:57',146,0,0,0,0,NULL),(5120,52,278,'2019-06-23 14:50:57','2019-06-23 14:50:57',394,0,0,0,0,NULL),(5121,52,307,'2019-06-23 14:50:57','2019-06-23 14:50:57',394,0,0,0,0,NULL),(5122,52,348,'2019-06-23 14:50:57','2019-06-23 14:50:57',394,0,0,0,0,NULL),(5123,52,357,'2019-06-23 14:50:57','2019-06-23 14:50:57',394,0,0,0,0,NULL),(5124,52,398,'2019-06-23 14:50:57','2019-06-23 14:50:57',394,0,0,0,0,NULL),(5125,52,423,'2019-06-23 14:50:57','2019-06-23 14:50:57',394,0,0,0,0,NULL),(5126,52,432,'2019-06-23 14:50:57','2019-06-23 14:50:57',394,0,0,0,0,NULL),(5127,52,295,'2019-06-23 14:50:57','2019-06-23 14:50:57',111,0,0,0,0,NULL),(5128,52,302,'2019-06-23 14:50:57','2019-06-23 14:50:57',111,0,0,0,0,NULL),(5129,52,324,'2019-06-23 14:50:57','2019-06-23 14:50:57',111,0,0,0,0,NULL),(5130,52,352,'2019-06-23 14:50:57','2019-06-23 14:50:57',111,0,0,0,0,NULL),(5131,52,394,'2019-06-23 14:50:57','2019-06-23 14:50:57',111,0,0,0,0,NULL),(5132,52,419,'2019-06-23 14:50:57','2019-06-23 14:50:57',111,0,0,0,0,NULL),(5133,52,424,'2019-06-23 14:50:57','2019-06-23 14:50:57',111,0,0,0,0,NULL),(5134,52,297,'2019-06-23 14:50:57','2019-06-23 14:50:57',63,0,0,0,0,NULL),(5135,52,350,'2019-06-23 14:50:57','2019-06-23 14:50:57',65,0,0,0,0,NULL),(5136,52,427,'2019-06-23 14:50:57','2019-06-23 14:50:57',63,0,0,0,0,NULL),(5137,52,405,'2019-06-23 14:50:57','2019-06-23 14:50:57',146,0,0,0,0,NULL),(5138,52,390,'2019-06-23 14:50:57','2019-06-23 14:50:57',65,0,0,0,0,NULL),(5139,52,329,'2019-06-23 14:50:57','2019-06-23 14:50:57',146,0,0,0,0,NULL),(5140,52,305,'2019-06-23 14:50:57','2019-06-23 14:50:57',146,0,0,0,0,NULL),(5141,53,278,'2019-06-23 14:50:57','2019-06-23 14:50:57',394,0,0,0,0,NULL),(5142,53,303,'2019-06-23 14:50:57','2019-06-23 14:50:57',268,0,0,0,0,NULL),(5143,53,348,'2019-06-23 14:50:57','2019-06-23 14:50:57',394,0,0,0,0,NULL),(5144,53,354,'2019-06-23 14:50:57','2019-06-23 14:50:57',268,0,0,0,0,NULL),(5145,53,396,'2019-06-23 14:50:57','2019-06-23 14:50:57',268,0,0,0,0,NULL),(5146,53,423,'2019-06-23 14:50:57','2019-06-23 14:50:57',394,0,0,0,0,NULL),(5147,53,432,'2019-06-23 14:50:57','2019-06-23 14:50:57',394,0,0,0,0,NULL),(5148,53,289,'2019-06-23 14:50:57','2019-06-23 14:50:57',502,0,0,0,0,NULL),(5149,53,320,'2019-06-23 14:50:57','2019-06-23 14:50:57',502,0,0,0,0,NULL),(5150,53,338,'2019-06-23 14:50:57','2019-06-23 14:50:57',502,0,0,0,0,NULL),(5151,53,370,'2019-06-23 14:50:57','2019-06-23 14:50:57',502,0,0,0,0,NULL),(5152,53,386,'2019-06-23 14:50:57','2019-06-23 14:50:57',502,0,0,0,0,NULL),(5153,53,414,'2019-06-23 14:50:57','2019-06-23 14:50:57',502,0,0,0,0,NULL),(5154,53,445,'2019-06-23 14:50:57','2019-06-23 14:50:57',502,0,0,0,0,NULL),(5155,53,295,'2019-06-23 14:50:57','2019-06-23 14:50:57',111,0,0,0,0,NULL),(5156,53,302,'2019-06-23 14:50:57','2019-06-23 14:50:57',111,0,0,0,0,NULL),(5157,53,324,'2019-06-23 14:50:57','2019-06-23 14:50:57',111,0,0,0,0,NULL),(5158,53,352,'2019-06-23 14:50:57','2019-06-23 14:50:57',111,0,0,0,0,NULL),(5159,53,394,'2019-06-23 14:50:57','2019-06-23 14:50:57',111,0,0,0,0,NULL),(5160,53,419,'2019-06-23 14:50:57','2019-06-23 14:50:57',111,0,0,0,0,NULL),(5161,53,424,'2019-06-23 14:50:57','2019-06-23 14:50:57',111,0,0,0,0,NULL),(5162,53,297,'2019-06-23 14:50:57','2019-06-23 14:50:57',63,0,0,0,0,NULL),(5163,53,350,'2019-06-23 14:50:57','2019-06-23 14:50:57',65,0,0,0,0,NULL),(5164,53,425,'2019-06-23 14:50:57','2019-06-23 14:50:57',65,0,0,0,0,NULL),(5165,53,402,'2019-06-23 14:50:57','2019-06-23 14:50:57',63,0,0,0,0,NULL),(5166,53,392,'2019-06-23 14:50:57','2019-06-23 14:50:57',146,0,0,0,0,NULL),(5167,53,329,'2019-06-23 14:50:57','2019-06-23 14:50:57',146,0,0,0,0,NULL),(5168,53,300,'2019-06-23 14:50:57','2019-06-23 14:50:57',65,0,0,0,0,NULL),(5170,54,306,'2019-06-23 14:50:57','2019-06-23 14:50:57',114,0,0,0,0,NULL),(5171,54,347,'2019-06-23 14:50:57','2019-06-23 14:50:57',114,0,0,0,0,NULL),(5172,54,356,'2019-06-23 14:50:57','2019-06-23 14:50:57',114,0,0,0,0,NULL),(5173,54,397,'2019-06-23 14:50:57','2019-06-23 14:50:57',114,0,0,0,0,NULL),(5174,54,422,'2019-06-23 14:50:57','2019-06-23 14:50:57',114,0,0,0,0,NULL),(5175,54,431,'2019-06-23 14:50:57','2019-06-23 14:50:57',114,0,0,0,0,NULL),(5176,54,290,'2019-06-23 14:50:57','2019-06-23 14:50:57',0,0,0,0,0,NULL),(5177,54,318,'2019-06-23 14:50:57','2019-06-23 14:50:57',8,0,0,0,0,NULL),(5178,54,339,'2019-06-23 14:50:57','2019-06-23 14:50:57',0,0,0,0,0,NULL),(5179,54,368,'2019-06-23 14:50:57','2019-06-23 14:50:57',8,0,0,0,0,NULL),(5180,54,387,'2019-06-23 14:50:57','2019-06-23 14:50:57',0,0,0,0,0,NULL),(5181,54,412,'2019-06-23 14:50:57','2019-06-23 14:50:57',8,0,0,0,0,NULL),(5182,54,443,'2019-06-23 14:50:57','2019-06-23 14:50:57',8,0,0,0,0,NULL),(5183,54,295,'2019-06-23 14:50:57','2019-06-23 14:50:57',111,0,0,0,0,NULL),(5184,54,302,'2019-06-23 14:50:57','2019-06-23 14:50:57',111,0,0,0,0,NULL),(5185,54,324,'2019-06-23 14:50:57','2019-06-23 14:50:57',111,0,0,0,0,NULL),(5186,54,352,'2019-06-23 14:50:57','2019-06-23 14:50:57',111,0,0,0,0,NULL),(5187,54,394,'2019-06-23 14:50:57','2019-06-23 14:50:57',111,0,0,0,0,NULL),(5188,54,419,'2019-06-23 14:50:57','2019-06-23 14:50:57',111,0,0,0,0,NULL),(5189,54,424,'2019-06-23 14:50:57','2019-06-23 14:50:57',111,0,0,0,0,NULL),(5190,54,298,'2019-06-23 14:50:57','2019-06-23 14:50:57',146,0,0,0,0,NULL),(5191,54,353,'2019-06-23 14:50:57','2019-06-23 14:50:57',63,0,0,0,0,NULL),(5192,54,427,'2019-06-23 14:50:57','2019-06-23 14:50:57',63,0,0,0,0,NULL),(5193,54,399,'2019-06-23 14:50:57','2019-06-23 14:50:57',65,0,0,0,0,NULL),(5194,54,392,'2019-06-23 14:50:57','2019-06-23 14:50:57',146,0,0,0,0,NULL),(5195,54,327,'2019-06-23 14:50:57','2019-06-23 14:50:57',63,0,0,0,0,NULL),(5196,54,300,'2019-06-23 14:50:57','2019-06-23 14:50:57',65,0,0,0,0,NULL),(5198,55,307,'2019-06-23 14:50:57','2019-06-23 14:50:57',394,0,0,0,0,NULL),(5199,55,346,'2019-06-23 14:50:57','2019-06-23 14:50:57',268,0,0,0,0,NULL),(5200,55,357,'2019-06-23 14:50:57','2019-06-23 14:50:57',394,0,0,0,0,NULL),(5201,55,398,'2019-06-23 14:50:57','2019-06-23 14:50:57',394,0,0,0,0,NULL),(5202,55,421,'2019-06-23 14:50:57','2019-06-23 14:50:57',268,0,0,0,0,NULL),(5203,55,432,'2019-06-23 14:50:57','2019-06-23 14:50:57',394,0,0,0,0,NULL),(5204,55,289,'2019-06-23 14:50:57','2019-06-23 14:50:57',502,0,0,0,0,NULL),(5205,55,320,'2019-06-23 14:50:57','2019-06-23 14:50:57',502,0,0,0,0,NULL),(5206,55,338,'2019-06-23 14:50:57','2019-06-23 14:50:57',502,0,0,0,0,NULL),(5207,55,370,'2019-06-23 14:50:57','2019-06-23 14:50:57',502,0,0,0,0,NULL),(5208,55,386,'2019-06-23 14:50:57','2019-06-23 14:50:57',502,0,0,0,0,NULL),(5209,55,414,'2019-06-23 14:50:57','2019-06-23 14:50:57',502,0,0,0,0,NULL),(5210,55,445,'2019-06-23 14:50:57','2019-06-23 14:50:57',502,0,0,0,0,NULL),(5211,55,295,'2019-06-23 14:50:57','2019-06-23 14:50:57',111,0,0,0,0,NULL),(5212,55,302,'2019-06-23 14:50:57','2019-06-23 14:50:57',111,0,0,0,0,NULL),(5213,55,324,'2019-06-23 14:50:57','2019-06-23 14:50:57',111,0,0,0,0,NULL),(5214,55,352,'2019-06-23 14:50:57','2019-06-23 14:50:57',111,0,0,0,0,NULL),(5215,55,394,'2019-06-23 14:50:57','2019-06-23 14:50:57',111,0,0,0,0,NULL),(5216,55,419,'2019-06-23 14:50:57','2019-06-23 14:50:57',111,0,0,0,0,NULL),(5217,55,424,'2019-06-23 14:50:57','2019-06-23 14:50:57',111,0,0,0,0,NULL),(5218,55,297,'2019-06-23 14:50:57','2019-06-23 14:50:57',63,0,0,0,0,NULL),(5219,55,350,'2019-06-23 14:50:57','2019-06-23 14:50:57',65,0,0,0,0,NULL),(5220,55,425,'2019-06-23 14:50:57','2019-06-23 14:50:57',65,0,0,0,0,NULL),(5221,55,405,'2019-06-23 14:50:57','2019-06-23 14:50:57',146,0,0,0,0,NULL),(5222,55,391,'2019-06-23 14:50:57','2019-06-23 14:50:57',63,0,0,0,0,NULL),(5223,55,329,'2019-06-23 14:50:57','2019-06-23 14:50:57',146,0,0,0,0,NULL),(5224,55,305,'2019-06-23 14:50:57','2019-06-23 14:50:57',146,0,0,0,0,NULL),(5225,66,278,'2019-06-23 14:50:57','2019-06-23 14:50:57',394,0,0,0,0,NULL),(5226,66,307,'2019-06-23 14:50:57','2019-06-23 14:50:57',394,0,0,0,0,NULL),(5227,66,348,'2019-06-23 14:50:57','2019-06-23 14:50:57',394,0,0,0,0,NULL),(5228,66,357,'2019-06-23 14:50:57','2019-06-23 14:50:57',394,0,0,0,0,NULL),(5229,66,398,'2019-06-23 14:50:57','2019-06-23 14:50:57',394,0,0,0,0,NULL),(5230,66,423,'2019-06-23 14:50:57','2019-06-23 14:50:57',394,0,0,0,0,NULL),(5231,66,432,'2019-06-23 14:50:57','2019-06-23 14:50:57',394,0,0,0,0,NULL),(5232,66,295,'2019-06-23 14:50:57','2019-06-23 14:50:57',111,0,0,0,0,NULL),(5233,66,302,'2019-06-23 14:50:57','2019-06-23 14:50:57',111,0,0,0,0,NULL),(5234,66,324,'2019-06-23 14:50:57','2019-06-23 14:50:57',111,0,0,0,0,NULL),(5235,66,352,'2019-06-23 14:50:57','2019-06-23 14:50:57',111,0,0,0,0,NULL),(5236,66,394,'2019-06-23 14:50:57','2019-06-23 14:50:57',111,0,0,0,0,NULL),(5237,66,419,'2019-06-23 14:50:57','2019-06-23 14:50:57',111,0,0,0,0,NULL),(5238,66,424,'2019-06-23 14:50:57','2019-06-23 14:50:57',111,0,0,0,0,NULL),(5239,66,298,'2019-06-23 14:50:57','2019-06-23 14:50:57',146,0,0,0,0,NULL),(5240,66,305,'2019-06-23 14:50:57','2019-06-23 14:50:57',146,0,0,0,0,NULL),(5241,66,329,'2019-06-23 14:50:57','2019-06-23 14:50:57',146,0,0,0,0,NULL),(5242,66,355,'2019-06-23 14:50:57','2019-06-23 14:50:57',146,0,0,0,0,NULL),(5243,66,392,'2019-06-23 14:50:57','2019-06-23 14:50:57',146,0,0,0,0,NULL),(5244,66,405,'2019-06-23 14:50:57','2019-06-23 14:50:57',146,0,0,0,0,NULL),(5245,66,429,'2019-06-23 14:50:57','2019-06-23 14:50:57',146,0,0,0,0,NULL),(5246,70,278,'2019-06-23 14:50:58','2019-06-23 14:50:58',394,0,0,0,0,NULL),(5247,70,307,'2019-06-23 14:50:58','2019-06-23 14:50:58',394,0,0,0,0,NULL),(5248,70,348,'2019-06-23 14:50:58','2019-06-23 14:50:58',394,0,0,0,0,NULL),(5249,70,357,'2019-06-23 14:50:58','2019-06-23 14:50:58',394,0,0,0,0,NULL),(5250,70,398,'2019-06-23 14:50:58','2019-06-23 14:50:58',394,0,0,0,0,NULL),(5251,70,423,'2019-06-23 14:50:58','2019-06-23 14:50:58',394,0,0,0,0,NULL),(5252,70,432,'2019-06-23 14:50:58','2019-06-23 14:50:58',394,0,0,0,0,NULL),(5253,70,295,'2019-06-23 14:50:58','2019-06-23 14:50:58',111,0,0,0,0,NULL),(5254,70,302,'2019-06-23 14:50:58','2019-06-23 14:50:58',111,0,0,0,0,NULL),(5255,70,324,'2019-06-23 14:50:58','2019-06-23 14:50:58',111,0,0,0,0,NULL),(5256,70,352,'2019-06-23 14:50:58','2019-06-23 14:50:58',111,0,0,0,0,NULL),(5257,70,394,'2019-06-23 14:50:58','2019-06-23 14:50:58',111,0,0,0,0,NULL),(5258,70,419,'2019-06-23 14:50:58','2019-06-23 14:50:58',111,0,0,0,0,NULL),(5259,70,424,'2019-06-23 14:50:58','2019-06-23 14:50:58',111,0,0,0,0,NULL),(5260,70,297,'2019-06-23 14:50:58','2019-06-23 14:50:58',63,0,0,0,0,NULL),(5261,70,350,'2019-06-23 14:50:58','2019-06-23 14:50:58',65,0,0,0,0,NULL),(5262,70,429,'2019-06-23 14:50:58','2019-06-23 14:50:58',146,0,0,0,0,NULL),(5263,70,402,'2019-06-23 14:50:58','2019-06-23 14:50:58',63,0,0,0,0,NULL),(5264,70,391,'2019-06-23 14:50:58','2019-06-23 14:50:58',63,0,0,0,0,NULL),(5265,70,327,'2019-06-23 14:50:58','2019-06-23 14:50:58',63,0,0,0,0,NULL),(5266,70,305,'2019-06-23 14:50:58','2019-06-23 14:50:58',146,0,0,0,0,NULL),(5267,76,278,'2019-06-23 14:50:58','2019-06-23 14:50:58',394,0,0,0,0,NULL),(5268,76,307,'2019-06-23 14:50:58','2019-06-23 14:50:58',394,0,0,0,0,NULL),(5269,76,348,'2019-06-23 14:50:58','2019-06-23 14:50:58',394,0,0,0,0,NULL),(5270,76,354,'2019-06-23 14:50:58','2019-06-23 14:50:58',268,0,0,0,0,NULL),(5271,76,396,'2019-06-23 14:50:58','2019-06-23 14:50:58',268,0,0,0,0,NULL),(5272,76,421,'2019-06-23 14:50:58','2019-06-23 14:50:58',268,0,0,0,0,NULL),(5273,76,432,'2019-06-23 14:50:58','2019-06-23 14:50:58',394,0,0,0,0,NULL),(5274,76,295,'2019-06-23 14:50:58','2019-06-23 14:50:58',111,0,0,0,0,NULL),(5275,76,302,'2019-06-23 14:50:58','2019-06-23 14:50:58',111,0,0,0,0,NULL),(5276,76,324,'2019-06-23 14:50:58','2019-06-23 14:50:58',111,0,0,0,0,NULL),(5277,76,352,'2019-06-23 14:50:58','2019-06-23 14:50:58',111,0,0,0,0,NULL),(5278,76,394,'2019-06-23 14:50:58','2019-06-23 14:50:58',111,0,0,0,0,NULL),(5279,76,419,'2019-06-23 14:50:58','2019-06-23 14:50:58',111,0,0,0,0,NULL),(5280,76,424,'2019-06-23 14:50:58','2019-06-23 14:50:58',111,0,0,0,0,NULL),(5281,76,298,'2019-06-23 14:50:58','2019-06-23 14:50:58',146,0,0,0,0,NULL),(5282,76,350,'2019-06-23 14:50:58','2019-06-23 14:50:58',65,0,0,0,0,NULL),(5283,76,425,'2019-06-23 14:50:58','2019-06-23 14:50:58',65,0,0,0,0,NULL),(5284,76,399,'2019-06-23 14:50:58','2019-06-23 14:50:58',65,0,0,0,0,NULL),(5285,76,392,'2019-06-23 14:50:58','2019-06-23 14:50:58',146,0,0,0,0,NULL),(5286,76,327,'2019-06-23 14:50:58','2019-06-23 14:50:58',63,0,0,0,0,NULL),(5287,76,304,'2019-06-23 14:50:58','2019-06-23 14:50:58',63,0,0,0,0,NULL),(5288,78,290,'2019-06-23 14:50:58','2019-06-23 14:50:58',0,0,0,0,0,NULL),(5289,78,321,'2019-06-23 14:50:58','2019-06-23 14:50:58',0,0,0,0,0,NULL),(5290,78,336,'2019-06-23 14:50:58','2019-06-23 14:50:58',8,0,0,0,0,NULL),(5291,78,371,'2019-06-23 14:50:58','2019-06-23 14:50:58',0,0,0,0,0,NULL),(5292,78,387,'2019-06-23 14:50:58','2019-06-23 14:50:58',0,0,0,0,0,NULL),(5293,78,415,'2019-06-23 14:50:58','2019-06-23 14:50:58',0,0,0,0,0,NULL),(5294,78,446,'2019-06-23 14:50:58','2019-06-23 14:50:58',0,0,0,0,0,NULL),(5295,78,295,'2019-06-23 14:50:58','2019-06-23 14:50:58',111,0,0,0,0,NULL),(5296,78,302,'2019-06-23 14:50:58','2019-06-23 14:50:58',111,0,0,0,0,NULL),(5297,78,324,'2019-06-23 14:50:58','2019-06-23 14:50:58',111,0,0,0,0,NULL),(5298,78,352,'2019-06-23 14:50:58','2019-06-23 14:50:58',111,0,0,0,0,NULL),(5299,78,394,'2019-06-23 14:50:58','2019-06-23 14:50:58',111,0,0,0,0,NULL),(5300,78,419,'2019-06-23 14:50:58','2019-06-23 14:50:58',111,0,0,0,0,NULL),(5301,78,424,'2019-06-23 14:50:58','2019-06-23 14:50:58',111,0,0,0,0,NULL),(5302,78,296,'2019-06-23 14:50:58','2019-06-23 14:50:58',65,0,0,0,0,NULL),(5303,78,304,'2019-06-23 14:50:58','2019-06-23 14:50:58',63,0,0,0,0,NULL),(5304,78,325,'2019-06-23 14:50:58','2019-06-23 14:50:58',65,0,0,0,0,NULL),(5305,78,353,'2019-06-23 14:50:58','2019-06-23 14:50:58',63,0,0,0,0,NULL),(5306,78,390,'2019-06-23 14:50:58','2019-06-23 14:50:58',65,0,0,0,0,NULL),(5307,78,402,'2019-06-23 14:50:58','2019-06-23 14:50:58',63,0,0,0,0,NULL),(5308,78,427,'2019-06-23 14:50:58','2019-06-23 14:50:58',63,0,0,0,0,NULL),(5309,79,278,'2019-06-23 14:50:58','2019-06-23 14:50:58',394,0,0,0,0,NULL),(5310,79,307,'2019-06-23 14:50:58','2019-06-23 14:50:58',394,0,0,0,0,NULL),(5311,79,348,'2019-06-23 14:50:58','2019-06-23 14:50:58',394,0,0,0,0,NULL),(5312,79,357,'2019-06-23 14:50:58','2019-06-23 14:50:58',394,0,0,0,0,NULL),(5313,79,398,'2019-06-23 14:50:58','2019-06-23 14:50:58',394,0,0,0,0,NULL),(5314,79,423,'2019-06-23 14:50:58','2019-06-23 14:50:58',394,0,0,0,0,NULL),(5315,79,432,'2019-06-23 14:50:58','2019-06-23 14:50:58',394,0,0,0,0,NULL),(5316,79,295,'2019-06-23 14:50:58','2019-06-23 14:50:58',111,0,0,0,0,NULL),(5317,79,302,'2019-06-23 14:50:58','2019-06-23 14:50:58',111,0,0,0,0,NULL),(5318,79,324,'2019-06-23 14:50:58','2019-06-23 14:50:58',111,0,0,0,0,NULL),(5319,79,352,'2019-06-23 14:50:58','2019-06-23 14:50:58',111,0,0,0,0,NULL),(5320,79,394,'2019-06-23 14:50:58','2019-06-23 14:50:58',111,0,0,0,0,NULL),(5321,79,419,'2019-06-23 14:50:58','2019-06-23 14:50:58',111,0,0,0,0,NULL),(5322,79,424,'2019-06-23 14:50:58','2019-06-23 14:50:58',111,0,0,0,0,NULL),(5323,79,298,'2019-06-23 14:50:58','2019-06-23 14:50:58',146,0,0,0,0,NULL),(5324,79,305,'2019-06-23 14:50:58','2019-06-23 14:50:58',146,0,0,0,0,NULL),(5325,79,329,'2019-06-23 14:50:58','2019-06-23 14:50:58',146,0,0,0,0,NULL),(5326,79,355,'2019-06-23 14:50:58','2019-06-23 14:50:58',146,0,0,0,0,NULL),(5327,79,392,'2019-06-23 14:50:58','2019-06-23 14:50:58',146,0,0,0,0,NULL),(5328,79,405,'2019-06-23 14:50:58','2019-06-23 14:50:58',146,0,0,0,0,NULL),(5329,79,429,'2019-06-23 14:50:58','2019-06-23 14:50:58',146,0,0,0,0,NULL),(5331,101,422,'2019-06-23 14:50:58','2019-06-23 14:50:58',114,0,0,0,0,NULL),(5332,101,396,'2019-06-23 14:50:58','2019-06-23 14:50:58',268,0,0,0,0,NULL),(5333,101,357,'2019-06-23 14:50:58','2019-06-23 14:50:58',394,0,0,0,0,NULL),(5334,101,428,'2019-06-23 14:50:58','2019-06-23 14:50:58',159,0,0,0,0,NULL),(5335,101,299,'2019-06-23 14:50:58','2019-06-23 14:50:58',230,0,0,0,0,NULL),(5336,101,347,'2019-06-23 14:50:58','2019-06-23 14:50:58',114,0,0,0,0,NULL),(5337,101,283,'2019-06-23 14:50:58','2019-06-23 14:50:58',262,0,0,0,0,NULL),(5338,101,317,'2019-06-23 14:50:58','2019-06-23 14:50:58',380,0,0,0,0,NULL),(5339,101,335,'2019-06-23 14:50:58','2019-06-23 14:50:58',380,0,0,0,0,NULL),(5340,101,364,'2019-06-23 14:50:58','2019-06-23 14:50:58',262,0,0,0,0,NULL),(5341,101,380,'2019-06-23 14:50:58','2019-06-23 14:50:58',262,0,0,0,0,NULL),(5342,101,411,'2019-06-23 14:50:58','2019-06-23 14:50:58',380,0,0,0,0,NULL),(5343,101,442,'2019-06-23 14:50:58','2019-06-23 14:50:58',380,0,0,0,0,NULL),(5344,101,295,'2019-06-23 14:50:58','2019-06-23 14:50:58',111,0,0,0,0,NULL),(5345,101,302,'2019-06-23 14:50:58','2019-06-23 14:50:58',111,0,0,0,0,NULL),(5346,101,324,'2019-06-23 14:50:58','2019-06-23 14:50:58',111,0,0,0,0,NULL),(5347,101,352,'2019-06-23 14:50:58','2019-06-23 14:50:58',111,0,0,0,0,NULL),(5348,101,394,'2019-06-23 14:50:58','2019-06-23 14:50:58',111,0,0,0,0,NULL),(5349,101,419,'2019-06-23 14:50:58','2019-06-23 14:50:58',111,0,0,0,0,NULL),(5350,101,424,'2019-06-23 14:50:58','2019-06-23 14:50:58',111,0,0,0,0,NULL),(5351,101,297,'2019-06-23 14:50:58','2019-06-23 14:50:58',63,0,0,0,0,NULL),(5352,101,353,'2019-06-23 14:50:58','2019-06-23 14:50:58',63,0,0,0,0,NULL),(5353,101,429,'2019-06-23 14:50:58','2019-06-23 14:50:58',146,0,0,0,0,NULL),(5354,101,402,'2019-06-23 14:50:58','2019-06-23 14:50:58',63,0,0,0,0,NULL),(5355,101,390,'2019-06-23 14:50:58','2019-06-23 14:50:58',65,0,0,0,0,NULL),(5356,101,327,'2019-06-23 14:50:58','2019-06-23 14:50:58',63,0,0,0,0,NULL),(5357,101,305,'2019-06-23 14:50:58','2019-06-23 14:50:58',146,0,0,0,0,NULL),(5359,103,306,'2019-06-23 14:50:58','2019-06-23 14:50:58',114,0,0,0,0,NULL),(5360,103,347,'2019-06-23 14:50:58','2019-06-23 14:50:58',114,0,0,0,0,NULL),(5361,103,356,'2019-06-23 14:50:58','2019-06-23 14:50:58',114,0,0,0,0,NULL),(5362,103,397,'2019-06-23 14:50:58','2019-06-23 14:50:58',114,0,0,0,0,NULL),(5363,103,422,'2019-06-23 14:50:58','2019-06-23 14:50:58',114,0,0,0,0,NULL),(5364,103,431,'2019-06-23 14:50:58','2019-06-23 14:50:58',114,0,0,0,0,NULL),(5365,103,290,'2019-06-23 14:50:58','2019-06-23 14:50:58',0,0,0,0,0,NULL),(5366,103,321,'2019-06-23 14:50:58','2019-06-23 14:50:58',0,0,0,0,0,NULL),(5367,103,336,'2019-06-23 14:50:58','2019-06-23 14:50:58',8,0,0,0,0,NULL),(5368,103,368,'2019-06-23 14:50:58','2019-06-23 14:50:58',8,0,0,0,0,NULL),(5369,103,387,'2019-06-23 14:50:58','2019-06-23 14:50:58',0,0,0,0,0,NULL),(5370,103,415,'2019-06-23 14:50:58','2019-06-23 14:50:58',0,0,0,0,0,NULL),(5371,103,446,'2019-06-23 14:50:58','2019-06-23 14:50:58',0,0,0,0,0,NULL),(5372,103,295,'2019-06-23 14:50:58','2019-06-23 14:50:58',111,0,0,0,0,NULL),(5373,103,302,'2019-06-23 14:50:58','2019-06-23 14:50:58',111,0,0,0,0,NULL),(5374,103,324,'2019-06-23 14:50:58','2019-06-23 14:50:58',111,0,0,0,0,NULL),(5375,103,352,'2019-06-23 14:50:58','2019-06-23 14:50:58',111,0,0,0,0,NULL),(5376,103,394,'2019-06-23 14:50:58','2019-06-23 14:50:58',111,0,0,0,0,NULL),(5377,103,419,'2019-06-23 14:50:58','2019-06-23 14:50:58',111,0,0,0,0,NULL),(5378,103,424,'2019-06-23 14:50:58','2019-06-23 14:50:58',111,0,0,0,0,NULL),(5379,103,298,'2019-06-23 14:50:58','2019-06-23 14:50:58',146,0,0,0,0,NULL),(5380,103,350,'2019-06-23 14:50:58','2019-06-23 14:50:58',65,0,0,0,0,NULL),(5381,103,427,'2019-06-23 14:50:58','2019-06-23 14:50:58',63,0,0,0,0,NULL),(5382,103,399,'2019-06-23 14:50:58','2019-06-23 14:50:58',65,0,0,0,0,NULL),(5383,103,390,'2019-06-23 14:50:58','2019-06-23 14:50:58',65,0,0,0,0,NULL),(5384,103,327,'2019-06-23 14:50:58','2019-06-23 14:50:58',63,0,0,0,0,NULL),(5385,103,305,'2019-06-23 14:50:58','2019-06-23 14:50:58',146,0,0,0,0,NULL),(5386,107,278,'2019-06-23 14:50:58','2019-06-23 14:50:58',394,0,0,0,0,NULL),(5387,107,307,'2019-06-23 14:50:58','2019-06-23 14:50:58',394,0,0,0,0,NULL),(5388,107,348,'2019-06-23 14:50:58','2019-06-23 14:50:58',394,0,0,0,0,NULL),(5389,107,357,'2019-06-23 14:50:58','2019-06-23 14:50:58',394,0,0,0,0,NULL),(5390,107,398,'2019-06-23 14:50:58','2019-06-23 14:50:58',394,0,0,0,0,NULL),(5391,107,423,'2019-06-23 14:50:58','2019-06-23 14:50:58',394,0,0,0,0,NULL),(5392,107,432,'2019-06-23 14:50:58','2019-06-23 14:50:58',394,0,0,0,0,NULL),(5393,107,295,'2019-06-23 14:50:58','2019-06-23 14:50:58',111,0,0,0,0,NULL),(5394,107,302,'2019-06-23 14:50:58','2019-06-23 14:50:58',111,0,0,0,0,NULL),(5395,107,324,'2019-06-23 14:50:58','2019-06-23 14:50:58',111,0,0,0,0,NULL),(5396,107,352,'2019-06-23 14:50:58','2019-06-23 14:50:58',111,0,0,0,0,NULL),(5397,107,394,'2019-06-23 14:50:58','2019-06-23 14:50:58',111,0,0,0,0,NULL),(5398,107,419,'2019-06-23 14:50:58','2019-06-23 14:50:58',111,0,0,0,0,NULL),(5399,107,424,'2019-06-23 14:50:58','2019-06-23 14:50:58',111,0,0,0,0,NULL),(5400,107,296,'2019-06-23 14:50:58','2019-06-23 14:50:58',65,0,0,0,0,NULL),(5401,107,355,'2019-06-23 14:50:58','2019-06-23 14:50:58',146,0,0,0,0,NULL),(5402,107,429,'2019-06-23 14:50:58','2019-06-23 14:50:58',146,0,0,0,0,NULL),(5403,107,402,'2019-06-23 14:50:58','2019-06-23 14:50:58',63,0,0,0,0,NULL),(5404,107,391,'2019-06-23 14:50:58','2019-06-23 14:50:58',63,0,0,0,0,NULL),(5405,107,327,'2019-06-23 14:50:58','2019-06-23 14:50:58',63,0,0,0,0,NULL),(5406,107,305,'2019-06-23 14:50:58','2019-06-23 14:50:58',146,0,0,0,0,NULL),(5408,125,306,'2019-06-23 14:50:58','2019-06-23 14:50:58',114,0,0,0,0,NULL),(5409,125,347,'2019-06-23 14:50:58','2019-06-23 14:50:58',114,0,0,0,0,NULL),(5410,125,356,'2019-06-23 14:50:58','2019-06-23 14:50:58',114,0,0,0,0,NULL),(5411,125,397,'2019-06-23 14:50:58','2019-06-23 14:50:58',114,0,0,0,0,NULL),(5412,125,422,'2019-06-23 14:50:58','2019-06-23 14:50:58',114,0,0,0,0,NULL),(5413,125,431,'2019-06-23 14:50:58','2019-06-23 14:50:58',114,0,0,0,0,NULL),(5414,125,290,'2019-06-23 14:50:58','2019-06-23 14:50:58',0,0,0,0,0,NULL),(5415,125,318,'2019-06-23 14:50:58','2019-06-23 14:50:58',8,0,0,0,0,NULL),(5416,125,339,'2019-06-23 14:50:58','2019-06-23 14:50:58',0,0,0,0,0,NULL),(5417,125,368,'2019-06-23 14:50:58','2019-06-23 14:50:58',8,0,0,0,0,NULL),(5418,125,387,'2019-06-23 14:50:58','2019-06-23 14:50:58',0,0,0,0,0,NULL),(5419,125,415,'2019-06-23 14:50:58','2019-06-23 14:50:58',0,0,0,0,0,NULL),(5420,125,446,'2019-06-23 14:50:58','2019-06-23 14:50:58',0,0,0,0,0,NULL),(5421,125,295,'2019-06-23 14:50:58','2019-06-23 14:50:58',111,0,0,0,0,NULL),(5422,125,302,'2019-06-23 14:50:58','2019-06-23 14:50:58',111,0,0,0,0,NULL),(5423,125,324,'2019-06-23 14:50:58','2019-06-23 14:50:58',111,0,0,0,0,NULL),(5424,125,352,'2019-06-23 14:50:58','2019-06-23 14:50:58',111,0,0,0,0,NULL),(5425,125,394,'2019-06-23 14:50:58','2019-06-23 14:50:58',111,0,0,0,0,NULL),(5426,125,419,'2019-06-23 14:50:58','2019-06-23 14:50:58',111,0,0,0,0,NULL),(5427,125,424,'2019-06-23 14:50:58','2019-06-23 14:50:58',111,0,0,0,0,NULL),(5428,125,297,'2019-06-23 14:50:58','2019-06-23 14:50:58',63,0,0,0,0,NULL),(5429,125,350,'2019-06-23 14:50:58','2019-06-23 14:50:58',65,0,0,0,0,NULL),(5430,125,429,'2019-06-23 14:50:58','2019-06-23 14:50:58',146,0,0,0,0,NULL),(5431,125,402,'2019-06-23 14:50:58','2019-06-23 14:50:58',63,0,0,0,0,NULL),(5432,125,390,'2019-06-23 14:50:58','2019-06-23 14:50:58',65,0,0,0,0,NULL),(5433,125,327,'2019-06-23 14:50:58','2019-06-23 14:50:58',63,0,0,0,0,NULL),(5434,125,305,'2019-06-23 14:50:58','2019-06-23 14:50:58',146,0,0,0,0,NULL),(5450,142,307,'2019-06-23 14:50:58','2019-06-23 14:50:58',394,0,0,0,0,NULL),(5451,142,346,'2019-06-23 14:50:58','2019-06-23 14:50:58',268,0,0,0,0,NULL),(5452,142,354,'2019-06-23 14:50:58','2019-06-23 14:50:58',268,0,0,0,0,NULL),(5453,142,398,'2019-06-23 14:50:58','2019-06-23 14:50:58',394,0,0,0,0,NULL),(5454,142,423,'2019-06-23 14:50:58','2019-06-23 14:50:58',394,0,0,0,0,NULL),(5455,142,430,'2019-06-23 14:50:58','2019-06-23 14:50:58',268,0,0,0,0,NULL),(5456,142,289,'2019-06-23 14:50:58','2019-06-23 14:50:58',502,0,0,0,0,NULL),(5457,142,320,'2019-06-23 14:50:58','2019-06-23 14:50:58',502,0,0,0,0,NULL),(5458,142,338,'2019-06-23 14:50:58','2019-06-23 14:50:58',502,0,0,0,0,NULL),(5459,142,370,'2019-06-23 14:50:58','2019-06-23 14:50:58',502,0,0,0,0,NULL),(5460,142,386,'2019-06-23 14:50:58','2019-06-23 14:50:58',502,0,0,0,0,NULL),(5461,142,414,'2019-06-23 14:50:58','2019-06-23 14:50:58',502,0,0,0,0,NULL),(5462,142,445,'2019-06-23 14:50:58','2019-06-23 14:50:58',502,0,0,0,0,NULL),(5463,142,295,'2019-06-23 14:50:58','2019-06-23 14:50:58',111,0,0,0,0,NULL),(5464,142,302,'2019-06-23 14:50:58','2019-06-23 14:50:58',111,0,0,0,0,NULL),(5465,142,324,'2019-06-23 14:50:58','2019-06-23 14:50:58',111,0,0,0,0,NULL),(5466,142,352,'2019-06-23 14:50:58','2019-06-23 14:50:58',111,0,0,0,0,NULL),(5467,142,394,'2019-06-23 14:50:58','2019-06-23 14:50:58',111,0,0,0,0,NULL),(5468,142,419,'2019-06-23 14:50:58','2019-06-23 14:50:58',111,0,0,0,0,NULL),(5469,142,424,'2019-06-23 14:50:58','2019-06-23 14:50:58',111,0,0,0,0,NULL),(5470,142,296,'2019-06-23 14:50:58','2019-06-23 14:50:58',65,0,0,0,0,NULL),(5471,142,355,'2019-06-23 14:50:58','2019-06-23 14:50:58',146,0,0,0,0,NULL),(5472,142,429,'2019-06-23 14:50:58','2019-06-23 14:50:58',146,0,0,0,0,NULL),(5473,142,405,'2019-06-23 14:50:58','2019-06-23 14:50:58',146,0,0,0,0,NULL),(5474,142,390,'2019-06-23 14:50:58','2019-06-23 14:50:58',65,0,0,0,0,NULL),(5475,142,327,'2019-06-23 14:50:58','2019-06-23 14:50:58',63,0,0,0,0,NULL),(5476,142,300,'2019-06-23 14:50:58','2019-06-23 14:50:58',65,0,0,0,0,NULL),(5477,146,278,'2019-06-23 14:50:58','2019-06-23 14:50:58',394,0,0,0,0,NULL),(5478,146,307,'2019-06-23 14:50:58','2019-06-23 14:50:58',394,0,0,0,0,NULL),(5479,146,348,'2019-06-23 14:50:58','2019-06-23 14:50:58',394,0,0,0,0,NULL),(5480,146,357,'2019-06-23 14:50:58','2019-06-23 14:50:58',394,0,0,0,0,NULL),(5481,146,398,'2019-06-23 14:50:58','2019-06-23 14:50:58',394,0,0,0,0,NULL),(5482,146,423,'2019-06-23 14:50:58','2019-06-23 14:50:58',394,0,0,0,0,NULL),(5483,146,432,'2019-06-23 14:50:58','2019-06-23 14:50:58',394,0,0,0,0,NULL),(5484,146,295,'2019-06-23 14:50:58','2019-06-23 14:50:58',111,0,0,0,0,NULL),(5485,146,302,'2019-06-23 14:50:58','2019-06-23 14:50:58',111,0,0,0,0,NULL),(5486,146,324,'2019-06-23 14:50:58','2019-06-23 14:50:58',111,0,0,0,0,NULL),(5487,146,352,'2019-06-23 14:50:58','2019-06-23 14:50:58',111,0,0,0,0,NULL),(5488,146,394,'2019-06-23 14:50:58','2019-06-23 14:50:58',111,0,0,0,0,NULL),(5489,146,419,'2019-06-23 14:50:58','2019-06-23 14:50:58',111,0,0,0,0,NULL),(5490,146,424,'2019-06-23 14:50:58','2019-06-23 14:50:58',111,0,0,0,0,NULL),(5491,146,298,'2019-06-23 14:50:58','2019-06-23 14:50:58',146,0,0,0,0,NULL),(5492,146,353,'2019-06-23 14:50:58','2019-06-23 14:50:58',63,0,0,0,0,NULL),(5493,146,429,'2019-06-23 14:50:58','2019-06-23 14:50:58',146,0,0,0,0,NULL),(5494,146,405,'2019-06-23 14:50:58','2019-06-23 14:50:58',146,0,0,0,0,NULL),(5495,146,392,'2019-06-23 14:50:58','2019-06-23 14:50:58',146,0,0,0,0,NULL),(5496,146,325,'2019-06-23 14:50:58','2019-06-23 14:50:58',65,0,0,0,0,NULL),(5497,146,305,'2019-06-23 14:50:58','2019-06-23 14:50:58',146,0,0,0,0,NULL),(5498,174,278,'2019-06-23 14:50:58','2019-06-23 14:50:58',394,0,0,0,0,NULL),(5499,174,303,'2019-06-23 14:50:58','2019-06-23 14:50:58',268,0,0,0,0,NULL),(5500,174,348,'2019-06-23 14:50:58','2019-06-23 14:50:58',394,0,0,0,0,NULL),(5501,174,357,'2019-06-23 14:50:58','2019-06-23 14:50:58',394,0,0,0,0,NULL),(5502,174,396,'2019-06-23 14:50:58','2019-06-23 14:50:58',268,0,0,0,0,NULL),(5503,174,421,'2019-06-23 14:50:58','2019-06-23 14:50:58',268,0,0,0,0,NULL),(5504,174,430,'2019-06-23 14:50:58','2019-06-23 14:50:58',268,0,0,0,0,NULL),(5505,174,295,'2019-06-23 14:50:58','2019-06-23 14:50:58',111,0,0,0,0,NULL),(5506,174,302,'2019-06-23 14:50:58','2019-06-23 14:50:58',111,0,0,0,0,NULL),(5507,174,324,'2019-06-23 14:50:58','2019-06-23 14:50:58',111,0,0,0,0,NULL),(5508,174,352,'2019-06-23 14:50:58','2019-06-23 14:50:58',111,0,0,0,0,NULL),(5509,174,394,'2019-06-23 14:50:58','2019-06-23 14:50:58',111,0,0,0,0,NULL),(5510,174,419,'2019-06-23 14:50:58','2019-06-23 14:50:58',111,0,0,0,0,NULL),(5511,174,424,'2019-06-23 14:50:58','2019-06-23 14:50:58',111,0,0,0,0,NULL),(5512,174,298,'2019-06-23 14:50:58','2019-06-23 14:50:58',146,0,0,0,0,NULL),(5513,174,355,'2019-06-23 14:50:58','2019-06-23 14:50:58',146,0,0,0,0,NULL),(5514,174,425,'2019-06-23 14:50:58','2019-06-23 14:50:58',65,0,0,0,0,NULL),(5515,174,405,'2019-06-23 14:50:58','2019-06-23 14:50:58',146,0,0,0,0,NULL),(5516,174,392,'2019-06-23 14:50:58','2019-06-23 14:50:58',146,0,0,0,0,NULL),(5517,174,329,'2019-06-23 14:50:58','2019-06-23 14:50:58',146,0,0,0,0,NULL),(5518,174,305,'2019-06-23 14:50:58','2019-06-23 14:50:58',146,0,0,0,0,NULL),(5520,179,349,'2019-06-23 14:50:58','2019-06-23 14:50:58',230,0,0,0,0,NULL),(5521,179,426,'2019-06-23 14:50:58','2019-06-23 14:50:58',230,0,0,0,0,NULL),(5522,179,422,'2019-06-23 14:50:58','2019-06-23 14:50:58',114,0,0,0,0,NULL),(5523,179,393,'2019-06-23 14:50:58','2019-06-23 14:50:58',230,0,0,0,0,NULL),(5524,179,343,'2019-06-23 14:50:58','2019-06-23 14:50:58',230,0,0,0,0,NULL),(5525,179,306,'2019-06-23 14:50:58','2019-06-23 14:50:58',114,0,0,0,0,NULL),(5526,179,282,'2019-06-23 14:50:58','2019-06-23 14:50:58',217,0,0,0,0,NULL),(5527,179,407,'2019-06-23 14:50:58','2019-06-23 14:50:58',217,0,0,0,0,NULL),(5528,179,380,'2019-06-23 14:50:58','2019-06-23 14:50:58',262,0,0,0,0,NULL),(5529,179,364,'2019-06-23 14:50:58','2019-06-23 14:50:58',262,0,0,0,0,NULL),(5530,179,439,'2019-06-23 14:50:58','2019-06-23 14:50:58',262,0,0,0,0,NULL),(5531,179,308,'2019-06-23 14:50:58','2019-06-23 14:50:58',342,0,0,0,0,NULL),(5532,179,326,'2019-06-23 14:50:58','2019-06-23 14:50:58',342,0,0,0,0,NULL),(5533,179,295,'2019-06-23 14:50:58','2019-06-23 14:50:58',111,0,0,0,0,NULL),(5534,179,302,'2019-06-23 14:50:58','2019-06-23 14:50:58',111,0,0,0,0,NULL),(5535,179,324,'2019-06-23 14:50:58','2019-06-23 14:50:58',111,0,0,0,0,NULL),(5536,179,352,'2019-06-23 14:50:58','2019-06-23 14:50:58',111,0,0,0,0,NULL),(5537,179,394,'2019-06-23 14:50:58','2019-06-23 14:50:58',111,0,0,0,0,NULL),(5538,179,419,'2019-06-23 14:50:58','2019-06-23 14:50:58',111,0,0,0,0,NULL),(5539,179,424,'2019-06-23 14:50:58','2019-06-23 14:50:58',111,0,0,0,0,NULL),(5540,179,298,'2019-06-23 14:50:58','2019-06-23 14:50:58',146,0,0,0,0,NULL),(5541,179,350,'2019-06-23 14:50:58','2019-06-23 14:50:58',65,0,0,0,0,NULL),(5542,179,425,'2019-06-23 14:50:58','2019-06-23 14:50:58',65,0,0,0,0,NULL),(5543,179,399,'2019-06-23 14:50:58','2019-06-23 14:50:58',65,0,0,0,0,NULL),(5544,179,392,'2019-06-23 14:50:58','2019-06-23 14:50:58',146,0,0,0,0,NULL),(5545,179,325,'2019-06-23 14:50:58','2019-06-23 14:50:58',65,0,0,0,0,NULL),(5546,179,304,'2019-06-23 14:50:58','2019-06-23 14:50:58',63,0,0,0,0,NULL),(5562,222,356,'2019-06-23 14:50:58','2019-06-23 14:50:58',114,0,0,0,0,NULL),(5563,222,428,'2019-06-23 14:50:58','2019-06-23 14:50:58',159,0,0,0,0,NULL),(5564,222,422,'2019-06-23 14:50:58','2019-06-23 14:50:58',114,0,0,0,0,NULL),(5565,222,397,'2019-06-23 14:50:58','2019-06-23 14:50:58',114,0,0,0,0,NULL),(5566,222,345,'2019-06-23 14:50:58','2019-06-23 14:50:58',159,0,0,0,0,NULL),(5567,222,306,'2019-06-23 14:50:58','2019-06-23 14:50:58',114,0,0,0,0,NULL),(5568,222,286,'2019-06-23 14:50:58','2019-06-23 14:50:58',380,0,0,0,0,NULL),(5569,222,380,'2019-06-23 14:50:58','2019-06-23 14:50:58',262,0,0,0,0,NULL),(5570,222,401,'2019-06-23 14:50:58','2019-06-23 14:50:58',342,0,0,0,0,NULL),(5571,222,365,'2019-06-23 14:50:58','2019-06-23 14:50:58',327,0,0,0,0,NULL),(5572,222,439,'2019-06-23 14:50:58','2019-06-23 14:50:58',262,0,0,0,0,NULL),(5573,222,323,'2019-06-23 14:50:58','2019-06-23 14:50:58',382,0,0,0,0,NULL),(5574,222,340,'2019-06-23 14:50:58','2019-06-23 14:50:58',408,0,0,0,0,NULL),(5575,222,294,'2019-06-23 14:50:58','2019-06-23 14:50:58',436,0,0,0,0,NULL),(5576,222,311,'2019-06-23 14:50:58','2019-06-23 14:50:58',436,0,0,0,0,NULL),(5577,222,344,'2019-06-23 14:50:58','2019-06-23 14:50:58',436,0,0,0,0,NULL),(5578,222,360,'2019-06-23 14:50:58','2019-06-23 14:50:58',436,0,0,0,0,NULL),(5579,222,375,'2019-06-23 14:50:58','2019-06-23 14:50:58',436,0,0,0,0,NULL),(5580,222,403,'2019-06-23 14:50:58','2019-06-23 14:50:58',436,0,0,0,0,NULL),(5581,222,434,'2019-06-23 14:50:58','2019-06-23 14:50:58',436,0,0,0,0,NULL),(5582,222,297,'2019-06-23 14:50:58','2019-06-23 14:50:58',63,0,0,0,0,NULL),(5583,222,350,'2019-06-23 14:50:58','2019-06-23 14:50:58',65,0,0,0,0,NULL),(5584,222,429,'2019-06-23 14:50:58','2019-06-23 14:50:58',146,0,0,0,0,NULL),(5585,222,405,'2019-06-23 14:50:58','2019-06-23 14:50:58',146,0,0,0,0,NULL),(5586,222,392,'2019-06-23 14:50:58','2019-06-23 14:50:58',146,0,0,0,0,NULL),(5587,222,329,'2019-06-23 14:50:58','2019-06-23 14:50:58',146,0,0,0,0,NULL),(5588,222,300,'2019-06-23 14:50:58','2019-06-23 14:50:58',65,0,0,0,0,NULL),(5589,225,278,'2019-06-23 14:50:58','2019-06-23 14:50:58',394,0,0,0,0,NULL),(5590,225,303,'2019-06-23 14:50:58','2019-06-23 14:50:58',268,0,0,0,0,NULL),(5591,225,348,'2019-06-23 14:50:58','2019-06-23 14:50:58',394,0,0,0,0,NULL),(5592,225,357,'2019-06-23 14:50:58','2019-06-23 14:50:58',394,0,0,0,0,NULL),(5593,225,398,'2019-06-23 14:50:58','2019-06-23 14:50:58',394,0,0,0,0,NULL),(5594,225,423,'2019-06-23 14:50:58','2019-06-23 14:50:58',394,0,0,0,0,NULL),(5595,225,430,'2019-06-23 14:50:58','2019-06-23 14:50:58',268,0,0,0,0,NULL),(5596,225,289,'2019-06-23 14:50:58','2019-06-23 14:50:58',502,0,0,0,0,NULL),(5597,225,320,'2019-06-23 14:50:58','2019-06-23 14:50:58',502,0,0,0,0,NULL),(5598,225,338,'2019-06-23 14:50:58','2019-06-23 14:50:58',502,0,0,0,0,NULL),(5599,225,370,'2019-06-23 14:50:58','2019-06-23 14:50:58',502,0,0,0,0,NULL),(5600,225,386,'2019-06-23 14:50:58','2019-06-23 14:50:58',502,0,0,0,0,NULL),(5601,225,414,'2019-06-23 14:50:58','2019-06-23 14:50:58',502,0,0,0,0,NULL),(5602,225,445,'2019-06-23 14:50:58','2019-06-23 14:50:58',502,0,0,0,0,NULL),(5603,225,295,'2019-06-23 14:50:58','2019-06-23 14:50:58',111,0,0,0,0,NULL),(5604,225,302,'2019-06-23 14:50:58','2019-06-23 14:50:58',111,0,0,0,0,NULL),(5605,225,324,'2019-06-23 14:50:58','2019-06-23 14:50:58',111,0,0,0,0,NULL),(5606,225,352,'2019-06-23 14:50:58','2019-06-23 14:50:58',111,0,0,0,0,NULL),(5607,225,394,'2019-06-23 14:50:58','2019-06-23 14:50:58',111,0,0,0,0,NULL),(5608,225,419,'2019-06-23 14:50:58','2019-06-23 14:50:58',111,0,0,0,0,NULL),(5609,225,424,'2019-06-23 14:50:58','2019-06-23 14:50:58',111,0,0,0,0,NULL),(5610,225,298,'2019-06-23 14:50:58','2019-06-23 14:50:58',146,0,0,0,0,NULL),(5611,225,355,'2019-06-23 14:50:58','2019-06-23 14:50:58',146,0,0,0,0,NULL),(5612,225,425,'2019-06-23 14:50:58','2019-06-23 14:50:58',65,0,0,0,0,NULL),(5613,225,405,'2019-06-23 14:50:58','2019-06-23 14:50:58',146,0,0,0,0,NULL),(5614,225,392,'2019-06-23 14:50:58','2019-06-23 14:50:58',146,0,0,0,0,NULL),(5615,225,329,'2019-06-23 14:50:58','2019-06-23 14:50:58',146,0,0,0,0,NULL),(5616,225,305,'2019-06-23 14:50:58','2019-06-23 14:50:58',146,0,0,0,0,NULL),(5618,229,354,'2019-06-23 14:50:58','2019-06-23 14:50:58',268,0,0,0,0,NULL),(5619,229,428,'2019-06-23 14:50:58','2019-06-23 14:50:58',159,0,0,0,0,NULL),(5620,229,418,'2019-06-23 14:50:58','2019-06-23 14:50:58',230,0,0,0,0,NULL),(5621,229,397,'2019-06-23 14:50:58','2019-06-23 14:50:58',114,0,0,0,0,NULL),(5622,229,346,'2019-06-23 14:50:58','2019-06-23 14:50:58',268,0,0,0,0,NULL),(5623,229,303,'2019-06-23 14:50:58','2019-06-23 14:50:58',268,0,0,0,0,NULL),(5624,229,282,'2019-06-23 14:50:58','2019-06-23 14:50:58',217,0,0,0,0,NULL),(5625,229,404,'2019-06-23 14:50:58','2019-06-23 14:50:58',309,0,0,0,0,NULL),(5626,229,365,'2019-06-23 14:50:58','2019-06-23 14:50:58',327,0,0,0,0,NULL),(5627,229,380,'2019-06-23 14:50:58','2019-06-23 14:50:58',262,0,0,0,0,NULL),(5628,229,446,'2019-06-23 14:50:58','2019-06-23 14:50:58',0,0,0,0,0,NULL),(5629,229,318,'2019-06-23 14:50:58','2019-06-23 14:50:58',8,0,0,0,0,NULL),(5630,229,331,'2019-06-23 14:50:58','2019-06-23 14:50:58',217,0,0,0,0,NULL),(5631,229,295,'2019-06-23 14:50:58','2019-06-23 14:50:58',111,0,0,0,0,NULL),(5632,229,302,'2019-06-23 14:50:58','2019-06-23 14:50:58',111,0,0,0,0,NULL),(5633,229,324,'2019-06-23 14:50:58','2019-06-23 14:50:58',111,0,0,0,0,NULL),(5634,229,352,'2019-06-23 14:50:58','2019-06-23 14:50:58',111,0,0,0,0,NULL),(5635,229,394,'2019-06-23 14:50:58','2019-06-23 14:50:58',111,0,0,0,0,NULL),(5636,229,419,'2019-06-23 14:50:58','2019-06-23 14:50:58',111,0,0,0,0,NULL),(5637,229,424,'2019-06-23 14:50:58','2019-06-23 14:50:58',111,0,0,0,0,NULL),(5638,229,298,'2019-06-23 14:50:58','2019-06-23 14:50:58',146,0,0,0,0,NULL),(5639,229,353,'2019-06-23 14:50:58','2019-06-23 14:50:58',63,0,0,0,0,NULL),(5640,229,425,'2019-06-23 14:50:58','2019-06-23 14:50:58',65,0,0,0,0,NULL),(5641,229,399,'2019-06-23 14:50:58','2019-06-23 14:50:58',65,0,0,0,0,NULL),(5642,229,391,'2019-06-23 14:50:58','2019-06-23 14:50:58',63,0,0,0,0,NULL),(5643,229,325,'2019-06-23 14:50:58','2019-06-23 14:50:58',65,0,0,0,0,NULL),(5644,229,304,'2019-06-23 14:50:58','2019-06-23 14:50:58',63,0,0,0,0,NULL),(5646,230,354,'2019-06-23 14:50:58','2019-06-23 14:50:58',268,0,0,0,0,NULL),(5647,230,430,'2019-06-23 14:50:58','2019-06-23 14:50:58',268,0,0,0,0,NULL),(5648,230,423,'2019-06-23 14:50:58','2019-06-23 14:50:58',394,0,0,0,0,NULL),(5649,230,398,'2019-06-23 14:50:58','2019-06-23 14:50:58',394,0,0,0,0,NULL),(5650,230,346,'2019-06-23 14:50:58','2019-06-23 14:50:58',268,0,0,0,0,NULL),(5651,230,307,'2019-06-23 14:50:58','2019-06-23 14:50:58',394,0,0,0,0,NULL),(5652,230,294,'2019-06-23 14:50:58','2019-06-23 14:50:58',436,0,0,0,0,NULL),(5653,230,311,'2019-06-23 14:50:58','2019-06-23 14:50:58',436,0,0,0,0,NULL),(5654,230,344,'2019-06-23 14:50:58','2019-06-23 14:50:58',436,0,0,0,0,NULL),(5655,230,360,'2019-06-23 14:50:58','2019-06-23 14:50:58',436,0,0,0,0,NULL),(5656,230,375,'2019-06-23 14:50:58','2019-06-23 14:50:58',436,0,0,0,0,NULL),(5657,230,403,'2019-06-23 14:50:58','2019-06-23 14:50:58',436,0,0,0,0,NULL),(5658,230,434,'2019-06-23 14:50:58','2019-06-23 14:50:58',436,0,0,0,0,NULL),(5659,230,295,'2019-06-23 14:50:58','2019-06-23 14:50:58',111,0,0,0,0,NULL),(5660,230,302,'2019-06-23 14:50:58','2019-06-23 14:50:58',111,0,0,0,0,NULL),(5661,230,324,'2019-06-23 14:50:58','2019-06-23 14:50:58',111,0,0,0,0,NULL),(5662,230,352,'2019-06-23 14:50:58','2019-06-23 14:50:58',111,0,0,0,0,NULL),(5663,230,394,'2019-06-23 14:50:59','2019-06-23 14:50:59',111,0,0,0,0,NULL),(5664,230,419,'2019-06-23 14:50:59','2019-06-23 14:50:59',111,0,0,0,0,NULL),(5665,230,424,'2019-06-23 14:50:59','2019-06-23 14:50:59',111,0,0,0,0,NULL),(5666,230,296,'2019-06-23 14:50:59','2019-06-23 14:50:59',65,0,0,0,0,NULL),(5667,230,350,'2019-06-23 14:50:59','2019-06-23 14:50:59',65,0,0,0,0,NULL),(5668,230,429,'2019-06-23 14:50:59','2019-06-23 14:50:59',146,0,0,0,0,NULL),(5669,230,402,'2019-06-23 14:50:59','2019-06-23 14:50:59',63,0,0,0,0,NULL),(5670,230,391,'2019-06-23 14:50:59','2019-06-23 14:50:59',63,0,0,0,0,NULL),(5671,230,329,'2019-06-23 14:50:59','2019-06-23 14:50:59',146,0,0,0,0,NULL),(5672,230,300,'2019-06-23 14:50:59','2019-06-23 14:50:59',65,0,0,0,0,NULL),(5674,232,351,'2019-06-23 14:50:59','2019-06-23 14:50:59',159,0,0,0,0,NULL),(5675,232,431,'2019-06-23 14:50:59','2019-06-23 14:50:59',114,0,0,0,0,NULL),(5676,232,420,'2019-06-23 14:50:59','2019-06-23 14:50:59',159,0,0,0,0,NULL),(5677,232,397,'2019-06-23 14:50:59','2019-06-23 14:50:59',114,0,0,0,0,NULL),(5678,232,347,'2019-06-23 14:50:59','2019-06-23 14:50:59',114,0,0,0,0,NULL),(5679,232,301,'2019-06-23 14:50:59','2019-06-23 14:50:59',159,0,0,0,0,NULL),(5680,232,282,'2019-06-23 14:50:59','2019-06-23 14:50:59',217,0,0,0,0,NULL),(5681,232,411,'2019-06-23 14:50:59','2019-06-23 14:50:59',380,0,0,0,0,NULL),(5682,232,382,'2019-06-23 14:50:59','2019-06-23 14:50:59',409,0,0,0,0,NULL),(5683,232,361,'2019-06-23 14:50:59','2019-06-23 14:50:59',309,0,0,0,0,NULL),(5684,232,441,'2019-06-23 14:50:59','2019-06-23 14:50:59',409,0,0,0,0,NULL),(5685,232,313,'2019-06-23 14:50:59','2019-06-23 14:50:59',217,0,0,0,0,NULL),(5686,232,326,'2019-06-23 14:50:59','2019-06-23 14:50:59',342,0,0,0,0,NULL),(5687,232,295,'2019-06-23 14:50:59','2019-06-23 14:50:59',111,0,0,0,0,NULL),(5688,232,302,'2019-06-23 14:50:59','2019-06-23 14:50:59',111,0,0,0,0,NULL),(5689,232,324,'2019-06-23 14:50:59','2019-06-23 14:50:59',111,0,0,0,0,NULL),(5690,232,352,'2019-06-23 14:50:59','2019-06-23 14:50:59',111,0,0,0,0,NULL),(5691,232,394,'2019-06-23 14:50:59','2019-06-23 14:50:59',111,0,0,0,0,NULL),(5692,232,419,'2019-06-23 14:50:59','2019-06-23 14:50:59',111,0,0,0,0,NULL),(5693,232,424,'2019-06-23 14:50:59','2019-06-23 14:50:59',111,0,0,0,0,NULL),(5694,232,298,'2019-06-23 14:50:59','2019-06-23 14:50:59',146,0,0,0,0,NULL),(5695,232,353,'2019-06-23 14:50:59','2019-06-23 14:50:59',63,0,0,0,0,NULL),(5696,232,427,'2019-06-23 14:50:59','2019-06-23 14:50:59',63,0,0,0,0,NULL),(5697,232,402,'2019-06-23 14:50:59','2019-06-23 14:50:59',63,0,0,0,0,NULL),(5698,232,392,'2019-06-23 14:50:59','2019-06-23 14:50:59',146,0,0,0,0,NULL),(5699,232,327,'2019-06-23 14:50:59','2019-06-23 14:50:59',63,0,0,0,0,NULL),(5700,232,300,'2019-06-23 14:50:59','2019-06-23 14:50:59',65,0,0,0,0,NULL),(5702,233,357,'2019-06-23 14:50:59','2019-06-23 14:50:59',394,0,0,0,0,NULL),(5703,233,426,'2019-06-23 14:50:59','2019-06-23 14:50:59',230,0,0,0,0,NULL),(5704,233,418,'2019-06-23 14:50:59','2019-06-23 14:50:59',230,0,0,0,0,NULL),(5705,233,393,'2019-06-23 14:50:59','2019-06-23 14:50:59',230,0,0,0,0,NULL),(5706,233,346,'2019-06-23 14:50:59','2019-06-23 14:50:59',268,0,0,0,0,NULL),(5707,233,299,'2019-06-23 14:50:59','2019-06-23 14:50:59',230,0,0,0,0,NULL),(5708,233,286,'2019-06-23 14:50:59','2019-06-23 14:50:59',380,0,0,0,0,NULL),(5709,233,316,'2019-06-23 14:50:59','2019-06-23 14:50:59',409,0,0,0,0,NULL),(5710,233,334,'2019-06-23 14:50:59','2019-06-23 14:50:59',409,0,0,0,0,NULL),(5711,233,367,'2019-06-23 14:50:59','2019-06-23 14:50:59',380,0,0,0,0,NULL),(5712,233,383,'2019-06-23 14:50:59','2019-06-23 14:50:59',380,0,0,0,0,NULL),(5713,233,410,'2019-06-23 14:50:59','2019-06-23 14:50:59',409,0,0,0,0,NULL),(5714,233,442,'2019-06-23 14:50:59','2019-06-23 14:50:59',380,0,0,0,0,NULL),(5715,233,295,'2019-06-23 14:50:59','2019-06-23 14:50:59',111,0,0,0,0,NULL),(5716,233,302,'2019-06-23 14:50:59','2019-06-23 14:50:59',111,0,0,0,0,NULL),(5717,233,324,'2019-06-23 14:50:59','2019-06-23 14:50:59',111,0,0,0,0,NULL),(5718,233,352,'2019-06-23 14:50:59','2019-06-23 14:50:59',111,0,0,0,0,NULL),(5719,233,394,'2019-06-23 14:50:59','2019-06-23 14:50:59',111,0,0,0,0,NULL),(5720,233,419,'2019-06-23 14:50:59','2019-06-23 14:50:59',111,0,0,0,0,NULL),(5721,233,424,'2019-06-23 14:50:59','2019-06-23 14:50:59',111,0,0,0,0,NULL),(5722,233,298,'2019-06-23 14:50:59','2019-06-23 14:50:59',146,0,0,0,0,NULL),(5723,233,353,'2019-06-23 14:50:59','2019-06-23 14:50:59',63,0,0,0,0,NULL),(5724,233,427,'2019-06-23 14:50:59','2019-06-23 14:50:59',63,0,0,0,0,NULL),(5725,233,399,'2019-06-23 14:50:59','2019-06-23 14:50:59',65,0,0,0,0,NULL),(5726,233,392,'2019-06-23 14:50:59','2019-06-23 14:50:59',146,0,0,0,0,NULL),(5727,233,329,'2019-06-23 14:50:59','2019-06-23 14:50:59',146,0,0,0,0,NULL),(5728,233,300,'2019-06-23 14:50:59','2019-06-23 14:50:59',65,0,0,0,0,NULL),(5729,234,278,'2019-06-23 14:50:59','2019-06-23 14:50:59',394,0,0,0,0,NULL),(5730,234,307,'2019-06-23 14:50:59','2019-06-23 14:50:59',394,0,0,0,0,NULL),(5731,234,348,'2019-06-23 14:50:59','2019-06-23 14:50:59',394,0,0,0,0,NULL),(5732,234,357,'2019-06-23 14:50:59','2019-06-23 14:50:59',394,0,0,0,0,NULL),(5733,234,398,'2019-06-23 14:50:59','2019-06-23 14:50:59',394,0,0,0,0,NULL),(5734,234,423,'2019-06-23 14:50:59','2019-06-23 14:50:59',394,0,0,0,0,NULL),(5735,234,432,'2019-06-23 14:50:59','2019-06-23 14:50:59',394,0,0,0,0,NULL),(5736,234,295,'2019-06-23 14:50:59','2019-06-23 14:50:59',111,0,0,0,0,NULL),(5737,234,302,'2019-06-23 14:50:59','2019-06-23 14:50:59',111,0,0,0,0,NULL),(5738,234,324,'2019-06-23 14:50:59','2019-06-23 14:50:59',111,0,0,0,0,NULL),(5739,234,352,'2019-06-23 14:50:59','2019-06-23 14:50:59',111,0,0,0,0,NULL),(5740,234,394,'2019-06-23 14:50:59','2019-06-23 14:50:59',111,0,0,0,0,NULL),(5741,234,419,'2019-06-23 14:50:59','2019-06-23 14:50:59',111,0,0,0,0,NULL),(5742,234,424,'2019-06-23 14:50:59','2019-06-23 14:50:59',111,0,0,0,0,NULL),(5743,234,298,'2019-06-23 14:50:59','2019-06-23 14:50:59',146,0,0,0,0,NULL),(5744,234,305,'2019-06-23 14:50:59','2019-06-23 14:50:59',146,0,0,0,0,NULL),(5745,234,329,'2019-06-23 14:50:59','2019-06-23 14:50:59',146,0,0,0,0,NULL),(5746,234,355,'2019-06-23 14:50:59','2019-06-23 14:50:59',146,0,0,0,0,NULL),(5747,234,392,'2019-06-23 14:50:59','2019-06-23 14:50:59',146,0,0,0,0,NULL),(5748,234,405,'2019-06-23 14:50:59','2019-06-23 14:50:59',146,0,0,0,0,NULL),(5749,234,429,'2019-06-23 14:50:59','2019-06-23 14:50:59',146,0,0,0,0,NULL),(5805,19,503,'2019-07-15 17:29:22','2019-07-15 17:29:22',230,0,0,0,0,NULL),(5878,4,491,'2019-07-17 15:38:48','2019-07-17 15:38:48',0,0,0,0,0,'[{\"ingredient_type_id\":\"16\",\"amount\":\"100\"}]'),(5879,4,521,'2019-07-17 15:38:48','2019-07-17 15:38:48',0,0,0,0,0,'[{\"ingredient_type_id\":\"16\",\"amount\":\"100\"}]'),(5880,4,493,'2019-07-17 15:38:48','2019-07-17 15:38:48',0,0,0,0,0,'[{\"ingredient_type_id\":\"16\",\"amount\":\"100\"}]'),(5881,5,576,'2019-07-17 15:38:48','2019-07-17 15:38:48',0,0,0,0,0,'[{\"ingredient_type_id\":\"15\",\"amount\":\"76\"},{\"ingredient_type_id\":\"5\",\"amount\":\"51\"}]'),(5882,5,553,'2019-07-17 15:38:48','2019-07-17 15:38:48',0,0,0,0,0,'[{\"ingredient_type_id\":\"17\",\"amount\":\"62\"},{\"ingredient_type_id\":\"5\",\"amount\":\"49\"}]'),(5883,5,496,'2019-07-17 15:38:48','2019-07-17 15:38:48',0,0,0,0,0,'[{\"ingredient_type_id\":\"19\",\"amount\":\"59\"},{\"ingredient_type_id\":\"5\",\"amount\":\"83\"}]'),(5884,5,491,'2019-07-17 15:38:48','2019-07-17 15:38:48',0,0,0,0,0,'[{\"ingredient_type_id\":\"19\",\"amount\":\"70\"},{\"ingredient_type_id\":\"5\",\"amount\":\"121\"}]'),(5885,5,521,'2019-07-17 15:38:48','2019-07-17 15:38:48',0,0,0,0,0,'[{\"ingredient_type_id\":\"14\",\"amount\":\"115\"},{\"ingredient_type_id\":\"5\",\"amount\":\"125\"}]'),(5886,5,493,'2019-07-17 15:38:48','2019-07-17 15:38:48',0,0,0,0,0,'[{\"ingredient_type_id\":\"18\",\"amount\":\"66\"},{\"ingredient_type_id\":\"5\",\"amount\":\"124\"}]'),(5887,5,497,'2019-07-17 15:38:48','2019-07-17 15:38:48',0,0,0,0,0,'[{\"ingredient_type_id\":\"16\",\"amount\":\"115\"},{\"ingredient_type_id\":\"16\",\"amount\":\"125\"}]'),(5888,5,498,'2019-07-17 15:38:48','2019-07-17 15:38:48',0,0,0,0,0,'[{\"ingredient_type_id\":\"20\",\"amount\":\"135\"},{\"ingredient_type_id\":\"5\",\"amount\":\"105\"}]'),(5889,5,499,'2019-07-17 15:38:48','2019-07-17 15:38:48',0,0,0,0,0,'[{\"ingredient_type_id\":\"15\",\"amount\":\"133\"},{\"ingredient_type_id\":\"5\",\"amount\":\"107\"}]'),(5890,15,640,'2019-07-17 15:38:48','2019-07-17 15:38:48',146,0,0,0,0,NULL),(5891,15,708,'2019-07-17 15:38:48','2019-07-17 15:38:48',146,0,0,0,0,NULL),(5892,130,640,'2019-07-17 15:38:48','2019-07-17 15:38:48',146,0,0,0,0,NULL),(5893,130,708,'2019-07-17 15:38:48','2019-07-17 15:38:48',146,0,0,0,0,NULL),(5894,135,578,'2019-07-17 15:38:48','2019-07-17 15:38:48',0,0,0,0,0,'[{\"ingredient_type_id\":\"1\",\"amount\":\"100\"},{\"ingredient_type_id\":\"5\",\"amount\":\"100\"}]'),(5895,135,555,'2019-07-17 15:38:48','2019-07-17 15:38:48',0,0,0,0,0,'[{\"ingredient_type_id\":\"1\",\"amount\":\"100\"},{\"ingredient_type_id\":\"5\",\"amount\":\"100\"}]'),(5896,135,502,'2019-07-17 15:38:48','2019-07-17 15:38:48',0,0,0,0,0,'[{\"ingredient_type_id\":\"1\",\"amount\":\"100\"},{\"ingredient_type_id\":\"5\",\"amount\":\"100\"}]'),(5897,189,635,'2019-07-17 15:38:48','2019-07-17 15:38:48',111,0,0,0,0,NULL),(5898,189,572,'2019-07-17 15:38:48','2019-07-17 15:38:48',99,0,0,0,0,NULL),(5899,189,705,'2019-07-17 15:38:48','2019-07-17 15:38:48',99,0,0,0,0,NULL),(5900,189,640,'2019-07-17 15:38:48','2019-07-17 15:38:48',146,0,0,0,0,NULL),(5901,189,708,'2019-07-17 15:38:48','2019-07-17 15:38:48',146,0,0,0,0,NULL);
/*!40000 ALTER TABLE `customer_meals` ENABLE KEYS */;
UNLOCK TABLES;

--
-- Table structure for table `customer_programs`
--

DROP TABLE IF EXISTS `customer_programs`;
/*!40101 SET @saved_cs_client     = @@character_set_client */;
/*!40101 SET character_set_client = utf8 */;
CREATE TABLE `customer_programs` (
  `id` int(10) unsigned NOT NULL AUTO_INCREMENT,
  `customer_id` int(10) unsigned NOT NULL,
  `meal_type_id` int(10) unsigned NOT NULL,
  `options` longtext CHARACTER SET utf8mb4 COLLATE utf8mb4_bin DEFAULT NULL,
  `created_at` timestamp NULL DEFAULT NULL,
  `updated_at` timestamp NULL DEFAULT NULL,
  PRIMARY KEY (`id`),
  KEY `customer_programs_customer_id_foreign` (`customer_id`),
  KEY `customer_programs_meal_type_id_foreign` (`meal_type_id`),
  CONSTRAINT `customer_programs_customer_id_foreign` FOREIGN KEY (`customer_id`) REFERENCES `customers` (`id`),
  CONSTRAINT `customer_programs_meal_type_id_foreign` FOREIGN KEY (`meal_type_id`) REFERENCES `meal_types` (`id`)
) ENGINE=InnoDB AUTO_INCREMENT=8 DEFAULT CHARSET=utf8mb4 COLLATE=utf8mb4_unicode_ci;
/*!40101 SET character_set_client = @saved_cs_client */;

--
-- Dumping data for table `customer_programs`
--

LOCK TABLES `customer_programs` WRITE;
/*!40000 ALTER TABLE `customer_programs` DISABLE KEYS */;
INSERT INTO `customer_programs` VALUES (1,135,8,'[{\"data\":[{\"ingredient_type_id\":\"1\",\"amount\":\"100\"},{\"ingredient_type_id\":\"5\",\"amount\":\"100\"}]}]','2019-04-21 11:45:29','2019-04-21 11:45:35'),(2,5,8,'[{\"data\":[{\"ingredient_type_id\":\"15\",\"amount\":\"76\"},{\"ingredient_type_id\":\"5\",\"amount\":\"51\"}],\"kitchen_id\":\"5\"},{\"data\":[{\"ingredient_type_id\":\"17\",\"amount\":\"62\"},{\"ingredient_type_id\":\"5\",\"amount\":\"49\"}],\"kitchen_id\":\"5\"},{\"data\":[{\"ingredient_type_id\":\"19\",\"amount\":\"59\"},{\"ingredient_type_id\":\"5\",\"amount\":\"83\"}],\"kitchen_id\":\"5\"},{\"data\":[{\"ingredient_type_id\":\"20\",\"amount\":\"70\"},{\"ingredient_type_id\":\"5\",\"amount\":\"55\"}],\"kitchen_id\":\"5\"},{\"data\":[{\"ingredient_type_id\":\"4\",\"amount\":\"180\"},{\"ingredient_type_id\":\"5\",\"amount\":\"123\"}],\"kitchen_id\":\"5\"}]','2019-04-21 12:04:26','2019-04-21 13:31:38'),(4,5,9,'[{\"data\":[{\"ingredient_type_id\":\"15\",\"amount\":\"126\"},{\"ingredient_type_id\":\"5\",\"amount\":\"114\"}],\"kitchen_id\":\"5\"},{\"data\":[{\"ingredient_type_id\":\"17\",\"amount\":\"117\"}],\"kitchen_id\":\"5\"},{\"data\":[{\"ingredient_type_id\":\"16\",\"amount\":\"120\"},{\"ingredient_type_id\":\"5\",\"amount\":\"120\"}],\"kitchen_id\":\"5\"},{\"data\":[{\"ingredient_type_id\":\"14\",\"amount\":\"115\"},{\"ingredient_type_id\":\"5\",\"amount\":\"125\"}],\"kitchen_id\":\"5\"},{\"data\":[{\"ingredient_type_id\":\"19\",\"amount\":\"70\"},{\"ingredient_type_id\":\"5\",\"amount\":\"121\"}],\"kitchen_id\":\"5\"},{\"data\":[{\"ingredient_type_id\":\"20\",\"amount\":\"129\"},{\"ingredient_type_id\":\"5\",\"amount\":\"111\"}],\"kitchen_id\":\"5\"},{\"data\":[{\"ingredient_type_id\":\"18\",\"amount\":\"66\"},{\"ingredient_type_id\":\"5\",\"amount\":\"124\"}],\"kitchen_id\":\"5\"}]','2019-04-21 12:08:25','2019-04-21 13:31:59'),(5,5,10,'[{\"data\":[{\"ingredient_type_id\":\"15\",\"amount\":\"133\"},{\"ingredient_type_id\":\"5\",\"amount\":\"107\"}],\"kitchen_id\":\"5\"},{\"data\":[{\"ingredient_type_id\":\"17\",\"amount\":\"128\"},{\"ingredient_type_id\":\"5\",\"amount\":\"112\"}],\"kitchen_id\":\"5\"},{\"data\":[{\"ingredient_type_id\":\"16\",\"amount\":\"115\"},{\"ingredient_type_id\":\"16\",\"amount\":\"125\"}],\"kitchen_id\":\"5\"},{\"data\":[{\"ingredient_type_id\":\"14\",\"amount\":\"120\"},{\"ingredient_type_id\":\"5\",\"amount\":\"120\"}],\"kitchen_id\":\"5\"},{\"data\":[{\"ingredient_type_id\":\"20\",\"amount\":\"135\"},{\"ingredient_type_id\":\"5\",\"amount\":\"105\"}],\"kitchen_id\":\"5\"}]','2019-04-21 12:16:36','2019-04-21 13:32:13'),(7,4,9,'[{\"data\":[{\"ingredient_type_id\":\"16\",\"amount\":\"100\"}],\"kitchen_id\":\"5\"}]','2019-06-23 10:19:06','2019-06-23 10:21:04');
/*!40000 ALTER TABLE `customer_programs` ENABLE KEYS */;
UNLOCK TABLES;

--
-- Table structure for table `customers`
--

DROP TABLE IF EXISTS `customers`;
/*!40101 SET @saved_cs_client     = @@character_set_client */;
/*!40101 SET character_set_client = utf8 */;
CREATE TABLE `customers` (
  `id` int(10) unsigned NOT NULL AUTO_INCREMENT,
  `fullname` varchar(255) COLLATE utf8mb4_unicode_ci NOT NULL,
  `title` varchar(255) COLLATE utf8mb4_unicode_ci NOT NULL,
  `age` int(11) NOT NULL,
  `birthdate` date NOT NULL,
  `gender` tinyint(4) NOT NULL,
  `height` double NOT NULL,
  `weight` double NOT NULL,
  `waist_measurements` double NOT NULL,
  `hip_measurements` double NOT NULL,
  `blood_type` varchar(255) COLLATE utf8mb4_unicode_ci NOT NULL,
  `address` text COLLATE utf8mb4_unicode_ci NOT NULL,
  `mobile` varchar(255) COLLATE utf8mb4_unicode_ci NOT NULL,
  `telephone` varchar(255) COLLATE utf8mb4_unicode_ci NOT NULL,
  `email` varchar(255) COLLATE utf8mb4_unicode_ci NOT NULL,
  `medical_history` text COLLATE utf8mb4_unicode_ci NOT NULL,
  `present_medication` text COLLATE utf8mb4_unicode_ci NOT NULL,
  `exercise_frequency` text COLLATE utf8mb4_unicode_ci NOT NULL,
  `alchohol` tinyint(4) NOT NULL,
  `smoke` tinyint(4) NOT NULL,
  `pregnancy` tinyint(4) NOT NULL,
  `breastfeeding` tinyint(4) NOT NULL,
  `vaccinations` text COLLATE utf8mb4_unicode_ci NOT NULL,
  `worktype` varchar(255) COLLATE utf8mb4_unicode_ci NOT NULL,
  `weightchange` tinyint(4) NOT NULL,
  `created_at` timestamp NULL DEFAULT NULL,
  `updated_at` timestamp NULL DEFAULT NULL,
  `plan_id` int(10) unsigned NOT NULL,
  `status` tinyint(4) NOT NULL,
  PRIMARY KEY (`id`),
  UNIQUE KEY `customers_email_unique` (`email`),
  KEY `customers_plan_id_foreign` (`plan_id`),
  CONSTRAINT `customers_plan_id_foreign` FOREIGN KEY (`plan_id`) REFERENCES `plans` (`id`) ON DELETE CASCADE
) ENGINE=InnoDB AUTO_INCREMENT=284 DEFAULT CHARSET=utf8mb4 COLLATE=utf8mb4_unicode_ci;
/*!40101 SET character_set_client = @saved_cs_client */;

--
-- Dumping data for table `customers`
--

LOCK TABLES `customers` WRITE;
/*!40000 ALTER TABLE `customers` DISABLE KEYS */;
INSERT INTO `customers` VALUES (2,'Bassam Al Ali','Mr',37,'1981-09-26',1,175,81,34,0,'O+','BLDG 2495,RD 2832,SEEF 428, AHLI UNITED BANK','36733777','36733777','bas.alali@gmail.com','NONE','NONE','1',0,0,0,0,'0','Mental',2,'2019-03-30 08:48:47','2019-04-06 07:37:25',1,1),(4,'Laila Al-Beiti','MS.',35,'1983-08-17',0,167,84,112,112,'0','House 25, Granada Garden Road 2251,Jidhafs 442','39977832','39977832','laila.albeiti@gmail.com','NONE','NONE','1',0,0,0,0,'0','MENTAL',0,'2019-03-30 09:40:31','2019-06-23 10:16:39',1,1),(5,'Humood Almuhanna','Mr.',28,'1990-07-28',1,190,103,109,69,'O+','House 215, RD 90, BLK 945, Awali','3831001','3831001','humood.almuhanna@gmail.com','Mixed connective tissue disease','Adalat, Imuran, Nuxium','1',0,0,0,0,'0','Mental',0,'2019-03-30 10:01:25','2019-04-06 07:35:48',2,1),(6,'Najlaa Salman Alkhalifa','Sh.',27,'1991-10-19',0,158,88,95,121,'O+','House 174\r\nSh. Khalifa Bin Mohd Ave.\r\nBusaiteen\r\nBlock 221','33505505','33505505','niyalalkhalifa@gmail.com','NONE','NONE\r\n\r\n\r\n\r\nNote : minced meat only no to steaks','1',0,0,0,0,'0','MENTAL',0,'2019-04-01 15:52:43','2019-04-17 05:52:08',2,1),(7,'Saleh Nass','Mr.',34,'1985-03-08',1,0,0,0,0,'0','Villa 429\r\nElements Production \r\nRd 1212\r\nGufool 312','39973337','39973337','smnass@mac.com','0','0','1',0,0,0,0,'0','Physical',2,'2019-04-06 07:39:23','2019-04-06 07:41:12',1,1),(8,'Sarah Abdulmajeed Mohammed','Mr.',31,'1988-02-20',0,167,71,0,0,'B+','House 99\r\nRd 2702\r\nBLK 927\r\nBukwarah','38889883','39912223','saramohd88@hotmail.com','NONE','NONE','0',0,0,0,0,'0','Mental',2,'2019-04-06 07:44:01','2019-04-06 07:44:01',1,1),(9,'Sara Al Dallal','Mrs.',31,'1987-12-22',0,172,91,0,0,'A+','v23\r\nHuda Palms\r\nAl Nakheel Higway Gate 1129\r\nRoad 60 Barbar 528','36704999','36704999','sara.aldallal@gmail.com','none','none','1',0,0,0,1,'0','both',0,'2019-04-06 13:44:53','2019-04-06 14:00:31',3,1),(10,'Mohamed Raees','Mr.',37,'1982-03-04',1,180,88,0,0,'0','Kuwait Finance House Bahrain\r\nWord Trade Center Ground Floor\r\nKFH Branch next to Maki Restaurant','39885522','39885522','m.raees@gmail.com','none','none','1',0,1,0,0,'0','mental',2,'2019-04-06 14:09:35','2019-04-06 14:09:35',3,1),(11,'Dalal Essa Najibi','Ms',25,'1994-02-15',0,166,58,0,0,'B+','House No. 989 Road 2520\r\nBlock 525 \r\nSaar','39722002','39722002','dalalnajibi@gmail.com','none','none','1',0,0,0,0,'0','both',2,'2019-04-07 07:41:02','2019-04-07 07:41:02',2,1),(12,'Mehrunissa Anis','Dr.',30,'1988-06-11',0,172,60,71,91,'B+','Flat 83,8th flr. Bldg.2450,\r\nRoad 2835 Block 228\r\nBusaiteen','38816472','38816472','mehrunissa.anis@gmail.com','none','none','1',0,0,0,0,'0','both',2,'2019-04-07 08:44:15','2019-04-07 08:44:15',3,1),(14,'Ahmed Ishaq','Mr.',36,'1983-08-18',1,190,91,34,20,'AB+','House no. 1100, Road 1518\r\nBlock 915 East Riffa','39412414','39412414','aishaq1983@gmail.com','none','none','1',0,1,0,0,'0','mental',0,'2019-04-07 12:20:50','2019-04-24 09:48:25',2,1),(15,'Habib Ali Gowhary','Mr.',28,'1990-08-30',1,192,75,81,0,'0','Flat 11, Bldg. 3551\r\nRoad 7552 Block 575\r\nJanabiya','36676701','36676701','habib.ali90@hotmail.com','none','none','0',0,0,0,0,'0','mental',1,'2019-04-08 05:41:02','2019-04-08 06:16:51',3,1),(16,'Maryam Hamad','Ms.',39,'1979-05-23',0,162,60.5,0,0,'0+','Villa 589 Road 1619\r\nBlock 916 West Riffa','36766661','36766661','riffa.events@gmail.com','high cholesterol','none','1',0,0,0,0,'0','both',0,'2019-04-08 06:16:16','2019-04-08 06:16:16',2,1),(17,'Ahmed Salahuddin','Mr.',32,'1986-08-01',1,172,92,120,109,'0+','House no. 1077,Road \r\n2521, Block 525\r\nSaar','34454445','39416600','salahaldeen.a@gmail.com','none','multi vitamins supplements\r\n\r\n\r\nNote : no to spciy','0',0,1,0,0,'0','both',0,'2019-04-08 06:38:11','2019-04-08 06:40:41',2,1),(18,'Sara Davies','Mrs.',32,'1986-12-24',0,5.7,83,0,0,'0+','Villa 682, Hani Gardens\r\nRoad 2033 Block 520\r\nBarbar','33324120','33324120','saradavies86@hotmail.com','none','none','1',0,0,0,0,'0','mental',0,'2019-04-08 06:46:09','2019-04-08 06:49:06',2,1),(19,'James Davies','Mr.',32,'1986-10-23',1,6,82,0,0,'0','Villa 682, Hani Gardens\r\nRoad 2033, Block 520\r\nBarbar','32121448','32121448','jamesdavies0@hotmail.com','none','none','1',1,0,0,0,'0','mental',0,'2019-04-08 06:48:37','2019-04-08 06:48:37',2,1),(20,'Stephanie Hsu','Dr.',29,'1989-09-14',0,163,58,71,91,'B+','No.57,ar Al Ezz 1\r\nBldg.2372 Road 2834 Block 228\r\nBusaiteen','39926958','39926958','steph.hsu89@gmail.com','none\r\n\r\nNote : less salt','none','0',0,0,0,0,'0','both',2,'2019-04-08 06:52:44','2019-04-08 06:53:22',3,1),(21,'Nahar Ahmed Kamal','Mrs.',30,'1989-04-22',0,159,57,0,0,'A+','Villa 915,Road 1514,\r\nBlock 915 East Riffa','39545995','39545995','nahar.akamal@gmail.com','none','none\r\n\r\n\r\nNote : NO OATMEAL PLS.','1',0,0,0,0,'0','mental',2,'2019-04-08 06:56:23','2019-04-08 07:00:19',3,1),(22,'Khalid Al Shater','Mr.',17,'2002-01-05',1,132,96,101,0,'0','House 995,Road 7415\r\nBlock 579\r\nHamala','36660066','36660066','khalidalshater@gmai.com','none','none','0',0,0,0,0,'0','both',0,'2019-04-08 07:08:59','2019-04-08 07:08:59',2,1),(23,'Amina Humood','Ms',30,'1988-07-14',0,150,48,0,0,'A+','Villa 139 Road 29\r\nBlock 242\r\nArad','37766377','37766377','amina.humood@gmail.com','none','none','0',0,0,0,0,'0','mental',0,'2019-04-08 07:12:51','2019-04-08 07:12:51',2,1),(24,'Nadia Haqiqi','Mrs.',31,'1987-04-18',0,158,61,0,0,'0+','Villa no.2 Gate 1007\r\nBlock 332 Bu Ashira','36654455','17170441','nhaqiqi@1stenergybank.com','none','none','0',0,0,0,0,'0','mental',0,'2019-04-08 07:16:14','2019-04-08 07:16:14',2,1),(25,'May Taqi','Ms.',27,'0091-09-26',0,160,95,101,127,'0+','Villa 1117 Road 919\r\nBlock 1209 \r\nMiadinat  Hamad (Roundabout 9)','39722205','17420858','m.f.taqi@gmail.com','none','daily vitamins for hai and skin','2',0,0,0,0,'0','both',0,'2019-04-08 07:29:18','2019-04-08 07:29:18',2,1),(26,'Fatima Yateem','Ms.',29,'1990-02-07',0,174,78,0,0,'0+','Yateem Gardens Villa 30\r\n2469,Road 2762 \r\nBlock 327, Manama Bahrain','38883828','38883828','fatima.yateem@gmail.com','none','none','2',0,0,0,0,'0','both',0,'2019-04-08 07:43:46','2019-04-08 13:56:33',8,1),(27,'Shaika May Bit Sulaiman Al Otaibi','Dr.',62,'1957-12-17',0,100,69,97,91,'B+','House no..196, Block 221\r\nRoad Sh.Khalifa Bin Moohd.Avenue','3880011','3880011','maysalute@gmail.com','none\r\n\r\n\r\nNote : NO KIWI & LESS EGGS','none','0',0,0,0,0,'0','both',0,'2019-04-08 08:02:02','2019-06-15 12:04:02',2,1),(28,'Amal Khalil Ismail','Ms.',29,'1989-08-03',0,157,90,0,0,'0+','House no.2613,Road 2966\r\nBlock 729 Jurdab\r\nIsa Town','36626266','36626266','amalkhalil@;live.com','none','none','2',0,0,0,0,'0','mental',0,'2019-04-08 08:09:59','2019-04-08 08:09:59',2,1),(29,'Fatima Al Hadi','Mrs.',26,'1983-01-24',0,155,56.8,0,0,'A+','Lagoon Gate No.2 Block 943\r\nStreet no. 4317 H GB004\r\nRiffa Views','39993899','39993899','alhadifatima@gmail.com','none','none','0',0,0,0,0,'0','mental',0,'2019-04-08 08:19:44','2019-04-08 08:19:44',2,1),(30,'Fahad Barbar','Mr.',29,'1987-03-12',1,0,182,33,0,'B+','Villa 14, Gate 756,Road 1725\r\nIsa Park Compound\r\nSaar','39050656','33889991','fahadbabar@gmail.com','none\r\n\r\nNote : no sugar, gluten free,low carb high protein meal','none','2',1,1,0,0,'0','mental',2,'2019-04-08 08:46:25','2019-04-08 08:51:23',2,1),(31,'Lara Elie Semaan','Ms.',25,'1994-09-01',0,166,86,114,114,'0+','House 3228, Road 5770,\r\nBlock 457 Buqowah\r\nSeraya 2','66666056','66666056','lara.elie.semaan@gmail.com','none','accutane for the last 2 months\r\n\r\nNote : no to seafood','0',0,0,0,0,'0','both',2,'2019-04-08 09:21:04','2019-04-08 09:23:17',3,1),(32,'Nouf Khalfan','Mrs.',34,'1984-12-07',0,5.6,69.5,93.9,104,'0','Villa 2545, Road 7169\r\nBlock 571 Janabiya','39944994','39944994','noufkhalfan@gmail.com','none','none','0',1,0,0,0,'0','both',2,'2019-04-08 09:29:07','2019-04-08 09:29:07',2,1),(33,'Sara Jawahery','Ms.',36,'1982-05-31',0,5.3,53,0,0,'B+','House no.2,Gate 262, Road 7311\r\nBlk. 473,Abu Saiba','39699773','39699773','sara.jawahery@gmail.com','none','none\r\n\r\nnote: no gluten, no dairy,no fish\r\nmore of proteim ,low carb','1',0,0,0,0,'0','both',2,'2019-04-08 11:09:57','2019-04-08 12:15:58',3,1),(34,'Shaika Methayelle Al Khalifa','Shaika',27,'1992-04-11',0,154,57,65.5,97,'0+','shaikh Isa\'s palace','36977777','36977777','methayelle@gmail.cm','none','none\r\n\r\nNote : no eggs,gluten free,no brown rice','1',0,0,0,0,'0','mental',2,'2019-04-08 13:02:20','2019-04-08 13:02:20',3,1),(35,'Stephanie Long','Ms',34,'0000-00-00',0,169,79,0,0,'0','Capricorn Gardens, Flat 40\r\n1st Floor Avenue 65,131\r\nBlock 565 Janabiyah','36121122','36121122','stephaniealexlong@gmail.com','none','PCOS','0',0,0,0,0,'0','both',0,'2019-04-08 13:08:52','2019-04-08 13:09:40',3,1),(36,'Mohamed Alsaati','Mr.',28,'1992-04-10',1,171,65,30,0,'AB+','House no. 141,Road 2307\r\nBlock 523\r\nSaar','39988009','39988009','mohamed.alsaati@gmail.com','none','none\r\n\r\nNote : no to ketchup and pickles','1',0,1,0,0,'0','both',2,'2019-04-08 13:13:07','2019-04-08 13:14:55',3,1),(37,'Ameera Nasralla','Mrs.',35,'1984-04-24',0,157,68,0,0,'B+','House no.1333, Road 5337\r\nBlock 553,\r\nBudaiya','39633327','39633327','nasrallaameera@gmail.com','none','none','0',0,0,0,0,'0','mental',0,'2019-04-08 13:17:51','2019-04-08 13:17:51',3,1),(38,'Sara Abdulla','Ms.',30,'1989-10-29',0,160,54,0,0,'0','House no.1061,Road 1119, \r\nBlock 911\r\nEast Riffa','36330075','36330075','s.abdulla@gmail.com','none','none\r\n\r\nNote : no lentils and no beans','1',0,0,0,0,'0','mental',0,'2019-04-08 13:26:22','2019-04-08 13:28:36',3,1),(47,'Noora Hasan Isa','Ms.',38,'1980-08-24',0,167,74,0,0,'0','Villa no.993, Road 1626, \r\nBlock 916 \r\nWest Riffa','39444462','39444462','n.h.alghatam@gmail.com','none','Taking Vitamin D & Omega','1',0,0,0,0,'0','both',2,'2019-04-10 05:59:19','2019-04-10 05:59:19',3,1),(50,'Kumail Al Noaimi','Mr.',36,'1982-01-01',1,179,72,32,0,'0','Compound no 141,Villa no.96\r\nRoad 24, Block 1020\r\nHamad Town','39600874','39600874','kumail.alnoaimi@gmail.com','none\r\n\r\n\r\nNote : into a lot of sports hence need more carbs','none','2',0,0,0,0,'0','both',2,'2019-04-10 11:28:13','2019-04-10 11:30:28',11,1),(52,'Abdulla Al Aradi','Mr.',35,'0983-06-07',1,197,88,91,0,'A+','Villa 1047,Road 4032\r\nBlock 240 Arad\r\nMuharraq (opposite to arad bay pedestrian bridge)','33335757','33335757','abdulla.aradi@gmail.com','none','mome','0',1,1,0,0,'0','both',2,'2019-04-11 06:57:24','2019-04-11 06:57:24',1,1),(53,'Fatima Karimi','Ms.',32,'1986-08-05',0,164,72,0,0,'B+','Viva Tower 15, 428 Seef District\r\n17th Floor','39711397','34011393','fkarimi@gmail.com','none','none\r\n\r\nNote : No legumes,gluten Free,quinoa\r\n and beans','1',0,1,0,0,'0','mental',2,'2019-04-11 07:05:37','2019-04-11 07:11:48',1,1),(54,'Maryam Al Zayani','Ms.',26,'0001-01-01',0,0,0,0,0,'0','Khaleej Commercial Bank  - Financial Harbour \r\n25th Floor','36561666','36561666','malzayyani@khcbonline.com','none','none','0',0,0,0,0,'0','both',2,'2019-04-11 07:54:22','2019-04-11 07:54:22',1,1),(55,'Alanood Alnoami','Mrs.',38,'0981-09-09',0,169,74,90,105,'AB','House no. 1522, Road 2426\r\nBlock 324, Al Juffair','39402828','39402828','aalnoaimi9@gmail.com','none\r\n\r\n\r\n\r\nNote : With TLC  results','1.Adalat,Imuran, Nexium\r\n2.Mixed connective tissue disease','1',0,0,0,0,'0','both',2,'2019-04-11 08:37:42','2019-04-11 08:59:00',3,1),(57,'Hamza Saleem','Mr.',34,'1985-03-04',1,170,73,86,99,'B+','Villa no.1 Compound No. 1016-D\r\nRoad 2933,Area 529\'\r\nMarkh,Saar  (Behind Saar Mosque)','39655622','39655622','hmaza_saleemiqbal@hotmail.com','Borderline Cholesterol Level','none','1',1,0,0,0,'0','both',0,'2019-04-11 11:05:25','2019-04-11 11:05:25',3,1),(58,'Khulood Al Jassim','Ms.',32,'1964-04-19',0,169,65,32,0,'B+','House no.989, Road 2520,\r\nBlock 525 Saar','39698030','39698030','k.aljassim7@gmail.com','none','none','1',0,0,0,0,'0','both',0,'2019-04-11 11:26:14','2019-04-11 11:26:14',2,1),(61,'Dalal Essa Najibi','Ms.',25,'1994-02-15',0,166,58,26,0,'B+','House 989 Road 2520\r\nBlock 525 Saar','39722002','39722002','dalal.najibi@gmail.com','none','none','0',0,0,0,0,'0','both',2,'2019-04-11 12:04:54','2019-04-11 12:04:54',2,1),(62,'Amal Al Bader','Mrs.',37,'1981-01-10',0,153,60,0,0,'A+','House 1731, Road 4555\r\nBlock 745 Sanad','66309999','66309999','ahmedakeel@gmail.com','none','Note : Sudden has had a sudden increase in weight gain, and depression.','1',0,0,0,0,'0','mental',0,'2019-04-11 12:09:44','2019-04-11 12:09:44',2,1),(63,'Muna Ali Yateem','Ms.',32,'1986-10-06',0,165,64.6,72,91,'0+','Villa 2469, Road 2762\r\nYateem Graden\r\nAdliya','39988822','39988822','munayateem@gmail.com','none','Taking daily : omega 3 fish oil and some\r\nother supplements\r\n\r\nNote : No to quinoa , no milk,  yogurt and cheese','1',1,1,0,0,'0','both',0,'2019-04-11 12:14:29','2019-04-11 12:14:29',2,1),(66,'Khaled Al Alawi','Mr.',32,'1987-03-25',1,179,86.5,0,0,'AB+','Apartment 11, Bldg.2116\r\nRoad 1334,Block 513\r\nMaqabah','39400878','39400878','khalilalawi@hotmail.com','none','None\r\n\r\nNote : no shellfish,shrimp,crab etc. but fish is ok','1',0,0,0,0,'0','mental',2,'2019-04-11 13:11:21','2019-04-11 13:11:21',3,1),(68,'Huda Al Shamlan','Mrs.',31,'1987-10-16',0,158,52,0,0,'B+','Apartment 11,Bldg.2116,\r\nRoad 1334 Block 513\r\nMaqabah Saar','36655533','36655533','huda.alshamlan@gmail.com','none','none','0',1,1,0,0,'0','mental',2,'2019-04-11 13:23:09','2019-04-11 13:23:09',3,1),(70,'Emad Bader','Mr.',32,'1986-03-26',1,176,76.7,93,101,'0','Compound 177, Road 20\r\nBlock 522 Barbar','39999662','39999662','emadbader@gmail.com','none','none','1',1,1,0,0,'0','both',2,'2019-04-11 13:46:34','2019-04-11 13:46:34',3,1),(72,'Latifa Salman Flaifel','Mrs.',28,'1990-08-31',0,158,54,80,96,'0+','BIBF OFFICE\r\nBldg.1456, Road 4034,\r\nBlock 340\r\nJuffair','36630161','36630161','latifaflaifel@gmail.com','none','none\r\n\r\nNote : No beef and spicy','1',0,0,0,0,'1','both',2,'2019-04-13 06:22:31','2019-04-14 15:27:58',1,1),(73,'Asma Alarayyedh','Mrs.',31,'1988-01-07',0,155,50,0,0,'A+','Ahli United Bank  HQ\r\nSeef District \r\nReception only','36066520','36066520','asmaalarrayed@hotmail.com','none','none\r\n\r\n\r\n\r\nNote : no to all types of beans, corn and oats , and sweet potato not white potato','1',0,0,0,0,'0','mental',2,'2019-04-13 06:35:11','2019-04-14 15:27:44',1,1),(75,'Dalia Al Jurf','Ms.',32,'1986-11-04',0,158,62,0,0,'AB+','Reef Island, Le Reef Bldg.,\r\nEast Tower, 3rd floor\r\nApartment 38','36314397','36314397','daliajurf@gmail.com','none','none\r\n\r\n\r\nNote : prefer almond milk instead of dairy milk','1',0,0,0,0,'0','mental',2,'2019-04-15 06:33:05','2019-04-15 06:33:05',3,1),(76,'Yasmeen Qaedi','Mrs.',29,'1989-11-21',0,158,73,86,108,'A+','Viva HQ, Al Seef District\r\n16th floor','34444481','34444481','yasmeen.k89@gmail.com','Irritable Bowel Syndrome (IBS)\r\nGERD, but as confirmed  by phone vinegar,lemons are fine with her.','none','1',0,0,0,0,'0','mental',2,'2019-04-15 06:43:46','2019-04-15 06:43:46',1,1),(77,'Heyam A.Rahman Rad','Ms.',32,'1986-12-02',0,151,67,88,92,'A+','Viva Tower,Al Seef District\r\n16th floor','33011616','33011616','heyamrad844@gmail.com','none','Seroxat \r\nAnxiety disorder\r\n\r\nNote : no cow milk,lentils and barley','1',0,0,0,0,'0','mental',0,'2019-04-15 06:50:43','2019-04-15 06:50:43',1,1),(78,'Reem Kaiksow','Ms.',36,'1982-07-06',0,5.1,62,0,0,'B+','Villa no.7, Gate 464\r\nRoad 7113, \r\nJanabiyah 571','39451444','39451444','reemkaicksow@gmail.com','none','none','0',0,0,0,1,'0','both',0,'2019-04-15 06:57:13','2019-04-15 06:57:13',5,1),(79,'Nabeel Kazim','Mr.',47,'1971-05-05',1,164,110,40,42,'0+','House no.212, Road 66\r\nBlock 364, Bilad Al Qadeem\r\n(Next to Ram Dental Clinic)','66386638','66386638','nabeelkazim@hotmail.com','none','none','1',0,0,0,0,'0','mental',2,'2019-04-15 07:07:14','2019-04-15 07:07:14',4,1),(80,'Ameera Alababasi','Mrs.',37,'1981-08-25',0,153,62,0,0,'B+','Villa 2563, road 6238,\r\nBlock 1062 Al Areen','66677760','66677760','alabbasi258@gmail.com','none','none','0',0,0,0,0,'0','mental',2,'2019-04-15 07:15:24','2019-04-15 07:15:24',1,1),(81,'Nayla Alkaabi','Ms.',30,'1988-07-06',0,162,64,0,0,'0+','Villa 1601 Road 2627\r\nBlock 926 Jari alshaikh\r\nRiffa','36777447','36777447','nayla.alkaabi@gmail.com','none','none','1',0,0,0,0,'0','both',2,'2019-04-15 07:34:15','2019-04-15 07:34:15',1,0),(82,'Mariam Al Nasser','Mrs.',31,'1986-05-23',0,164,84,38,46,'0+','Flat 11, Bldg.1483 A\r\nRoad 2549, Block 925, \r\n1st Floor East Riffa\r\n\r\nDelivery Add : #14123 Road 2926 Block 929 East Riffa','36415555','36415555','asoola.2.star@gmail.com','none\r\n\r\nNote : dpne blood test and NA','none','0',0,0,0,0,'0','mental',0,'2019-04-15 07:43:40','2019-04-15 07:43:40',2,1),(83,'Mai Mattar','Ms.',35,'1982-07-08',0,160,106,103,71,'0+','House 2715,Road 4578\r\nSanad 745','367411110','36741110','maimatter@gmail.com','Acid reflux','Nexium 20 to 40','0',0,0,0,0,'0','mental',0,'2019-04-15 08:25:43','2019-04-15 08:25:43',1,1),(86,'Amani Alasfoor','Ms.',27,'1992-02-03',0,173,59,0,0,'0','Gate 61, Road 69\r\nBlock 463, Al Hajar 5643','36391231','39391231','amani@shaik.net','none','omega 3, vitamin D','1',0,1,0,0,'0','mental',2,'2019-04-15 11:29:39','2019-04-15 11:29:39',1,1),(88,'Maryam Fuad Ali','Ms.',25,'1993-07-14',0,156,55,73,99,'0','House no.20 , Road 901\r\nBlock 109,Hidd','36663326','36663326','maryam.fuad.ali@gmail.com','none','none','1',0,0,0,0,'0','mental',0,'2019-04-15 11:39:04','2019-04-15 11:39:04',2,1),(89,'Sarah Ulhaq','Mrs.',33,'1985-11-06',0,164,88,0,0,'0-','Flat 22, Bldg.572\r\nRoad 7510, Block 575\r\nJanabiyah','36267274','36267274','sarahulhaq@gmail.com','Thyroid','eythyrox','1',0,0,0,0,'0','mental',0,'2019-04-15 11:52:47','2019-04-15 11:52:47',2,1),(90,'Lolwa Al Noaimi','Ms.',27,'1991-05-27',0,168,95.6,93,117,'0+','Riffa Views, GV 27\r\nHouse 971\r\nBlock 943 Road 4308','39777370','39998838','lolwaahmedalnoaimi@gmail.com','none','none\r\n\r\n\r\n\r\n\r\nNote : gluten free and no dairy','0',0,0,0,0,'0','mental',0,'2019-04-15 12:01:29','2019-04-15 12:02:40',2,1),(92,'Yasmin Al Aswad','Ms.',30,'1988-12-07',0,173,64.5,77,102,'0+','House 190, Um Al Hassam\r\nBlock 337 Road 3703\r\n(Garage Door)','39645046','39645046','yasminalaswad@gmail.com','none','none','1',0,0,0,0,'0','mental',0,'2019-04-15 12:22:46','2019-04-15 12:22:46',2,1),(93,'Nout Faisal','Ms.',26,'1989-09-15',0,164,67,27,41,'0','GATE 4, House no. C375\r\nRiffa View / House no.L375\r\nHighway 96','39114388','39114388','faisalnout@gmail.com','none','none','1',0,0,0,0,'0','mental',0,'2019-04-15 12:26:09','2019-04-15 12:26:09',2,1),(94,'Noor Salman Al Khalifa','Sh.',37,'1980-03-13',0,166,180,145,167,'A+','174 Sh.Khalifa Bin Mohammed\r\nAvenue , Block 221\r\nMuharraq','360009963','36009963','noor.alkh@gmail.com','slight elevated blood sugar','Gluccophage','0',0,0,0,0,'0','both',0,'2019-04-15 12:29:35','2019-04-15 12:29:35',2,1),(95,'Noora Yusuf Al Hadi','Mrs.',31,'1985-05-25',0,156,55,0,0,'A+','House 1099, Road 2521\r\nSaar 525 \r\nOpposite Saar Mall','38448884','38448884','noora.alhadi@gmail.com','High cholesterol','Crestor -10mg every other day','1',0,0,0,0,'0','both',0,'2019-04-15 12:33:31','2019-04-15 12:33:31',2,1),(96,'Eva Hasan','Mrs.',40,'1978-12-29',0,154,62.5,29,44,'0+','House 145, Road 197\r\nBlock 919 \r\nEast riffa','39443944','39443944','eva.hasan@gmail.com','none','none','2',0,0,0,0,'0','mental',0,'2019-04-15 12:35:38','2019-04-15 12:35:38',2,1),(97,'Kanoo Talal','Mr.',23,'1975-06-23',0,0,0,0,0,'0','Villa 1542, Road 7329\r\nBughazal 373\r\nZinj','36366363','36366363','none','none','none','1',0,0,0,0,'0','mental',0,'2019-04-15 12:39:13','2019-04-15 12:39:13',2,1),(99,'Amna Alkhan','Ms.',35,'1983-11-24',0,163,54,0,0,'0','House 1068, Road 4308\r\nLagoon 417, Block 943 Riffa Views\r\nRiffa Mazrowah','39672882','39672882','amnaalkhan@gmail.com','none','none\r\n\r\n\r\n\r\nNote : fruits not be mixed with other receips','1',1,0,0,0,'0','both',0,'2019-04-15 12:52:25','2019-04-15 12:52:25',2,1),(100,'Mashael Al Awadhi','Mrs.',28,'1990-07-24',0,157,64,0,0,'0+','Block 457m Road 5774\r\nHouse 3662A\r\nBuqowah','33114473','33114473','mashael.alawadhi@live.com','none','none','0',0,1,0,0,'0','mental',0,'2019-04-15 12:55:00','2019-04-15 12:55:00',2,1),(101,'Audrey Al Otaibi','Mrs.',57,'1961-05-30',0,158,110,40,53,'0+','House 1070, Road 7130\r\nArea 571 janabiya','39455725','17793977','quarrayah@yahoo.com','none','concor 5mg for blood pressure and  Lipitor 10mg for cholesterol\r\n\r\n\r\n\r\nNote : no peppercorns','1',1,0,0,0,'0','mental',0,'2019-04-15 13:24:34','2019-06-20 11:52:16',2,1),(102,'Khalid Kanoo','Mr.',30,'1988-11-20',1,182,92.5,41,39,'0','Villa 1527, Road 7329\r\nBlock 373 Abu Ghazal\r\nZinj','39426426','39426426','kfkanoo@gmail.com','none','none','1',1,1,0,0,'0','mental',0,'2019-04-15 13:31:55','2019-04-15 13:31:55',2,1),(103,'Jehan Qaedi','Mrs.',31,'1988-02-01',0,6.3,75,0,0,'B+','Apt. 21, Bldg.1229\r\n2nd Floor, Road 4621\r\nBlock 246 , Arad','33066697','33066697','jehankhalid88@gmail.com','none','none\r\n\r\n\r\n\r\n\r\nNote : limit only dairy and gluten ..intolerance but not allergic','1',0,0,0,0,'0','both',0,'2019-04-16 06:27:52','2019-04-16 06:27:52',2,1),(104,'Khalid Mattar','Mr.',36,'1982-08-28',1,174,99,92,0,'A+','House no. 195,Road 3605\r\nAdliya 336','39404440','39404440','kmkmattar@hotmail.com','none','none','1',1,0,0,0,'0','both',0,'2019-04-16 06:31:03','2019-04-16 06:31:03',2,1),(105,'Noor Abdulkarim','Mrs.',35,'1980-07-14',0,164,80,81,0,'B+','House no. 195, Road 3605\r\nAdliya 336','39651144','39651144','nooryboory@gmail.com','none','none','1',0,0,0,0,'0','mental',0,'2019-04-16 06:39:01','2019-04-16 06:39:01',2,1),(106,'Sameera Al Bitar','Mrs.',29,'1990-02-21',0,175,61,0,0,'A+','Villa no. 674 Road 2033\r\nBlock 520, Hani Garden \r\nBudaiya (Beside Al Osra Supermarket)','36615661','36615661','sameera@rlsbahrain.org','none','none\r\n\r\n\r\n\r\nNote : would like to have chicken and vegetables only but needs 1500 calories','2',0,0,0,0,'0','both',0,'2019-04-16 06:44:10','2019-04-16 06:44:10',4,1),(107,'Maryam  Mohamed Alkahlifa','Mrs.',27,'1991-05-06',0,170,82.4,0,0,'A','House 862, Road 2419\r\nBlock 924 ,Riffa','33033300','33033300','m.msk@gmail.com','none','none\r\n\r\n\r\n\r\nNote : no seafood','1',0,0,0,0,'0','both',2,'2019-04-16 06:54:11','2019-04-16 06:55:35',2,1),(108,'Ameena Al Rafaei','Mrs.',32,'1986-03-11',0,156,57.8,0,0,'B+','Villa O-126, Block 943\r\nRoad 4303 Gate 1\r\nRiffa Views','38333200','38333200','ameenalrafai@gmail.com','none','none','1',0,1,0,0,'0','both',2,'2019-04-16 06:58:22','2019-04-17 05:55:32',3,1),(110,'Mike Smith','Mr.',43,'1975-05-23',1,188,193,87,0,'0','12th Floor Worky Parsons Gulf Executive Office\r\nBldg.15,Road 3801 Blk.338\r\nGulf hotel','36895021','368895021','mike.smith@worleyparsons.com','none\r\n\r\n\r\n\r\nNote : no dairy','none','1',0,0,0,0,'0','both',2,'2019-04-16 08:18:30','2019-04-16 08:19:04',9,1),(114,'Fatima  Ebrahim AlHashimi','Mrs.',35,'1983-10-01',0,151,55,0,0,'0','House 489B, Road 3419\r\nBlk.934,North Riffa','34343444','34343444','famaalhashimi@gmail.com','none','none\r\n\r\n\r\n\r\nNote : need extra rich iron food','0',0,0,0,0,'0','both',0,'2019-04-17 05:58:57','2019-04-17 05:58:57',2,1),(115,'Layla Shirazi','Mrs.',36,'1983-01-15',0,180,59.5,26,20,'A+','Villa 1242, Road 7139\r\nBlock 571, Janabiya','39698208','39698208','layla.shirazi@gmail.com','none','none','1',1,0,0,0,'0','mental',0,'2019-04-17 07:36:37','2019-04-25 09:04:26',2,1),(116,'Maha Al Mannai','Ms.',33,'1983-09-07',0,163,57,34,40,'-0','Villa 49, Road 35, \r\nBlock 561,Al Janabiyah Gardens\r\nJanabiya','38888958','38888958','maha.almannai@gmail.com','none','none\r\n\r\n\r\n\r\nNote : Less cheese\r\nNote : less cheese and dairy','0',0,0,0,0,'0','mental',0,'2019-04-17 09:00:58','2019-04-20 13:36:33',2,1),(117,'Sh. Latifa Ebrahim AlKahlifa','Shaika',36,'1982-07-23',0,65,76,0,0,'0+','180 Shaikh Khalifa Road\r\nBlock 906,West Riffa RODHA','39421000','39421000','LATIFA.ALKHALIFA@ICLOUD.COM','NONE','NONE\r\n\r\n\r\n\r\n\r\nNote : no seafood','0',0,0,0,0,'0','mental',0,'2019-04-17 10:44:13','2019-04-17 10:44:13',2,1),(119,'Maha Hamad Alkhalifa','Shaika',28,'1990-08-05',0,161,70,31,44,'0+','House no.589 Road 1619\r\nBlock 916 North Riffa','33333019','33333019','ladymaha990@gmail.com','none','note\r\n\r\n\r\n\r\nNote : allergic to peanuts, no to goat cheese,no seafoods but shrimp is ok','1',0,0,0,0,'0','both',0,'2019-04-18 06:04:17','2019-06-20 14:10:05',2,0),(120,'Wafa Hameed','Ms.',38,'1981-10-13',0,161,72,0,0,'A+','3 Palace Avenue\r\nGIB Diplomatic Area 5th floor \r\n\r\nHouse 809,6525, Block 565\r\nJanabiya','39333393','39333393','wafa.hameed@gmail.com','none','none','2',0,1,0,0,'0','mental',0,'2019-04-18 08:52:08','2019-04-18 08:53:15',2,1),(121,'Mona Neama','Ms.',27,'1991-06-18',0,176,73,31,0,'0+','House 919, Road 3335\r\nBlock 533 Al mark Saar','39772000','39772000','monanemah@gmail.com','PCOS,IBS','Gimcopixige 1000xR (2xa day)','0',1,0,0,0,'0','mental',0,'2019-04-18 09:00:31','2019-04-18 09:00:31',2,1),(122,'Talal Almoayed','Mr.',31,'1987-01-31',1,168,65,81,94,'0+','Villa 4, Almoayed Homes Compound\r\nRoad 002 Block 1002 Hamala','32211222','17171616','talal@almoayedgeneral.com','none','none','1',1,1,0,0,'0','mental',0,'2019-04-18 10:43:30','2019-04-18 10:43:30',2,1),(125,'Christina Welsh','Ms.',51,'1968-06-04',0,5.6,95,0,0,'0','Villa 64, Al Jasser Compoubd Avenue 6\r\nAl Jasra Block 1002','+966503320355','+966503320355','tlaingnleshsh@hotmail.com','Under active thyroid , high cholesterol\r\n\r\n\r\n\r\nNote : no beef or lamb except minced)','euthyrox  and lipitol','0',1,0,0,0,'0','mental',0,'2019-04-18 11:19:30','2019-04-18 11:19:30',2,1),(126,'Sarbeel Jehad','Mrs.',36,'1982-04-13',0,159,66,83,95.5,'0+','Villa 1307, Block 529, Road 2941\r\nSaar Al Markh','39933133','39933133','sarbeel@gmail.com','none','none','2',0,0,0,0,'0','both',0,'2019-04-18 11:31:06','2019-04-18 11:31:06',2,0),(127,'Narmeen Nedham Khonji','Ms.',0,'0001-01-01',0,167,61,0,0,'AB','Road 1512, Block 915\r\nHouse no.811 East Riffa','39619600','39619600','narmeenned@icloud.com','none','nobe','1',1,1,0,0,'0','both',0,'2019-04-18 11:36:44','2019-04-18 11:36:44',2,0),(128,'Layal Saeed','Mrs.',40,'1978-11-07',0,171,65.8,0,0,'0','Villa 54 Sheik Mohd Avenue\r\nRoad 87, Block 912\r\nWest Riffa','39797972','39797972','isaeed711@gmail.com','none','none\r\n\r\n\r\nNote : no spicy, no tomato ,no olives,no avocado','1',0,0,0,0,'0','both',0,'2019-04-18 11:46:54','2019-04-18 11:46:54',2,0),(129,'Naeema AlBalooshi','Mrs.',67,'1950-11-20',0,151,49,0,0,'0','House 1061, Road 1119\r\nBlock 911, East Riffa','39450571','39450571','n.albalosshi@almawred.org','none','none','0',0,0,0,0,'0','mental',2,'2019-04-20 10:30:54','2019-04-20 10:30:54',1,1),(130,'Adam Patrick Wilkes','Mr.',42,'1976-09-12',1,192,85,33,0,'0','Villa 38, West Gate Compound\r\nRoad 2957, Block 529, Saar','39925215','39925215','adam@nassasphalt.com','none','none','2',1,1,0,0,'0','mental',2,'2019-04-20 13:13:14','2019-04-20 13:13:14',4,1),(131,'Maha Al Khalifa','Ms.',33,'1985-09-22',0,157,127,49,0,'0','House 1033, Road 1627\r\nBlock 916, West Riffa','36330063','36366363','mahatiti@gmaill.com','none','none','0',0,0,0,0,'0','both',0,'2019-04-20 13:23:04','2019-04-20 13:23:04',3,1),(132,'Noor Alwardi','Ms.',23,'1996-01-05',0,153,66,0,0,'0','Gate 860,Villa 8\r\nRoad 4515 Block 545 Wasna Compound','36666555','36666555','noortalwardi@gmail.com','none','none','1',0,0,0,0,'0','mental',2,'2019-04-20 13:29:34','2019-04-20 13:29:34',3,1),(134,'Zaid Alwardi','Mr.',17,'2002-03-02',1,180,90,0,0,'0','Gate 860, Villa 8, Road 4515\r\nBlock 545 Wasna Garden compound','39611155','39611155','zaidoo-75@hotmail.com','none','none','1',0,0,0,0,'0','both',0,'2019-04-20 13:39:43','2019-04-20 13:39:43',2,1),(135,'Zainab Khalaf','Mrs.',34,'1985-07-20',0,164,78,0,0,'B+','House no.1049, Block 447\r\nRoad 1726 Al Qadem\r\nBudaiya','36554333','36554333','zainab.abdulshaheed@gmail.com','none','none','0',0,0,0,0,'0','both',2,'2019-04-21 06:40:08','2019-04-21 06:40:08',1,1),(136,'Muneera Mohamed Alkhalifa','Ms.',38,'1981-01-27',0,167,104,129,122,'0+','House no.2613, Road 2613,\r\nBlock 926, Riffa','39222229','39222229','mmk1313@gmail.com','Note : as per her app.tnk 1332 lots of medication','Type 2 diabetes\r\nHigh cholesterol\r\n\r\nNote : as per her app.tnk 1332 lots of medication','1',0,0,0,0,'0','mental',0,'2019-04-23 06:01:13','2019-04-23 06:01:13',2,0),(137,'Alajmi Noof','Ms.',23,'1995-08-29',0,157,56,20,20,'0','House 144,Road 3403\r\nBlock 934, Riffa','33711217','33711217','noof.alajmi@hotmail.com','none','none','0',0,0,0,0,'0','mental',0,'2019-04-23 06:09:54','2019-04-23 06:09:54',3,0),(138,'Aimee Louise Dormer','Ms.',37,'1981-11-25',0,173,78,20,20,'0','Villa 183, Road 5704\r\nFloating City Amwaj','36667559','36667559','aimee.dormer@royalflight.gov.bh','none','none','1',1,0,0,0,'0','both',0,'2019-04-23 11:33:40','2019-04-23 11:33:40',9,1),(139,'Dahouk Al Aswad','Ms.',35,'1984-02-15',0,173,78,93,113,'0','Road 1419,Block 1014,Al Dar \r\nCompound Villa 2 Hamala','66667444','66667444','dahouk.7a@gmail.com','none','none','1',0,0,0,0,'0','both',0,'2019-04-24 06:25:31','2019-04-24 06:25:31',2,1),(140,'Sarah Janahi','Ms.',29,'1987-06-23',0,165,72,20,20,'0-','House 3201,Road 5770\r\nBlock 457 Buqowah','39000432','39000432','sarah.janahi@live.com','none','none','1',0,0,0,0,'0','mental',0,'2019-04-24 06:29:38','2019-04-24 06:29:38',2,1),(141,'Zahra Taher','Mrs.',45,'1973-08-14',0,159,66,20,20,'A+','GATE 685,ROAD 421,BLOCK 1004\r\nVILLA 3 JASRA','39630997','39630997','z.taher@finmarkcoms.com','eyrodine','hypothnoid','1',0,0,0,0,'0','mental',2,'2019-04-24 08:11:58','2019-04-24 08:11:58',2,1),(142,'Paul Laing','Mr.',34,'1984-09-21',1,148,73,20,20,'0','Flat 6, Palm 1\r\nTala Island ,Block 257,,Amwaj','36455000','36455000','paul.laing@behbehani.com.bh','none','none','1',0,1,0,0,'0','mental',2,'2019-04-24 08:27:15','2019-04-24 08:44:04',3,1),(143,'Eman Alkooheji','Mrs.',41,'1977-12-30',0,165,64,20,20,'A+','Gate 685, Road 421, \r\nBlock 1004,Villa 3 Jasra','37373377','37373377','eman.kooheji@hotmail.com','none','none','1',0,0,0,0,'0','mental',0,'2019-04-24 08:30:18','2019-04-24 08:30:18',2,1),(144,'Lara Danesh','Ms.',45,'1973-06-24',0,157,65,20,20,'0','Villa 1427,Road 2835\r\nBlock 328, Segaya','39493665','39493665','ldanesh@finmarkcoms.com','none','none','1',0,0,0,0,'0','mental',0,'2019-04-24 08:43:43','2019-04-24 08:43:43',2,1),(145,'Danah Alwardi','Mrs.',29,'1990-01-29',0,164,57,68,100,'B+','House 1671, Road 1734\r\nBlock 1017 Damistan Hamad Town','66676663','66676663','danaalwardi@gmail.com','none','none','0',0,0,0,0,'0','both',0,'2019-04-24 09:28:06','2019-04-24 09:28:06',2,0),(146,'Khalifa Al Khalifa','Mr.',32,'1986-10-11',1,179,108,45,44,'0','House 8-232, Road 2008\r\nBlock 920 West Riffa','39660999','39660999','rayaalkhalifa@gmail.com','none','multi vitamins and vitamin c','2',0,1,0,0,'0','both',0,'2019-04-24 09:33:15','2019-04-24 09:33:15',2,1),(147,'Aseel Alkhalifa','Shaika',45,'1973-04-13',0,160,64,20,20,'0+','Villa 418, Alshahab Avenue\r\nJuffair','36446444','36446444','aseelkk@gmail.com','Thyroidnone','75 mg Thyroxine','1',0,0,0,0,'0','mental',0,'2019-04-24 09:36:46','2019-04-24 09:37:05',3,1),(148,'Nada Salman Habib','Ms.',39,'1979-10-15',0,157,68,20,20,'0','House 1031, Road 1121\r\nBlock 711 Tubli','33308005','33308005','n.salmanhabib@gmail.com','none','none','0',0,0,0,0,'0','both',0,'2019-04-24 09:41:17','2019-04-24 09:41:17',2,0),(149,'Shahab Saeed','Mr.',38,'1980-06-08',1,168,84,32,20,'B-','House 797, Road 2525\r\nBlock 925 East Riffa','38881666','38881666','shahabsaeed@gmail.com','none','none','1',0,0,0,0,'0','mental',0,'2019-04-24 09:44:58','2019-04-24 09:44:58',2,0),(150,'Sarah Naseeb','Mrs.',31,'1988-01-28',0,169,100,115,117,'B+','House 2114, Road 4565\r\nSaar Central Compound Al Qurrayah','39488889','39488889','sarah.naseeb@live.com','none','none','0',0,0,0,0,'0','both',0,'2019-04-24 09:50:47','2019-04-24 09:50:47',2,0),(151,'Hussain Sharaf','Mr.',39,'1979-03-21',1,174,94,110,114,'AB+','House 2114, Road 4565\r\nBlock 545 Saar Central compound \r\nAl Qurrayah','39095600','39095600','hussain.sharaf@gmail.com','none','none','1',0,0,0,0,'0','mental',0,'2019-04-24 11:03:07','2019-04-24 11:03:07',2,0),(152,'Fatema Al Aali','Ms.',28,'1991-09-22',0,168,68,20,20,'A+','House 663 Road 1811\r\nBlock 518 Barbar','39963369','39963369','fatema.a.alaali@gmail.com','PCOS','Glucophage\r\n\r\n\r\n\r\nNote : No Tahini','1',0,0,0,0,'0','physical',0,'2019-04-24 11:26:27','2019-04-24 11:26:27',5,1),(153,'Lubna Fakhro','Ms.',34,'1989-07-12',0,115,78,82,115,'0+','Villa 1,Gate 807,Road 1419, \r\nAl Dar Compound Hamala','39443300','39443300','lubna.fakhro@gmail.com','none','none','1',0,0,0,0,'0','mental',0,'2019-04-24 11:37:22','2019-04-24 11:37:22',2,1),(154,'Nouf Al Gosaibi','Mrs.',37,'1981-07-16',0,162,88,103,115,'B+','Fahad Garden Villa 20 Road 203\r\nBlk.1002 Al Jasra','39673900','39673900','noufgosaibli@gmail.com','Under active thyroid glands','125 thyroxine','1',0,0,0,0,'0','mental',0,'2019-04-24 11:42:24','2019-04-24 11:42:24',2,1),(155,'Nahla Al Hasan Khalfan','Mrs.',31,'1987-08-30',0,168,87,20,20,'0','House 670, Road 3519\r\nBlock 335,Manama','39638392','39638392','nahla.khalfan@gmail.com','none','none\r\n\r\n\r\n\r\nNote : Vegan','1',0,0,0,0,'0','mental',2,'2019-04-24 12:24:01','2019-04-24 12:25:00',1,0),(156,'Maryam Abdulnaser','Ms.',25,'1998-07-25',0,159,52,63,91,'0+','House 3031, Road 2656\r\nBlock 226, Busaiteen','36232272','36232272','mrymalmahmeed@icloud.com','none','none','1',0,0,0,0,'0','mental',2,'2019-04-24 12:27:55','2019-04-24 12:27:55',1,0),(157,'Arran Fraser Dall','Mr.',39,'0001-01-01',1,100,40,20,20,'0','Villa 1157,Road 5710\r\nBlock 257,Tala Island Amwaj','36555398','36555398','arranfraser@gmail.com','none','none\r\n\r\n\r\n\r\nNote : Gluten free,no tomato sauces','1',0,0,0,0,'0','mental',2,'2019-04-24 12:33:36','2019-04-24 12:33:36',1,1),(158,'Zahra Akbar','Ms.',27,'1992-05-22',0,157,50,63,84,'A+','Office 2502, Alomoaayed Tower\r\nFloor 25, Seef','33776661','33776661','z.younis@hotmail.com','none','none\r\n\r\n\r\n\r\nNote: no shrimps, flavors of coconut','1',1,0,0,0,'0','both',2,'2019-04-24 12:37:21','2019-04-24 12:37:21',1,0),(159,'Duaa Abdulmohsen','Dr.',28,'1990-03-01',0,163,66,20,20,'B+','Salmaniya Medical Complex\r\nOutpatient clinic Dermatology Clinci No.16','3318161','33318161','Dr_Duaa@icloud.com','none','none','1',0,0,0,0,'0','mental',2,'2019-04-24 13:47:31','2019-04-24 13:47:31',1,1),(160,'Aysha Almedfa','Ms.',26,'1992-06-01',0,100,40,20,20,'0','Salmaniya Hospital ,Accident and Emergency','39045554','39045554','asyha.almedfa@gmail.com','none','none','0',0,0,0,0,'0','mental',0,'2019-04-24 13:59:12','2019-04-24 13:59:12',1,1),(161,'Nouf Ali Alkhaja','Mrs.',33,'1985-05-29',0,154,56,20,20,'B+','House 1134, Road 2934\r\nBlock 529 Al Markh Saar','39111511','39111511','noufalkhaja@gmail.com','none','none','0',0,0,0,0,'0','mental',0,'2019-04-24 14:04:14','2019-04-24 14:04:14',1,0),(162,'Hesham Moosa Hasan','Mr.',22,'1996-08-14',1,165,65,20,20,'0+','Rmasis Engineering, Entance 2,1st Floor IT Dept.\r\nBldg.1305, Road 5136, Block 951 Askar','36180064','36180064','syedhisham242@gmail.com','Have G6PD-','none\r\n\r\n\r\n\r\nNote : no beans please','0',0,1,0,0,'0','mental',2,'2019-04-24 14:40:26','2019-04-24 14:40:26',1,0),(163,'Jacqueline Bunce','Mrs.',62,'1957-01-01',0,168,78,20,20,'0','Villa 682, Hani Gradens \r\nRoad 2033 Block 520 Barbar','33324120','33324120','saradavies86@outlook.com','none','none','1',1,0,0,0,'0','mental',0,'2019-04-25 06:14:54','2019-06-20 11:07:09',2,0),(164,'Trichard Astria','Ms.',35,'1983-11-28',0,167,62,84,75,'0','Flat 41, Palm 2 Road 5710\r\nBlock 257 Tala Amwaj','39909262','39909262','astrid@gctbahrain.com','none','none','0',0,0,0,0,'0','both',0,'2019-04-25 08:35:36','2019-04-25 08:35:36',2,0),(165,'Layla Janahi','Mrs.',28,'1962-10-28',0,160,69,20,20,'0','Villa 109, Road 2302, \r\nBlock 923, East Riffa','330011331','33011331','ljanahi@viva.com.bh','BP','none','0',0,0,0,0,'0','both',0,'2019-04-25 08:38:24','2019-04-25 08:38:24',2,0),(167,'Samra Alaal','Mrs.',55,'0001-10-01',0,156,85,20,20,'0','House 2109, Bldg. 1002\r\nRoad 277 Jasra','39671198','39671198','no@mail','none','none','0',0,0,0,0,'0','both',0,'2019-04-25 08:50:51','2019-04-25 08:50:51',2,0),(168,'Mahmood Janahi','Mr.',35,'1983-05-20',1,178,105,38,20,'0','House 1059, Road 4326\r\nBlock 243 Arad Muharraq (Behind Al zayani motors)','39203030','39203030','mahmoodjanahicakes@gmail.com','none','none','1',0,0,0,0,'0','both',0,'2019-04-25 08:54:14','2019-04-25 08:54:14',2,0),(169,'Maryam  Mohamed Alkahlifa','Mrs.',27,'1991-05-06',0,170,83,20,20,'A','House 862, Road 2419\r\nBlock 924 Riffa','33033300','33033300','m_msk@hotmail.com','none','none','1',0,0,0,0,'0','both',0,'2019-04-25 09:13:41','2019-04-25 09:13:41',2,1),(173,'Mona Abdulla Fenaish','Mrs.',54,'1964-12-06',0,154,61,20,20,'AB+','Villa 179, Road 1103, Block 711\r\nKhaleej Tubli','39661090','39661090','mona.feniash@batelco.com.bh','none','none','0',0,0,0,0,'0','both',2,'2019-04-25 10:18:47','2019-04-25 10:18:47',1,1),(174,'Muneera Alhammadi','Dr.',27,'1992-01-01',0,168,68,27.5,38.5,'0+','Salmaniya Medical Complex Dermatology\r\nOutpatient Clinic 21','38330066','38330066','muneera.alhammdai@gmail.com','none','none','1',0,0,0,0,'0','mental',2,'2019-04-25 11:51:43','2019-04-25 11:51:43',1,1),(175,'Sarah Shobber','Dr.',36,'1983-03-10',0,165,57,20,20,'o+','Flat 501, 2nd Flr. Amani Tower, Bldg.964\r\nRoad 3620, Bock 436 Seef Area','33133732','33133732','sshobber@globemedbahrain.com','Multiple sclerosis, gastritis','Tecfidera,Sirdalud, Vitamin D, Zantac','1',0,0,0,0,'0','mental',2,'2019-04-25 12:00:57','2019-04-25 12:00:57',1,1),(176,'Sabeeka Engineer','Mrs.',26,'1993-02-07',0,160,54,67,93,'0+','BCCI Tower,Bldg.519\r\nRoad 1010,Sanabis','39079075','39079075','sabeeka.engineer@gmail.com','none','none','1',0,0,0,0,'0','mental',2,'2019-04-25 12:08:26','2019-04-25 12:08:26',1,1),(177,'Fatema Alansari','Ms.',32,'1987-06-17',0,100,40,20,20,'000','BCCI Tower, Bldg.519, Road 1010\r\nSanabis \r\n17th Floor TAMKEEN','39795979','39795979','falansari176@gmail.com','none','none','0',0,0,0,0,'0','mental',2,'2019-04-25 12:11:54','2019-04-25 12:11:54',1,0),(178,'Yara Ishaq','Ms.',26,'1992-05-20',0,155,50,20,20,'b+','Ahli Unted Banck Bldg.2495\r\nRoad 2832, Al Seef District 428','39478766','39478766','yaraa205@hotmail.com','none','none','0',0,0,0,0,'0','mental',2,'2019-04-25 12:17:20','2019-04-25 12:17:20',1,0),(179,'Sh.Jawaher','Shaika',45,'1974-07-18',0,100,75,38,44,'AB','Road 638,House no. 1181\r\nBlock 906,West Riffa','39144374','39144374','sgtarin75@gmail.com','none','none\r\n\r\n\r\n\r\nNote : no onion.garlic and any kinds of seafood, only organic eggs,','1',0,0,0,0,'0','mental',0,'2019-04-27 13:40:11','2019-04-27 13:40:11',3,1),(180,'Faisal Engineer','Mr.',31,'1987-12-26',1,175,82,20,20,'0','Villa 469,Road 3308,Block 333\r\nUm Al Hassam','39623535','38811771','faisal@foosco.com','none','none','0',0,0,0,0,'0','mental',0,'2019-04-28 08:12:36','2019-04-28 08:12:36',2,1),(181,'Haneen Ishaq','Mrs.',43,'1975-09-13',0,162,90,20,20,'0','House 535, Road 4609\r\nBlock 946, Awali','39669719','39729993','haneen.ishaq@gmail.com','none','none','0',0,0,0,0,'0','mental',2,'2019-04-29 08:27:43','2019-04-29 08:27:43',1,1),(182,'Areej Al Noaimi','Mrs.',29,'1989-11-17',0,166,78,31,45,'0+','House 269,Road 1503\r\nBlock 915 Riffa','34506144','17773222','areej.alnoaimi@gmail.com','none','Thyroid 50 mg','0',0,0,0,0,'0','mental',0,'2019-04-29 08:34:14','2019-04-29 08:34:14',3,1),(184,'Eman Ali Qudrat','Ms.',37,'1982-01-17',0,165,73,20,20,'0','Seef Tower, Commercial Banking Seef Area','37777090','37777090','eman.qudrat@hotmail.co.uk','none','none','1',0,0,0,0,'0','mental',0,'2019-04-29 09:29:23','2019-04-29 09:29:23',1,1),(185,'Ranya AlHashimi','Mrs.',23,'1995-08-03',0,160,60,35,38,'0+','House no. 1971,Blk. 732\r\nRoad 3245, A ali','39991250','39456438','alhashimi.r@gmail.com','none','Metaformin','0',0,0,0,0,'0','mental',0,'2019-04-29 09:33:24','2019-04-29 09:33:24',3,1),(187,'Ahmed al-Qaed','Mr.',22,'1997-04-04',1,100,40,20,20,'0','House no.2408, Road 2437\r\nBlock 324, Al Fateh Juffair','39611260','39611260','ahmedqaed60@hotmail.com','none','none','2',0,0,0,0,'0','both',0,'2019-05-01 06:51:56','2019-05-01 06:51:56',5,1),(188,'Samar Hasan Matar','Ms.',22,'1996-10-24',0,100,40,20,20,'0','House no.2370, Block 507,\r\nRoad 740 Maghaba Saraiya','39458844','39458844','samarmattar96@gmail.com','none','none','1',0,0,0,0,'0','both',0,'2019-05-01 06:54:19','2019-05-01 06:54:19',5,1),(189,'Kim Claassen','Ms.',26,'1992-11-30',0,182,110,20,20,'0','Office : IBN Khuldoon National School, Bldg.161,Road 4111, Block 841, Isa Town\r\nHouse : Park Lane Tower,Block 324,Road 2445,Bldg.3156 ,2nd Flr. Juffair','33094491','33459091','k.claassen@yahoo.com','none','none\r\n\r\n\r\nNote : Paleo meal','1',1,0,0,0,'0','both',2,'2019-05-02 08:48:05','2019-05-02 08:48:05',1,1),(190,'Banan Yaquby','Ms.',33,'1985-06-21',0,161,67,20,20,'0','Villa 429, Block 525\r\nRoad 2511, Saar','39442486','39442486','banan@qubygroup.com','none','none\r\n\r\nNote : no bananas, if posssible less dairy and gluten.','1',0,0,0,0,'0','mental',0,'2019-05-04 14:03:48','2019-05-04 14:03:48',2,1),(191,'Hesa Ali Jaber Al Khalifa','Mrs.',29,'1989-06-19',0,160,80,20,20,'A+','Villa 323 ,Road 411\r\nBlock 904 West Riffa','39994666','39994666','alkhalifahessa@gmail.com','asthma, eczema','seritide inhaler','1',0,0,0,0,'0','mental',0,'2019-05-09 14:43:03','2019-05-09 14:43:03',2,0),(192,'Eirini Karanitsou','Mrs.',42,'1977-10-31',1,168,63,80,100,'0','Suk Villa Compound 1452\r\nVilla # 5 Road 7732 Block 577 Janabiya','39754754','39754754','ikaranitsu@gmail.com','none','none','1',1,1,0,0,'0','both',0,'2019-05-09 14:47:49','2019-05-09 14:47:49',2,0),(193,'Sara Abul','Mrs.',37,'1981-08-06',0,158,70,20,20,'0','Villa 1 Gate 1227\r\nRoad 3228 Block 733','36787116','36787116','sarahamadabul@gmail.com','none','multivitamins & Vit D & Iron','1',0,1,0,0,'0','both',0,'2019-05-11 09:08:12','2019-05-11 09:08:12',2,0),(194,'Sayed Mohammed Naser','Mr.',36,'1982-07-18',1,172,76,46,50,'0+','Flat 96, Bldg.123\r\nRoad 3306, Um Al Hassam 333','39628666','39628666','snasaer82@gmail.com','none','omega 3 fish oils,Proxeed Plus','1',0,0,0,0,'1','mental',0,'2019-05-11 09:12:46','2019-05-11 09:12:46',2,0),(195,'Faten Al Haddad','Ms.',34,'1984-08-06',0,154,68,93,110,'0+','Villa 10,1007,Road 3221\r\nBlock 332 Mahooz','36596593','36596593','alhaddad.faten@gmail.com','none','none','1',1,0,0,0,'0','mental',0,'2019-05-11 09:16:40','2019-05-11 09:16:40',2,0),(196,'Fadia Talal Al Zain','Mrs.',32,'1986-03-22',0,165,62,73,100,'A+','Villa 12,Saha 152 Zone 67\r\nDoha Qatar','00974 55491166','0974 55491166','fadiatalzain@gmail.com','none','none','2',0,0,0,0,'0','both',0,'2019-05-11 09:24:57','2019-05-11 09:24:57',2,0),(197,'Alyaa Aljeeb','Ms.',20,'1991-01-20',0,155,51,20,20,'A+','House 2728, Road 7172\r\nBlock 571 Janabiya','39915158','39915158','alyaa.aljeeb\"gmail.com','none','none','0',0,0,0,0,'0','both',0,'2019-05-11 09:27:12','2019-05-11 09:27:12',2,0),(198,'Shayma Nurruddin','Ms.',33,'1984-04-13',0,170,65,88,105,'0','Riffa Views','39476464','39476464','snurruddin\"gmail.com','none','none','1',0,0,0,0,'0','both',0,'2019-05-11 09:32:34','2019-05-11 09:32:34',2,0),(199,'Junaid Usman','Mr.',34,'1984-11-04',1,165,87.5,109,107,'0','gate 1 Riffa Views','66686886','66686886','junaid@bfginternational.com','Crestor','High Cholesterol','1',0,0,0,0,'0','mental',0,'2019-05-11 09:36:40','2019-05-11 09:36:40',2,0),(200,'Aisha Al Bastaki','Mrs.',33,'1985-05-05',0,168,79,20,20,'B+','BBK Head office,43 Govt.Avenue\r\nManama','38888191','38888191','aisha.albastaki.5@gmail.com','none','none','1',0,0,0,0,'0','both',2,'2019-05-11 09:38:49','2019-05-11 09:38:49',1,0),(201,'Lora Hase','Mrs.',49,'1969-09-14',0,170,90,20,20,'0','Worley - Gulf Hotel Executive Office\r\n12th Floor','34317811','34317811','ihase@live.com','none','none\r\n\r\n\r\n\r\nNote : Low carb options','1',0,0,0,0,'0','mental',0,'2019-05-12 07:05:28','2019-05-12 07:05:28',1,1),(202,'Hashim Karimi','Mr.',33,'1986-06-17',1,182,87,20,20,'0+','Flat 42F Capricorn Gardens\r\nGate 347 Block 565 Avenue 65\r\nJanabiyah','39637667','33377723','hashimkarimi@gmail.com','none','none','1',1,0,0,0,'0','mental',0,'2019-05-13 14:01:16','2019-05-13 14:01:16',2,1),(203,'Shaika Salah Al Qaed','Mrs.',31,'1988-06-01',0,164,90,20,20,'0','House no. 2408, Road 2437\r\nBlock 324, Juffair','39952330','3952330','shaikhasalah88@gmail.com','none','none','0',0,0,0,0,'0','mental',0,'2019-05-13 14:06:07','2019-05-13 14:06:07',5,1),(204,'Lora Hase','Mrs.',49,'1969-09-14',0,170,90,20,20,'0','Worley - Gulf Hotel Executive Offices\r\n12th Floor','34317811','34317811','lhase@live.com','none','none','0',0,0,0,0,'0','mental',0,'2019-05-13 14:18:01','2019-05-13 14:18:01',1,1),(205,'Naela Al Binali (yousif mufeez)','Mrs.',71,'1948-07-16',0,155,68,20,20,'A+','Bldg.94,Road 30, Block 330\r\nAbu Ghazal Avenue Zinj','36999311','39456753','yousifmufeez@gmail.com','diabetes, high blood pressure,rheumatoid arthritis','high cholesterol, minor heart condition\r\n\r\n\r\n\r\nNote : low to no sugar diet','0',0,0,0,0,'0','mental',0,'2019-05-14 07:19:05','2019-05-14 07:19:05',3,1),(206,'Safa Al Sairafi','Ms.',31,'1987-08-27',0,165,40,20,20,'0','BCCI Bldg.Road 1010\r\nBlock 410,7th Floor Tamkeen','39200680','39200680','safa.alsairi87@gmail.com','none','none','0',0,0,0,0,'0','mental',0,'2019-05-14 08:43:31','2019-05-14 08:43:31',1,0),(207,'Nouf Yateem','Ms.',27,'1990-12-24',0,160,52,68,20,'A+','House 479, Block 340, Road 4011 Juffair','37330330','37330330','nouf.yateem@gmail.com','none','Melatonin Supplements','0',0,0,0,0,'0','both',0,'2019-05-14 11:08:48','2019-05-14 11:08:48',3,1),(208,'Laura Bale','Ms.',35,'1983-08-14',0,170,63,71,91,'0','Palm 1 Apartment 6\r\nRoad 5710 Block 257 Tala Island Amwaj','36397370','3639370','l.bale@hotmail.co.uk','none','none\r\n\r\nnote: no naan','1',0,0,0,0,'0','physical',2,'2019-05-14 12:04:26','2019-05-14 12:05:50',2,1),(210,'Najla AlKhalifa','Ms.',22,'1995-11-27',0,168,66,64,100,'0+','Block 910, Road 1015\r\nHouse no.454 West Riffa','36118882','33505505','nkas1495@gmail.com','none','none','1',0,0,0,0,'0','mental',0,'2019-05-14 12:25:14','2019-05-14 12:25:14',3,1),(212,'Nayla Alkahlifa','Ms.',33,'1985-09-09',0,158,67,30,43,'0','House 1711,Road 4647\r\nBlock 946, Awali','36363699','36363699','nayla9@gmail.com','Hypothyrodism - Anemia','Euthyrox','0',0,0,0,0,'0','mental',2,'2019-05-16 06:42:56','2019-05-16 06:42:56',4,0),(217,'Martel Fabrice','Mr.',36,'0001-01-01',1,183,82,20,20,'0','Juffair Heights (South Tower) Appt 1405 \r\nBuilding 1101 Road 4022  Juffair','33646901','33646401','mar.fabrice@gmail.com','none','none','1',0,0,0,0,'0','mental',0,'2019-05-21 10:56:14','2019-05-21 10:56:14',2,1),(218,'Muneera Adel Aldoseri','Mrs.',29,'1989-09-20',0,156,68,20,20,'0+','House no. 1773, Road 7736\r\nBlock 577 Janabiyah','38830033','38830033','ummashael2012@gmail.com','none','Seroxat , contraception pills','0',0,0,0,0,'0','mental',0,'2019-05-21 11:03:06','2019-05-21 11:03:06',2,0),(219,'Abdulla Adel','Mr.',26,'1992-06-11',1,167,65,32,20,'AB+','Flat 11, Bldg.1676\r\nRoad 3033,Block 430 Kabbabad','39752567','39752567','abdulla.adel.abdulla@gmail.com','none','supplements,whey protein,multi vitamins & fish oil','1',0,0,0,0,'0','mental',0,'2019-05-21 11:12:36','2019-05-21 11:12:36',2,0),(220,'Hela Al Khalifa','Mrs.',35,'1984-03-27',0,172,52,20,20,'0','Block 221, House 178 Sh.Khalifa Road Avenue Busaiteen','38820803','38820803','hela327@gmail.com','none','none','1',0,0,0,1,'0','mental',0,'2019-05-25 10:12:00','2019-05-25 10:12:00',3,1),(221,'Anna Marie Dowling','Ms.',54,'1965-03-07',0,100,40,20,20,'0','Reception Area-estin Hotel City Centre','38885829','38885829','viktorijia.butenaite@marriot.com','none','none','1',0,0,0,0,'0','mental',2,'2019-05-26 14:14:51','2019-05-26 14:14:51',5,1),(222,'Hala Almoayyed','Mrs.',39,'1979-12-18',0,167,77,20,20,'0+','House no.16, Bldg.140 Block No.517\r\nRoad no. 25, Saar','39335555','39335555','hala@almoayyedcg.com','none','none\r\n\r\n\r\nNote: no nuts to be mixed with her food, but nuts alone will be ok. no arabic sweets i.e. baklava or Mamoul and no shrimps','1',0,0,0,0,'0','mental',0,'2019-05-29 07:44:04','2019-05-29 07:47:37',2,1),(223,'Etaf Youssef Chehade','Mrs.',35,'1982-01-24',0,168,94,38,47,'0','455 Essi Garden Villa 2 Road 4418\r\nBlock 441, North Sehla','36996676','36996676','etafchehade@gmail.com','hypothyroidism - hashimotos','eltroxin 200 mg','0',0,1,0,0,'0','mental',0,'2019-05-29 07:57:33','2019-05-29 07:57:33',2,1),(224,'Nariman Alkhan','Mrs.',51,'1968-01-18',0,152,94,42,49,'0','Villa 2757, Road 338, Block 1203\r\nHamad Town','39411149','39411149','narimanalkkhan@gmail.com','high cholesterol','none\r\n\r\nCalories requested : 1200\r\nNO to milk,turkey,murtadella and liver','0',0,0,0,0,'0','both',2,'2019-05-29 08:01:10','2019-05-29 08:02:36',2,0),(225,'Ameena AlJishi','Mrs.',37,'1981-07-01',0,160,60,20,20,'0+','House 1604,Road 5713, Block 257\r\nAmwaj Island','39309993','39309993','amooon.j@gmail.com','none','none','2',0,0,0,0,'0','mental',2,'2019-05-29 08:08:48','2019-05-29 08:08:48',2,1),(226,'Yara Alawadhi','Ms.',25,'1994-03-19',0,171,75,30,42,'0','Villa 2757, Road 338,\r\nBlock 1203 Hamad Town','39227007','39227007','yaralawadhi@gmail.com','high cholesterol','none\r\n\r\n\r\nNote : requested calories 1400','1',0,0,0,0,'0','mental',0,'2019-05-29 08:13:13','2019-05-29 08:13:13',2,0),(229,'Mariam Mahri','Ms.',31,'1987-09-25',0,159,66,73,75,'0+','Office :Arcapita Bldg.,5th Floor Bahrain Bay\r\nHouse :no. 151 Road 2512,Block 225 Busaiteen','37797900','37797900','maryammahri87@gmail.com','none','none\r\n\r\nNote : no cinnamon','0',0,0,0,0,'0','mental',0,'2019-05-29 08:23:15','2019-05-29 08:25:55',2,1),(230,'Manal Al Zayani','Mrs.',40,'1978-12-18',0,161,70,20,20,'A+','House 4704,Road 2863,Block 228\r\nBusaiteen, Next to Blue Mosque','36633225','36633225','manal.alzayani@fitology-bh.com','none','marveloun\r\n\r\n\r\nNote : NO cauliflower,mustard,lentils and tamarind','1',1,1,0,0,'0','physical',2,'2019-05-29 08:30:25','2019-05-29 08:33:35',2,1),(231,'Fawzi Al Gosaibi','Mr.',75,'1944-01-01',1,152,42,20,20,'0','House no.6, Road 813,\r\nBlock 577,Hamad Town','39466366','39466366','ralgosaibi@gmail.com','osteoporosis\r\n\r\n\r\nNote : ONLY LOW FAT','none','0',0,0,0,0,'0','mental',2,'2019-06-11 13:11:41','2019-06-11 13:12:22',3,1),(232,'Muneera Alkuwari','Mrs.',29,'1990-02-23',0,156,59.5,74,100,'B','House 782, Block 921 \r\nRoad 2116, East Riffa','33338806','33338806','muneerasmk@gmail.com','none','none\r\n\r\n\r\nNote : No cabbage,paprika, onions,garlic,\r\nLOW CARD , DAIRY FREE','1',0,0,0,0,'0','mental',0,'2019-06-11 13:15:59','2019-06-11 13:15:59',3,1),(233,'Mariam Alkuwari','Mrs.',31,'1988-04-13',0,165,79,76,99,'AB','House 1046, Road 1028, Block 9110\r\nWest Riffa','33133137','33133137','mskalkuwari@gmail.com','none\r\n\r\nNote: No onion,garlic,cabbage\r\nLow Carb','none','0',0,0,0,0,'0','mental',2,'2019-06-11 13:28:17','2019-06-11 13:29:46',1,1),(234,'Pakiza Abdulrahman','Ms.',37,'1981-08-28',0,164,118,20,20,'B+','EDB Office 3rd Floor\r\nArcapita Bldg.,\r\nBahrain Bay','66668068','66668068','paczie@gmail.com','none\r\n\r\n\r\n\r\nNote : No pickles,ketchup,no olives\r\nLOW CARB','none','1',0,0,0,0,'0','mental',2,'2019-06-11 13:32:11','2019-06-11 13:32:11',1,1),(235,'Dina Jamal','Mrs.',30,'1989-05-07',0,152,42,20,20,'0','Batelco Hamala -Opposite the British School','39394344','39394344','dinajamal.89@gmail.com','none','none','1',0,0,0,0,'0','mental',2,'2019-06-11 13:42:43','2019-06-11 13:42:43',1,1),(236,'Amal Ali Shams','Ms.',40,'1978-12-17',0,157,56,20,20,'0+','Villa 804, Road 3325\r\nBlock 733 Sanad','66600067','66600067','amal.shams@me.com','migraine\r\n\r\n\r\nNote : no raw cabbage,no raw broccoli,no raw sweet pepper,dairy free,no papaya ,no rocca leaf, no beef and no chicken','migraine medication','0',0,0,0,0,'0','both',2,'2019-06-12 06:37:02','2019-06-13 15:18:45',3,0),(237,'Hend Ali Alkhalifa','Ms.',48,'1970-10-11',0,167,88,35,48,'0+','Villa 1169, Road 2426\r\nBlock 924, West Riffa','36633366','36633366','hend.ali1@gmail.com','n.a.\r\n\r\nNote : Gluten,Dairy and wheat FREE','n.a.','1',0,0,0,0,'0','both',0,'2019-06-12 06:45:12','2019-06-12 06:45:12',3,1),(239,'Shireen Zulaikh','Mrs.',26,'1991-06-23',0,156,66,20,20,'0+','House 2266, Block 1203, Road 331\r\nHamad Town Rundabout 1 (House)\r\n\r\n9th Floor Al Zamil Tower Manama (Office)','39399669','39399669','shireen.zulaikh@gmail.com','G6PD Deficient\r\n\r\n\r\nNote : No beans,lentils and chickpeas','none','1',0,0,0,0,'0','mental',2,'2019-06-12 07:11:30','2019-06-20 12:58:27',1,0),(240,'Mirela Micic','Ms.',38,'1980-11-05',0,159,59,20,20,'B','Road 344, Block 2444,Flat 21\r\n21st Floor Juffar','34066910','34066910','mirelamicic@gmail.com','none\r\n\r\n\r\n\r\nNote: Gluten FREE','none','1',0,0,0,0,'0','both',0,'2019-06-12 07:16:40','2019-06-20 12:57:32',2,0),(241,'Sharifa Almahmeed','Mrs.',25,'1992-12-31',0,160,54,20,20,'A+','Office : Al Zamil Tower\r\n9th Floor Manama','33308800','33308800','sharifa.khalifa@gmail.com','none','none','0',0,0,0,0,'0','mental',2,'2019-06-12 07:21:32','2019-06-20 12:56:53',1,0),(242,'Mohamed Juma','Mr.',31,'1987-04-16',1,168,67,86,90,'A+','Villa 451,Road 2514\r\nBlock 25 Busaiteen','39977797','39977797','mkjuma87@gmail.com','none','none','1',0,0,0,0,'0','mental',2,'2019-06-12 07:25:38','2019-06-20 12:51:52',3,0),(243,'Reem Salman Aabed','Mrs.',32,'1987-05-06',0,161,65,88,105,'A+','House 3930, Road 917 Block 809\r\nIsa Town','38380339','38380339','raabed87@gmail.com','G6PD deficiency\r\n\r\n\r\nNote : NO beans, no seafood except Fish','none','1',0,0,0,0,'0','mental',2,'2019-06-12 07:30:52','2019-06-20 12:51:21',3,0),(244,'Noor Maher Abul','Mrs.',25,'1994-04-12',0,162,62,28,20,'A+','House no. 3405A Road 752\r\nBlock 507 Maqabah','33000880','33000880','nour.abul4@gmail.com','None\r\n\r\n\r\nNote : Feta Cheese , no corn','none','1',0,0,0,0,'0','both',0,'2019-06-12 13:46:44','2019-06-20 12:49:21',3,0),(245,'Andrew Ridgeway','Mr.',40,'1978-09-22',1,180,78,34,35,'0+','Flat 41, Palm 2 Tala Island\r\nRoad 5710 Blk. 257','38789190','38789190','ridgy666@msn.com','none\r\n\r\n\r\nNote : No seafood and mushroom','none','1',1,1,0,0,'0','both',2,'2019-06-12 14:20:17','2019-06-20 12:48:46',2,0),(246,'Huda AlKooheji','Mrs.',36,'1983-02-24',0,166,72,20,20,'A+','Villa 3053, Block 934\r\nAvenue 34, West Riffa','66363666','66369666','huda_kooheji@hotmail.com','none','none','1',0,0,0,0,'0','both',0,'2019-06-12 14:25:50','2019-06-20 12:48:13',2,0),(247,'Sara Faraj','Mrs.',27,'1991-10-31',1,159,56,85,90,'0','Villa 451. Road 2514\r\nBlok 225, Busaiteen','36319916','36319916','sarafaraj19911@gmail.com','none','none','1',0,0,0,0,'0','mental',2,'2019-06-12 14:29:51','2019-06-20 12:47:34',3,0),(248,'Maricris Constantino','Ms.',40,'1979-03-03',0,156,68,20,20,'0+','House no. 2429, Road 4053,\r\nBlock 740 A aali','66337772','66337772','maricris_constantino@yahoo.com','Hypertension\r\n\r\nNote : no milk,cauliflower,cabbage,brocolli','Fertility Vitamins','1',0,0,0,0,'0','both',0,'2019-06-12 14:35:54','2019-06-20 12:37:34',2,0),(250,'Ahmed Al Rayes','Mr.',26,'1993-01-02',1,172,70,20,20,'B+','Villa 539, Road 5707,\r\nBlock 257 Amwaj','39817171','39817171','afareedalrayes@gmail.om','none\r\n\r\n\r\n\r\nNOTE : NO BEANS','NONE','1',0,0,0,0,'0','mental',0,'2019-06-13 10:21:54','2019-06-20 13:06:28',2,0),(251,'Sameera Al Bitar','Mrs.',29,'1990-02-21',0,175,62,20,20,'A+','Office no.102,10th Floor \r\nAl Zamil Tower Manama','36615661','36615661','albitar@gmail.com','Stomach infection\r\n\r\n\r\n\r\nNote : Vegetarian Meal','Nexium','2',0,0,0,0,'0','both',2,'2019-06-13 12:01:50','2019-06-20 12:30:05',13,0),(252,'Mariam Abdulrahman Alkhalifa','Mrs.',28,'1990-08-19',0,161,65,81,112,'A+','Villa 6, Bldg.224\r\nRoad 2207 Block 922\r\nNorth Riffa','32200222','32200222','mariam.a.alkhalifa@gmail.com','under active thyroid\r\n9 MONTHS POST PARTUM\r\n\r\n\r\nNO SHRIMPS','EUTHYROX 50 mg','0',0,0,0,0,'0','none',2,'2019-06-13 12:07:24','2019-06-20 12:28:59',1,0),(253,'Rica Mae Macaraeg','Ms.',30,'1989-01-05',0,175,77,85,104,'0','Block 324, 2468 St.,\r\n5th Floor Flat no.53\r\nRiviera Plaza 2 Juffair','35459605','35459605','rica.macaraeg@ymail.com','none\r\n\r\nNote : No cumin and cardamon','none','0',0,0,0,0,'0','both',2,'2019-06-13 12:10:46','2019-06-20 12:27:46',1,0),(254,'Fatima Buasally','Ms.',27,'1992-05-06',0,160,58,73,98,'A+','House no. 1907 Road 2642\r\nBlock 226 Busaiteen','39975530','39975530','f.buasally@gmail.com','none','none','1',0,0,0,0,'0','both',2,'2019-06-13 12:15:38','2019-06-20 12:23:18',3,0),(256,'Maryam Mohamed Al Khalifa','Mrs.',27,'1991-05-06',0,170,83,20,20,'A','House no. 862, Road 2419, Block 924 Riffa','33033300','33033300','m_msk@gmail.com','none\r\n\r\n\r\n\r\nNote : No eggs no fish','none','1',0,0,0,0,'0','none',0,'2019-06-13 12:21:23','2019-06-20 12:21:58',2,0),(258,'Noof Alghatam','Mrs.',35,'1984-02-14',0,165,58,20,20,'0+','House 1210, Road 5221 Block 1052 Zallaq','33771117','33771117','n.alghattam@hotmail.com','none','none','0',0,0,0,0,'0','none',0,'2019-06-13 15:12:28','2019-06-20 12:20:52',5,0),(259,'Fadia Algosaibi','Mrs.',70,'1948-01-01',0,164,75.5,20,20,'0+','Reef Island, House 54, Farouk Almoaayed\r\nHouse no. 3000','39404000','39404000','falgosaibi@gmail.com','Type 2 Diabetic\r\n\r\nNO SEAFOOD,NO RICE CRACKER ,NO SUGAR','Glucophage tablet for sugar','0',0,1,0,0,'0','none',0,'2019-06-13 15:16:58','2019-06-20 12:20:27',3,0),(260,'Latifa AlKhalifa','Mrs.',18,'2001-04-23',0,163,76,163,80,'112','House 252,Road 2008\r\nBlock 920 Riffa','36568888','36568888','latifa.alkhalifa5@gmail.com','none\r\n\r\n\r\nNote : no seafood, but OJK WITH SALMON','none','1',0,0,0,0,'0','none',0,'2019-06-15 11:55:58','2019-06-20 12:19:18',2,0),(261,'Fatima Alkhalifa','Shaikha',35,'1984-04-25',0,157,77,82,106,'A+','House 447, Road 1009 West Riffa','39610222','39610222','tima254@gmail.com','none\r\n\r\n\r\nNote : NO AVOCADO,NO BEEF/NO LAMB/NO FISH\r\nLOW CARB','NONE','1',0,0,0,0,'0','none',0,'2019-06-15 12:27:16','2019-06-20 12:18:44',12,0),(262,'Duaa Alaali','Ms.',23,'1995-09-03',0,169,60,69,99,'AB','House 163, Road 4603\r\nBlock 746 Al Aali','37733371','37733371','duaa.alaali@gmail.com','none','none','1',0,0,0,0,'0','none',2,'2019-06-18 08:28:27','2019-06-20 12:17:11',5,0),(263,'Amal Khalaf Jameel','Mrs.',40,'1978-12-06',0,158,66,20,20,'0+','Viva Building  Seef Area\r\n9th Floor','33011135','33011135','amalj11@hotmail.com','none\r\n\r\n\r\nNote : No Chinese and Japanese flavors\r\n Vegan meal but OK with Fish','none','1',0,0,0,0,'0','both',2,'2019-06-19 07:46:25','2019-06-20 12:16:37',1,0),(264,'Karim Haroun','Mr.',37,'1982-03-21',1,180,83,20,20,'A+','Flat 2210,22th Flr. EWA Towers,Bldg.3381\r\nBlock 428,Road 2845 Seef Area','35068600','35068600','alharoun@gmail.com','none\r\n\r\nNote : no milk','Ulcerative Colitis','1',1,1,0,0,'0','both',2,'2019-06-19 08:12:30','2019-06-20 12:15:34',4,0),(265,'Sylvia Moreta','Ms.',37,'1982-04-24',0,168,78.5,31,43,'0','Apr.no.23,Bldg.2793\r\nThe Flagship Amwaj','39421068','39421068','syldawg@gmail.com','none\r\n\r\nNote : No shellfish','none','1',1,0,0,0,'0','mental',0,'2019-06-19 08:45:37','2019-06-20 12:14:20',2,0),(266,'Yasmeen Abdul','Mrs.',27,'1992-02-22',0,168,72.5,20,20,'A+','Villa no.4,Gate 1227 Road 3228\r\nBlock 732 Aaali Venus Compound','3393929','33993929','yasmeen.abul@gmail.com','Cancer Survivor','none','1',0,0,0,0,'0','mental',0,'2019-06-19 08:55:54','2019-06-20 12:12:15',2,0),(267,'Asyha Kooheji','Ms.',28,'1991-01-31',0,162,50,20,20,'B+','Bldg.551,Road 4612 Block 346\r\nOffice no. 301 Arcapita Bldg., EDB','33377744','33377744','ayshakooheji.31@gmail.com','none\r\n\r\n\r\n\r\nNote : NO TOFU','none','1',0,0,0,0,'0','none',2,'2019-06-19 09:05:07','2019-06-20 12:08:56',1,0),(268,'Fajer Alpachachi','Ms.',33,'1986-08-18',0,179,75,20,20,'0+','Arcapita Bldg.\r\n3rd floor Bahrain Bay','66333339','66333339','fajer.alpachachi@bahrainedb.com','none','none','0',0,0,0,0,'0','mental',2,'2019-06-19 09:10:10','2019-06-20 12:02:04',1,0),(269,'Bayan Abdulla Ishaq','Ms.',24,'1994-12-03',0,170,41,20,20,'B+','Bahrain TV Main Gate\r\nBlock 840, Al Esteglal Highway Isa Town','39468820','39468820','bayan.abdulla@gmail.com','none\r\n\r\n\r\nNote : no chicken','none','1',0,0,0,0,'0','none',2,'2019-06-19 09:29:13','2019-06-20 12:01:39',1,0),(270,'Jehan Jalal','Ms.',34,'1984-07-18',0,170,70,20,20,'0+','Road 3621,Bldg.1042,Block 436\r\nAl Saffar Bldg.','36638995','36638995','jehan.jalal182717@gmail.com','none','none','0',0,0,0,0,'0','both',0,'2019-06-19 09:39:07','2019-06-20 12:01:01',1,0),(271,'Suha Al Hazeem','Ms.',49,'0001-01-01',0,165,61,74,98,'AB','Viva Tower,Block 428\r\nSeef Area , 5th Floor','33011262','33011262','suha.alhazeem@gmail.com','none\r\n\r\n\r\nNote : no tomato, no coconut, salmon fish ok but NO SHRIMP','none','1',0,0,0,0,'0','both',0,'2019-06-19 09:45:06','2019-06-20 12:00:34',1,0),(272,'Marwa Alawi','Ms.',26,'1992-10-23',0,158,55,20,20,'O','British Council  AMA Bldg.,\r\n146 Sh.Salman Highway Salmaniya','33393130','33393130','m.alawi@live.com','none','none','1',0,0,0,0,'0','mental',2,'2019-06-19 10:19:11','2019-06-20 11:59:36',1,0),(273,'Nada Tarada','Ms.',31,'2019-06-16',0,163,84,32,20,'B+','House no. 3213, Road 2182,\r\nBlock 721 Jid Ali','39770799','39770799','nada.tarradah@gmail.com','none\r\n\r\n\r\nNote : No seafood , No cauliflower','none','1',0,0,0,0,'0','mental',0,'2019-06-19 12:23:55','2019-06-20 11:59:48',2,0),(274,'Mayas Baluch','Ms.',39,'1980-08-07',0,155,57,78,100,'0','Gate 1 , Oasis .,Road 4303,\r\nBlock 943, Villa0-76 Riffa Views','36180666','36180666','mayas.bal@gmail.com','none\r\n\r\n\r\nNote : No bellpepper (capsicum) , no spicy','none','1',0,0,0,0,'0','both',0,'2019-06-20 09:25:02','2019-06-20 11:58:57',2,0),(277,'Nayla Abdulla Alnoami','Mrs.',36,'1982-09-18',0,158,88,20,20,'0','Villa 2241, Road 1048,\r\nBlock 910 West Riffa','39996667','39996667','nayla.abdulla@gmail.com','none','none','1',0,0,0,0,'0','both',0,'2019-06-20 10:17:35','2019-06-20 12:21:14',2,0),(279,'Hamad Alkhalifa','Mr.',22,'1997-02-07',1,172,165,20,20,'0+','House 252, Road 2008 Block 920\r\nJary Al Shaikh Riffa','36567777','36567777','hamad@alkhalifa.me','none','none','1',0,0,0,0,'0','both',0,'2019-06-20 12:28:39','2019-06-20 12:28:39',3,0),(280,'Abraham Madrid','Mr.',35,'1983-10-26',1,170,190,20,91,'0+','The Flagship Amwaj, Apr.23,Bldg.2793,\r\nRoad 5722 Amwaj 0257','38885160','38885160','abemadrid99@gmail.com','none','none','1',0,0,0,0,'0','both',2,'2019-06-20 13:10:48','2019-06-20 13:10:48',3,0),(281,'Hisham Al Kooheji','Mr.',32,'1986-11-14',1,174,79,31,20,'0+','House no.1324, Road 2527,\r\nBlock 525 Saar','36266000','36266000','hishamyk@gmail.com','none','blood pressure pill,aspirin and for cholesterol','1',0,0,0,0,'0','mental',0,'2019-06-20 13:13:36','2019-06-20 13:13:36',3,0),(282,'Amal Al Aali','Mrs.',39,'1980-07-27',0,175,74,29,43,'B+','House 1784 Road 4042\r\nBlock 740 Aaali','39442728','39442728','aaalaali@gmail.com','IBS','probiotics','1',0,0,0,0,'0','both',0,'2019-06-20 13:17:48','2019-06-20 13:35:12',12,0),(283,'Dalal Ali Safar','Mrs.',35,'1983-08-17',0,168,83,41,44,'B-','House 620, Road 3819\r\nBlock 338 Adliya','39777987','39777987','dalalsafar@gmail.com','none','none','0',0,0,0,0,'0','both',0,'2019-06-20 14:21:18','2019-06-20 14:21:18',5,0);
/*!40000 ALTER TABLE `customers` ENABLE KEYS */;
UNLOCK TABLES;

--
-- Table structure for table `customers_allergic_ingredient_types`
--

DROP TABLE IF EXISTS `customers_allergic_ingredient_types`;
/*!40101 SET @saved_cs_client     = @@character_set_client */;
/*!40101 SET character_set_client = utf8 */;
CREATE TABLE `customers_allergic_ingredient_types` (
  `id` int(10) unsigned NOT NULL AUTO_INCREMENT,
  `ingredient_type_id` int(10) unsigned NOT NULL,
  `customer_id` int(10) unsigned NOT NULL,
  `created_at` timestamp NULL DEFAULT NULL,
  `updated_at` timestamp NULL DEFAULT NULL,
  PRIMARY KEY (`id`),
  KEY `customers_allergic_ingredient_types_ingredient_type_id_foreign` (`ingredient_type_id`),
  KEY `customers_allergic_ingredient_types_customer_id_foreign` (`customer_id`),
  CONSTRAINT `customers_allergic_ingredient_types_customer_id_foreign` FOREIGN KEY (`customer_id`) REFERENCES `customers` (`id`),
  CONSTRAINT `customers_allergic_ingredient_types_ingredient_type_id_foreign` FOREIGN KEY (`ingredient_type_id`) REFERENCES `ingredient_types` (`id`)
) ENGINE=InnoDB AUTO_INCREMENT=64 DEFAULT CHARSET=utf8mb4 COLLATE=utf8mb4_unicode_ci;
/*!40101 SET character_set_client = @saved_cs_client */;

--
-- Dumping data for table `customers_allergic_ingredient_types`
--

LOCK TABLES `customers_allergic_ingredient_types` WRITE;
/*!40000 ALTER TABLE `customers_allergic_ingredient_types` DISABLE KEYS */;
INSERT INTO `customers_allergic_ingredient_types` VALUES (2,4,152,'2019-04-24 11:26:39','2019-04-24 11:26:39'),(3,21,168,'2019-04-25 08:55:56','2019-04-25 08:55:56'),(4,17,168,'2019-04-25 08:56:09','2019-04-25 08:56:09'),(5,14,168,'2019-04-25 08:56:49','2019-04-25 08:56:49'),(6,22,168,'2019-04-25 08:56:58','2019-04-25 08:56:58'),(8,22,115,'2019-04-25 09:01:10','2019-04-25 09:01:10'),(9,17,169,'2019-04-25 09:14:17','2019-04-25 09:14:17'),(10,16,88,'2019-04-25 09:18:35','2019-04-25 09:18:35'),(11,14,173,'2019-04-25 10:19:16','2019-04-25 10:19:16'),(12,16,173,'2019-04-25 10:19:26','2019-04-25 10:19:26'),(13,21,173,'2019-04-25 10:19:30','2019-04-25 10:19:30'),(15,4,175,'2019-04-25 12:01:36','2019-04-25 12:01:36'),(16,14,178,'2019-04-25 12:18:19','2019-04-25 12:18:19'),(17,21,178,'2019-04-25 12:18:25','2019-04-25 12:18:25'),(18,17,179,'2019-04-27 13:40:35','2019-04-27 13:40:35'),(19,15,179,'2019-04-27 13:41:33','2019-04-27 13:41:33'),(20,4,182,'2019-04-29 08:44:40','2019-04-29 08:44:40'),(21,22,182,'2019-04-29 08:44:45','2019-04-29 08:44:45'),(22,4,185,'2019-04-29 09:33:50','2019-04-29 09:33:50'),(23,7,189,'2019-05-02 08:48:53','2019-05-02 08:48:53'),(24,4,190,'2019-05-04 14:04:04','2019-05-04 14:04:04'),(25,24,193,'2019-05-11 09:08:51','2019-05-11 09:08:51'),(26,7,193,'2019-05-11 09:09:08','2019-05-11 09:09:08'),(27,17,194,'2019-05-11 09:13:20','2019-05-11 09:13:20'),(28,4,208,'2019-05-14 12:04:43','2019-05-14 12:04:43'),(29,4,210,'2019-05-14 12:25:37','2019-05-14 12:25:37'),(30,17,212,'2019-05-16 06:43:17','2019-05-16 06:43:17'),(31,17,219,'2019-05-21 11:12:58','2019-05-21 11:12:58'),(32,15,220,'2019-05-25 10:12:14','2019-05-25 10:12:14'),(33,13,222,'2019-05-29 07:44:29','2019-05-29 07:44:29'),(34,22,229,'2019-05-29 08:25:03','2019-05-29 08:25:03'),(35,16,236,'2019-06-12 06:39:45','2019-06-12 06:39:45'),(36,4,237,'2019-06-12 06:45:26','2019-06-12 06:45:26'),(37,24,237,'2019-06-12 06:45:38','2019-06-12 06:45:38'),(38,24,240,'2019-06-12 07:17:05','2019-06-12 07:17:05'),(39,17,243,'2019-06-12 07:31:40','2019-06-12 07:31:40'),(40,18,244,'2019-06-12 14:14:31','2019-06-12 14:14:31'),(41,17,245,'2019-06-12 14:20:38','2019-06-12 14:20:38'),(43,17,259,'2019-06-13 15:17:14','2019-06-13 15:17:14'),(45,17,260,'2019-06-15 11:56:15','2019-06-15 11:56:15'),(46,14,261,'2019-06-15 12:27:48','2019-06-15 12:27:48'),(47,15,261,'2019-06-15 12:27:50','2019-06-15 12:27:50'),(48,21,261,'2019-06-15 12:27:56','2019-06-15 12:27:56'),(49,21,263,'2019-06-19 07:47:02','2019-06-19 07:47:02'),(50,22,263,'2019-06-19 07:47:06','2019-06-19 07:47:06'),(51,24,263,'2019-06-19 07:47:07','2019-06-19 07:47:07'),(52,15,266,'2019-06-19 08:56:25','2019-06-19 08:56:25'),(53,20,267,'2019-06-19 09:05:24','2019-06-19 09:05:24'),(54,17,272,'2019-06-19 10:23:38','2019-06-19 10:23:38'),(55,17,273,'2019-06-19 12:24:21','2019-06-19 12:24:21'),(56,16,269,'2019-06-20 12:01:27','2019-06-20 12:01:27'),(58,17,265,'2019-06-20 12:14:04','2019-06-20 12:14:04'),(59,22,256,'2019-06-20 12:21:45','2019-06-20 12:21:45'),(60,15,256,'2019-06-20 12:21:49','2019-06-20 12:21:49'),(62,4,282,'2019-06-20 13:32:33','2019-06-20 13:32:33'),(63,19,119,'2019-06-20 14:08:25','2019-06-20 14:08:25');
/*!40000 ALTER TABLE `customers_allergic_ingredient_types` ENABLE KEYS */;
UNLOCK TABLES;

--
-- Table structure for table `customers_allergic_ingredients`
--

DROP TABLE IF EXISTS `customers_allergic_ingredients`;
/*!40101 SET @saved_cs_client     = @@character_set_client */;
/*!40101 SET character_set_client = utf8 */;
CREATE TABLE `customers_allergic_ingredients` (
  `id` int(10) unsigned NOT NULL AUTO_INCREMENT,
  `customer_id` int(10) unsigned NOT NULL,
  `ingredient_id` int(10) unsigned NOT NULL,
  `created_at` timestamp NULL DEFAULT NULL,
  `updated_at` timestamp NULL DEFAULT NULL,
  PRIMARY KEY (`id`),
  KEY `customers_allergic_ingredients_customer_id_foreign` (`customer_id`),
  KEY `customers_allergic_ingredients_ingredient_id_foreign` (`ingredient_id`),
  CONSTRAINT `customers_allergic_ingredients_customer_id_foreign` FOREIGN KEY (`customer_id`) REFERENCES `customers` (`id`) ON DELETE CASCADE,
  CONSTRAINT `customers_allergic_ingredients_ingredient_id_foreign` FOREIGN KEY (`ingredient_id`) REFERENCES `ingredients` (`id`) ON DELETE CASCADE
) ENGINE=InnoDB AUTO_INCREMENT=65 DEFAULT CHARSET=utf8mb4 COLLATE=utf8mb4_unicode_ci;
/*!40101 SET character_set_client = @saved_cs_client */;

--
-- Dumping data for table `customers_allergic_ingredients`
--

LOCK TABLES `customers_allergic_ingredients` WRITE;
/*!40000 ALTER TABLE `customers_allergic_ingredients` DISABLE KEYS */;
INSERT INTO `customers_allergic_ingredients` VALUES (5,9,43,'2019-04-06 13:50:26','2019-04-06 13:50:26'),(6,9,42,'2019-04-06 13:50:26','2019-04-06 13:50:26'),(7,9,44,'2019-04-06 13:50:26','2019-04-06 13:50:26'),(8,9,7,'2019-04-06 13:50:26','2019-04-06 13:50:26'),(10,33,8,'2019-04-08 12:15:38','2019-04-08 12:15:38'),(11,33,6,'2019-04-08 12:15:38','2019-04-08 12:15:38'),(12,33,9,'2019-04-08 12:15:38','2019-04-08 12:15:38'),(13,34,2,'2019-04-08 13:03:21','2019-04-08 13:03:21'),(14,70,4,'2019-04-11 13:47:24','2019-04-11 13:47:24'),(15,70,5,'2019-04-11 13:47:24','2019-04-11 13:47:24'),(16,70,119,'2019-04-11 13:47:24','2019-04-11 13:47:24'),(17,73,50,'2019-04-13 06:40:31','2019-04-13 06:40:31'),(18,73,49,'2019-04-13 06:40:31','2019-04-13 06:40:31'),(19,76,75,'2019-04-15 06:45:31','2019-04-15 06:45:31'),(20,76,76,'2019-04-15 06:45:31','2019-04-15 06:45:31'),(21,76,95,'2019-04-15 06:45:31','2019-04-15 06:45:31'),(22,101,75,'2019-04-15 13:27:02','2019-04-15 13:27:02'),(23,149,7,'2019-04-24 09:46:23','2019-04-24 09:46:23'),(24,168,49,'2019-04-25 08:56:30','2019-04-25 08:56:30'),(26,115,57,'2019-04-25 08:59:30','2019-04-25 08:59:30'),(27,115,3,'2019-04-25 08:59:58','2019-04-25 08:59:58'),(28,88,1,'2019-04-25 09:18:16','2019-04-25 09:18:16'),(29,174,31,'2019-04-25 11:52:14','2019-04-25 11:52:14'),(30,175,73,'2019-04-25 12:01:21','2019-04-25 12:01:21'),(31,175,67,'2019-04-25 12:01:24','2019-04-25 12:01:24'),(32,179,31,'2019-04-27 13:40:58','2019-04-27 13:40:58'),(33,189,70,'2019-05-02 08:48:39','2019-05-02 08:48:39'),(34,195,6,'2019-05-11 09:16:56','2019-05-11 09:16:56'),(35,207,62,'2019-05-14 11:09:55','2019-05-14 11:09:55'),(36,207,97,'2019-05-14 11:10:36','2019-05-14 11:10:36'),(37,208,37,'2019-05-14 12:04:56','2019-05-14 12:04:56'),(38,229,30,'2019-05-29 08:23:45','2019-05-29 08:23:45'),(40,229,110,'2019-05-29 08:24:04','2019-05-29 08:24:04'),(41,229,29,'2019-05-29 08:24:11','2019-05-29 08:24:11'),(42,229,79,'2019-05-29 08:24:38','2019-05-29 08:24:38'),(43,230,123,'2019-05-29 08:31:11','2019-05-29 08:31:11'),(44,230,44,'2019-05-29 08:31:25','2019-05-29 08:31:25'),(45,230,43,'2019-05-29 08:31:26','2019-05-29 08:31:26'),(46,232,45,'2019-06-11 13:18:21','2019-06-11 13:18:21'),(47,233,45,'2019-06-11 13:28:51','2019-06-11 13:28:51'),(48,234,130,'2019-06-11 13:32:43','2019-06-11 13:32:43'),(49,236,4,'2019-06-12 06:39:38','2019-06-12 06:39:38'),(50,236,18,'2019-06-12 06:40:08','2019-06-12 06:40:08'),(51,236,33,'2019-06-12 06:40:13','2019-06-12 06:40:13'),(52,236,34,'2019-06-12 06:40:14','2019-06-12 06:40:14'),(53,236,35,'2019-06-12 06:40:17','2019-06-12 06:40:17'),(54,236,64,'2019-06-12 06:40:46','2019-06-12 06:40:46'),(56,27,73,'2019-06-15 11:59:00','2019-06-15 11:59:00'),(57,271,29,'2019-06-19 10:10:19','2019-06-19 10:10:19'),(58,271,135,'2019-06-19 10:10:32','2019-06-19 10:10:32'),(60,273,123,'2019-06-19 12:24:40','2019-06-19 12:24:40'),(61,274,33,'2019-06-20 09:25:33','2019-06-20 09:25:33'),(62,274,34,'2019-06-20 09:25:34','2019-06-20 09:25:34'),(63,274,35,'2019-06-20 09:25:35','2019-06-20 09:25:35'),(64,119,80,'2019-06-20 14:08:10','2019-06-20 14:08:10');
/*!40000 ALTER TABLE `customers_allergic_ingredients` ENABLE KEYS */;
UNLOCK TABLES;

--
-- Table structure for table `data_rows`
--

DROP TABLE IF EXISTS `data_rows`;
/*!40101 SET @saved_cs_client     = @@character_set_client */;
/*!40101 SET character_set_client = utf8 */;
CREATE TABLE `data_rows` (
  `id` int(10) unsigned NOT NULL AUTO_INCREMENT,
  `data_type_id` int(10) unsigned NOT NULL,
  `field` varchar(255) COLLATE utf8mb4_unicode_ci NOT NULL,
  `type` varchar(255) COLLATE utf8mb4_unicode_ci NOT NULL,
  `display_name` varchar(255) COLLATE utf8mb4_unicode_ci NOT NULL,
  `required` tinyint(1) NOT NULL DEFAULT 0,
  `browse` tinyint(1) NOT NULL DEFAULT 1,
  `read` tinyint(1) NOT NULL DEFAULT 1,
  `edit` tinyint(1) NOT NULL DEFAULT 1,
  `add` tinyint(1) NOT NULL DEFAULT 1,
  `delete` tinyint(1) NOT NULL DEFAULT 1,
  `details` text COLLATE utf8mb4_unicode_ci DEFAULT NULL,
  `order` int(11) NOT NULL DEFAULT 1,
  PRIMARY KEY (`id`),
  KEY `data_rows_data_type_id_foreign` (`data_type_id`),
  CONSTRAINT `data_rows_data_type_id_foreign` FOREIGN KEY (`data_type_id`) REFERENCES `data_types` (`id`) ON DELETE CASCADE ON UPDATE CASCADE
) ENGINE=InnoDB AUTO_INCREMENT=120 DEFAULT CHARSET=utf8mb4 COLLATE=utf8mb4_unicode_ci;
/*!40101 SET character_set_client = @saved_cs_client */;

--
-- Dumping data for table `data_rows`
--

LOCK TABLES `data_rows` WRITE;
/*!40000 ALTER TABLE `data_rows` DISABLE KEYS */;
INSERT INTO `data_rows` VALUES (1,1,'id','number','ID',1,0,0,0,0,0,NULL,1),(2,1,'name','text','Name',1,1,1,1,1,1,NULL,2),(3,1,'email','text','Email',1,1,1,1,1,1,NULL,3),(4,1,'password','password','Password',1,0,0,1,1,0,NULL,4),(5,1,'remember_token','text','Remember Token',0,0,0,0,0,0,NULL,5),(6,1,'created_at','timestamp','Created At',0,0,1,0,0,0,NULL,6),(7,1,'updated_at','timestamp','Updated At',0,0,0,0,0,0,NULL,7),(8,1,'avatar','image','Avatar',0,1,1,1,1,1,NULL,8),(9,1,'user_belongsto_role_relationship','relationship','Role',0,1,1,1,1,0,'{\"model\":\"TCG\\\\Voyager\\\\Models\\\\Role\",\"table\":\"roles\",\"type\":\"belongsTo\",\"column\":\"role_id\",\"key\":\"id\",\"label\":\"display_name\",\"pivot_table\":\"roles\",\"pivot\":0}',10),(10,1,'user_belongstomany_role_relationship','relationship','Roles',0,1,1,1,1,0,'{\"model\":\"TCG\\\\Voyager\\\\Models\\\\Role\",\"table\":\"roles\",\"type\":\"belongsToMany\",\"column\":\"id\",\"key\":\"id\",\"label\":\"display_name\",\"pivot_table\":\"user_roles\",\"pivot\":\"1\",\"taggable\":\"0\"}',11),(11,1,'locale','text','Locale',0,1,1,1,1,0,NULL,12),(12,1,'settings','hidden','Settings',0,0,0,0,0,0,NULL,12),(13,2,'id','number','ID',1,0,0,0,0,0,NULL,1),(14,2,'name','text','Name',1,1,1,1,1,1,NULL,2),(15,2,'created_at','timestamp','Created At',0,0,0,0,0,0,NULL,3),(16,2,'updated_at','timestamp','Updated At',0,0,0,0,0,0,NULL,4),(17,3,'id','number','ID',1,0,0,0,0,0,NULL,1),(18,3,'name','text','Name',1,1,1,1,1,1,NULL,2),(19,3,'created_at','timestamp','Created At',0,0,0,0,0,0,NULL,3),(20,3,'updated_at','timestamp','Updated At',0,0,0,0,0,0,NULL,4),(21,3,'display_name','text','Display Name',1,1,1,1,1,1,NULL,5),(22,1,'role_id','text','Role',1,1,1,1,1,1,NULL,9),(23,4,'id','text','Id',1,0,0,0,0,0,'{}',1),(24,4,'name','text','Name',1,1,1,1,1,1,'{}',2),(25,4,'protein','text','Protein',1,1,1,1,1,1,'{\"validation\":{\"rule\":\"required|numeric\"}}',3),(26,4,'fat','text','Fat',1,1,1,1,1,1,'{\"validation\":{\"rule\":\"required|numeric\"}}',4),(27,4,'carbohydrates','text','Carbohydrates',1,1,1,1,1,1,'{\"validation\":{\"rule\":\"required|numeric\"}}',5),(28,4,'calories','text','Calories',1,1,1,1,1,1,'{\"validation\":{\"rule\":\"required|numeric\"}}',6),(29,4,'created_at','timestamp','Created At',0,0,1,0,0,1,'{}',8),(30,4,'updated_at','timestamp','Updated At',0,0,0,0,0,0,'{}',9),(31,5,'id','text','Id',1,0,0,0,0,0,'{}',1),(32,5,'name','text','Name',1,1,1,1,1,1,'{}',2),(33,5,'created_at','timestamp','Created At',0,0,1,0,0,1,'{}',3),(34,5,'updated_at','timestamp','Updated At',0,0,0,0,0,0,'{}',4),(35,6,'id','text','Id',1,0,0,0,0,0,'{}',1),(36,6,'name','text','Name',1,1,1,1,1,1,'{}',3),(37,6,'kitchen_id','select_dropdown','Kitchen Id',1,1,1,1,1,1,'{}',2),(38,6,'created_at','timestamp','Created At',0,0,0,0,0,0,'{}',5),(39,6,'updated_at','timestamp','Updated At',0,0,0,0,0,0,'{}',6),(40,6,'meal_belongsto_kitchen_relationship','relationship','Kitchen',0,1,1,1,1,1,'{\"model\":\"App\\\\Kitchen\",\"table\":\"kitchens\",\"type\":\"belongsTo\",\"column\":\"kitchen_id\",\"key\":\"id\",\"label\":\"name\",\"pivot_table\":\"customer_meals\",\"pivot\":\"0\",\"taggable\":\"0\"}',7),(41,7,'id','text','Id',1,0,0,0,0,0,'{}',1),(42,7,'startdate','date','Start date',1,1,1,1,1,1,'{\"format\":\"%d-%m-%Y\"}',3),(43,7,'enddate','date','End date',1,1,1,1,1,1,'{\"format\":\"%d-%m-%Y\"}',4),(44,7,'created_at','timestamp','Created At',0,0,1,0,0,1,'{}',5),(45,7,'updated_at','timestamp','Updated At',0,0,0,0,0,0,'{}',6),(46,8,'id','text','Id',1,0,0,0,0,0,'{}',1),(47,8,'name','text','Name',1,1,1,1,1,1,'{}',2),(48,8,'created_at','timestamp','Created At',0,0,1,0,0,1,'{}',3),(49,8,'updated_at','timestamp','Updated At',0,0,0,0,0,0,'{}',4),(50,10,'id','text','Id',1,0,0,0,0,0,'{}',1),(51,10,'fullname','text','Fullname',1,1,1,1,1,1,'{}',3),(52,10,'title','text','Title',1,1,1,1,1,1,'{}',4),(53,10,'age','text','Age',1,1,1,1,1,1,'{}',5),(54,10,'birthdate','date','Birthdate',1,1,1,1,1,1,'{}',6),(55,10,'gender','select_dropdown','Gender',1,1,1,1,1,1,'{\"default\":\"1\",\"options\":{\"0\":\"Female\",\"1\":\"Male\"}}',7),(56,10,'height','text','Height',1,1,1,1,1,1,'{\"validation\":{\"rule\":\"required|numeric|min:100\"}}',8),(57,10,'weight','text','Weight',1,1,1,1,1,1,'{\"validation\":{\"rule\":\"required|numeric|min:40\"}}',9),(58,10,'waist_measurements','text','Waist Measurements',1,1,1,1,1,1,'{\"validation\":{\"rule\":\"required|numeric|min:20\"}}',10),(59,10,'hip_measurements','text','Hip Measurements',1,1,1,1,1,1,'{\"validation\":{\"rule\":\"required|numeric|min:20\"}}',11),(60,10,'blood_type','text','Blood Type',1,1,1,1,1,1,'{}',12),(61,10,'address','text_area','Address',1,0,1,1,1,1,'{}',13),(62,10,'mobile','text','Mobile',1,1,1,1,1,1,'{}',14),(63,10,'telephone','text','Telephone',1,1,1,1,1,1,'{}',15),(64,10,'email','text','Email',1,1,1,1,1,1,'{}',16),(65,10,'medical_history','text_area','Medical History',1,0,1,1,1,1,'{}',17),(66,10,'present_medication','text_area','Present Medication',1,0,1,1,1,1,'{}',18),(67,10,'exercise_frequency','select_dropdown','Exercise Frequency',1,1,1,1,1,1,'{\"default\":\"1\",\"options\":{\"0\":\"Sedentary or light activity\",\"1\":\"Active or moderately active\",\"2\":\"Vigorously active\"}}',19),(68,10,'alchohol','select_dropdown','Alchohol',1,1,1,1,1,1,'{\"default\":\"0\",\"options\":{\"0\":\"No\",\"1\":\"Yes\"}}',20),(69,10,'smoke','select_dropdown','Smoke',1,1,1,1,1,1,'{\"default\":\"0\",\"options\":{\"0\":\"No\",\"1\":\"Yes\"}}',21),(70,10,'pregnancy','select_dropdown','Pregnancy',1,1,1,1,1,1,'{\"default\":\"0\",\"options\":{\"0\":\"No\",\"1\":\"Yes\"}}',22),(71,10,'breastfeeding','select_dropdown','Breastfeeding',1,1,1,1,1,1,'{\"default\":\"0\",\"options\":{\"0\":\"No\",\"1\":\"Yes\"}}',23),(72,10,'vaccinations','select_dropdown','Vaccinations',1,1,1,1,1,1,'{\"default\":\"0\",\"options\":{\"0\":\"No\",\"1\":\"Yes\"}}',24),(73,10,'worktype','text','Worktype',1,1,1,1,1,1,'{}',25),(74,10,'weightchange','select_dropdown','Weightchange',1,1,1,1,1,1,'{\"default\":\"0\",\"options\":{\"0\":\"Need to Lose Weight\",\"1\":\"Need to Gain Weight\",\"2\":\"Maintain\"}}',26),(75,10,'created_at','timestamp','Created At',0,0,1,0,0,1,'{}',27),(76,10,'updated_at','timestamp','Updated At',0,0,0,0,0,0,'{}',28),(77,10,'plan_id','text','Plan Id',1,1,1,1,1,1,'{}',2),(78,10,'status','select_dropdown','Status',1,1,1,1,1,1,'{\"default\":\"0\",\"options\":{\"0\":\"Deactived\",\"1\":\"Activated\"}}',29),(79,10,'customer_belongsto_plan_relationship','relationship','Plan',0,1,1,1,1,1,'{\"model\":\"App\\\\Plan\",\"table\":\"plans\",\"type\":\"belongsTo\",\"column\":\"plan_id\",\"key\":\"id\",\"label\":\"name\",\"pivot_table\":\"customer_meals\",\"pivot\":\"0\",\"taggable\":\"0\"}',30),(80,11,'id','text','Id',1,0,0,0,0,0,'{}',1),(81,11,'name','text','Name',1,1,1,1,1,1,'{}',2),(82,11,'created_at','timestamp','Created At',0,0,1,1,0,1,'{}',3),(83,11,'updated_at','timestamp','Updated At',0,0,0,0,0,0,'{}',4),(89,13,'id','text','Id',1,0,0,0,0,0,'{}',1),(90,13,'name','text','Name',1,1,1,1,1,1,'{}',2),(91,13,'calories_percentage','number','Calories Percentage %',1,1,1,1,1,1,'{}',3),(92,13,'created_at','timestamp','Created At',0,0,1,0,0,1,'{}',4),(93,13,'updated_at','timestamp','Updated At',0,0,0,0,0,0,'{}',5),(94,6,'meal_belongsto_meal_type_relationship','relationship','Meal Type',0,1,1,1,1,1,'{\"model\":\"App\\\\MealType\",\"table\":\"meal_types\",\"type\":\"belongsTo\",\"column\":\"meal_type_id\",\"key\":\"id\",\"label\":\"name\",\"pivot_table\":\"customer_meals\",\"pivot\":\"0\",\"taggable\":\"0\"}',8),(95,6,'meal_type_id','select_dropdown','Meal Type Id',1,1,1,1,1,1,'{}',4),(96,7,'name','text','Name',1,1,1,1,1,1,'{}',2),(97,14,'id','text','Id',1,0,0,0,0,0,'{}',1),(98,14,'customer_id','text','Customer Id',1,1,1,1,1,1,'{}',2),(99,14,'week_meal_id','text','Week Meal Id',1,1,1,1,1,1,'{}',3),(100,14,'created_at','timestamp','Created At',0,0,1,0,0,1,'{}',4),(101,14,'updated_at','timestamp','Updated At',0,0,0,0,0,0,'{}',5),(102,6,'total_calories','number','Total Calories',0,1,1,0,0,1,'{}',9),(103,4,'ingredient_belongsto_ingredient_type_relationship','relationship','Ingredient Type',0,1,1,1,1,1,'{\"model\":\"App\\\\IngredientType\",\"table\":\"ingredient_types\",\"type\":\"belongsTo\",\"column\":\"ingredient_type_id\",\"key\":\"id\",\"label\":\"name\",\"pivot_table\":\"additional_ingredients\",\"pivot\":\"0\",\"taggable\":\"0\"}',10),(104,4,'ingredient_type_id','text','Ingredient Type Id',0,1,1,1,1,1,'{}',7),(105,15,'id','text','Id',1,0,0,0,0,0,'{}',1),(106,15,'name','text','Name',1,1,1,1,1,1,'{}',2),(107,15,'created_at','timestamp','Created At',0,0,1,0,0,1,'{}',3),(108,15,'updated_at','timestamp','Updated At',0,0,0,0,0,0,'{}',4),(109,15,'kitchen_id','select_dropdown','Kitchen',0,1,1,1,1,1,'{}',2),(110,15,'ingredient_type_belongsto_kitchen_relationship','relationship','kitchens',0,1,1,1,1,1,'{\"model\":\"App\\\\Kitchen\",\"table\":\"kitchens\",\"type\":\"belongsTo\",\"column\":\"kitchen_id\",\"key\":\"id\",\"label\":\"name\",\"pivot_table\":\"additional_ingredients\",\"pivot\":\"0\",\"taggable\":null}',5),(111,14,'total_calories','text','Total Calories',0,1,1,1,1,1,'{}',6),(112,14,'cooked','number','Cooked',1,1,1,1,1,1,'{}',10),(113,14,'total_fats','number','Total Fats',1,1,1,1,1,1,'{}',7),(114,14,'total_proteins','number','Total Proteins',1,1,1,1,1,1,'{}',9),(115,14,'total_carbs','number','Total Carbs',1,1,1,1,1,1,'{}',8),(116,6,'custom','select_dropdown','Custom',1,0,0,0,0,0,'{\"default\":\"0\",\"options\":{\"0\":\"Normal\",\"1\":\"Custom Recipes Meal\"}}',13),(117,6,'total_fats','number','Total Fats',1,1,1,0,0,1,'{}',10),(118,6,'total_proteins','number','Total Proteins',1,1,1,0,0,1,'{}',12),(119,6,'total_carbs','number','Total Carbs',1,1,1,0,0,1,'{}',11);
/*!40000 ALTER TABLE `data_rows` ENABLE KEYS */;
UNLOCK TABLES;

--
-- Table structure for table `data_types`
--

DROP TABLE IF EXISTS `data_types`;
/*!40101 SET @saved_cs_client     = @@character_set_client */;
/*!40101 SET character_set_client = utf8 */;
CREATE TABLE `data_types` (
  `id` int(10) unsigned NOT NULL AUTO_INCREMENT,
  `name` varchar(255) COLLATE utf8mb4_unicode_ci NOT NULL,
  `slug` varchar(255) COLLATE utf8mb4_unicode_ci NOT NULL,
  `display_name_singular` varchar(255) COLLATE utf8mb4_unicode_ci NOT NULL,
  `display_name_plural` varchar(255) COLLATE utf8mb4_unicode_ci NOT NULL,
  `icon` varchar(255) COLLATE utf8mb4_unicode_ci DEFAULT NULL,
  `model_name` varchar(255) COLLATE utf8mb4_unicode_ci DEFAULT NULL,
  `policy_name` varchar(255) COLLATE utf8mb4_unicode_ci DEFAULT NULL,
  `controller` varchar(255) COLLATE utf8mb4_unicode_ci DEFAULT NULL,
  `description` varchar(255) COLLATE utf8mb4_unicode_ci DEFAULT NULL,
  `generate_permissions` tinyint(1) NOT NULL DEFAULT 0,
  `server_side` tinyint(4) NOT NULL DEFAULT 0,
  `details` text COLLATE utf8mb4_unicode_ci DEFAULT NULL,
  `created_at` timestamp NULL DEFAULT NULL,
  `updated_at` timestamp NULL DEFAULT NULL,
  PRIMARY KEY (`id`),
  UNIQUE KEY `data_types_name_unique` (`name`),
  UNIQUE KEY `data_types_slug_unique` (`slug`)
) ENGINE=InnoDB AUTO_INCREMENT=16 DEFAULT CHARSET=utf8mb4 COLLATE=utf8mb4_unicode_ci;
/*!40101 SET character_set_client = @saved_cs_client */;

--
-- Dumping data for table `data_types`
--

LOCK TABLES `data_types` WRITE;
/*!40000 ALTER TABLE `data_types` DISABLE KEYS */;
INSERT INTO `data_types` VALUES (1,'users','users','User','Users','voyager-person','TCG\\Voyager\\Models\\User','TCG\\Voyager\\Policies\\UserPolicy','','',1,0,NULL,'2019-01-10 07:25:28','2019-01-10 07:25:28'),(2,'menus','menus','Menu','Menus','voyager-list','TCG\\Voyager\\Models\\Menu',NULL,'','',1,0,NULL,'2019-01-10 07:25:28','2019-01-10 07:25:28'),(3,'roles','roles','Role','Roles','voyager-lock','TCG\\Voyager\\Models\\Role',NULL,'','',1,0,NULL,'2019-01-10 07:25:28','2019-01-10 07:25:28'),(4,'ingredients','ingredients','Ingredient','Ingredients',NULL,'App\\Ingredient',NULL,NULL,NULL,1,0,'{\"order_column\":null,\"order_display_column\":null,\"order_direction\":\"asc\",\"default_search_key\":null}','2019-01-09 12:14:49','2019-02-13 06:43:21'),(5,'kitchens','kitchens','Kitchen','Kitchens',NULL,'App\\Kitchen',NULL,NULL,NULL,1,0,'{\"order_column\":null,\"order_display_column\":null,\"order_direction\":\"asc\",\"default_search_key\":null}','2019-01-09 12:16:46','2019-01-14 09:54:01'),(6,'meals','meals','Meal','Meals',NULL,'App\\Meal',NULL,NULL,NULL,1,1,'{\"order_column\":null,\"order_display_column\":null,\"order_direction\":\"asc\",\"default_search_key\":null}','2019-01-09 12:17:08','2019-03-14 08:37:02'),(7,'weeks','weeks','Week','Weeks',NULL,'App\\Week',NULL,NULL,NULL,1,0,'{\"order_column\":null,\"order_display_column\":null,\"order_direction\":\"asc\",\"default_search_key\":null}','2019-01-09 12:19:29','2019-01-16 09:25:50'),(8,'plans','plans','Plan','Plans',NULL,'App\\Plan',NULL,NULL,NULL,1,0,'{\"order_column\":null,\"order_display_column\":null,\"order_direction\":\"asc\",\"default_search_key\":null}','2019-01-09 12:19:41','2019-01-14 09:54:11'),(9,'meal_category','meal-category','Meal Category','Meal Categories',NULL,'App\\MealCategory',NULL,NULL,NULL,1,0,'{\"order_column\":null,\"order_display_column\":null,\"order_direction\":\"asc\",\"default_search_key\":null}','2019-01-09 12:19:57','2019-01-09 12:19:57'),(10,'customers','customers','Customer','Customers',NULL,'App\\Customer',NULL,NULL,NULL,1,1,'{\"order_column\":null,\"order_display_column\":null,\"order_direction\":\"asc\",\"default_search_key\":null}','2019-01-09 12:34:55','2019-04-21 11:27:09'),(11,'meal_categories','meal-categories','Meal Category','Meal Categories',NULL,'App\\MealCategory',NULL,NULL,NULL,1,0,'{\"order_column\":null,\"order_display_column\":null,\"order_direction\":\"asc\",\"default_search_key\":null}','2019-01-09 13:11:33','2019-01-09 13:11:33'),(13,'meal_types','meal-types','Meal Type','Meal Types','voyager-backpack','App\\MealType',NULL,NULL,NULL,1,0,'{\"order_column\":null,\"order_display_column\":null,\"order_direction\":\"asc\",\"default_search_key\":null}','2019-01-15 12:19:42','2019-01-15 12:19:42'),(14,'customer_meals','customer-meals','Customer Meal','Customer Meals',NULL,'App\\CustomerMeal',NULL,NULL,'Customers Meals List',1,0,'{\"order_column\":null,\"order_display_column\":null,\"order_direction\":\"asc\",\"default_search_key\":null}','2019-01-22 05:42:21','2019-03-14 07:08:29'),(15,'ingredient_types','ingredient-types','Ingredient Type','Ingredient Types',NULL,'App\\IngredientType',NULL,NULL,NULL,1,0,'{\"order_column\":null,\"order_display_column\":null,\"order_direction\":\"asc\",\"default_search_key\":null}','2019-02-13 06:39:58','2019-03-04 08:15:10');
/*!40000 ALTER TABLE `data_types` ENABLE KEYS */;
UNLOCK TABLES;

--
-- Table structure for table `ingredient_meal`
--

DROP TABLE IF EXISTS `ingredient_meal`;
/*!40101 SET @saved_cs_client     = @@character_set_client */;
/*!40101 SET character_set_client = utf8 */;
CREATE TABLE `ingredient_meal` (
  `ingredient_id` int(10) unsigned NOT NULL,
  `meal_id` int(10) unsigned NOT NULL,
  `amount` double NOT NULL,
  `removable` tinyint(4) NOT NULL DEFAULT 0,
  PRIMARY KEY (`ingredient_id`,`meal_id`),
  KEY `ingredient_meal_ingredient_id_index` (`ingredient_id`),
  KEY `ingredient_meal_meal_id_index` (`meal_id`),
  CONSTRAINT `ingredient_meal_ingredient_id_foreign` FOREIGN KEY (`ingredient_id`) REFERENCES `ingredients` (`id`) ON DELETE CASCADE,
  CONSTRAINT `ingredient_meal_meal_id_foreign` FOREIGN KEY (`meal_id`) REFERENCES `meals` (`id`) ON DELETE CASCADE
) ENGINE=InnoDB DEFAULT CHARSET=utf8mb4 COLLATE=utf8mb4_unicode_ci;
/*!40101 SET character_set_client = @saved_cs_client */;

--
-- Dumping data for table `ingredient_meal`
--

LOCK TABLES `ingredient_meal` WRITE;
/*!40000 ALTER TABLE `ingredient_meal` DISABLE KEYS */;
INSERT INTO `ingredient_meal` VALUES (1,497,150,0),(1,502,120,1),(1,507,150,0),(1,508,150,0),(1,513,150,0),(1,522,150,0),(1,536,130,0),(1,541,130,0),(1,545,150,0),(1,546,150,0),(1,554,120,0),(1,558,150,0),(1,560,150,0),(1,566,150,0),(1,568,150,0),(2,505,200,0),(2,514,17,0),(2,543,1,0),(2,571,200,0),(4,528,150,0),(4,529,150,0),(4,538,150,0),(4,539,150,0),(4,550,120,0),(4,562,120,0),(4,569,150,0),(5,500,100,0),(5,511,150,0),(5,551,150,0),(5,552,150,0),(6,512,150,0),(6,533,150,0),(7,531,120,0),(8,544,130,0),(8,561,120,0),(11,515,180,0),(11,516,180,0),(12,499,100,0),(12,538,100,0),(12,540,100,0),(12,545,100,0),(12,547,100,0),(12,553,100,0),(12,566,100,1),(12,567,100,0),(13,498,100,0),(13,501,40,1),(13,509,50,0),(13,523,100,0),(14,511,70,0),(14,533,50,0),(14,534,70,0),(14,541,50,0),(14,547,30,0),(14,553,30,0),(15,558,75,0),(15,559,50,0),(15,560,75,0),(16,497,10,0),(16,498,10,0),(16,499,10,0),(16,500,10,0),(16,501,10,0),(16,502,5,0),(16,506,10,0),(16,507,10,0),(16,508,10,0),(16,509,10,0),(16,511,10,0),(16,512,15,0),(16,513,15,0),(16,522,15,0),(16,523,15,0),(16,528,10,0),(16,529,10,0),(16,530,10,0),(16,531,10,0),(16,532,10,0),(16,533,15,0),(16,534,15,0),(16,535,5,0),(16,536,15,0),(16,537,10,0),(16,538,10,0),(16,539,15,0),(16,540,10,0),(16,541,15,0),(16,542,15,0),(16,544,15,0),(16,545,15,0),(16,546,20,0),(16,547,10,0),(16,548,10,0),(16,549,10,0),(16,550,10,0),(16,551,15,0),(16,552,10,0),(16,553,10,0),(16,554,15,0),(16,555,5,0),(16,556,10,0),(16,558,15,0),(16,559,15,0),(16,560,15,0),(16,561,20,0),(16,562,20,0),(16,566,15,0),(16,567,15,0),(16,568,10,0),(16,569,15,0),(16,570,20,0),(16,571,5,0),(18,499,25,0),(18,502,60,0),(18,507,100,0),(18,531,15,0),(18,532,40,0),(18,533,20,0),(18,534,30,0),(18,561,40,0),(18,562,40,0),(18,567,20,0),(19,502,40,0),(19,531,50,0),(19,532,60,0),(20,556,50,0),(23,517,35,0),(24,497,50,0),(24,498,50,1),(24,501,50,0),(24,505,50,0),(24,508,50,0),(24,509,50,0),(24,513,70,0),(24,528,20,0),(24,529,20,0),(24,530,20,0),(24,535,50,0),(24,536,30,0),(24,537,50,0),(24,550,20,0),(24,554,50,0),(24,555,75,0),(24,566,50,0),(24,567,40,0),(26,522,10,0),(26,523,10,0),(28,561,40,0),(28,562,40,0),(29,500,50,0),(29,508,20,0),(29,509,20,0),(29,511,30,0),(29,513,40,0),(29,535,30,0),(29,536,20,0),(29,537,20,0),(29,538,30,0),(29,539,30,0),(29,540,30,0),(29,542,30,0),(29,544,20,0),(29,556,50,0),(30,499,25,0),(30,542,50,0),(30,549,50,0),(30,556,25,0),(30,567,20,0),(31,500,10,0),(31,506,10,0),(31,507,10,0),(31,508,10,0),(31,509,10,0),(31,510,10,0),(31,511,10,0),(31,512,0,0),(31,513,15,0),(31,528,10,0),(31,529,10,0),(31,530,10,0),(31,536,10,0),(31,537,15,0),(31,538,20,0),(31,539,20,0),(31,540,20,0),(31,542,30,0),(31,544,15,0),(31,551,30,0),(31,552,30,0),(31,553,30,0),(31,556,10,0),(31,558,30,0),(31,559,30,0),(31,561,10,0),(31,562,10,0),(31,566,20,0),(31,567,20,0),(31,569,35,0),(31,570,35,0),(31,571,15,0),(32,499,25,0),(32,501,40,1),(32,536,25,0),(32,537,100,0),(32,553,30,0),(32,567,20,0),(33,502,20,1),(33,512,10,0),(33,522,10,0),(33,523,10,0),(33,529,10,0),(33,530,20,0),(33,531,15,0),(33,532,20,0),(33,541,10,0),(33,542,20,0),(33,545,20,0),(33,546,20,0),(33,549,30,0),(33,566,10,0),(33,567,10,0),(34,512,10,0),(34,522,10,0),(34,523,10,0),(34,528,30,0),(34,529,10,0),(34,530,20,0),(34,531,15,0),(34,532,20,0),(34,541,10,0),(34,542,20,0),(34,545,20,0),(34,546,20,0),(34,549,30,0),(34,566,10,0),(34,567,10,0),(35,512,10,0),(35,522,10,0),(35,523,10,0),(35,529,10,0),(35,530,20,0),(35,531,15,0),(35,532,20,0),(35,541,10,0),(35,542,20,0),(35,545,20,0),(35,546,20,0),(35,549,30,0),(35,566,10,0),(35,567,10,0),(36,533,50,0),(36,534,100,0),(37,497,40,0),(37,498,40,1),(37,499,40,0),(37,501,40,1),(37,510,10,0),(37,522,30,0),(37,523,30,0),(37,528,30,0),(37,529,30,0),(37,530,50,0),(37,535,40,0),(37,536,25,0),(37,537,100,0),(37,544,50,0),(37,550,50,0),(37,551,50,0),(37,552,50,0),(37,553,50,0),(37,554,50,0),(37,555,50,0),(38,542,20,0),(38,556,5,0),(40,535,50,0),(40,548,10,0),(40,549,10,0),(40,551,50,0),(40,552,50,0),(40,553,50,0),(41,497,50,0),(41,499,40,0),(41,501,30,0),(41,508,50,0),(41,509,50,0),(41,522,50,0),(41,523,50,0),(41,528,50,0),(41,529,50,0),(41,530,50,0),(41,535,50,0),(41,536,40,0),(41,537,50,0),(41,544,50,0),(41,548,50,0),(41,550,50,0),(41,554,50,0),(41,555,50,0),(41,566,50,0),(41,567,50,0),(42,508,50,1),(42,509,50,0),(42,548,20,0),(42,549,40,0),(42,553,25,0),(42,555,75,0),(42,567,30,0),(44,547,60,0),(44,559,75,0),(44,570,100,0),(45,499,5,0),(45,500,5,0),(45,507,10,0),(45,511,5,0),(45,512,10,0),(45,513,10,0),(45,522,15,0),(45,523,20,0),(45,528,10,0),(45,529,15,0),(45,530,10,0),(45,533,10,0),(45,534,15,0),(45,535,10,0),(45,536,5,0),(45,537,5,0),(45,538,10,0),(45,539,10,0),(45,540,10,0),(45,541,10,0),(45,542,10,0),(45,544,10,0),(45,550,5,0),(45,551,10,0),(45,552,10,0),(45,553,10,0),(45,556,5,0),(45,558,10,0),(45,559,15,0),(45,560,20,0),(45,561,15,0),(45,562,20,0),(45,566,10,0),(45,567,10,0),(45,568,10,0),(45,569,15,0),(45,570,15,0),(46,499,5,0),(46,507,10,0),(46,550,5,0),(47,506,2,0),(47,542,5,0),(47,547,5,0),(47,571,2,0),(48,501,80,0),(48,509,50,0),(49,506,60,0),(49,553,30,0),(49,566,20,1),(49,567,20,0),(49,571,40,0),(51,499,5,0),(51,506,10,0),(51,512,5,0),(51,513,10,0),(51,536,3,0),(51,537,3,0),(51,542,20,0),(51,551,10,0),(51,552,10,0),(51,553,10,0),(51,554,5,0),(51,555,5,0),(51,560,10,0),(51,561,20,0),(51,562,20,0),(51,571,5,0),(52,499,25,0),(52,531,15,0),(52,532,30,0),(52,533,15,0),(52,534,30,0),(53,499,5,0),(53,522,10,0),(53,523,10,0),(53,538,10,0),(53,539,15,0),(53,540,10,0),(53,542,10,0),(53,547,10,0),(53,551,10,0),(53,552,10,0),(53,553,10,0),(53,560,10,0),(53,561,10,0),(53,562,10,0),(53,566,20,0),(53,567,20,0),(56,513,5,0),(56,551,10,0),(56,552,10,0),(56,553,10,0),(56,554,5,0),(56,555,5,0),(57,517,30,0),(60,515,30,0),(60,516,30,0),(60,557,20,0),(61,520,20,0),(61,535,20,0),(62,519,100,0),(62,557,35,0),(63,497,10,0),(63,498,10,0),(63,499,10,0),(63,501,10,0),(63,505,10,0),(63,508,10,0),(63,509,10,0),(64,557,30,0),(65,520,50,0),(65,557,25,0),(66,520,50,0),(66,557,35,0),(67,520,50,0),(68,498,10,1),(68,499,3,0),(68,520,10,0),(68,548,20,0),(68,549,30,0),(68,551,20,0),(68,552,20,0),(68,553,20,0),(69,518,180,0),(71,520,50,0),(71,522,0,0),(71,554,5,0),(71,557,20,0),(73,520,50,0),(73,557,25,0),(74,497,3,0),(74,498,3,0),(74,499,5,0),(74,500,2,0),(74,501,2,0),(74,507,2,0),(74,508,2,0),(74,511,2,0),(74,512,2,0),(74,513,2,0),(74,514,0.1,0),(74,522,5,0),(74,523,5,0),(74,528,5,0),(74,529,5,0),(74,531,2,0),(74,532,2,0),(74,533,5,0),(74,534,5,0),(74,535,2,0),(74,536,2,0),(74,542,2,0),(74,551,2,0),(74,552,2,0),(74,553,2,0),(74,554,2,0),(74,555,2,0),(74,556,2,0),(74,558,0,0),(74,560,0,0),(74,561,0,0),(74,562,0,0),(74,566,3,0),(74,567,2,0),(74,568,2,0),(74,569,4,0),(74,570,3,0),(74,571,2,0),(75,497,2,0),(75,498,2,0),(75,499,5,0),(75,500,2,0),(75,501,2,0),(75,507,2,0),(75,508,2,0),(75,511,2,0),(75,512,2,0),(75,513,2,0),(75,522,5,0),(75,523,5,0),(75,528,5,0),(75,529,5,0),(75,531,2,0),(75,532,2,0),(75,533,5,0),(75,534,5,0),(75,535,2,0),(75,536,2,0),(75,542,1,0),(75,551,2,0),(75,552,2,0),(75,553,2,0),(75,554,2,0),(75,555,2,0),(75,556,2,0),(75,558,0,0),(75,560,4,0),(75,561,4,0),(75,562,4,0),(75,568,2,0),(75,569,4,0),(75,570,3,0),(75,571,2,0),(76,508,10,0),(76,509,10,0),(76,513,20,0),(76,522,20,0),(76,523,20,0),(76,528,10,0),(76,529,10,0),(76,530,10,0),(76,533,20,0),(76,534,15,0),(76,536,10,0),(76,537,10,0),(76,544,10,0),(76,545,10,0),(76,546,10,0),(76,551,10,0),(76,552,10,0),(76,553,10,0),(76,554,10,0),(76,555,10,0),(76,560,10,0),(76,561,20,0),(76,562,20,0),(76,566,10,0),(76,567,10,0),(76,569,10,0),(77,499,10,0),(77,522,20,0),(77,523,20,0),(77,550,20,0),(79,502,5,1),(79,531,5,0),(80,517,30,0),(81,528,10,0),(81,529,10,0),(81,530,10,0),(82,536,10,0),(82,537,10,0),(82,548,10,0),(83,514,10,0),(86,535,100,0),(87,508,15,0),(87,509,15,0),(88,507,8,0),(88,522,10,0),(88,523,10,0),(88,548,10,0),(88,549,10,0),(88,550,10,0),(88,568,10,0),(90,517,5,0),(91,538,3,0),(92,500,1,0),(92,536,2,0),(92,537,3,0),(92,555,5,0),(92,556,2,0),(94,507,15,0),(95,522,10,0),(95,523,10,0),(95,535,15,0),(95,541,20,0),(95,558,10,0),(95,559,10,0),(95,569,10,0),(95,570,10,0),(96,510,10,0),(96,536,5,0),(96,537,5,0),(96,548,10,0),(96,549,10,0),(96,550,10,0),(96,568,5,0),(99,535,10,0),(99,554,10,0),(99,555,10,0),(104,514,5,0),(110,542,50,0),(110,547,30,0),(110,556,25,0),(113,544,10,0),(115,557,20,0),(116,499,2,0),(116,512,15,0),(116,538,5,0),(116,539,5,0),(116,540,10,0),(116,544,10,0),(116,545,10,0),(116,546,10,0),(116,547,10,0),(116,551,10,0),(116,552,10,0),(116,553,10,0),(116,566,2,0),(116,567,2,0),(117,512,5,0),(117,513,5,0),(117,533,3,0),(117,534,3,0),(117,545,5,0),(117,546,10,0),(117,554,5,0),(117,555,5,0),(117,558,10,0),(117,560,10,0),(117,569,10,0),(117,570,10,0),(120,516,10,0),(122,514,12,0),(123,499,25,0),(123,500,100,0),(123,511,100,0),(123,512,70,0),(123,534,150,0),(123,539,100,0),(123,542,100,0),(123,546,100,0),(123,552,100,0),(123,569,50,0),(123,570,50,0),(124,499,5,0),(124,544,5,0),(125,514,10,0),(125,543,170,0),(135,497,20,0),(135,498,20,1),(135,499,30,0),(135,501,20,1),(135,512,15,0),(135,522,20,0),(135,523,20,0),(135,541,20,0),(135,545,20,0),(135,546,20,0),(135,548,30,0),(135,549,30,0),(135,550,30,0),(136,551,10,0),(136,552,5,0),(137,499,25,0),(137,502,80,0),(137,512,20,0),(137,528,50,0),(137,529,50,0),(137,530,100,0),(137,532,50,0),(137,541,30,0),(137,545,40,0),(137,546,40,0),(137,549,50,0),(137,556,25,0),(137,558,10,0),(137,559,10,0),(137,560,20,0),(137,567,20,0),(137,569,20,0),(137,570,20,0),(140,506,20,0),(140,517,90,0),(140,571,30,0),(141,507,15,0),(142,506,40,0),(142,571,40,0),(143,506,10,0),(143,536,2,0),(143,537,3,0),(143,539,5,0),(143,540,5,0),(143,556,10,0),(143,571,5,0),(144,506,2,0),(144,528,5,0),(144,529,5,0),(144,530,5,0),(144,571,2,0),(145,512,1,0),(145,551,2,0),(145,552,2,0),(145,553,2,0),(146,512,15,0),(146,533,15,0),(146,534,30,0),(146,541,20,0),(146,545,30,0),(146,546,30,0),(146,547,30,0),(146,549,50,0),(146,556,25,0),(147,512,5,0),(147,533,3,0),(147,534,3,0),(147,545,5,0),(147,546,5,0),(147,554,5,0),(147,555,5,0),(149,514,6,0),(149,543,288,0),(150,515,100,0),(153,531,15,0),(154,532,30,0),(154,544,20,0),(154,567,10,0),(156,522,20,0),(156,523,10,0),(156,528,10,0),(156,529,10,0),(156,530,10,0),(157,522,10,0),(157,523,10,0),(158,547,20,0),(159,528,10,0),(159,529,10,0),(159,530,10,0),(159,550,10,0),(159,559,5,0),(159,568,10,0),(161,528,60,0),(161,530,60,0),(162,533,15,0),(162,534,15,0),(163,533,4,0),(163,534,5,0),(165,538,70,0),(165,539,70,0),(165,540,120,0),(166,544,15,0),(167,545,20,0),(167,546,20,0),(168,548,60,0),(169,558,75,0),(169,559,50,0),(169,560,75,0),(169,569,50,0),(169,570,50,0),(170,559,75,0),(170,566,20,1),(170,567,20,0),(171,561,50,0),(171,562,50,0),(172,569,5,0),(172,570,5,0);
/*!40000 ALTER TABLE `ingredient_meal` ENABLE KEYS */;
UNLOCK TABLES;

--
-- Table structure for table `ingredient_types`
--

DROP TABLE IF EXISTS `ingredient_types`;
/*!40101 SET @saved_cs_client     = @@character_set_client */;
/*!40101 SET character_set_client = utf8 */;
CREATE TABLE `ingredient_types` (
  `id` int(10) unsigned NOT NULL AUTO_INCREMENT,
  `name` varchar(255) COLLATE utf8mb4_unicode_ci NOT NULL,
  `created_at` timestamp NULL DEFAULT NULL,
  `updated_at` timestamp NULL DEFAULT NULL,
  `kitchen_id` int(10) unsigned DEFAULT NULL,
  PRIMARY KEY (`id`),
  KEY `ingredient_types_kitchen_id_foreign` (`kitchen_id`),
  CONSTRAINT `ingredient_types_kitchen_id_foreign` FOREIGN KEY (`kitchen_id`) REFERENCES `kitchens` (`id`) ON DELETE CASCADE
) ENGINE=InnoDB AUTO_INCREMENT=27 DEFAULT CHARSET=utf8mb4 COLLATE=utf8mb4_unicode_ci;
/*!40101 SET character_set_client = @saved_cs_client */;

--
-- Dumping data for table `ingredient_types`
--

LOCK TABLES `ingredient_types` WRITE;
/*!40000 ALTER TABLE `ingredient_types` DISABLE KEYS */;
INSERT INTO `ingredient_types` VALUES (1,'Protein','2019-03-26 17:34:55','2019-03-26 17:34:55',NULL),(2,'Carbohydrate','2019-03-26 17:35:09','2019-03-26 17:35:09',NULL),(3,'Fat','2019-03-26 17:35:16','2019-03-26 17:35:16',NULL),(4,'Dairy','2019-03-26 17:35:45','2019-03-26 17:35:45',NULL),(5,'Vegetable','2019-03-26 17:35:54','2019-03-26 17:35:54',NULL),(6,'Fruit','2019-03-26 17:36:06','2019-03-26 17:36:06',NULL),(7,'NonDairy','2019-03-26 17:36:48','2019-03-26 17:36:48',NULL),(8,'Juices','2019-03-26 17:36:56','2019-03-26 17:36:56',NULL),(9,'Nut Milks','2019-03-26 17:37:16','2019-03-26 17:37:16',NULL),(10,'Smoothies','2019-03-26 17:37:25','2019-03-26 17:37:25',NULL),(11,'Herbs, Spices & Condiments','2019-03-27 15:32:30','2019-04-01 16:20:13',5),(13,'Nuts & Seeds','2019-03-30 09:19:11','2019-04-01 16:53:41',1),(14,'Red Meat','2019-04-21 11:47:03','2019-04-21 11:47:03',2),(15,'Fish','2019-04-21 11:47:48','2019-04-21 11:47:48',2),(16,'Poultry','2019-04-21 11:48:13','2019-04-21 11:48:13',2),(17,'Seafood','2019-04-21 11:48:24','2019-04-21 11:48:24',2),(18,'Feta','2019-04-21 11:50:16','2019-04-21 11:50:16',1),(19,'Cheese','2019-04-21 11:50:25','2019-04-21 11:50:25',1),(20,'Tofu','2019-04-21 11:50:40','2019-04-21 11:50:40',1),(21,'Red Meat','2019-04-21 11:50:50','2019-04-21 11:50:50',2),(22,'Egg','2019-04-21 12:29:26','2019-04-21 12:29:26',2),(24,'Gluten','2019-04-21 12:34:43','2019-04-21 12:34:43',4);
/*!40000 ALTER TABLE `ingredient_types` ENABLE KEYS */;
UNLOCK TABLES;

--
-- Table structure for table `ingredients`
--

DROP TABLE IF EXISTS `ingredients`;
/*!40101 SET @saved_cs_client     = @@character_set_client */;
/*!40101 SET character_set_client = utf8 */;
CREATE TABLE `ingredients` (
  `id` int(10) unsigned NOT NULL AUTO_INCREMENT,
  `name` varchar(255) COLLATE utf8mb4_unicode_ci NOT NULL,
  `protein` double NOT NULL,
  `fat` double NOT NULL,
  `carbohydrates` double NOT NULL,
  `calories` int(11) NOT NULL,
  `created_at` timestamp NULL DEFAULT NULL,
  `updated_at` timestamp NULL DEFAULT NULL,
  `ingredient_type_id` int(10) unsigned DEFAULT NULL,
  PRIMARY KEY (`id`),
  KEY `ingredients_ingredient_type_id_foreign` (`ingredient_type_id`),
  CONSTRAINT `ingredients_ingredient_type_id_foreign` FOREIGN KEY (`ingredient_type_id`) REFERENCES `ingredient_types` (`id`) ON DELETE CASCADE
) ENGINE=InnoDB AUTO_INCREMENT=173 DEFAULT CHARSET=utf8mb4 COLLATE=utf8mb4_unicode_ci;
/*!40101 SET character_set_client = @saved_cs_client */;

--
-- Dumping data for table `ingredients`
--

LOCK TABLES `ingredients` WRITE;
/*!40000 ALTER TABLE `ingredients` DISABLE KEYS */;
INSERT INTO `ingredients` VALUES (1,'Chicken Breast',21,0,0,102,'2019-03-26 17:38:34','2019-03-26 17:38:34',1),(2,'Egg',6.3,4.8,0,72,'2019-03-26 17:40:35','2019-03-26 17:40:35',NULL),(3,'Egg White',3.6,0.1,0.2,17,'2019-03-26 17:47:16','2019-03-26 17:47:16',1),(4,'Beef Tenderloin',26,4,0,141,'2019-03-26 17:47:51','2019-04-21 13:40:02',14),(5,'Minced Beef',21,5,0,130,'2019-03-26 17:48:25','2019-04-21 13:39:38',21),(6,'Salmon',26,6,0,170,'2019-03-26 17:49:18','2019-04-21 13:40:40',15),(7,'Shrimp',20.31,1.73,0.91,106,'2019-03-26 17:50:02','2019-03-26 17:50:02',1),(8,'Hamour',25.6,1.2,5.3,118,'2019-03-26 17:50:39','2019-04-21 13:40:23',15),(9,'Talapia',26,3,0,129,'2019-03-26 17:51:24','2019-03-26 17:51:24',1),(10,'Tofu',12.7,3.8,1.3,89,'2019-03-26 17:52:02','2019-03-26 17:52:02',1),(11,'Yoghurt Plain',4.7,1.2,7.1,58,'2019-03-26 17:52:59','2019-03-26 17:52:59',1),(12,'Brown Rice',3.6,1.3,24.3,118,'2019-03-26 17:53:31','2019-03-26 17:53:31',2),(13,'Quinoa (Cooked)',4.4,1.9,21.3,120,'2019-03-26 17:54:24','2019-03-26 17:56:14',2),(14,'Potato (Raw)',2,0,17,72,'2019-03-26 17:55:11','2019-03-26 17:55:11',2),(15,'Sweet Potato (Raw)',1.6,0,20,86,'2019-03-26 17:55:59','2019-03-26 17:55:59',2),(16,'Olive Oil',0,94.7,0,812,'2019-03-26 17:57:02','2019-03-26 17:57:02',3),(17,'Leek',0.5,0.3,14,61,'2019-03-26 17:57:32','2019-03-26 17:57:32',5),(18,'Broccoli',3.7,0.3,2.1,31,'2019-03-26 17:58:10','2019-03-26 17:58:10',5),(19,'Buckwheat Gluten Free Noodle (Uncooked)',13,3,72,365,'2019-03-27 15:05:15','2019-03-27 15:05:15',2),(20,'Biona Wholegrain Pasta (Uncooked)',12.3,2.2,65.5,350,'2019-03-27 15:06:05','2019-03-27 15:06:05',2),(21,'Barley (Cooked)',2.3,0.4,28.2,123,'2019-03-27 15:07:08','2019-04-21 14:19:28',24),(22,'Gluten Free Penne (Uncooked)',6.7,1.3,79,359,'2019-03-27 15:07:59','2019-03-27 15:07:59',2),(23,'Bobs Red Mill Gluten Free Oats (Uncooked)',14.6,7.3,66.7,396,'2019-03-27 15:08:51','2019-03-27 15:08:51',2),(24,'Avocado',2,15,3.5,175,'2019-03-27 15:09:29','2019-03-27 15:09:29',3),(25,'Green Olives',2,17,3.5,175,'2019-03-27 15:10:21','2019-03-27 15:10:21',3),(26,'Black Olives',0,16.5,6.6,165,'2019-03-27 15:10:54','2019-03-27 15:10:54',3),(27,'Coconut Oil',0,92.4,0,858,'2019-03-27 15:11:34','2019-03-27 15:11:34',3),(28,'Green Beans',0.8,0,3.3,17,'2019-03-27 15:12:30','2019-03-27 15:12:30',5),(29,'Tomatoes',0.9,0.2,3.9,18,'2019-03-27 15:13:16','2019-03-27 15:13:16',5),(30,'Zucchini',1.2,0.3,3.1,17,'2019-03-27 15:14:25','2019-03-27 15:14:25',5),(31,'Onion',1.1,0.1,9,40,'2019-03-27 15:16:11','2019-03-27 15:16:11',5),(32,'Carrot',0.9,0.2,10,41,'2019-03-27 15:16:59','2019-03-27 15:16:59',5),(33,'Red Capsicum',2,0.2,9,40,'2019-03-27 15:17:40','2019-03-27 15:17:40',5),(34,'Green Capsicum',0.8,0.2,4.6,20,'2019-03-27 15:18:09','2019-03-27 15:18:09',5),(35,'Yellow Capsicum',1,0.2,6,27,'2019-03-27 15:18:43','2019-03-27 15:18:43',5),(36,'Spinach',3,0,3.7,23,'2019-03-27 15:20:58','2019-03-27 15:20:58',5),(37,'Cucumber',0.7,0,4,16,'2019-03-27 15:21:32','2019-03-27 15:21:32',5),(38,'Celery',0.7,0.2,3,16,'2019-03-27 15:24:25','2019-03-27 15:24:25',5),(39,'Iceberg Lettuce',0.5,0.1,1.5,7,'2019-03-27 15:25:09','2019-03-27 15:25:09',5),(40,'Rocket Leaves (Jarjeer, Rucola)',3.6,0.5,1.5,29,'2019-03-27 15:26:06','2019-03-27 15:26:06',5),(41,'Mixed Lettuce Leaves',0.7,0.7,3,16,'2019-03-27 15:26:37','2019-03-27 15:26:37',5),(42,'Chickpeas',7,2.8,22.5,139,'2019-03-27 15:27:25','2019-03-27 15:27:25',5),(43,'Red Lentils',9,0.4,20.1,116,'2019-03-27 15:29:16','2019-03-27 15:29:16',5),(44,'Green Lentils',5,0.4,10.2,65,'2019-03-27 15:29:45','2019-03-27 15:29:45',5),(45,'Garlic',0,0,25,100,'2019-03-27 15:30:16','2019-03-27 15:33:33',11),(46,'Ginger',1.8,0.8,17.8,80,'2019-03-27 15:31:05','2019-03-27 15:33:19',11),(47,'Turmeric',7.9,9.9,64.9,354,'2019-03-27 15:31:58','2019-03-27 15:32:56',11),(48,'Edemame',12.7,4.2,11.3,127,'2019-03-27 15:36:15','2019-03-27 15:36:15',5),(49,'Corn',3.3,0.5,21,88,'2019-03-27 15:37:01','2019-03-27 15:37:01',5),(50,'Green Peas',8.3,0.4,12.8,105,'2019-03-27 15:37:44','2019-03-27 15:37:44',5),(51,'Parsley',3,0.8,6.3,38,'2019-03-27 15:38:23','2019-03-27 15:38:23',5),(52,'Asparagus',2.2,0.1,3.9,20,'2019-03-27 15:39:01','2019-03-27 15:39:01',5),(53,'Coriander',2.1,0.5,3.7,23,'2019-03-27 15:39:48','2019-03-27 15:39:48',11),(54,'Palm Heart',6.1,5.2,16,28,'2019-03-27 15:40:21','2019-03-27 15:40:21',5),(55,'Capers (In Brine)',0.8,0.7,2,27,'2019-03-27 15:41:05','2019-03-27 15:41:05',5),(56,'Mint Leaves',4,1,15,70,'2019-03-27 15:41:32','2019-03-27 15:41:56',5),(57,'Banana',1,0.3,21.4,83,'2019-03-27 15:43:02','2019-03-27 15:43:02',6),(58,'Red Apple',0,0,14.3,57,'2019-03-27 15:43:51','2019-03-27 15:45:52',6),(59,'Green Apple',0.3,0,14,52,'2019-03-27 15:46:38','2019-03-27 15:46:38',6),(60,'Strawberry',0.7,0.3,7.7,32,'2019-03-27 15:47:42','2019-03-27 15:47:42',6),(61,'Blueberries',0.8,0.3,14.5,60,'2019-03-27 15:48:21','2019-03-27 15:48:21',6),(62,'Mango',0.7,0.2,13.6,63,'2019-03-27 15:49:03','2019-03-27 15:49:03',6),(63,'Lemon (Juice)',0.2,0.1,3.2,10,'2019-03-27 15:51:29','2019-03-27 15:51:29',6),(64,'Papaya',1,0,10,39,'2019-03-27 15:52:24','2019-03-27 15:52:24',6),(65,'Dragon Fruit',2,2,9,60,'2019-03-27 15:53:14','2019-03-27 15:53:14',6),(66,'Watermelon',0.6,0.2,7.6,30,'2019-03-27 15:54:27','2019-03-27 15:54:27',6),(67,'Pineapple',0.5,0.1,13.1,50,'2019-03-27 15:55:50','2019-03-27 15:55:50',6),(68,'Pomegranate',1,0.3,17.2,75,'2019-03-27 15:57:38','2019-03-27 15:57:38',6),(69,'Honeydew (Green Melon)',0.5,0.1,9,36,'2019-03-27 15:58:49','2019-03-27 16:02:42',6),(70,'Yellow Melon (Cantaloupe)',0.8,0.2,8.2,34,'2019-03-27 16:00:50','2019-03-27 16:02:10',6),(71,'Orange',1,0,13,49,'2019-03-27 16:03:37','2019-03-27 16:03:37',6),(72,'Pear',0.4,0.1,15.2,57,'2019-03-27 16:04:42','2019-03-27 16:04:42',6),(73,'Kiwi',1,1,15,61,'2019-03-27 16:05:26','2019-03-27 16:05:26',6),(74,'Salt',0,0,0,0,'2019-03-27 16:26:02','2019-03-27 16:26:02',11),(75,'Pepper',10,3.3,64,64,'2019-03-27 16:27:22','2019-03-27 16:27:22',11),(76,'Lime Juice',0.4,0.1,8.8,26,'2019-03-27 16:29:19','2019-03-27 16:29:19',6),(77,'Radish',0.7,0.1,3.4,16,'2019-03-30 09:04:17','2019-03-30 09:04:17',5),(78,'Lite Soy Sauce (Kikomann)',6.8,0,6.8,68,'2019-03-30 09:05:30','2019-04-01 16:19:19',11),(79,'Sesame Seeds',17.8,50,23.3,578,'2019-03-30 09:18:47','2019-03-30 09:19:56',13),(80,'Peanuts',24.7,49.4,17.6,564,'2019-03-30 09:21:30','2019-03-30 09:21:30',13),(81,'Cashews',17.9,46.4,28.6,571,'2019-03-30 09:22:29','2019-03-30 09:22:29',13),(82,'Almonds',21.1,49.9,21.5,579,'2019-03-30 09:23:12','2019-03-30 09:23:12',13),(83,'Cocoa Powder',19,20.6,19.7,263,'2019-04-01 16:07:38','2019-04-01 16:07:38',11),(84,'Tuttorusso (Crushed Tomato)',1.6,0,8.2,41,'2019-04-01 16:09:25','2019-04-01 16:09:25',11),(86,'Beetroot (Fresh)',1.6,0.2,10,43,'2019-04-01 16:15:05','2019-04-01 16:15:05',5),(87,'Tahina',18,51,24,586,'2019-04-01 16:18:20','2019-04-01 16:18:20',11),(88,'Honey',0.3,0,82.6,304,'2019-04-01 16:22:07','2019-04-01 16:22:07',11),(89,'Coconut Yoghurt',1.5,23.7,3.4,229,'2019-04-01 16:23:31','2019-04-01 16:23:31',7),(90,'Dates (Pitted)',2,0.2,67.2,306,'2019-04-01 16:25:23','2019-04-01 16:25:23',6),(91,'Turmeric (Powder)',0,0,60,240,'2019-04-01 16:29:00','2019-04-01 16:29:00',11),(92,'Oregano (Powder)',9,4.28,68.9,265,'2019-04-01 16:32:20','2019-04-01 16:32:20',11),(93,'Oregano (Fresh)',9,4.3,69,265,'2019-04-01 16:35:21','2019-04-01 16:35:21',11),(94,'Tamari',13.5,0,6.8,81,'2019-04-01 16:37:19','2019-04-01 16:37:19',11),(95,'Balsamic Vinegar',0,0,67.6,271,'2019-04-01 16:39:23','2019-04-01 16:39:23',11),(96,'White Vinegar',0.5,0.4,0.2,24,'2019-04-01 16:40:49','2019-04-01 16:40:49',11),(97,'Peanut Butter',24,21,120,165,'2019-04-01 16:44:06','2019-04-01 16:44:06',11),(98,'Chia Seeds',17,31,8,447,'2019-04-01 16:52:39','2019-04-01 16:52:39',13),(99,'Walnuts',15.2,65.2,13.7,653,'2019-04-01 16:55:18','2019-04-01 16:55:18',13),(100,'Peanuts',24.7,49.4,17.6,564,'2019-04-01 16:56:30','2019-04-01 16:56:30',13),(101,'Cashew Nuts',18.2,43.8,30.1,552,'2019-04-01 16:57:50','2019-04-01 16:57:50',13),(102,'Almonds',21.1,49.9,21.5,579,'2019-04-01 16:59:06','2019-04-01 16:59:06',13),(103,'Bare Dark Chocolate',9,43,33,577,'2019-04-01 17:01:26','2019-04-01 17:01:26',11),(104,'Chocolat Stella (No Added Sugar)',9,42,34,570,'2019-04-01 17:07:15','2019-04-01 18:00:52',11),(105,'Cooking Cream',2.6,12,5.8,134,'2019-04-01 17:15:25','2019-04-01 17:15:25',4),(106,'Hellmans (Light Mayo)',0,23.3,6.7,200,'2019-04-01 17:16:35','2019-04-01 17:16:35',11),(107,'Plain White Flour',10.3,1.3,70.6,345,'2019-04-01 17:18:47','2019-04-21 14:19:06',24),(108,'Wholewheat Flour',13.8,1.6,67.5,338,'2019-04-01 17:19:51','2019-04-21 14:20:32',24),(109,'Rice Noodle',0.9,0.2,24.9,109,'2019-04-01 17:21:16','2019-04-01 17:21:16',2),(110,'Eggplant',1,0.2,6,25,'2019-04-01 17:22:39','2019-04-01 17:22:39',5),(111,'Maple Syrup',0,0,87.9,352,'2019-04-01 17:25:24','2019-04-01 17:25:24',11),(112,'Chickpea Flour',24,8,60,408,'2019-04-01 17:30:27','2019-04-01 17:30:27',2),(113,'Pine Nuts',14,68.6,4,693,'2019-04-01 17:33:37','2019-04-01 17:33:37',13),(114,'Sunflower Seeds',20.8,51.5,20,586,'2019-04-01 17:34:48','2019-04-01 17:34:48',13),(115,'Grapefruit',0.8,0.1,9.8,42,'2019-04-01 17:36:42','2019-04-01 17:36:42',6),(116,'Cumin Powder',17.8,4.8,44.2,375,'2019-04-01 17:39:39','2019-04-01 17:39:39',11),(117,'Rosemary (Fresh)',0.4,0.7,2.4,14,'2019-04-01 17:41:51','2019-04-01 17:41:51',11),(118,'Rosemary (Dried)',4.9,15.2,64.1,331,'2019-04-01 17:43:04','2019-04-01 17:43:04',11),(119,'Lamb (Lean Meat)',17.1,14.6,0,215,'2019-04-01 17:44:24','2019-06-20 11:38:32',14),(120,'Stevia',0,0,0,0,'2019-04-01 17:46:57','2019-04-01 17:46:57',11),(121,'Agave',0,0,108.2,406,'2019-04-01 17:48:23','2019-04-01 17:48:23',11),(122,'Xylitol',0,0,0,0,'2019-04-01 17:49:24','2019-04-01 17:49:24',11),(123,'Cauliflower',2,0.1,5.3,25,'2019-04-01 17:57:31','2019-04-01 17:57:31',5),(124,'Spring Onion',1.8,0.2,7.3,30,'2019-04-01 17:58:54','2019-04-01 17:58:54',5),(125,'Butter (Kerrygold)',0,32.8,0,296,'2019-04-01 18:02:29','2019-04-01 18:02:29',3),(126,'Crisco Vegetable Shortening',0,100,0,875,'2019-04-01 18:05:23','2019-04-01 18:05:23',3),(127,'Earth Balance (Vegan Butter)',0,81.8,0,727,'2019-04-01 18:07:18','2019-04-01 18:07:18',3),(128,'Green Earth',1.24,0.32,19,37,'2019-04-06 07:00:21','2019-04-06 07:00:21',8),(129,'Sweet Green',0.583,0.182,12.161,38,'2019-04-06 07:02:13','2019-04-06 07:02:13',8),(130,'pickles',0.9,0.4,2.6,17,'2019-04-08 13:52:41','2019-04-08 13:52:41',5),(131,'Mozerella',28.2,17.6,3.5,282,'2019-04-21 11:55:01','2019-04-21 11:55:01',19),(132,'Feta Cheese Lite',14.5,11.6,5.3,184,'2019-04-21 11:55:58','2019-04-21 11:55:58',18),(133,'Edam',23.3,30,0,333,'2019-04-21 11:56:49','2019-04-21 11:56:49',19),(134,'Gruyere',29.8,32.3,0.4,413,'2019-04-21 11:57:46','2019-04-21 11:57:46',19),(135,'Cherry Tomatoes',0.9,0.2,2,18,'2019-04-21 12:24:57','2019-04-21 12:24:57',5),(136,'Sumac',0,0,20.3,203,'2019-04-21 12:26:32','2019-04-21 12:26:32',11),(137,'Mushroom',2.4,0,3.5,24,'2019-04-21 12:27:22','2019-04-21 12:27:22',5),(139,'Seabass',22.1,5.8,0.4,148,'2019-04-22 10:44:12','2019-04-22 10:44:12',15),(140,'Almond Milk',1.37,2.6,5.62,51,'2019-06-12 09:16:22','2019-06-12 09:16:22',9),(141,'Rice Vinegar',0,0,0.1,19,'2019-06-12 09:28:35','2019-06-20 11:33:50',11),(142,'Polenta',2,0,18,84,'2019-06-12 09:50:37','2019-06-12 09:50:37',2),(143,'Basil',0,0,0.1,19,'2019-06-12 10:05:30','2019-06-20 11:33:24',11),(144,'Paprika',14,13,54,282,'2019-06-12 10:07:40','2019-06-12 10:07:40',11),(145,'Saffron',11.4,5.8,65.3,310,'2019-06-18 09:22:20','2019-06-20 11:32:19',11),(146,'Baby Marrow',1,0,3,17,'2019-06-18 09:24:02','2019-06-18 09:24:02',5),(147,'Thyme',5.6,1.7,24.5,101,'2019-06-18 09:25:32','2019-06-20 07:54:13',11),(148,'Cocoa Powder (Cadbury Bourneville)',25.8,11,24,347,'2019-06-20 07:49:51','2019-06-20 07:51:40',11),(149,'Almond Flour',21.4,50,10.7,571,'2019-06-20 07:51:05','2019-06-20 07:51:05',13),(150,'Granola',2.1,9.4,16.4,154,'2019-06-20 10:09:50','2019-06-20 10:09:50',13),(151,'Semolina',13,1.1,73,360,'2019-06-20 11:40:56','2019-06-20 11:40:56',24),(152,'Cardamom (Ground)',10.8,6.7,68.5,311,'2019-06-20 12:26:22','2019-06-20 12:26:22',11),(153,'Red Cabbage',1.4,0.2,7.4,31,'2019-06-20 12:39:02','2019-06-20 12:39:02',5),(154,'White Cabbage',1.3,0.1,6,22,'2019-06-20 12:39:43','2019-06-20 12:39:43',5),(155,'Baby Spinach',8,0,12,80,'2019-06-20 12:40:32','2019-06-20 12:40:32',5),(156,'Cilantro',2,1,4,23,'2019-06-23 07:53:42','2019-06-23 07:53:42',11),(157,'Orange Juice',0,0,13,50,'2019-06-23 08:09:29','2019-06-23 08:09:29',8),(158,'Coconut Milk',1,20,2,188,'2019-06-23 08:41:00','2019-06-23 08:41:00',9),(159,'Soy Sauce',13.3,0,6.7,67,'2019-06-23 13:30:05','2019-06-23 13:30:05',11),(161,'Corn Flour (Golden)',2,1,24,110,'2019-06-23 13:39:56','2019-06-23 13:39:56',24),(162,'Capers',2.3,0.8,4.8,23,'2019-06-24 13:06:47','2019-06-24 13:06:47',5),(163,'Vegan Butter',0,10,0,80,'2019-06-24 13:11:40','2019-06-24 13:11:40',7),(164,'Lamb',31,7,0,187,'2019-06-26 09:03:33','2019-06-26 09:03:33',14),(165,'Okra',2,0.1,7.03,31,'2019-06-26 09:24:12','2019-06-26 09:24:12',5),(166,'Lemon Grass',1.8,0.5,25,99,'2019-06-27 09:00:57','2019-06-27 09:00:57',11),(167,'Black Lime Powder',0.5,0,35,174,'2019-06-29 11:22:15','2019-06-29 11:22:15',11),(168,'Halloumi',17,20,1,253,'2019-06-29 13:25:28','2019-06-29 13:25:28',4),(169,'Brussel Sprout',3.1,1.3,3.2,35,'2019-07-07 14:04:34','2019-07-07 14:04:34',5),(170,'Kidney Beans',8.7,0.5,22.8,127,'2019-07-07 14:19:05','2019-07-07 14:19:05',5),(171,'Mange Tout',3.6,0.2,4.2,33,'2019-07-08 06:14:33','2019-07-08 06:14:33',5),(172,'Hazel Nuts',23,56,7,623,'2019-07-14 13:21:38','2019-07-14 13:21:38',13);
/*!40000 ALTER TABLE `ingredients` ENABLE KEYS */;
UNLOCK TABLES;

--
-- Table structure for table `kitchens`
--

DROP TABLE IF EXISTS `kitchens`;
/*!40101 SET @saved_cs_client     = @@character_set_client */;
/*!40101 SET character_set_client = utf8 */;
CREATE TABLE `kitchens` (
  `id` int(10) unsigned NOT NULL AUTO_INCREMENT,
  `name` varchar(255) COLLATE utf8mb4_unicode_ci NOT NULL,
  `created_at` timestamp NULL DEFAULT NULL,
  `updated_at` timestamp NULL DEFAULT NULL,
  PRIMARY KEY (`id`)
) ENGINE=InnoDB AUTO_INCREMENT=6 DEFAULT CHARSET=utf8mb4 COLLATE=utf8mb4_unicode_ci;
/*!40101 SET character_set_client = @saved_cs_client */;

--
-- Dumping data for table `kitchens`
--

LOCK TABLES `kitchens` WRITE;
/*!40000 ALTER TABLE `kitchens` DISABLE KEYS */;
INSERT INTO `kitchens` VALUES (1,'Vegetables','2019-03-17 13:29:54','2019-03-17 13:29:54'),(2,'Meat','2019-03-26 17:43:19','2019-03-26 17:43:19'),(3,'Vegetable & Juice','2019-03-26 17:43:30','2019-03-26 17:43:48'),(4,'Baking','2019-03-26 17:43:54','2019-03-26 17:43:54'),(5,'Hot Kitchen','2019-03-27 16:35:15','2019-03-27 16:35:15');
/*!40000 ALTER TABLE `kitchens` ENABLE KEYS */;
UNLOCK TABLES;

--
-- Table structure for table `meal_categories`
--

DROP TABLE IF EXISTS `meal_categories`;
/*!40101 SET @saved_cs_client     = @@character_set_client */;
/*!40101 SET character_set_client = utf8 */;
CREATE TABLE `meal_categories` (
  `id` int(10) unsigned NOT NULL AUTO_INCREMENT,
  `name` varchar(255) COLLATE utf8mb4_unicode_ci NOT NULL,
  `created_at` timestamp NULL DEFAULT NULL,
  `updated_at` timestamp NULL DEFAULT NULL,
  PRIMARY KEY (`id`)
) ENGINE=InnoDB DEFAULT CHARSET=utf8mb4 COLLATE=utf8mb4_unicode_ci;
/*!40101 SET character_set_client = @saved_cs_client */;

--
-- Dumping data for table `meal_categories`
--

LOCK TABLES `meal_categories` WRITE;
/*!40000 ALTER TABLE `meal_categories` DISABLE KEYS */;
/*!40000 ALTER TABLE `meal_categories` ENABLE KEYS */;
UNLOCK TABLES;

--
-- Table structure for table `meal_types`
--

DROP TABLE IF EXISTS `meal_types`;
/*!40101 SET @saved_cs_client     = @@character_set_client */;
/*!40101 SET character_set_client = utf8 */;
CREATE TABLE `meal_types` (
  `id` int(10) unsigned NOT NULL AUTO_INCREMENT,
  `name` varchar(255) COLLATE utf8mb4_unicode_ci NOT NULL,
  `calories_percentage` int(11) NOT NULL,
  `created_at` timestamp NULL DEFAULT NULL,
  `updated_at` timestamp NULL DEFAULT NULL,
  PRIMARY KEY (`id`)
) ENGINE=InnoDB AUTO_INCREMENT=15 DEFAULT CHARSET=utf8mb4 COLLATE=utf8mb4_unicode_ci;
/*!40101 SET character_set_client = @saved_cs_client */;

--
-- Dumping data for table `meal_types`
--

LOCK TABLES `meal_types` WRITE;
/*!40000 ALTER TABLE `meal_types` DISABLE KEYS */;
INSERT INTO `meal_types` VALUES (8,'Breakfast',20,'2019-04-06 06:44:16','2019-04-06 07:50:38'),(9,'Lunch',30,'2019-04-06 06:44:26','2019-04-06 07:50:56'),(10,'Dinner',30,'2019-04-06 06:44:33','2019-04-06 07:55:02'),(11,'Snack 1',10,'2019-04-06 07:03:46','2019-04-06 07:50:19'),(12,'Snack 2',10,'2019-04-06 07:03:57','2019-04-06 07:50:25');
/*!40000 ALTER TABLE `meal_types` ENABLE KEYS */;
UNLOCK TABLES;

--
-- Table structure for table `meals`
--

DROP TABLE IF EXISTS `meals`;
/*!40101 SET @saved_cs_client     = @@character_set_client */;
/*!40101 SET character_set_client = utf8 */;
CREATE TABLE `meals` (
  `id` int(10) unsigned NOT NULL AUTO_INCREMENT,
  `name` varchar(255) COLLATE utf8mb4_unicode_ci NOT NULL,
  `kitchen_id` int(10) unsigned NOT NULL,
  `created_at` timestamp NULL DEFAULT NULL,
  `updated_at` timestamp NULL DEFAULT NULL,
  `meal_type_id` int(10) unsigned NOT NULL,
  `total_calories` int(11) NOT NULL DEFAULT 0,
  `custom` tinyint(4) NOT NULL DEFAULT 0,
  `total_fats` int(11) NOT NULL DEFAULT 0,
  `total_proteins` int(11) NOT NULL DEFAULT 0,
  `total_carbs` int(11) NOT NULL DEFAULT 0,
  `notes` longtext CHARACTER SET utf8mb4 COLLATE utf8mb4_bin DEFAULT NULL,
  PRIMARY KEY (`id`),
  KEY `meals_kitchen_id_foreign` (`kitchen_id`),
  KEY `meals_meal_type_id_foreign` (`meal_type_id`),
  CONSTRAINT `meals_kitchen_id_foreign` FOREIGN KEY (`kitchen_id`) REFERENCES `kitchens` (`id`) ON DELETE CASCADE,
  CONSTRAINT `meals_meal_type_id_foreign` FOREIGN KEY (`meal_type_id`) REFERENCES `meal_types` (`id`)
) ENGINE=InnoDB AUTO_INCREMENT=575 DEFAULT CHARSET=utf8mb4 COLLATE=utf8mb4_unicode_ci;
/*!40101 SET character_set_client = @saved_cs_client */;

--
-- Dumping data for table `meals`
--

LOCK TABLES `meals` WRITE;
/*!40000 ALTER TABLE `meals` DISABLE KEYS */;
INSERT INTO `meals` VALUES (497,'Chicken Avocado Salad',1,'2019-04-21 11:43:19','2019-04-21 13:08:03',9,342,0,17,33,7,NULL),(498,'Quinoa & Avocado Salad',1,'2019-04-21 12:00:00','2019-04-21 12:56:15',9,309,0,19,5,28,NULL),(499,'Vegetable Kebab with Saffron Rice & Sumac Salad',5,'2019-04-21 12:57:12','2019-04-21 13:05:23',9,285,0,10,9,43,NULL),(500,'Shepherds Pie',5,'2019-04-21 13:08:27','2019-04-21 13:09:08',10,139,0,5,21,2,NULL),(501,'Edamame Salad',1,'2019-04-21 13:11:51','2019-04-21 13:13:30',9,217,0,11,11,18,NULL),(502,'Mixed Vegetables with GF Noodles',5,'2019-04-22 10:49:51','2019-04-22 10:54:10',9,262,0,9,10,36,NULL),(505,'Poached Eggs with Smashed Avocado',5,'2019-06-12 06:15:42','2019-06-23 09:47:35',8,230,0,18,14,2,NULL),(506,'Corn Polenta Fritters',5,'2019-06-12 06:20:17','2019-06-16 16:30:27',8,159,0,10,2,17,NULL),(507,'Sticky Chicken with Broccoli',5,'2019-06-12 09:20:53','2019-06-16 16:30:00',9,327,0,9,38,17,NULL),(508,'Shredded Chicken Shawarma Bowl with Avocado with Tahina Dressing',5,'2019-06-16 07:18:17','2019-06-16 12:52:52',9,409,0,18,37,17,NULL),(509,'Edamame, Quinoa & Avocado Buddha Bowl with Tahina Dressing',1,'2019-06-16 07:27:56','2019-06-16 12:55:23',9,380,0,21,13,34,NULL),(510,'Vegetable Pickle',1,'2019-06-16 08:20:34','2019-06-16 08:22:02',9,8,0,0,0,1,NULL),(511,'Carb Free Shephers Pie',2,'2019-06-17 11:36:36','2019-06-17 11:45:05',9,366,0,17,35,21,NULL),(512,'Cumin Crusted Salmon with Cauliflower Puree & Herb Roasted Vegetables',5,'2019-06-18 09:03:42','2019-06-18 09:44:45',9,502,0,24,43,22,NULL),(513,'Grilled Chicken & Guacamole Salad with Tomato Salsa with Lemon & Herb Dressing',2,'2019-06-18 09:29:20','2019-06-18 09:34:14',10,436,0,25,33,13,NULL),(514,'Fudge Brownie',4,'2019-06-20 07:37:31','2019-06-20 07:45:41',11,111,0,10,3,4,NULL),(515,'Yoghurt with Strawberry Coulis & Granola',1,'2019-06-20 08:00:53','2019-06-20 10:12:27',8,268,0,11,10,31,NULL),(516,'Yoghurt with Strawberry Coulis',3,'2019-06-20 10:13:02','2019-06-20 10:13:29',8,114,0,2,8,15,NULL),(517,'Overnight Oats with Peanut Butter & Banana',3,'2019-06-20 10:14:04','2019-06-20 10:15:28',8,394,0,20,13,42,NULL),(518,'Melon',3,'2019-06-20 10:16:33','2019-06-20 10:18:24',12,65,0,0,1,16,NULL),(519,'Mango',3,'2019-06-20 10:18:48','2019-06-20 10:20:37',12,63,0,0,1,14,NULL),(520,'Exotic Fruit Salad',3,'2019-06-20 11:42:09','2019-06-20 11:44:01',12,146,0,2,3,36,NULL),(521,'\'Ala King\' Chicken & Mushroom with Mashed Potato & Mixed Seasonal Vegetables',5,'2019-06-22 07:55:09','2019-06-22 07:56:17',9,0,0,0,0,0,NULL),(522,'Cilantro Lime Marinated Chicken with Mixed Green Salad & Citrusy Dressing',5,'2019-06-22 11:46:14','2019-06-23 08:07:49',9,408,0,16,33,32,NULL),(523,'Cilantro Lime Quinoa with Mixed Green Salad & Citrusy Dressing',1,'2019-06-23 08:14:04','2019-06-23 08:29:51',9,382,0,18,5,54,NULL),(524,'Custom (Kitchen: Hot Kitchen - Meal Type: Lunch)',5,'2019-06-23 12:42:17','2019-06-23 12:42:17',9,0,1,0,0,0,NULL),(525,'Custom (Kitchen: Hot Kitchen - Meal Type: Breakfast)',5,'2019-06-23 12:42:17','2019-06-23 12:42:17',8,0,1,0,0,0,NULL),(528,'Beef Fajita with Guacamole & Salsa in a Corn Tortilla & Side Salad& Cilantro Cashew Dressing',2,'2019-06-23 13:22:55','2019-06-23 13:26:47',9,452,0,24,44,21,NULL),(529,'Beef Fajita Salad with Guacamole & Salsa',2,'2019-06-23 13:44:46','2019-06-23 13:48:42',9,467,0,24,45,24,NULL),(530,'Vegetable Fajita with Guacamole & Salsa in a Corn Tortilla & Salad with Cilantro Cashew Dressing',1,'2019-06-23 13:49:53','2019-06-23 13:52:58',9,336,0,19,7,39,NULL),(531,'Shrimp & Mixed Vegetable  Stirfry with GF Noodles with Sesame Seeds',2,'2019-06-23 14:36:44','2019-06-23 14:40:27',10,447,0,16,33,44,NULL),(532,'Mixed Vegetable Stir - Fry with GF Noodles & Sesame Seeds',1,'2019-06-23 14:53:34','2019-06-23 14:58:45',10,355,0,11,11,54,NULL),(533,'Grilled Salmon in a Lemon &Caper Sauce with Sauteed Spinach & Mixed Vegetables & Roasted Potato',5,'2019-06-24 12:52:52','2019-06-24 12:56:08',9,458,0,23,44,21,NULL),(534,'Roasted Cauliflower Steak in a Lemon  Caper Sauce with Sauteed Spinach & Mixed Vegetables & Roasted Potatoes',1,'2019-06-24 13:20:48','2019-06-24 13:27:17',9,278,0,15,10,35,NULL),(535,'Beetroot Carpaccio, Avocado & Walnut Pieces with Blueberry Balsamic Dressing',1,'2019-06-25 06:01:14','2019-06-25 06:06:34',9,335,0,20,7,36,NULL),(536,'Grilled Chicken with Cold Carrot & Cucumber Noodles with Almond Slithers & Avocado Salsa & Herby Lemon Vinaigretee',5,'2019-06-25 15:05:25','2019-06-25 15:08:25',10,410,0,24,30,14,NULL),(537,'Cold Carrot & Cucumber Noodles with Almond Slithers & Avocado Salsa & Herby Lemon Vinaigretee',1,'2019-06-25 15:14:46','2019-06-25 15:16:44',10,321,0,22,5,26,NULL),(538,'Beef & Okra Stew with Aromatic Brown Rice',5,'2019-06-26 09:01:05','2019-06-26 12:23:02',9,554,0,21,53,39,NULL),(539,'Beef & Okra Stew with Aromatic Cauliflower Rice',5,'2019-06-26 09:31:31','2019-06-26 12:24:00',9,496,0,25,51,19,NULL),(540,'Okra Stew with Aromatic Brown Rice',5,'2019-06-26 09:45:52','2019-06-26 09:48:31',9,300,0,10,8,42,NULL),(541,'Balsamic Glazed Chicken with Oven Roasted Vegetables & Roasted Baby Potatoes',5,'2019-06-26 13:40:23','2019-06-26 13:42:11',10,378,0,14,29,30,NULL),(542,'Mixed Vegetable Ratatouille with Cauliflower Couscous',5,'2019-06-26 13:48:10','2019-06-26 15:12:47',10,250,0,14,4,30,NULL),(543,'Paleo Apple Pie',4,'2019-06-26 14:12:30','2019-06-26 14:18:20',11,2148,0,200,62,31,NULL),(544,'Thai Fish Cakes on a Bed of Mixed Leaves & Tangy Lemon grass Dressing',5,'2019-06-27 08:55:56','2019-06-27 08:59:04',9,386,0,18,36,22,NULL),(545,'Black lime Chicken with Mixed Herb Brown Rice & Roasted Vegetables',5,'2019-06-29 11:17:34','2019-06-29 11:19:48',9,476,0,15,39,36,NULL),(546,'Black lime Chicken with Mixed Herb Cauiflower Rice & Roasted Vegetables',5,'2019-06-29 11:25:45','2019-06-29 11:28:13',9,458,0,19,37,24,NULL),(547,'Lentil Curry with Mixed Herb Brown Rice',5,'2019-06-29 11:30:05','2019-06-29 11:32:54',9,369,0,14,10,45,NULL),(548,'Grilled Halloumi Cheese on a Roasted Almond & Pomegranate Salad with Sweet Tangy Dressing',4,'2019-06-29 13:21:50','2019-06-29 13:30:06',10,382,0,27,13,22,NULL),(549,'Grilled Vegetables on a Roasted Almond & Pomegranate Salad with Sweet Tangy Dressing',1,'2019-06-29 13:34:41','2019-06-29 13:36:57',10,256,0,10,7,35,NULL),(550,'Beef Salad with Mixed Lettuce Leaves & Thai Dressing',5,'2019-06-29 13:48:10','2019-06-29 13:52:40',9,357,0,17,32,18,NULL),(551,'Beef Kebabs with Saffron Brown Rice & Mixed Salad with Lemon & Mint Dressing',5,'2019-06-30 10:40:11','2019-07-01 07:12:53',9,408,0,9,40,39,NULL),(552,'Beef Kebabs with Saffron Cauliflower Rice & Mixed Salad with Mint & Lemon Dressing',5,'2019-06-30 10:43:07','2019-07-01 07:12:23',9,352,0,13,39,17,NULL),(553,'Vegan Vegetable Kebab with Saffron Brown Rice & Mixed Salad with Lemon & Mint Dressing',5,'2019-06-30 10:46:56','2019-07-01 07:11:53',9,303,0,2,12,60,NULL),(554,'Chicken Avocado Salad with a Lemon & Herb Dressing & Walnut Pieces',2,'2019-06-30 13:43:17','2019-06-30 13:45:08',10,431,0,29,28,12,NULL),(555,'Avocado Salad with a Lemon & Herb Dressing & Walnut Pieces',1,'2019-06-30 13:46:09','2019-06-30 13:48:07',10,386,0,25,9,32,NULL),(556,'Mixed Vegetable Pasta',1,'2019-07-02 06:13:19','2019-07-02 06:23:24',9,303,0,10,7,44,NULL),(557,'Exotic Fruit Salad',3,'2019-07-06 12:59:42','2019-07-06 13:04:56',11,99,0,1,1,24,NULL),(558,'Rosemary Roasted Chicken with Onion Gravy & Brussel Sprout Salad with Roasted Sweet Potato',5,'2019-07-07 13:55:48','2019-07-07 14:00:17',9,392,0,14,33,28,NULL),(559,'Lentil Roast with Onion Gravy & Brussel Sprout Salad & Roasted Sweet Potato',1,'2019-07-07 14:07:40','2019-07-07 14:13:40',9,296,0,15,7,34,NULL),(560,'Roasmary Chicken with Gralic Sauce & Brussel Sprout Salad with Roasted Sweet Potato',5,'2019-07-08 06:01:10','2019-07-08 06:03:48',9,404,0,15,35,28,NULL),(561,'Grilled Hamour with Salsa Verde & Sauteed Seasonal Vegetables',5,'2019-07-08 06:12:49','2019-07-08 06:23:24',10,377,0,20,35,21,NULL),(562,'Grilled Beef with Salsa Verde & Sauteed Seasonal Vegetables',5,'2019-07-08 06:52:58','2019-07-08 06:56:17',10,409,0,24,35,16,NULL),(563,'Lamb Machbous with Fatoush Salad & POmegranate Dressing',5,'2019-07-08 13:14:44','2019-07-08 13:14:44',9,0,0,0,0,0,NULL),(564,'Lamb Machbous with Fatoush Salad & POmegranate Dressing',5,'2019-07-08 13:14:44','2019-07-08 13:14:44',9,0,0,0,0,0,NULL),(566,'Chicken Fajita & Brown Rice Power Bowl with Mexican Dressisng',5,'2019-07-09 13:53:00','2019-07-09 13:59:55',9,575,0,23,40,47,NULL),(567,'Vegan Chickpea Fajita & Brown Rice Power Bowl',5,'2019-07-09 14:00:41','2019-07-09 14:08:07',9,470,0,22,11,58,NULL),(568,'Honey Glazed Chicken',5,'2019-07-13 12:30:38','2019-07-13 12:32:37',9,243,0,5,33,13,NULL),(569,'Roasted  beef with Onion Gravy & Cauliflower Polenta & Brussel Sprouts',5,'2019-07-14 13:15:17','2019-07-14 13:18:22',9,433,0,21,42,24,NULL),(570,'Roasted Lentil with Onion Gravy & Cauliflower Polenta & Brussel Sprouts',5,'2019-07-14 13:24:48','2019-07-14 13:26:46',9,353,0,23,9,32,NULL),(571,'Poached Eggs with Corn POlenta Fritters & Mashed Avocado',5,'2019-07-14 14:41:28','2019-07-14 14:47:50',8,345,0,21,16,22,NULL),(572,'Custom (Kitchen: Hot Kitchen - Meal Type: Dinner)',5,'2019-07-15 16:56:08','2019-07-15 16:56:08',10,0,1,0,0,0,NULL),(573,'Custom (Kitchen: Vegetables - Meal Type: Breakfast)',1,'2019-07-15 16:56:08','2019-07-15 16:56:08',8,0,1,0,0,0,NULL),(574,'Overnight Chia Oats with Mixed Berries',1,'2019-07-17 05:48:21','2019-07-17 05:48:21',8,0,0,0,0,0,NULL);
/*!40000 ALTER TABLE `meals` ENABLE KEYS */;
UNLOCK TABLES;

--
-- Table structure for table `menu_items`
--

DROP TABLE IF EXISTS `menu_items`;
/*!40101 SET @saved_cs_client     = @@character_set_client */;
/*!40101 SET character_set_client = utf8 */;
CREATE TABLE `menu_items` (
  `id` int(10) unsigned NOT NULL AUTO_INCREMENT,
  `menu_id` int(10) unsigned DEFAULT NULL,
  `title` varchar(255) COLLATE utf8mb4_unicode_ci NOT NULL,
  `url` varchar(255) COLLATE utf8mb4_unicode_ci NOT NULL,
  `target` varchar(255) COLLATE utf8mb4_unicode_ci NOT NULL DEFAULT '_self',
  `icon_class` varchar(255) COLLATE utf8mb4_unicode_ci DEFAULT NULL,
  `color` varchar(255) COLLATE utf8mb4_unicode_ci DEFAULT NULL,
  `parent_id` int(11) DEFAULT NULL,
  `order` int(11) NOT NULL,
  `created_at` timestamp NULL DEFAULT NULL,
  `updated_at` timestamp NULL DEFAULT NULL,
  `route` varchar(255) COLLATE utf8mb4_unicode_ci DEFAULT NULL,
  `parameters` text COLLATE utf8mb4_unicode_ci DEFAULT NULL,
  PRIMARY KEY (`id`),
  KEY `menu_items_menu_id_foreign` (`menu_id`),
  CONSTRAINT `menu_items_menu_id_foreign` FOREIGN KEY (`menu_id`) REFERENCES `menus` (`id`) ON DELETE CASCADE
) ENGINE=InnoDB AUTO_INCREMENT=51 DEFAULT CHARSET=utf8mb4 COLLATE=utf8mb4_unicode_ci;
/*!40101 SET character_set_client = @saved_cs_client */;

--
-- Dumping data for table `menu_items`
--

LOCK TABLES `menu_items` WRITE;
/*!40000 ALTER TABLE `menu_items` DISABLE KEYS */;
INSERT INTO `menu_items` VALUES (1,1,'Dashboard','','_self','voyager-dashboard','#000000',NULL,1,'2019-01-10 07:25:28','2019-02-12 08:43:47','voyager.dashboard','null'),(3,1,'Users','','_self','voyager-person',NULL,NULL,3,'2019-01-10 07:25:28','2019-01-10 07:25:28','voyager.users.index',NULL),(4,1,'Roles','','_self','voyager-lock',NULL,NULL,2,'2019-01-10 07:25:28','2019-01-10 07:25:28','voyager.roles.index',NULL),(5,1,'Tools','','_self','voyager-tools',NULL,NULL,14,'2019-01-10 07:25:28','2019-02-13 06:41:26',NULL,NULL),(7,1,'Database','','_self','voyager-data',NULL,5,1,'2019-01-10 07:25:28','2019-01-15 12:21:54','voyager.database.index',NULL),(9,1,'BREAD','','_self','voyager-bread',NULL,5,2,'2019-01-10 07:25:28','2019-01-15 12:21:54','voyager.bread.index',NULL),(10,1,'Settings','','_self','voyager-settings',NULL,NULL,15,'2019-01-10 07:25:28','2019-02-13 06:41:26','voyager.settings.index',NULL),(11,1,'Ingredients','','_self','voyager-params','#000000',NULL,9,'2019-01-09 12:14:50','2019-03-17 13:31:53','voyager.ingredients.index','null'),(12,1,'Kitchens','','_self','voyager-lab','#000000',NULL,4,'2019-01-09 12:16:46','2019-03-17 13:31:37','voyager.kitchens.index','null'),(13,1,'Meals','','_self','voyager-pizza','#000000',NULL,10,'2019-01-09 12:17:08','2019-02-13 06:41:26','voyager.meals.index','null'),(14,1,'Weeks','','_self','voyager-calendar','#000000',NULL,11,'2019-01-09 12:19:29','2019-02-13 06:41:26','voyager.weeks.index','null'),(15,1,'Plans','','_self','voyager-file-text','#000000',NULL,7,'2019-01-09 12:19:41','2019-03-17 13:31:51','voyager.plans.index','null'),(16,1,'Customers','','_self','voyager-group','#000000',NULL,8,'2019-01-09 12:34:55','2019-03-17 13:31:53','voyager.customers.index','null'),(19,1,'Meal Types','','_self','voyager-backpack',NULL,NULL,6,'2019-01-15 12:19:42','2019-03-17 13:31:48','voyager.meal-types.index',NULL),(20,1,'Customer Meals','','_self','voyager-hotdog','#000000',NULL,12,'2019-01-22 05:42:21','2019-02-13 06:41:26','voyager.customer-meals.index','null'),(21,1,'Kitchens Calendar','','_self','voyager-calendar','#000000',NULL,13,'2019-02-10 08:41:06','2019-02-13 06:41:26',NULL,''),(35,1,'Ingredient Types','','_self','voyager-dot-2','#000000',NULL,5,'2019-02-13 06:39:58','2019-03-17 13:31:37','voyager.ingredient-types.index','null'),(46,1,'Vegetables','','_self','voyager-dot',NULL,21,0,'2019-03-27 16:35:15','2019-03-27 16:35:15','meals_calendar','{\"kitchen_id\":1}'),(47,1,'Meat','','_self','voyager-dot',NULL,21,0,'2019-03-27 16:35:15','2019-03-27 16:35:15','meals_calendar','{\"kitchen_id\":2}'),(48,1,'Vegetable & Juice','','_self','voyager-dot',NULL,21,0,'2019-03-27 16:35:15','2019-03-27 16:35:15','meals_calendar','{\"kitchen_id\":3}'),(49,1,'Baking','','_self','voyager-dot',NULL,21,0,'2019-03-27 16:35:15','2019-03-27 16:35:15','meals_calendar','{\"kitchen_id\":4}'),(50,1,'Hot Kitchen','','_self','voyager-dot',NULL,21,0,'2019-03-27 16:35:15','2019-03-27 16:35:15','meals_calendar','{\"kitchen_id\":5}');
/*!40000 ALTER TABLE `menu_items` ENABLE KEYS */;
UNLOCK TABLES;

--
-- Table structure for table `menus`
--

DROP TABLE IF EXISTS `menus`;
/*!40101 SET @saved_cs_client     = @@character_set_client */;
/*!40101 SET character_set_client = utf8 */;
CREATE TABLE `menus` (
  `id` int(10) unsigned NOT NULL AUTO_INCREMENT,
  `name` varchar(255) COLLATE utf8mb4_unicode_ci NOT NULL,
  `created_at` timestamp NULL DEFAULT NULL,
  `updated_at` timestamp NULL DEFAULT NULL,
  PRIMARY KEY (`id`),
  UNIQUE KEY `menus_name_unique` (`name`)
) ENGINE=InnoDB AUTO_INCREMENT=2 DEFAULT CHARSET=utf8mb4 COLLATE=utf8mb4_unicode_ci;
/*!40101 SET character_set_client = @saved_cs_client */;

--
-- Dumping data for table `menus`
--

LOCK TABLES `menus` WRITE;
/*!40000 ALTER TABLE `menus` DISABLE KEYS */;
INSERT INTO `menus` VALUES (1,'admin','2019-01-10 07:25:28','2019-01-10 07:25:28');
/*!40000 ALTER TABLE `menus` ENABLE KEYS */;
UNLOCK TABLES;

--
-- Table structure for table `migrations`
--

DROP TABLE IF EXISTS `migrations`;
/*!40101 SET @saved_cs_client     = @@character_set_client */;
/*!40101 SET character_set_client = utf8 */;
CREATE TABLE `migrations` (
  `id` int(10) unsigned NOT NULL AUTO_INCREMENT,
  `migration` varchar(255) COLLATE utf8mb4_unicode_ci NOT NULL,
  `batch` int(11) NOT NULL,
  PRIMARY KEY (`id`)
) ENGINE=InnoDB AUTO_INCREMENT=67 DEFAULT CHARSET=utf8mb4 COLLATE=utf8mb4_unicode_ci;
/*!40101 SET character_set_client = @saved_cs_client */;

--
-- Dumping data for table `migrations`
--

LOCK TABLES `migrations` WRITE;
/*!40000 ALTER TABLE `migrations` DISABLE KEYS */;
INSERT INTO `migrations` VALUES (1,'2014_10_12_000000_create_users_table',1),(2,'2014_10_12_100000_create_password_resets_table',1),(3,'2016_01_01_000000_add_voyager_user_fields',1),(4,'2016_01_01_000000_create_data_types_table',1),(5,'2016_05_19_173453_create_menu_table',1),(6,'2016_10_21_190000_create_roles_table',1),(7,'2016_10_21_190000_create_settings_table',1),(8,'2016_11_30_135954_create_permission_table',1),(9,'2016_11_30_141208_create_permission_role_table',1),(10,'2016_12_26_201236_data_types__add__server_side',1),(11,'2017_01_13_000000_add_route_to_menu_items_table',1),(12,'2017_01_14_005015_create_translations_table',1),(13,'2017_01_15_000000_make_table_name_nullable_in_permissions_table',1),(14,'2017_03_06_000000_add_controller_to_data_types_table',1),(15,'2017_04_21_000000_add_order_to_data_rows_table',1),(16,'2017_07_05_210000_add_policyname_to_data_types_table',1),(17,'2017_08_05_000000_add_group_to_settings_table',1),(18,'2017_11_26_013050_add_user_role_relationship',1),(19,'2017_11_26_015000_create_user_roles_table',1),(20,'2018_03_11_000000_add_user_settings',1),(21,'2018_03_14_000000_add_details_to_data_types_table',1),(22,'2018_03_16_000000_make_settings_value_nullable',1),(23,'2019_01_09_110215_create_customers_table',1),(24,'2019_01_09_110254_create_plans_table',1),(25,'2019_01_09_110402_add_plan_id_to_customers_table',1),(26,'2019_01_09_110546_add_status_to_customers_table',1),(27,'2019_01_09_110716_create_kitchens_table',1),(28,'2019_01_09_110824_create_ingredients_table',1),(29,'2019_01_09_110916_create_meal_categories_table',1),(30,'2019_01_09_111048_create_meals_table',1),(31,'2019_01_09_111130_create_weeks_table',1),(32,'2019_01_09_111326_create_customer_meal_pivot_table',1),(33,'2019_01_09_112036_create_ingredient_meal_pivot_table',1),(34,'2019_01_14_102833_create_plan_prohibited_ingredients_table',1),(35,'2019_01_15_081132_create_customers_allergic_ingredients_table',1),(36,'2019_01_15_121229_create_meal_types_table',1),(37,'2019_01_15_133301_add_meal_type_id_to_meals_table',1),(38,'2019_01_16_092449_add_name_to_weeks_table',1),(39,'2019_01_17_124041_create_week_meals_table',1),(40,'2019_01_17_124506_create_customer_meals_table',1),(41,'2019_01_24_061644_add_total_calories_to_meals_table',1),(42,'2019_02_03_064243_create_additional_ingredients_table',1),(43,'2019_02_04_092556_add_total_calories_to_customer_meals_table',1),(44,'2019_02_10_122311_add_cooked_to_customer_meals_table',1),(45,'2019_02_13_062734_create_ingredient_types_table',1),(46,'2019_02_13_062823_add_ingredient_type_to_ingredients_table',1),(47,'2019_02_13_072630_create_customer_disliked_ingredients',1),(48,'2019_02_13_104026_create_customer_ingredients_amount_table',1),(49,'2019_02_24_060216_add_removable_to_ingredient_meal_table',1),(50,'2019_03_03_085213_add_meal_type_id_to_customer_ingredients_amount_table',1),(51,'2019_03_04_063725_add_custom_to_meals_table',1),(52,'2019_03_04_081014_add_kitchen_id_to_ingredient_types_table',1),(53,'2019_03_05_055421_create_customer_meal_custom_amounts_table',1),(54,'2019_03_14_065526_add_total_fats_to_meals_table',1),(55,'2019_03_14_065536_add_total_proteins_to_meals_table',1),(56,'2019_03_14_065537_add_total_carbs_to_meals_table',1),(57,'2019_03_14_065539_add_total_fats_to_customer_meals_table',1),(58,'2019_03_14_065540_add_total_proteins_to_customer_meals_table',1),(59,'2019_03_14_065541_add_total_carbs_to_customer_meals_table',1),(60,'2019_04_08_104832_create_customers_allergic_ingredient_types',2),(61,'2019_04_08_105038_create_plan_prohibited_ingredient_types',2),(62,'2019_04_09_131923_make_ingredient_type_id_and_amount_nullable_in_customer_ingredients_amount_table',2),(63,'2019_04_09_132525_create_customer_program_table',2),(64,'2019_04_15_130521_add_meal_notes_to_meals_table',2),(65,'2019_04_17_104031_add_meal_notes_to_customer_meal_table',2),(66,'2019_04_17_112140_add_notes_to_customer_meals_table',2);
/*!40000 ALTER TABLE `migrations` ENABLE KEYS */;
UNLOCK TABLES;

--
-- Table structure for table `password_resets`
--

DROP TABLE IF EXISTS `password_resets`;
/*!40101 SET @saved_cs_client     = @@character_set_client */;
/*!40101 SET character_set_client = utf8 */;
CREATE TABLE `password_resets` (
  `email` varchar(255) COLLATE utf8mb4_unicode_ci NOT NULL,
  `token` varchar(255) COLLATE utf8mb4_unicode_ci NOT NULL,
  `created_at` timestamp NULL DEFAULT NULL,
  KEY `password_resets_email_index` (`email`)
) ENGINE=InnoDB DEFAULT CHARSET=utf8mb4 COLLATE=utf8mb4_unicode_ci;
/*!40101 SET character_set_client = @saved_cs_client */;

--
-- Dumping data for table `password_resets`
--

LOCK TABLES `password_resets` WRITE;
/*!40000 ALTER TABLE `password_resets` DISABLE KEYS */;
/*!40000 ALTER TABLE `password_resets` ENABLE KEYS */;
UNLOCK TABLES;

--
-- Table structure for table `permission_role`
--

DROP TABLE IF EXISTS `permission_role`;
/*!40101 SET @saved_cs_client     = @@character_set_client */;
/*!40101 SET character_set_client = utf8 */;
CREATE TABLE `permission_role` (
  `permission_id` int(10) unsigned NOT NULL,
  `role_id` int(10) unsigned NOT NULL,
  PRIMARY KEY (`permission_id`,`role_id`),
  KEY `permission_role_permission_id_index` (`permission_id`),
  KEY `permission_role_role_id_index` (`role_id`),
  CONSTRAINT `permission_role_permission_id_foreign` FOREIGN KEY (`permission_id`) REFERENCES `permissions` (`id`) ON DELETE CASCADE,
  CONSTRAINT `permission_role_role_id_foreign` FOREIGN KEY (`role_id`) REFERENCES `roles` (`id`) ON DELETE CASCADE
) ENGINE=InnoDB DEFAULT CHARSET=utf8mb4 COLLATE=utf8mb4_unicode_ci;
/*!40101 SET character_set_client = @saved_cs_client */;

--
-- Dumping data for table `permission_role`
--

LOCK TABLES `permission_role` WRITE;
/*!40000 ALTER TABLE `permission_role` DISABLE KEYS */;
INSERT INTO `permission_role` VALUES (1,1),(2,1),(3,1),(4,1),(5,1),(6,1),(7,1),(8,1),(9,1),(10,1),(11,1),(12,1),(13,1),(14,1),(15,1),(16,1),(17,1),(18,1),(19,1),(20,1),(21,1),(22,1),(23,1),(24,1),(25,1),(27,1),(28,1),(29,1),(30,1),(31,1),(32,1),(33,1),(34,1),(35,1),(36,1),(37,1),(38,1),(39,1),(40,1),(41,1),(42,1),(43,1),(44,1),(45,1),(46,1),(47,1),(48,1),(49,1),(50,1),(51,1),(52,1),(53,1),(54,1),(55,1),(56,1),(57,1),(58,1),(59,1),(60,1),(61,1),(62,1),(63,1),(64,1),(65,1),(66,1),(72,1),(73,1),(74,1),(75,1),(76,1),(77,1),(78,1),(79,1),(80,1),(81,1),(82,1),(83,1),(84,1),(85,1),(86,1);
/*!40000 ALTER TABLE `permission_role` ENABLE KEYS */;
UNLOCK TABLES;

--
-- Table structure for table `permissions`
--

DROP TABLE IF EXISTS `permissions`;
/*!40101 SET @saved_cs_client     = @@character_set_client */;
/*!40101 SET character_set_client = utf8 */;
CREATE TABLE `permissions` (
  `id` int(10) unsigned NOT NULL AUTO_INCREMENT,
  `key` varchar(255) COLLATE utf8mb4_unicode_ci NOT NULL,
  `table_name` varchar(255) COLLATE utf8mb4_unicode_ci DEFAULT NULL,
  `created_at` timestamp NULL DEFAULT NULL,
  `updated_at` timestamp NULL DEFAULT NULL,
  PRIMARY KEY (`id`),
  KEY `permissions_key_index` (`key`)
) ENGINE=InnoDB AUTO_INCREMENT=87 DEFAULT CHARSET=utf8mb4 COLLATE=utf8mb4_unicode_ci;
/*!40101 SET character_set_client = @saved_cs_client */;

--
-- Dumping data for table `permissions`
--

LOCK TABLES `permissions` WRITE;
/*!40000 ALTER TABLE `permissions` DISABLE KEYS */;
INSERT INTO `permissions` VALUES (1,'browse_admin',NULL,'2019-01-10 07:25:28','2019-01-10 07:25:28'),(2,'browse_bread',NULL,'2019-01-10 07:25:28','2019-01-10 07:25:28'),(3,'browse_database',NULL,'2019-01-10 07:25:28','2019-01-10 07:25:28'),(4,'browse_media',NULL,'2019-01-10 07:25:28','2019-01-10 07:25:28'),(5,'browse_compass',NULL,'2019-01-10 07:25:28','2019-01-10 07:25:28'),(6,'browse_menus','menus','2019-01-10 07:25:28','2019-01-10 07:25:28'),(7,'read_menus','menus','2019-01-10 07:25:28','2019-01-10 07:25:28'),(8,'edit_menus','menus','2019-01-10 07:25:28','2019-01-10 07:25:28'),(9,'add_menus','menus','2019-01-10 07:25:28','2019-01-10 07:25:28'),(10,'delete_menus','menus','2019-01-10 07:25:28','2019-01-10 07:25:28'),(11,'browse_roles','roles','2019-01-10 07:25:28','2019-01-10 07:25:28'),(12,'read_roles','roles','2019-01-10 07:25:28','2019-01-10 07:25:28'),(13,'edit_roles','roles','2019-01-10 07:25:28','2019-01-10 07:25:28'),(14,'add_roles','roles','2019-01-10 07:25:28','2019-01-10 07:25:28'),(15,'delete_roles','roles','2019-01-10 07:25:28','2019-01-10 07:25:28'),(16,'browse_users','users','2019-01-10 07:25:28','2019-01-10 07:25:28'),(17,'read_users','users','2019-01-10 07:25:28','2019-01-10 07:25:28'),(18,'edit_users','users','2019-01-10 07:25:28','2019-01-10 07:25:28'),(19,'add_users','users','2019-01-10 07:25:28','2019-01-10 07:25:28'),(20,'delete_users','users','2019-01-10 07:25:28','2019-01-10 07:25:28'),(21,'browse_settings','settings','2019-01-10 07:25:28','2019-01-10 07:25:28'),(22,'read_settings','settings','2019-01-10 07:25:28','2019-01-10 07:25:28'),(23,'edit_settings','settings','2019-01-10 07:25:28','2019-01-10 07:25:28'),(24,'add_settings','settings','2019-01-10 07:25:28','2019-01-10 07:25:28'),(25,'delete_settings','settings','2019-01-10 07:25:28','2019-01-10 07:25:28'),(27,'browse_ingredients','ingredients','2019-01-09 12:14:50','2019-01-09 12:14:50'),(28,'read_ingredients','ingredients','2019-01-09 12:14:50','2019-01-09 12:14:50'),(29,'edit_ingredients','ingredients','2019-01-09 12:14:50','2019-01-09 12:14:50'),(30,'add_ingredients','ingredients','2019-01-09 12:14:50','2019-01-09 12:14:50'),(31,'delete_ingredients','ingredients','2019-01-09 12:14:50','2019-01-09 12:14:50'),(32,'browse_kitchens','kitchens','2019-01-09 12:16:46','2019-01-09 12:16:46'),(33,'read_kitchens','kitchens','2019-01-09 12:16:46','2019-01-09 12:16:46'),(34,'edit_kitchens','kitchens','2019-01-09 12:16:46','2019-01-09 12:16:46'),(35,'add_kitchens','kitchens','2019-01-09 12:16:46','2019-01-09 12:16:46'),(36,'delete_kitchens','kitchens','2019-01-09 12:16:46','2019-01-09 12:16:46'),(37,'browse_meals','meals','2019-01-09 12:17:08','2019-01-09 12:17:08'),(38,'read_meals','meals','2019-01-09 12:17:08','2019-01-09 12:17:08'),(39,'edit_meals','meals','2019-01-09 12:17:08','2019-01-09 12:17:08'),(40,'add_meals','meals','2019-01-09 12:17:08','2019-01-09 12:17:08'),(41,'delete_meals','meals','2019-01-09 12:17:08','2019-01-09 12:17:08'),(42,'browse_weeks','weeks','2019-01-09 12:19:29','2019-01-09 12:19:29'),(43,'read_weeks','weeks','2019-01-09 12:19:29','2019-01-09 12:19:29'),(44,'edit_weeks','weeks','2019-01-09 12:19:29','2019-01-09 12:19:29'),(45,'add_weeks','weeks','2019-01-09 12:19:29','2019-01-09 12:19:29'),(46,'delete_weeks','weeks','2019-01-09 12:19:29','2019-01-09 12:19:29'),(47,'browse_plans','plans','2019-01-09 12:19:41','2019-01-09 12:19:41'),(48,'read_plans','plans','2019-01-09 12:19:41','2019-01-09 12:19:41'),(49,'edit_plans','plans','2019-01-09 12:19:41','2019-01-09 12:19:41'),(50,'add_plans','plans','2019-01-09 12:19:41','2019-01-09 12:19:41'),(51,'delete_plans','plans','2019-01-09 12:19:41','2019-01-09 12:19:41'),(52,'browse_meal_category','meal_category','2019-01-09 12:19:57','2019-01-09 12:19:57'),(53,'read_meal_category','meal_category','2019-01-09 12:19:57','2019-01-09 12:19:57'),(54,'edit_meal_category','meal_category','2019-01-09 12:19:57','2019-01-09 12:19:57'),(55,'add_meal_category','meal_category','2019-01-09 12:19:57','2019-01-09 12:19:57'),(56,'delete_meal_category','meal_category','2019-01-09 12:19:57','2019-01-09 12:19:57'),(57,'browse_customers','customers','2019-01-09 12:34:55','2019-01-09 12:34:55'),(58,'read_customers','customers','2019-01-09 12:34:55','2019-01-09 12:34:55'),(59,'edit_customers','customers','2019-01-09 12:34:55','2019-01-09 12:34:55'),(60,'add_customers','customers','2019-01-09 12:34:55','2019-01-09 12:34:55'),(61,'delete_customers','customers','2019-01-09 12:34:55','2019-01-09 12:34:55'),(62,'browse_meal_categories','meal_categories','2019-01-09 13:11:33','2019-01-09 13:11:33'),(63,'read_meal_categories','meal_categories','2019-01-09 13:11:33','2019-01-09 13:11:33'),(64,'edit_meal_categories','meal_categories','2019-01-09 13:11:33','2019-01-09 13:11:33'),(65,'add_meal_categories','meal_categories','2019-01-09 13:11:33','2019-01-09 13:11:33'),(66,'delete_meal_categories','meal_categories','2019-01-09 13:11:33','2019-01-09 13:11:33'),(72,'browse_meal_types','meal_types','2019-01-15 12:19:42','2019-01-15 12:19:42'),(73,'read_meal_types','meal_types','2019-01-15 12:19:42','2019-01-15 12:19:42'),(74,'edit_meal_types','meal_types','2019-01-15 12:19:42','2019-01-15 12:19:42'),(75,'add_meal_types','meal_types','2019-01-15 12:19:42','2019-01-15 12:19:42'),(76,'delete_meal_types','meal_types','2019-01-15 12:19:42','2019-01-15 12:19:42'),(77,'browse_customer_meals','customer_meals','2019-01-22 05:42:21','2019-01-22 05:42:21'),(78,'read_customer_meals','customer_meals','2019-01-22 05:42:21','2019-01-22 05:42:21'),(79,'edit_customer_meals','customer_meals','2019-01-22 05:42:21','2019-01-22 05:42:21'),(80,'add_customer_meals','customer_meals','2019-01-22 05:42:21','2019-01-22 05:42:21'),(81,'delete_customer_meals','customer_meals','2019-01-22 05:42:21','2019-01-22 05:42:21'),(82,'browse_ingredient_types','ingredient_types','2019-02-13 06:39:58','2019-02-13 06:39:58'),(83,'read_ingredient_types','ingredient_types','2019-02-13 06:39:58','2019-02-13 06:39:58'),(84,'edit_ingredient_types','ingredient_types','2019-02-13 06:39:58','2019-02-13 06:39:58'),(85,'add_ingredient_types','ingredient_types','2019-02-13 06:39:58','2019-02-13 06:39:58'),(86,'delete_ingredient_types','ingredient_types','2019-02-13 06:39:58','2019-02-13 06:39:58');
/*!40000 ALTER TABLE `permissions` ENABLE KEYS */;
UNLOCK TABLES;

--
-- Table structure for table `plan_prohibited_ingredient_types`
--

DROP TABLE IF EXISTS `plan_prohibited_ingredient_types`;
/*!40101 SET @saved_cs_client     = @@character_set_client */;
/*!40101 SET character_set_client = utf8 */;
CREATE TABLE `plan_prohibited_ingredient_types` (
  `id` int(10) unsigned NOT NULL AUTO_INCREMENT,
  `plan_id` int(10) unsigned NOT NULL,
  `ingredient_type_id` int(10) unsigned NOT NULL,
  `created_at` timestamp NULL DEFAULT NULL,
  `updated_at` timestamp NULL DEFAULT NULL,
  PRIMARY KEY (`id`),
  KEY `plan_prohibited_ingredient_types_plan_id_foreign` (`plan_id`),
  KEY `plan_prohibited_ingredient_types_ingredient_type_id_foreign` (`ingredient_type_id`),
  CONSTRAINT `plan_prohibited_ingredient_types_ingredient_type_id_foreign` FOREIGN KEY (`ingredient_type_id`) REFERENCES `ingredient_types` (`id`),
  CONSTRAINT `plan_prohibited_ingredient_types_plan_id_foreign` FOREIGN KEY (`plan_id`) REFERENCES `plans` (`id`)
) ENGINE=InnoDB AUTO_INCREMENT=52 DEFAULT CHARSET=utf8mb4 COLLATE=utf8mb4_unicode_ci;
/*!40101 SET character_set_client = @saved_cs_client */;

--
-- Dumping data for table `plan_prohibited_ingredient_types`
--

LOCK TABLES `plan_prohibited_ingredient_types` WRITE;
/*!40000 ALTER TABLE `plan_prohibited_ingredient_types` DISABLE KEYS */;
INSERT INTO `plan_prohibited_ingredient_types` VALUES (3,12,2,'2019-04-21 12:31:47','2019-04-21 12:31:47'),(4,11,4,'2019-04-21 12:32:14','2019-04-21 12:32:14'),(5,11,19,'2019-04-21 12:32:19','2019-04-21 12:32:19'),(6,11,18,'2019-04-21 12:32:19','2019-04-21 12:32:19'),(7,9,2,'2019-04-21 12:32:47','2019-04-21 12:32:47'),(8,9,4,'2019-04-21 12:32:49','2019-04-21 12:32:49'),(9,9,18,'2019-04-21 12:32:55','2019-04-21 12:32:55'),(10,9,19,'2019-04-21 12:32:56','2019-04-21 12:32:56'),(11,7,2,'2019-04-21 12:33:14','2019-04-21 12:33:14'),(12,7,6,'2019-04-21 12:33:17','2019-04-21 12:33:17'),(13,5,1,'2019-04-21 13:35:44','2019-04-21 13:35:44'),(14,5,2,'2019-04-21 13:35:45','2019-04-21 13:35:45'),(15,5,3,'2019-04-21 13:35:46','2019-04-21 13:35:46'),(16,5,4,'2019-04-21 13:35:47','2019-04-21 13:35:47'),(17,5,5,'2019-04-21 13:35:48','2019-04-21 13:35:48'),(18,5,6,'2019-04-21 13:35:49','2019-04-21 13:35:49'),(19,5,7,'2019-04-21 13:35:50','2019-04-21 13:35:50'),(20,5,11,'2019-04-21 13:35:51','2019-04-21 13:35:51'),(21,5,13,'2019-04-21 13:35:52','2019-04-21 13:35:52'),(22,5,18,'2019-04-21 13:35:54','2019-04-21 13:35:54'),(23,5,19,'2019-04-21 13:35:54','2019-04-21 13:35:54'),(24,14,18,'2019-04-21 14:09:50','2019-04-21 14:09:50'),(25,14,19,'2019-04-21 14:09:51','2019-04-21 14:09:51'),(26,14,21,'2019-04-21 14:09:53','2019-04-21 14:09:53'),(27,14,22,'2019-04-21 14:09:55','2019-04-21 14:09:55'),(28,14,14,'2019-04-21 14:09:59','2019-04-21 14:09:59'),(29,14,4,'2019-04-21 14:10:09','2019-04-21 14:10:09'),(30,14,16,'2019-04-21 14:10:13','2019-04-21 14:10:13'),(31,13,14,'2019-04-21 14:10:39','2019-04-21 14:10:39'),(32,13,16,'2019-04-21 14:10:48','2019-04-21 14:10:48'),(34,13,21,'2019-04-21 14:10:53','2019-04-21 14:10:53'),(35,13,22,'2019-04-21 14:11:22','2019-04-21 14:11:22'),(36,6,14,'2019-04-21 14:12:08','2019-04-21 14:12:08'),(37,6,4,'2019-04-21 14:12:12','2019-04-21 14:12:12'),(38,6,17,'2019-04-21 14:12:15','2019-04-21 14:12:15'),(39,6,16,'2019-04-21 14:12:16','2019-04-21 14:12:16'),(40,6,15,'2019-04-21 14:12:17','2019-04-21 14:12:17'),(41,6,18,'2019-04-21 14:12:19','2019-04-21 14:12:19'),(42,6,19,'2019-04-21 14:12:20','2019-04-21 14:12:20'),(44,6,21,'2019-04-21 14:12:25','2019-04-21 14:12:25'),(45,6,22,'2019-04-21 14:12:26','2019-04-21 14:12:26'),(46,10,24,'2019-04-21 14:21:47','2019-04-21 14:21:47'),(48,10,4,'2019-04-21 14:22:01','2019-04-21 14:22:01'),(49,10,19,'2019-04-21 14:22:09','2019-04-21 14:22:09'),(50,10,18,'2019-04-21 14:22:10','2019-04-21 14:22:10'),(51,8,24,'2019-04-21 14:22:27','2019-04-21 14:22:27');
/*!40000 ALTER TABLE `plan_prohibited_ingredient_types` ENABLE KEYS */;
UNLOCK TABLES;

--
-- Table structure for table `plan_prohibited_ingredients`
--

DROP TABLE IF EXISTS `plan_prohibited_ingredients`;
/*!40101 SET @saved_cs_client     = @@character_set_client */;
/*!40101 SET character_set_client = utf8 */;
CREATE TABLE `plan_prohibited_ingredients` (
  `plan_id` int(10) unsigned NOT NULL,
  `ingredient_id` int(10) unsigned NOT NULL,
  `created_at` timestamp NULL DEFAULT NULL,
  `updated_at` timestamp NULL DEFAULT NULL,
  PRIMARY KEY (`ingredient_id`,`plan_id`),
  KEY `plan_prohibited_ingredients_plan_id_foreign` (`plan_id`),
  CONSTRAINT `plan_prohibited_ingredients_ingredient_id_foreign` FOREIGN KEY (`ingredient_id`) REFERENCES `ingredients` (`id`) ON DELETE CASCADE,
  CONSTRAINT `plan_prohibited_ingredients_plan_id_foreign` FOREIGN KEY (`plan_id`) REFERENCES `plans` (`id`) ON DELETE CASCADE
) ENGINE=InnoDB DEFAULT CHARSET=utf8mb4 COLLATE=utf8mb4_unicode_ci;
/*!40101 SET character_set_client = @saved_cs_client */;

--
-- Dumping data for table `plan_prohibited_ingredients`
--

LOCK TABLES `plan_prohibited_ingredients` WRITE;
/*!40000 ALTER TABLE `plan_prohibited_ingredients` DISABLE KEYS */;
/*!40000 ALTER TABLE `plan_prohibited_ingredients` ENABLE KEYS */;
UNLOCK TABLES;

--
-- Table structure for table `plans`
--

DROP TABLE IF EXISTS `plans`;
/*!40101 SET @saved_cs_client     = @@character_set_client */;
/*!40101 SET character_set_client = utf8 */;
CREATE TABLE `plans` (
  `id` int(10) unsigned NOT NULL AUTO_INCREMENT,
  `name` varchar(255) COLLATE utf8mb4_unicode_ci NOT NULL,
  `created_at` timestamp NULL DEFAULT NULL,
  `updated_at` timestamp NULL DEFAULT NULL,
  PRIMARY KEY (`id`)
) ENGINE=InnoDB AUTO_INCREMENT=15 DEFAULT CHARSET=utf8mb4 COLLATE=utf8mb4_unicode_ci;
/*!40101 SET character_set_client = @saved_cs_client */;

--
-- Dumping data for table `plans`
--

LOCK TABLES `plans` WRITE;
/*!40000 ALTER TABLE `plans` DISABLE KEYS */;
INSERT INTO `plans` VALUES (1,'Lunch Meals','2019-03-26 17:03:05','2019-03-26 17:03:05'),(2,'Weightloss Meals','2019-03-26 17:03:17','2019-03-26 17:03:17'),(3,'Klean Meals','2019-03-26 17:03:24','2019-03-26 17:03:24'),(4,'Retox','2019-03-26 17:03:31','2019-03-26 17:03:31'),(5,'Juice Cleanse','2019-03-26 17:03:41','2019-03-26 17:03:41'),(6,'Vegan','2019-04-06 07:10:34','2019-04-06 07:10:34'),(7,'Keto','2019-04-06 07:10:42','2019-04-06 07:10:42'),(8,'Gluten Free','2019-04-06 07:10:47','2019-04-06 07:10:47'),(9,'Paleo','2019-04-06 07:10:53','2019-04-06 07:10:53'),(10,'Gluten Free & Dairy Free','2019-04-06 07:11:09','2019-04-06 07:11:09'),(11,'Dairy Free','2019-04-06 07:11:18','2019-04-06 07:11:18'),(12,'Low Carb','2019-04-06 07:11:29','2019-04-06 07:11:29'),(13,'Vegetarian','2019-04-06 07:11:39','2019-04-06 07:11:39'),(14,'Pescatarian','2019-04-06 07:11:57','2019-04-06 07:11:57');
/*!40000 ALTER TABLE `plans` ENABLE KEYS */;
UNLOCK TABLES;

--
-- Table structure for table `roles`
--

DROP TABLE IF EXISTS `roles`;
/*!40101 SET @saved_cs_client     = @@character_set_client */;
/*!40101 SET character_set_client = utf8 */;
CREATE TABLE `roles` (
  `id` int(10) unsigned NOT NULL AUTO_INCREMENT,
  `name` varchar(255) COLLATE utf8mb4_unicode_ci NOT NULL,
  `display_name` varchar(255) COLLATE utf8mb4_unicode_ci NOT NULL,
  `created_at` timestamp NULL DEFAULT NULL,
  `updated_at` timestamp NULL DEFAULT NULL,
  PRIMARY KEY (`id`),
  UNIQUE KEY `roles_name_unique` (`name`)
) ENGINE=InnoDB AUTO_INCREMENT=3 DEFAULT CHARSET=utf8mb4 COLLATE=utf8mb4_unicode_ci;
/*!40101 SET character_set_client = @saved_cs_client */;

--
-- Dumping data for table `roles`
--

LOCK TABLES `roles` WRITE;
/*!40000 ALTER TABLE `roles` DISABLE KEYS */;
INSERT INTO `roles` VALUES (1,'admin','Administrator','2019-01-10 07:25:28','2019-01-10 07:25:28'),(2,'user','Normal User','2019-01-10 07:25:28','2019-01-10 07:25:28');
/*!40000 ALTER TABLE `roles` ENABLE KEYS */;
UNLOCK TABLES;

--
-- Table structure for table `settings`
--

DROP TABLE IF EXISTS `settings`;
/*!40101 SET @saved_cs_client     = @@character_set_client */;
/*!40101 SET character_set_client = utf8 */;
CREATE TABLE `settings` (
  `id` int(10) unsigned NOT NULL AUTO_INCREMENT,
  `key` varchar(255) COLLATE utf8mb4_unicode_ci NOT NULL,
  `display_name` varchar(255) COLLATE utf8mb4_unicode_ci NOT NULL,
  `value` text COLLATE utf8mb4_unicode_ci DEFAULT NULL,
  `details` text COLLATE utf8mb4_unicode_ci DEFAULT NULL,
  `type` varchar(255) COLLATE utf8mb4_unicode_ci NOT NULL,
  `order` int(11) NOT NULL DEFAULT 1,
  `group` varchar(255) COLLATE utf8mb4_unicode_ci DEFAULT NULL,
  PRIMARY KEY (`id`),
  UNIQUE KEY `settings_key_unique` (`key`)
) ENGINE=InnoDB AUTO_INCREMENT=16 DEFAULT CHARSET=utf8mb4 COLLATE=utf8mb4_unicode_ci;
/*!40101 SET character_set_client = @saved_cs_client */;

--
-- Dumping data for table `settings`
--

LOCK TABLES `settings` WRITE;
/*!40000 ALTER TABLE `settings` DISABLE KEYS */;
INSERT INTO `settings` VALUES (1,'site.title','Site Title','The Natural Kitchen','','text',1,'Site'),(2,'site.description','Site Description','The Natural Kitchen','','text',2,'Site'),(3,'site.logo','Site Logo','settings/March2019/Xf0TuG9JRJmKAtFGWVzo.png','','image',3,'Site'),(4,'site.google_analytics_tracking_id','Google Analytics Tracking ID',NULL,'','text',4,'Site'),(5,'admin.bg_image','Admin Background Image','settings/March2019/mxvxOdFy8KBgXhFCo9Hh.jpg','','image',5,'Admin'),(6,'admin.title','Admin Title','Mannai-Tech Admin Panel','','text',1,'Admin'),(7,'admin.description','Admin Description','Mannai-Tech Admin Panel','','text',2,'Admin'),(8,'admin.loader','Admin Loader','settings/March2019/j6boOxosjtGCdVJPR0Uz.png','','image',3,'Admin'),(9,'admin.icon_image','Admin Icon Image','settings/March2019/Vvqy1XxyorirFW8JuzfL.png','','image',4,'Admin'),(10,'admin.google_analytics_client_id','Google Analytics Client ID (used for admin dashboard)',NULL,'','text',1,'Admin'),(11,'calories.tolerance','Calories Tolerance','200',NULL,'text',6,'Calories'),(12,'site.bg_image','Homepage Background Image','',NULL,'image',7,'Site'),(15,'widgets.customers_widget_image','Customers Widget Image','settings/March2019/WdQ8DqwI4KZxisJKvYnc.png',NULL,'image',8,'Widgets');
/*!40000 ALTER TABLE `settings` ENABLE KEYS */;
UNLOCK TABLES;

--
-- Table structure for table `translations`
--

DROP TABLE IF EXISTS `translations`;
/*!40101 SET @saved_cs_client     = @@character_set_client */;
/*!40101 SET character_set_client = utf8 */;
CREATE TABLE `translations` (
  `id` int(10) unsigned NOT NULL AUTO_INCREMENT,
  `table_name` varchar(255) COLLATE utf8mb4_unicode_ci NOT NULL,
  `column_name` varchar(255) COLLATE utf8mb4_unicode_ci NOT NULL,
  `foreign_key` int(10) unsigned NOT NULL,
  `locale` varchar(255) COLLATE utf8mb4_unicode_ci NOT NULL,
  `value` text COLLATE utf8mb4_unicode_ci NOT NULL,
  `created_at` timestamp NULL DEFAULT NULL,
  `updated_at` timestamp NULL DEFAULT NULL,
  PRIMARY KEY (`id`),
  UNIQUE KEY `translations_table_name_column_name_foreign_key_locale_unique` (`table_name`,`column_name`,`foreign_key`,`locale`)
) ENGINE=InnoDB DEFAULT CHARSET=utf8mb4 COLLATE=utf8mb4_unicode_ci;
/*!40101 SET character_set_client = @saved_cs_client */;

--
-- Dumping data for table `translations`
--

LOCK TABLES `translations` WRITE;
/*!40000 ALTER TABLE `translations` DISABLE KEYS */;
/*!40000 ALTER TABLE `translations` ENABLE KEYS */;
UNLOCK TABLES;

--
-- Table structure for table `user_roles`
--

DROP TABLE IF EXISTS `user_roles`;
/*!40101 SET @saved_cs_client     = @@character_set_client */;
/*!40101 SET character_set_client = utf8 */;
CREATE TABLE `user_roles` (
  `user_id` int(10) unsigned NOT NULL,
  `role_id` int(10) unsigned NOT NULL,
  PRIMARY KEY (`user_id`,`role_id`),
  KEY `user_roles_user_id_index` (`user_id`),
  KEY `user_roles_role_id_index` (`role_id`),
  CONSTRAINT `user_roles_role_id_foreign` FOREIGN KEY (`role_id`) REFERENCES `roles` (`id`) ON DELETE CASCADE,
  CONSTRAINT `user_roles_user_id_foreign` FOREIGN KEY (`user_id`) REFERENCES `users` (`id`) ON DELETE CASCADE
) ENGINE=InnoDB DEFAULT CHARSET=utf8mb4 COLLATE=utf8mb4_unicode_ci;
/*!40101 SET character_set_client = @saved_cs_client */;

--
-- Dumping data for table `user_roles`
--

LOCK TABLES `user_roles` WRITE;
/*!40000 ALTER TABLE `user_roles` DISABLE KEYS */;
/*!40000 ALTER TABLE `user_roles` ENABLE KEYS */;
UNLOCK TABLES;

--
-- Table structure for table `users`
--

DROP TABLE IF EXISTS `users`;
/*!40101 SET @saved_cs_client     = @@character_set_client */;
/*!40101 SET character_set_client = utf8 */;
CREATE TABLE `users` (
  `id` int(10) unsigned NOT NULL AUTO_INCREMENT,
  `role_id` int(10) unsigned DEFAULT NULL,
  `name` varchar(255) COLLATE utf8mb4_unicode_ci NOT NULL,
  `email` varchar(255) COLLATE utf8mb4_unicode_ci NOT NULL,
  `avatar` varchar(255) COLLATE utf8mb4_unicode_ci DEFAULT 'users/default.png',
  `email_verified_at` timestamp NULL DEFAULT NULL,
  `password` varchar(255) COLLATE utf8mb4_unicode_ci NOT NULL,
  `remember_token` varchar(100) COLLATE utf8mb4_unicode_ci DEFAULT NULL,
  `settings` text COLLATE utf8mb4_unicode_ci DEFAULT NULL,
  `created_at` timestamp NULL DEFAULT NULL,
  `updated_at` timestamp NULL DEFAULT NULL,
  PRIMARY KEY (`id`),
  UNIQUE KEY `users_email_unique` (`email`),
  KEY `users_role_id_foreign` (`role_id`),
  CONSTRAINT `users_role_id_foreign` FOREIGN KEY (`role_id`) REFERENCES `roles` (`id`)
) ENGINE=InnoDB AUTO_INCREMENT=2 DEFAULT CHARSET=utf8mb4 COLLATE=utf8mb4_unicode_ci;
/*!40101 SET character_set_client = @saved_cs_client */;

--
-- Dumping data for table `users`
--

LOCK TABLES `users` WRITE;
/*!40000 ALTER TABLE `users` DISABLE KEYS */;
INSERT INTO `users` VALUES (1,1,'Admin','admin@tnk.test','users/March2019/a0KyzBa4VYxvjLbIlm7u.png',NULL,'$2y$10$UE1YpKbOvdfgLFByFjuBkOJXCfnZrJaAINnAkKVE50qEu1/TqXFge',NULL,'{\"locale\":\"en\"}','2019-03-17 13:22:24','2019-03-17 13:25:01');
/*!40000 ALTER TABLE `users` ENABLE KEYS */;
UNLOCK TABLES;

--
-- Table structure for table `week_meals`
--

DROP TABLE IF EXISTS `week_meals`;
/*!40101 SET @saved_cs_client     = @@character_set_client */;
/*!40101 SET character_set_client = utf8 */;
CREATE TABLE `week_meals` (
  `id` int(10) unsigned NOT NULL AUTO_INCREMENT,
  `week_id` int(10) unsigned NOT NULL,
  `meal_type_id` int(10) unsigned NOT NULL,
  `meal_id` int(10) unsigned NOT NULL,
  `date` date NOT NULL,
  `created_at` timestamp NULL DEFAULT NULL,
  `updated_at` timestamp NULL DEFAULT NULL,
  PRIMARY KEY (`id`),
  KEY `week_meals_week_id_foreign` (`week_id`),
  KEY `week_meals_meal_type_id_foreign` (`meal_type_id`),
  KEY `week_meals_meal_id_foreign` (`meal_id`),
  CONSTRAINT `week_meals_meal_id_foreign` FOREIGN KEY (`meal_id`) REFERENCES `meals` (`id`) ON DELETE CASCADE,
  CONSTRAINT `week_meals_meal_type_id_foreign` FOREIGN KEY (`meal_type_id`) REFERENCES `meal_types` (`id`) ON DELETE CASCADE,
  CONSTRAINT `week_meals_week_id_foreign` FOREIGN KEY (`week_id`) REFERENCES `weeks` (`id`) ON DELETE CASCADE
) ENGINE=InnoDB AUTO_INCREMENT=713 DEFAULT CHARSET=utf8mb4 COLLATE=utf8mb4_unicode_ci;
/*!40101 SET character_set_client = @saved_cs_client */;

--
-- Dumping data for table `week_meals`
--

LOCK TABLES `week_meals` WRITE;
/*!40000 ALTER TABLE `week_meals` DISABLE KEYS */;
INSERT INTO `week_meals` VALUES (278,3,8,517,'2019-06-23','2019-06-23 10:02:34','2019-06-23 10:02:34'),(280,3,9,498,'2019-06-23','2019-06-23 10:02:36','2019-06-23 10:02:36'),(281,3,9,499,'2019-06-23','2019-06-23 10:02:36','2019-06-23 10:02:36'),(282,3,9,501,'2019-06-23','2019-06-23 10:02:36','2019-06-23 10:02:36'),(283,3,9,502,'2019-06-23','2019-06-23 10:02:36','2019-06-23 10:02:36'),(284,3,9,507,'2019-06-23','2019-06-23 10:02:36','2019-06-23 10:02:36'),(285,3,9,508,'2019-06-23','2019-06-23 10:02:36','2019-06-23 10:02:36'),(286,3,9,509,'2019-06-23','2019-06-23 10:02:36','2019-06-23 10:02:36'),(287,3,9,510,'2019-06-23','2019-06-23 10:02:36','2019-06-23 10:02:36'),(288,3,9,511,'2019-06-23','2019-06-23 10:02:36','2019-06-23 10:02:36'),(289,3,9,512,'2019-06-23','2019-06-23 10:02:36','2019-06-23 10:02:36'),(290,3,9,521,'2019-06-23','2019-06-23 10:02:36','2019-06-23 10:02:36'),(291,3,9,522,'2019-06-23','2019-06-23 10:02:36','2019-06-23 10:02:36'),(292,3,9,523,'2019-06-23','2019-06-23 10:02:36','2019-06-23 10:02:36'),(293,3,10,500,'2019-06-23','2019-06-23 10:02:54','2019-06-23 10:02:54'),(294,3,10,513,'2019-06-23','2019-06-23 10:02:54','2019-06-23 10:02:54'),(295,3,11,514,'2019-06-23','2019-06-23 10:02:55','2019-06-23 10:02:55'),(296,3,12,518,'2019-06-23','2019-06-23 10:02:55','2019-06-23 10:02:55'),(297,3,12,519,'2019-06-23','2019-06-23 10:02:55','2019-06-23 10:02:55'),(298,3,12,520,'2019-06-23','2019-06-23 10:02:55','2019-06-23 10:02:55'),(299,3,8,505,'2019-06-24','2019-06-23 10:03:10','2019-06-23 10:03:10'),(300,3,12,518,'2019-06-24','2019-06-23 10:03:10','2019-06-23 10:03:10'),(301,3,8,506,'2019-06-24','2019-06-23 10:03:10','2019-06-23 10:03:10'),(302,3,11,514,'2019-06-24','2019-06-23 10:03:10','2019-06-23 10:03:10'),(303,3,8,515,'2019-06-24','2019-06-23 10:03:10','2019-06-23 10:03:10'),(304,3,12,519,'2019-06-24','2019-06-23 10:03:10','2019-06-23 10:03:10'),(305,3,12,520,'2019-06-24','2019-06-23 10:03:10','2019-06-23 10:03:10'),(306,3,8,516,'2019-06-24','2019-06-23 10:03:10','2019-06-23 10:03:10'),(307,3,8,517,'2019-06-24','2019-06-23 10:03:10','2019-06-23 10:03:10'),(308,3,9,497,'2019-06-24','2019-06-23 10:03:11','2019-06-23 10:03:11'),(309,3,10,500,'2019-06-24','2019-06-23 10:03:11','2019-06-23 10:03:11'),(310,3,9,498,'2019-06-24','2019-06-23 10:03:11','2019-06-23 10:03:11'),(311,3,10,513,'2019-06-24','2019-06-23 10:03:11','2019-06-23 10:03:11'),(312,3,9,499,'2019-06-24','2019-06-23 10:03:11','2019-06-23 10:03:11'),(313,3,9,501,'2019-06-24','2019-06-23 10:03:11','2019-06-23 10:03:11'),(314,3,9,502,'2019-06-24','2019-06-23 10:03:11','2019-06-23 10:03:11'),(315,3,9,507,'2019-06-24','2019-06-23 10:03:11','2019-06-23 10:03:11'),(316,3,9,508,'2019-06-24','2019-06-23 10:03:11','2019-06-23 10:03:11'),(317,3,9,509,'2019-06-24','2019-06-23 10:03:11','2019-06-23 10:03:11'),(318,3,9,510,'2019-06-24','2019-06-23 10:03:11','2019-06-23 10:03:11'),(319,3,9,511,'2019-06-24','2019-06-23 10:03:11','2019-06-23 10:03:11'),(320,3,9,512,'2019-06-24','2019-06-23 10:03:11','2019-06-23 10:03:11'),(321,3,9,521,'2019-06-24','2019-06-23 10:03:11','2019-06-23 10:03:11'),(322,3,9,522,'2019-06-24','2019-06-23 10:03:11','2019-06-23 10:03:11'),(323,3,9,523,'2019-06-24','2019-06-23 10:03:11','2019-06-23 10:03:11'),(324,3,11,514,'2019-06-25','2019-06-23 10:03:18','2019-06-23 10:03:18'),(325,3,12,518,'2019-06-25','2019-06-23 10:03:18','2019-06-23 10:03:18'),(326,3,9,497,'2019-06-25','2019-06-23 10:03:18','2019-06-23 10:03:18'),(327,3,12,519,'2019-06-25','2019-06-23 10:03:18','2019-06-23 10:03:18'),(328,3,9,498,'2019-06-25','2019-06-23 10:03:18','2019-06-23 10:03:18'),(329,3,12,520,'2019-06-25','2019-06-23 10:03:18','2019-06-23 10:03:18'),(330,3,9,499,'2019-06-25','2019-06-23 10:03:18','2019-06-23 10:03:18'),(331,3,9,501,'2019-06-25','2019-06-23 10:03:18','2019-06-23 10:03:18'),(332,3,9,502,'2019-06-25','2019-06-23 10:03:18','2019-06-23 10:03:18'),(333,3,9,507,'2019-06-25','2019-06-23 10:03:18','2019-06-23 10:03:18'),(334,3,9,508,'2019-06-25','2019-06-23 10:03:18','2019-06-23 10:03:18'),(335,3,9,509,'2019-06-25','2019-06-23 10:03:18','2019-06-23 10:03:18'),(336,3,9,510,'2019-06-25','2019-06-23 10:03:18','2019-06-23 10:03:18'),(337,3,9,511,'2019-06-25','2019-06-23 10:03:18','2019-06-23 10:03:18'),(338,3,9,512,'2019-06-25','2019-06-23 10:03:18','2019-06-23 10:03:18'),(339,3,9,521,'2019-06-25','2019-06-23 10:03:18','2019-06-23 10:03:18'),(340,3,9,522,'2019-06-25','2019-06-23 10:03:18','2019-06-23 10:03:18'),(341,3,9,523,'2019-06-25','2019-06-23 10:03:18','2019-06-23 10:03:18'),(342,3,10,500,'2019-06-25','2019-06-23 10:03:18','2019-06-23 10:03:18'),(343,3,8,505,'2019-06-25','2019-06-23 10:03:18','2019-06-23 10:03:18'),(344,3,10,513,'2019-06-25','2019-06-23 10:03:18','2019-06-23 10:03:18'),(345,3,8,506,'2019-06-25','2019-06-23 10:03:18','2019-06-23 10:03:18'),(346,3,8,515,'2019-06-25','2019-06-23 10:03:18','2019-06-23 10:03:18'),(347,3,8,516,'2019-06-25','2019-06-23 10:03:18','2019-06-23 10:03:18'),(348,3,8,517,'2019-06-25','2019-06-23 10:03:18','2019-06-23 10:03:18'),(349,3,8,505,'2019-06-26','2019-06-23 10:03:29','2019-06-23 10:03:29'),(350,3,12,518,'2019-06-26','2019-06-23 10:03:29','2019-06-23 10:03:29'),(351,3,8,506,'2019-06-26','2019-06-23 10:03:29','2019-06-23 10:03:29'),(352,3,11,514,'2019-06-26','2019-06-23 10:03:29','2019-06-23 10:03:29'),(353,3,12,519,'2019-06-26','2019-06-23 10:03:29','2019-06-23 10:03:29'),(354,3,8,515,'2019-06-26','2019-06-23 10:03:29','2019-06-23 10:03:29'),(355,3,12,520,'2019-06-26','2019-06-23 10:03:29','2019-06-23 10:03:29'),(356,3,8,516,'2019-06-26','2019-06-23 10:03:29','2019-06-23 10:03:29'),(357,3,8,517,'2019-06-26','2019-06-23 10:03:29','2019-06-23 10:03:29'),(358,3,10,500,'2019-06-26','2019-06-23 10:03:29','2019-06-23 10:03:29'),(359,3,9,497,'2019-06-26','2019-06-23 10:03:29','2019-06-23 10:03:29'),(360,3,10,513,'2019-06-26','2019-06-23 10:03:29','2019-06-23 10:03:29'),(361,3,9,498,'2019-06-26','2019-06-23 10:03:29','2019-06-23 10:03:29'),(362,3,9,499,'2019-06-26','2019-06-23 10:03:29','2019-06-23 10:03:29'),(363,3,9,501,'2019-06-26','2019-06-23 10:03:29','2019-06-23 10:03:29'),(364,3,9,502,'2019-06-26','2019-06-23 10:03:29','2019-06-23 10:03:29'),(365,3,9,507,'2019-06-26','2019-06-23 10:03:29','2019-06-23 10:03:29'),(366,3,9,508,'2019-06-26','2019-06-23 10:03:29','2019-06-23 10:03:29'),(367,3,9,509,'2019-06-26','2019-06-23 10:03:29','2019-06-23 10:03:29'),(368,3,9,510,'2019-06-26','2019-06-23 10:03:29','2019-06-23 10:03:29'),(369,3,9,511,'2019-06-26','2019-06-23 10:03:29','2019-06-23 10:03:29'),(370,3,9,512,'2019-06-26','2019-06-23 10:03:29','2019-06-23 10:03:29'),(371,3,9,521,'2019-06-26','2019-06-23 10:03:29','2019-06-23 10:03:29'),(372,3,9,522,'2019-06-26','2019-06-23 10:03:29','2019-06-23 10:03:29'),(373,3,9,523,'2019-06-26','2019-06-23 10:03:29','2019-06-23 10:03:29'),(374,3,10,500,'2019-06-27','2019-06-23 10:03:41','2019-06-23 10:03:41'),(375,3,10,513,'2019-06-27','2019-06-23 10:03:41','2019-06-23 10:03:41'),(376,3,9,497,'2019-06-27','2019-06-23 10:03:41','2019-06-23 10:03:41'),(377,3,9,498,'2019-06-27','2019-06-23 10:03:41','2019-06-23 10:03:41'),(378,3,9,499,'2019-06-27','2019-06-23 10:03:41','2019-06-23 10:03:41'),(379,3,9,501,'2019-06-27','2019-06-23 10:03:41','2019-06-23 10:03:41'),(380,3,9,502,'2019-06-27','2019-06-23 10:03:41','2019-06-23 10:03:41'),(381,3,9,507,'2019-06-27','2019-06-23 10:03:41','2019-06-23 10:03:41'),(382,3,9,508,'2019-06-27','2019-06-23 10:03:41','2019-06-23 10:03:41'),(383,3,9,509,'2019-06-27','2019-06-23 10:03:41','2019-06-23 10:03:41'),(384,3,9,510,'2019-06-27','2019-06-23 10:03:41','2019-06-23 10:03:41'),(385,3,9,511,'2019-06-27','2019-06-23 10:03:41','2019-06-23 10:03:41'),(386,3,9,512,'2019-06-27','2019-06-23 10:03:41','2019-06-23 10:03:41'),(387,3,9,521,'2019-06-27','2019-06-23 10:03:41','2019-06-23 10:03:41'),(388,3,9,522,'2019-06-27','2019-06-23 10:03:41','2019-06-23 10:03:41'),(389,3,9,523,'2019-06-27','2019-06-23 10:03:41','2019-06-23 10:03:41'),(390,3,12,518,'2019-06-27','2019-06-23 10:03:41','2019-06-23 10:03:41'),(391,3,12,519,'2019-06-27','2019-06-23 10:03:41','2019-06-23 10:03:41'),(392,3,12,520,'2019-06-27','2019-06-23 10:03:41','2019-06-23 10:03:41'),(393,3,8,505,'2019-06-27','2019-06-23 10:03:41','2019-06-23 10:03:41'),(394,3,11,514,'2019-06-27','2019-06-23 10:03:41','2019-06-23 10:03:41'),(395,3,8,506,'2019-06-27','2019-06-23 10:03:41','2019-06-23 10:03:41'),(396,3,8,515,'2019-06-27','2019-06-23 10:03:41','2019-06-23 10:03:41'),(397,3,8,516,'2019-06-27','2019-06-23 10:03:41','2019-06-23 10:03:41'),(398,3,8,517,'2019-06-27','2019-06-23 10:03:41','2019-06-23 10:03:41'),(399,3,12,518,'2019-06-28','2019-06-23 10:03:48','2019-06-23 10:03:48'),(400,3,10,500,'2019-06-28','2019-06-23 10:03:48','2019-06-23 10:03:48'),(401,3,9,497,'2019-06-28','2019-06-23 10:03:48','2019-06-23 10:03:48'),(402,3,12,519,'2019-06-28','2019-06-23 10:03:48','2019-06-23 10:03:48'),(403,3,10,513,'2019-06-28','2019-06-23 10:03:48','2019-06-23 10:03:48'),(404,3,9,498,'2019-06-28','2019-06-23 10:03:48','2019-06-23 10:03:48'),(405,3,12,520,'2019-06-28','2019-06-23 10:03:48','2019-06-23 10:03:48'),(406,3,9,499,'2019-06-28','2019-06-23 10:03:48','2019-06-23 10:03:48'),(407,3,9,501,'2019-06-28','2019-06-23 10:03:48','2019-06-23 10:03:48'),(408,3,9,502,'2019-06-28','2019-06-23 10:03:48','2019-06-23 10:03:48'),(409,3,9,507,'2019-06-28','2019-06-23 10:03:48','2019-06-23 10:03:48'),(410,3,9,508,'2019-06-28','2019-06-23 10:03:48','2019-06-23 10:03:48'),(411,3,9,509,'2019-06-28','2019-06-23 10:03:48','2019-06-23 10:03:48'),(412,3,9,510,'2019-06-28','2019-06-23 10:03:48','2019-06-23 10:03:48'),(413,3,9,511,'2019-06-28','2019-06-23 10:03:48','2019-06-23 10:03:48'),(414,3,9,512,'2019-06-28','2019-06-23 10:03:48','2019-06-23 10:03:48'),(415,3,9,521,'2019-06-28','2019-06-23 10:03:48','2019-06-23 10:03:48'),(416,3,9,522,'2019-06-28','2019-06-23 10:03:48','2019-06-23 10:03:48'),(417,3,9,523,'2019-06-28','2019-06-23 10:03:48','2019-06-23 10:03:48'),(418,3,8,505,'2019-06-28','2019-06-23 10:03:48','2019-06-23 10:03:48'),(419,3,11,514,'2019-06-28','2019-06-23 10:03:48','2019-06-23 10:03:48'),(420,3,8,506,'2019-06-28','2019-06-23 10:03:48','2019-06-23 10:03:48'),(421,3,8,515,'2019-06-28','2019-06-23 10:03:48','2019-06-23 10:03:48'),(422,3,8,516,'2019-06-28','2019-06-23 10:03:48','2019-06-23 10:03:48'),(423,3,8,517,'2019-06-28','2019-06-23 10:03:48','2019-06-23 10:03:48'),(424,3,11,514,'2019-06-29','2019-06-23 10:03:54','2019-06-23 10:03:54'),(425,3,12,518,'2019-06-29','2019-06-23 10:03:54','2019-06-23 10:03:54'),(426,3,8,505,'2019-06-29','2019-06-23 10:03:54','2019-06-23 10:03:54'),(427,3,12,519,'2019-06-29','2019-06-23 10:03:54','2019-06-23 10:03:54'),(428,3,8,506,'2019-06-29','2019-06-23 10:03:54','2019-06-23 10:03:54'),(429,3,12,520,'2019-06-29','2019-06-23 10:03:54','2019-06-23 10:03:54'),(430,3,8,515,'2019-06-29','2019-06-23 10:03:54','2019-06-23 10:03:54'),(431,3,8,516,'2019-06-29','2019-06-23 10:03:54','2019-06-23 10:03:54'),(432,3,8,517,'2019-06-29','2019-06-23 10:03:54','2019-06-23 10:03:54'),(433,3,10,500,'2019-06-29','2019-06-23 10:03:54','2019-06-23 10:03:54'),(434,3,10,513,'2019-06-29','2019-06-23 10:03:54','2019-06-23 10:03:54'),(435,3,9,497,'2019-06-29','2019-06-23 10:03:54','2019-06-23 10:03:54'),(436,3,9,498,'2019-06-29','2019-06-23 10:03:54','2019-06-23 10:03:54'),(437,3,9,499,'2019-06-29','2019-06-23 10:03:54','2019-06-23 10:03:54'),(438,3,9,501,'2019-06-29','2019-06-23 10:03:54','2019-06-23 10:03:54'),(439,3,9,502,'2019-06-29','2019-06-23 10:03:54','2019-06-23 10:03:54'),(440,3,9,507,'2019-06-29','2019-06-23 10:03:54','2019-06-23 10:03:54'),(441,3,9,508,'2019-06-29','2019-06-23 10:03:54','2019-06-23 10:03:54'),(442,3,9,509,'2019-06-29','2019-06-23 10:03:54','2019-06-23 10:03:54'),(443,3,9,510,'2019-06-29','2019-06-23 10:03:54','2019-06-23 10:03:54'),(444,3,9,511,'2019-06-29','2019-06-23 10:03:54','2019-06-23 10:03:54'),(445,3,9,512,'2019-06-29','2019-06-23 10:03:54','2019-06-23 10:03:54'),(446,3,9,521,'2019-06-29','2019-06-23 10:03:54','2019-06-23 10:03:54'),(447,3,9,522,'2019-06-29','2019-06-23 10:03:54','2019-06-23 10:03:54'),(448,3,9,523,'2019-06-29','2019-06-23 10:03:54','2019-06-23 10:03:54'),(450,3,9,524,'2019-06-24','2019-06-23 12:42:17','2019-06-23 12:42:17'),(451,3,9,524,'2019-06-25','2019-06-23 12:42:17','2019-06-23 12:42:17'),(452,3,9,524,'2019-06-26','2019-06-23 12:42:17','2019-06-23 12:42:17'),(453,3,9,524,'2019-06-27','2019-06-23 12:42:17','2019-06-23 12:42:17'),(454,3,9,524,'2019-06-28','2019-06-23 12:42:17','2019-06-23 12:42:17'),(455,3,9,524,'2019-06-29','2019-06-23 12:42:17','2019-06-23 12:42:17'),(457,3,8,525,'2019-06-24','2019-06-23 12:42:17','2019-06-23 12:42:17'),(458,3,8,525,'2019-06-25','2019-06-23 12:42:17','2019-06-23 12:42:17'),(459,3,8,525,'2019-06-26','2019-06-23 12:42:17','2019-06-23 12:42:17'),(460,3,8,525,'2019-06-27','2019-06-23 12:42:17','2019-06-23 12:42:17'),(461,3,8,525,'2019-06-28','2019-06-23 12:42:17','2019-06-23 12:42:17'),(462,3,8,525,'2019-06-29','2019-06-23 12:42:17','2019-06-23 12:42:17'),(477,3,10,531,'2019-06-23','2019-06-23 14:57:06','2019-06-23 14:57:06'),(478,3,10,532,'2019-06-23','2019-06-23 14:57:06','2019-06-23 14:57:06'),(480,3,9,528,'2019-06-23','2019-06-23 14:57:06','2019-06-23 14:57:06'),(481,3,9,529,'2019-06-23','2019-06-23 14:57:06','2019-06-23 14:57:06'),(482,3,9,530,'2019-06-23','2019-06-23 14:57:06','2019-06-23 14:57:06'),(483,3,9,497,'2019-06-23','2019-06-23 14:57:27','2019-06-23 14:57:27'),(484,3,9,524,'2019-06-23','2019-06-23 14:58:01','2019-06-23 14:58:01'),(485,3,8,506,'2019-06-23','2019-07-15 16:54:50','2019-07-15 16:54:50'),(486,3,8,515,'2019-06-23','2019-07-15 16:54:51','2019-07-15 16:54:51'),(487,3,8,505,'2019-06-23','2019-07-15 16:54:53','2019-07-15 16:54:53'),(488,3,10,536,'2019-06-23','2019-07-15 16:55:00','2019-07-15 16:55:00'),(489,3,10,537,'2019-06-23','2019-07-15 16:55:02','2019-07-15 16:55:02'),(490,3,11,557,'2019-06-23','2019-07-15 16:55:04','2019-07-15 16:55:04'),(491,3,9,524,'2019-07-16','2019-07-15 16:56:08','2019-07-15 16:56:08'),(493,3,9,524,'2019-07-18','2019-07-15 16:56:08','2019-07-15 16:56:08'),(496,3,8,525,'2019-07-18','2019-07-15 16:56:08','2019-07-15 16:56:08'),(497,3,10,572,'2019-07-16','2019-07-15 16:56:08','2019-07-15 16:56:08'),(498,3,10,572,'2019-07-17','2019-07-15 16:56:08','2019-07-15 16:56:08'),(499,3,10,572,'2019-07-18','2019-07-15 16:56:08','2019-07-15 16:56:08'),(502,3,8,573,'2019-07-18','2019-07-15 16:56:08','2019-07-15 16:56:08'),(503,3,8,505,'2019-07-16','2019-07-15 17:27:59','2019-07-15 17:27:59'),(504,3,8,506,'2019-07-16','2019-07-15 17:28:00','2019-07-15 17:28:00'),(505,3,8,505,'2019-07-17','2019-07-15 17:28:05','2019-07-15 17:28:05'),(506,3,8,506,'2019-07-17','2019-07-15 17:28:06','2019-07-15 17:28:06'),(507,3,9,497,'2019-07-17','2019-07-15 17:28:12','2019-07-15 17:28:12'),(508,3,9,498,'2019-07-17','2019-07-15 17:28:12','2019-07-15 17:28:12'),(509,3,9,499,'2019-07-17','2019-07-15 17:28:12','2019-07-15 17:28:12'),(510,3,9,501,'2019-07-17','2019-07-15 17:28:12','2019-07-15 17:28:12'),(511,3,9,502,'2019-07-17','2019-07-15 17:28:12','2019-07-15 17:28:12'),(512,3,9,507,'2019-07-17','2019-07-15 17:28:12','2019-07-15 17:28:12'),(513,3,9,508,'2019-07-17','2019-07-15 17:28:12','2019-07-15 17:28:12'),(514,3,9,509,'2019-07-17','2019-07-15 17:28:12','2019-07-15 17:28:12'),(515,3,9,510,'2019-07-17','2019-07-15 17:28:12','2019-07-15 17:28:12'),(516,3,9,511,'2019-07-17','2019-07-15 17:28:12','2019-07-15 17:28:12'),(517,3,9,512,'2019-07-17','2019-07-15 17:28:12','2019-07-15 17:28:12'),(518,3,9,521,'2019-07-17','2019-07-15 17:28:12','2019-07-15 17:28:12'),(519,3,9,522,'2019-07-17','2019-07-15 17:28:12','2019-07-15 17:28:12'),(520,3,9,523,'2019-07-17','2019-07-15 17:28:12','2019-07-15 17:28:12'),(521,3,9,524,'2019-07-17','2019-07-15 17:28:12','2019-07-15 17:28:12'),(522,3,9,528,'2019-07-17','2019-07-15 17:28:12','2019-07-15 17:28:12'),(523,3,9,529,'2019-07-17','2019-07-15 17:28:12','2019-07-15 17:28:12'),(524,3,9,530,'2019-07-17','2019-07-15 17:28:12','2019-07-15 17:28:12'),(525,3,9,533,'2019-07-17','2019-07-15 17:28:12','2019-07-15 17:28:12'),(526,3,9,534,'2019-07-17','2019-07-15 17:28:12','2019-07-15 17:28:12'),(527,3,9,535,'2019-07-17','2019-07-15 17:28:12','2019-07-15 17:28:12'),(528,3,9,538,'2019-07-17','2019-07-15 17:28:12','2019-07-15 17:28:12'),(529,3,9,539,'2019-07-17','2019-07-15 17:28:12','2019-07-15 17:28:12'),(530,3,9,540,'2019-07-17','2019-07-15 17:28:12','2019-07-15 17:28:12'),(531,3,9,544,'2019-07-17','2019-07-15 17:28:12','2019-07-15 17:28:12'),(532,3,9,545,'2019-07-17','2019-07-15 17:28:12','2019-07-15 17:28:12'),(533,3,9,546,'2019-07-17','2019-07-15 17:28:12','2019-07-15 17:28:12'),(534,3,9,547,'2019-07-17','2019-07-15 17:28:12','2019-07-15 17:28:12'),(535,3,9,550,'2019-07-17','2019-07-15 17:28:12','2019-07-15 17:28:12'),(536,3,9,551,'2019-07-17','2019-07-15 17:28:12','2019-07-15 17:28:12'),(537,3,9,552,'2019-07-17','2019-07-15 17:28:12','2019-07-15 17:28:12'),(538,3,9,553,'2019-07-17','2019-07-15 17:28:12','2019-07-15 17:28:12'),(539,3,9,556,'2019-07-17','2019-07-15 17:28:12','2019-07-15 17:28:12'),(540,3,9,558,'2019-07-17','2019-07-15 17:28:12','2019-07-15 17:28:12'),(541,3,9,559,'2019-07-17','2019-07-15 17:28:12','2019-07-15 17:28:12'),(542,3,9,560,'2019-07-17','2019-07-15 17:28:12','2019-07-15 17:28:12'),(543,3,9,563,'2019-07-17','2019-07-15 17:28:12','2019-07-15 17:28:12'),(544,3,9,564,'2019-07-17','2019-07-15 17:28:12','2019-07-15 17:28:12'),(545,3,9,566,'2019-07-17','2019-07-15 17:28:12','2019-07-15 17:28:12'),(546,3,9,567,'2019-07-17','2019-07-15 17:28:12','2019-07-15 17:28:12'),(547,3,9,568,'2019-07-17','2019-07-15 17:28:12','2019-07-15 17:28:12'),(548,3,9,569,'2019-07-17','2019-07-15 17:28:12','2019-07-15 17:28:12'),(549,3,9,570,'2019-07-17','2019-07-15 17:28:12','2019-07-15 17:28:12'),(550,3,8,515,'2019-07-17','2019-07-15 17:28:13','2019-07-15 17:28:13'),(551,3,8,516,'2019-07-17','2019-07-15 17:28:13','2019-07-15 17:28:13'),(552,3,8,517,'2019-07-17','2019-07-15 17:28:13','2019-07-15 17:28:13'),(553,3,8,525,'2019-07-17','2019-07-15 17:28:13','2019-07-15 17:28:13'),(554,3,8,571,'2019-07-17','2019-07-15 17:28:13','2019-07-15 17:28:13'),(555,3,8,573,'2019-07-17','2019-07-15 17:28:13','2019-07-15 17:28:13'),(556,3,10,500,'2019-07-17','2019-07-15 17:28:17','2019-07-15 17:28:17'),(557,3,10,513,'2019-07-17','2019-07-15 17:28:17','2019-07-15 17:28:17'),(558,3,10,531,'2019-07-17','2019-07-15 17:28:17','2019-07-15 17:28:17'),(559,3,10,532,'2019-07-17','2019-07-15 17:28:17','2019-07-15 17:28:17'),(560,3,10,536,'2019-07-17','2019-07-15 17:28:17','2019-07-15 17:28:17'),(561,3,10,537,'2019-07-17','2019-07-15 17:28:17','2019-07-15 17:28:17'),(562,3,10,541,'2019-07-17','2019-07-15 17:28:17','2019-07-15 17:28:17'),(563,3,10,542,'2019-07-17','2019-07-15 17:28:17','2019-07-15 17:28:17'),(564,3,10,548,'2019-07-17','2019-07-15 17:28:17','2019-07-15 17:28:17'),(565,3,10,549,'2019-07-17','2019-07-15 17:28:17','2019-07-15 17:28:17'),(566,3,10,554,'2019-07-17','2019-07-15 17:28:17','2019-07-15 17:28:17'),(567,3,10,555,'2019-07-17','2019-07-15 17:28:17','2019-07-15 17:28:17'),(568,3,10,561,'2019-07-17','2019-07-15 17:28:17','2019-07-15 17:28:17'),(569,3,10,562,'2019-07-17','2019-07-15 17:28:17','2019-07-15 17:28:17'),(570,3,11,514,'2019-07-17','2019-07-15 17:28:19','2019-07-15 17:28:19'),(571,3,11,543,'2019-07-17','2019-07-15 17:28:19','2019-07-15 17:28:19'),(572,3,11,557,'2019-07-17','2019-07-15 17:28:19','2019-07-15 17:28:19'),(573,3,8,515,'2019-07-16','2019-07-15 17:28:22','2019-07-15 17:28:22'),(574,3,8,516,'2019-07-16','2019-07-15 17:28:22','2019-07-15 17:28:22'),(575,3,8,517,'2019-07-16','2019-07-15 17:28:22','2019-07-15 17:28:22'),(576,3,8,525,'2019-07-16','2019-07-15 17:28:22','2019-07-15 17:28:22'),(577,3,8,571,'2019-07-16','2019-07-15 17:28:22','2019-07-15 17:28:22'),(578,3,8,573,'2019-07-16','2019-07-15 17:28:22','2019-07-15 17:28:22'),(579,3,9,497,'2019-07-16','2019-07-15 17:28:24','2019-07-15 17:28:24'),(580,3,9,498,'2019-07-16','2019-07-15 17:28:24','2019-07-15 17:28:24'),(581,3,9,499,'2019-07-16','2019-07-15 17:28:24','2019-07-15 17:28:24'),(582,3,9,501,'2019-07-16','2019-07-15 17:28:24','2019-07-15 17:28:24'),(583,3,9,502,'2019-07-16','2019-07-15 17:28:24','2019-07-15 17:28:24'),(584,3,9,507,'2019-07-16','2019-07-15 17:28:24','2019-07-15 17:28:24'),(585,3,9,508,'2019-07-16','2019-07-15 17:28:24','2019-07-15 17:28:24'),(586,3,9,509,'2019-07-16','2019-07-15 17:28:24','2019-07-15 17:28:24'),(587,3,9,510,'2019-07-16','2019-07-15 17:28:24','2019-07-15 17:28:24'),(588,3,9,511,'2019-07-16','2019-07-15 17:28:24','2019-07-15 17:28:24'),(589,3,9,512,'2019-07-16','2019-07-15 17:28:24','2019-07-15 17:28:24'),(590,3,9,521,'2019-07-16','2019-07-15 17:28:24','2019-07-15 17:28:24'),(591,3,9,522,'2019-07-16','2019-07-15 17:28:24','2019-07-15 17:28:24'),(592,3,9,523,'2019-07-16','2019-07-15 17:28:24','2019-07-15 17:28:24'),(593,3,9,528,'2019-07-16','2019-07-15 17:28:24','2019-07-15 17:28:24'),(594,3,9,529,'2019-07-16','2019-07-15 17:28:24','2019-07-15 17:28:24'),(595,3,9,530,'2019-07-16','2019-07-15 17:28:24','2019-07-15 17:28:24'),(596,3,9,533,'2019-07-16','2019-07-15 17:28:24','2019-07-15 17:28:24'),(597,3,9,534,'2019-07-16','2019-07-15 17:28:24','2019-07-15 17:28:24'),(598,3,9,535,'2019-07-16','2019-07-15 17:28:24','2019-07-15 17:28:24'),(599,3,9,538,'2019-07-16','2019-07-15 17:28:24','2019-07-15 17:28:24'),(600,3,9,539,'2019-07-16','2019-07-15 17:28:24','2019-07-15 17:28:24'),(601,3,9,540,'2019-07-16','2019-07-15 17:28:24','2019-07-15 17:28:24'),(602,3,9,544,'2019-07-16','2019-07-15 17:28:24','2019-07-15 17:28:24'),(603,3,9,545,'2019-07-16','2019-07-15 17:28:24','2019-07-15 17:28:24'),(604,3,9,546,'2019-07-16','2019-07-15 17:28:24','2019-07-15 17:28:24'),(605,3,9,547,'2019-07-16','2019-07-15 17:28:24','2019-07-15 17:28:24'),(606,3,9,550,'2019-07-16','2019-07-15 17:28:24','2019-07-15 17:28:24'),(607,3,9,551,'2019-07-16','2019-07-15 17:28:24','2019-07-15 17:28:24'),(608,3,9,552,'2019-07-16','2019-07-15 17:28:24','2019-07-15 17:28:24'),(609,3,9,553,'2019-07-16','2019-07-15 17:28:24','2019-07-15 17:28:24'),(610,3,9,556,'2019-07-16','2019-07-15 17:28:24','2019-07-15 17:28:24'),(611,3,9,558,'2019-07-16','2019-07-15 17:28:24','2019-07-15 17:28:24'),(612,3,9,559,'2019-07-16','2019-07-15 17:28:24','2019-07-15 17:28:24'),(613,3,9,560,'2019-07-16','2019-07-15 17:28:24','2019-07-15 17:28:24'),(614,3,9,563,'2019-07-16','2019-07-15 17:28:24','2019-07-15 17:28:24'),(615,3,9,564,'2019-07-16','2019-07-15 17:28:24','2019-07-15 17:28:24'),(616,3,9,566,'2019-07-16','2019-07-15 17:28:24','2019-07-15 17:28:24'),(617,3,9,567,'2019-07-16','2019-07-15 17:28:24','2019-07-15 17:28:24'),(618,3,9,568,'2019-07-16','2019-07-15 17:28:24','2019-07-15 17:28:24'),(619,3,9,569,'2019-07-16','2019-07-15 17:28:24','2019-07-15 17:28:24'),(620,3,9,570,'2019-07-16','2019-07-15 17:28:24','2019-07-15 17:28:24'),(621,3,10,500,'2019-07-16','2019-07-15 17:28:26','2019-07-15 17:28:26'),(622,3,10,513,'2019-07-16','2019-07-15 17:28:26','2019-07-15 17:28:26'),(623,3,10,531,'2019-07-16','2019-07-15 17:28:26','2019-07-15 17:28:26'),(624,3,10,532,'2019-07-16','2019-07-15 17:28:26','2019-07-15 17:28:26'),(625,3,10,536,'2019-07-16','2019-07-15 17:28:26','2019-07-15 17:28:26'),(626,3,10,537,'2019-07-16','2019-07-15 17:28:26','2019-07-15 17:28:26'),(627,3,10,541,'2019-07-16','2019-07-15 17:28:26','2019-07-15 17:28:26'),(628,3,10,542,'2019-07-16','2019-07-15 17:28:26','2019-07-15 17:28:26'),(629,3,10,548,'2019-07-16','2019-07-15 17:28:26','2019-07-15 17:28:26'),(630,3,10,549,'2019-07-16','2019-07-15 17:28:26','2019-07-15 17:28:26'),(631,3,10,554,'2019-07-16','2019-07-15 17:28:26','2019-07-15 17:28:26'),(632,3,10,555,'2019-07-16','2019-07-15 17:28:26','2019-07-15 17:28:26'),(633,3,10,561,'2019-07-16','2019-07-15 17:28:26','2019-07-15 17:28:26'),(634,3,10,562,'2019-07-16','2019-07-15 17:28:26','2019-07-15 17:28:26'),(635,3,11,514,'2019-07-16','2019-07-15 17:28:28','2019-07-15 17:28:28'),(636,3,11,543,'2019-07-16','2019-07-15 17:28:28','2019-07-15 17:28:28'),(637,3,11,557,'2019-07-16','2019-07-15 17:28:28','2019-07-15 17:28:28'),(638,3,12,518,'2019-07-16','2019-07-15 17:28:30','2019-07-15 17:28:30'),(639,3,12,519,'2019-07-16','2019-07-15 17:28:30','2019-07-15 17:28:30'),(640,3,12,520,'2019-07-16','2019-07-15 17:28:30','2019-07-15 17:28:30'),(644,3,8,516,'2019-07-18','2019-07-15 17:28:34','2019-07-15 17:28:34'),(645,3,8,517,'2019-07-18','2019-07-15 17:28:34','2019-07-15 17:28:34'),(646,3,8,571,'2019-07-18','2019-07-15 17:28:34','2019-07-15 17:28:34'),(647,3,9,497,'2019-07-18','2019-07-15 17:28:36','2019-07-15 17:28:36'),(648,3,9,498,'2019-07-18','2019-07-15 17:28:36','2019-07-15 17:28:36'),(649,3,9,499,'2019-07-18','2019-07-15 17:28:36','2019-07-15 17:28:36'),(650,3,9,501,'2019-07-18','2019-07-15 17:28:36','2019-07-15 17:28:36'),(651,3,9,502,'2019-07-18','2019-07-15 17:28:36','2019-07-15 17:28:36'),(652,3,9,507,'2019-07-18','2019-07-15 17:28:36','2019-07-15 17:28:36'),(653,3,9,508,'2019-07-18','2019-07-15 17:28:36','2019-07-15 17:28:36'),(654,3,9,509,'2019-07-18','2019-07-15 17:28:36','2019-07-15 17:28:36'),(655,3,9,510,'2019-07-18','2019-07-15 17:28:36','2019-07-15 17:28:36'),(656,3,9,511,'2019-07-18','2019-07-15 17:28:36','2019-07-15 17:28:36'),(657,3,9,512,'2019-07-18','2019-07-15 17:28:36','2019-07-15 17:28:36'),(658,3,9,521,'2019-07-18','2019-07-15 17:28:36','2019-07-15 17:28:36'),(659,3,9,522,'2019-07-18','2019-07-15 17:28:36','2019-07-15 17:28:36'),(660,3,9,523,'2019-07-18','2019-07-15 17:28:36','2019-07-15 17:28:36'),(661,3,9,528,'2019-07-18','2019-07-15 17:28:36','2019-07-15 17:28:36'),(662,3,9,529,'2019-07-18','2019-07-15 17:28:36','2019-07-15 17:28:36'),(663,3,9,530,'2019-07-18','2019-07-15 17:28:36','2019-07-15 17:28:36'),(664,3,9,533,'2019-07-18','2019-07-15 17:28:36','2019-07-15 17:28:36'),(665,3,9,534,'2019-07-18','2019-07-15 17:28:36','2019-07-15 17:28:36'),(666,3,9,535,'2019-07-18','2019-07-15 17:28:36','2019-07-15 17:28:36'),(667,3,9,538,'2019-07-18','2019-07-15 17:28:36','2019-07-15 17:28:36'),(668,3,9,539,'2019-07-18','2019-07-15 17:28:36','2019-07-15 17:28:36'),(669,3,9,540,'2019-07-18','2019-07-15 17:28:36','2019-07-15 17:28:36'),(670,3,9,544,'2019-07-18','2019-07-15 17:28:36','2019-07-15 17:28:36'),(671,3,9,545,'2019-07-18','2019-07-15 17:28:36','2019-07-15 17:28:36'),(672,3,9,546,'2019-07-18','2019-07-15 17:28:36','2019-07-15 17:28:36'),(673,3,9,547,'2019-07-18','2019-07-15 17:28:36','2019-07-15 17:28:36'),(674,3,9,550,'2019-07-18','2019-07-15 17:28:36','2019-07-15 17:28:36'),(675,3,9,551,'2019-07-18','2019-07-15 17:28:36','2019-07-15 17:28:36'),(676,3,9,552,'2019-07-18','2019-07-15 17:28:36','2019-07-15 17:28:36'),(677,3,9,553,'2019-07-18','2019-07-15 17:28:36','2019-07-15 17:28:36'),(678,3,9,556,'2019-07-18','2019-07-15 17:28:36','2019-07-15 17:28:36'),(679,3,9,558,'2019-07-18','2019-07-15 17:28:36','2019-07-15 17:28:36'),(680,3,9,559,'2019-07-18','2019-07-15 17:28:36','2019-07-15 17:28:36'),(681,3,9,560,'2019-07-18','2019-07-15 17:28:36','2019-07-15 17:28:36'),(682,3,9,563,'2019-07-18','2019-07-15 17:28:36','2019-07-15 17:28:36'),(683,3,9,564,'2019-07-18','2019-07-15 17:28:36','2019-07-15 17:28:36'),(684,3,9,566,'2019-07-18','2019-07-15 17:28:36','2019-07-15 17:28:36'),(685,3,9,567,'2019-07-18','2019-07-15 17:28:36','2019-07-15 17:28:36'),(686,3,9,568,'2019-07-18','2019-07-15 17:28:36','2019-07-15 17:28:36'),(687,3,9,569,'2019-07-18','2019-07-15 17:28:36','2019-07-15 17:28:36'),(688,3,9,570,'2019-07-18','2019-07-15 17:28:36','2019-07-15 17:28:36'),(689,3,10,500,'2019-07-18','2019-07-15 17:28:38','2019-07-15 17:28:38'),(690,3,10,513,'2019-07-18','2019-07-15 17:28:38','2019-07-15 17:28:38'),(691,3,10,531,'2019-07-18','2019-07-15 17:28:38','2019-07-15 17:28:38'),(692,3,10,532,'2019-07-18','2019-07-15 17:28:38','2019-07-15 17:28:38'),(693,3,10,536,'2019-07-18','2019-07-15 17:28:38','2019-07-15 17:28:38'),(694,3,10,537,'2019-07-18','2019-07-15 17:28:38','2019-07-15 17:28:38'),(695,3,10,541,'2019-07-18','2019-07-15 17:28:38','2019-07-15 17:28:38'),(696,3,10,542,'2019-07-18','2019-07-15 17:28:38','2019-07-15 17:28:38'),(697,3,10,548,'2019-07-18','2019-07-15 17:28:38','2019-07-15 17:28:38'),(698,3,10,549,'2019-07-18','2019-07-15 17:28:38','2019-07-15 17:28:38'),(699,3,10,554,'2019-07-18','2019-07-15 17:28:38','2019-07-15 17:28:38'),(700,3,10,555,'2019-07-18','2019-07-15 17:28:38','2019-07-15 17:28:38'),(701,3,10,561,'2019-07-18','2019-07-15 17:28:38','2019-07-15 17:28:38'),(702,3,10,562,'2019-07-18','2019-07-15 17:28:38','2019-07-15 17:28:38'),(703,3,11,514,'2019-07-18','2019-07-15 17:28:40','2019-07-15 17:28:40'),(704,3,11,543,'2019-07-18','2019-07-15 17:28:40','2019-07-15 17:28:40'),(705,3,11,557,'2019-07-18','2019-07-15 17:28:40','2019-07-15 17:28:40'),(706,3,12,518,'2019-07-18','2019-07-15 17:28:41','2019-07-15 17:28:41'),(707,3,12,519,'2019-07-18','2019-07-15 17:28:41','2019-07-15 17:28:41'),(708,3,12,520,'2019-07-18','2019-07-15 17:28:41','2019-07-15 17:28:41'),(710,3,8,505,'2019-07-18','2019-07-17 15:36:46','2019-07-17 15:36:46'),(711,3,8,506,'2019-07-18','2019-07-17 15:36:47','2019-07-17 15:36:47'),(712,3,8,515,'2019-07-18','2019-07-17 15:36:49','2019-07-17 15:36:49');
/*!40000 ALTER TABLE `week_meals` ENABLE KEYS */;
UNLOCK TABLES;

--
-- Table structure for table `weeks`
--

DROP TABLE IF EXISTS `weeks`;
/*!40101 SET @saved_cs_client     = @@character_set_client */;
/*!40101 SET character_set_client = utf8 */;
CREATE TABLE `weeks` (
  `id` int(10) unsigned NOT NULL AUTO_INCREMENT,
  `startdate` date NOT NULL,
  `enddate` date NOT NULL,
  `created_at` timestamp NULL DEFAULT NULL,
  `updated_at` timestamp NULL DEFAULT NULL,
  `name` varchar(255) COLLATE utf8mb4_unicode_ci NOT NULL,
  PRIMARY KEY (`id`)
) ENGINE=InnoDB AUTO_INCREMENT=4 DEFAULT CHARSET=utf8mb4 COLLATE=utf8mb4_unicode_ci;
/*!40101 SET character_set_client = @saved_cs_client */;

--
-- Dumping data for table `weeks`
--

LOCK TABLES `weeks` WRITE;
/*!40000 ALTER TABLE `weeks` DISABLE KEYS */;
INSERT INTO `weeks` VALUES (3,'2019-07-16','2019-07-18','2019-06-23 10:02:19','2019-07-15 16:55:41','Week 1');
/*!40000 ALTER TABLE `weeks` ENABLE KEYS */;
UNLOCK TABLES;
/*!40103 SET TIME_ZONE=@OLD_TIME_ZONE */;

/*!40101 SET SQL_MODE=@OLD_SQL_MODE */;
/*!40014 SET FOREIGN_KEY_CHECKS=@OLD_FOREIGN_KEY_CHECKS */;
/*!40014 SET UNIQUE_CHECKS=@OLD_UNIQUE_CHECKS */;
/*!40101 SET CHARACTER_SET_CLIENT=@OLD_CHARACTER_SET_CLIENT */;
/*!40101 SET CHARACTER_SET_RESULTS=@OLD_CHARACTER_SET_RESULTS */;
/*!40101 SET COLLATION_CONNECTION=@OLD_COLLATION_CONNECTION */;
/*!40111 SET SQL_NOTES=@OLD_SQL_NOTES */;

-- Dump completed on 2019-07-25  8:50:31
