-- MySQL dump 10.17  Distrib 10.3.13-MariaDB, for debian-linux-gnu (x86_64)
--
-- Host: localhost    Database: forge
-- ------------------------------------------------------
-- Server version	10.3.13-MariaDB-1:10.3.13+maria~xenial-log

/*!40101 SET @OLD_CHARACTER_SET_CLIENT=@@CHARACTER_SET_CLIENT */;
/*!40101 SET @OLD_CHARACTER_SET_RESULTS=@@CHARACTER_SET_RESULTS */;
/*!40101 SET @OLD_COLLATION_CONNECTION=@@COLLATION_CONNECTION */;
/*!40101 SET NAMES utf8mb4 */;
/*!40103 SET @OLD_TIME_ZONE=@@TIME_ZONE */;
/*!40103 SET TIME_ZONE='+00:00' */;
/*!40014 SET @OLD_UNIQUE_CHECKS=@@UNIQUE_CHECKS, UNIQUE_CHECKS=0 */;
/*!40014 SET @OLD_FOREIGN_KEY_CHECKS=@@FOREIGN_KEY_CHECKS, FOREIGN_KEY_CHECKS=0 */;
/*!40101 SET @OLD_SQL_MODE=@@SQL_MODE, SQL_MODE='NO_AUTO_VALUE_ON_ZERO' */;
/*!40111 SET @OLD_SQL_NOTES=@@SQL_NOTES, SQL_NOTES=0 */;

--
-- Table structure for table `additional_ingredients`
--

DROP TABLE IF EXISTS `additional_ingredients`;
/*!40101 SET @saved_cs_client     = @@character_set_client */;
/*!40101 SET character_set_client = utf8 */;
CREATE TABLE `additional_ingredients` (
  `customer_meal_id` int(10) unsigned NOT NULL,
  `ingredient_id` int(10) unsigned NOT NULL,
  `amount` int(11) NOT NULL,
  `created_at` timestamp NULL DEFAULT NULL,
  `updated_at` timestamp NULL DEFAULT NULL,
  PRIMARY KEY (`customer_meal_id`,`ingredient_id`),
  KEY `additional_ingredients_ingredient_id_foreign` (`ingredient_id`),
  CONSTRAINT `additional_ingredients_customer_meal_id_foreign` FOREIGN KEY (`customer_meal_id`) REFERENCES `customer_meals` (`id`) ON DELETE CASCADE,
  CONSTRAINT `additional_ingredients_ingredient_id_foreign` FOREIGN KEY (`ingredient_id`) REFERENCES `ingredients` (`id`) ON DELETE CASCADE
) ENGINE=InnoDB DEFAULT CHARSET=utf8mb4 COLLATE=utf8mb4_unicode_ci;
/*!40101 SET character_set_client = @saved_cs_client */;

--
-- Dumping data for table `additional_ingredients`
--

LOCK TABLES `additional_ingredients` WRITE;
/*!40000 ALTER TABLE `additional_ingredients` DISABLE KEYS */;
/*!40000 ALTER TABLE `additional_ingredients` ENABLE KEYS */;
UNLOCK TABLES;

--
-- Table structure for table `customer_days`
--

DROP TABLE IF EXISTS `customer_days`;
/*!40101 SET @saved_cs_client     = @@character_set_client */;
/*!40101 SET character_set_client = utf8 */;
CREATE TABLE `customer_days` (
  `id` int(10) unsigned NOT NULL AUTO_INCREMENT,
  `customer_id` int(10) unsigned NOT NULL,
  `day` date NOT NULL,
  `created_at` timestamp NULL DEFAULT NULL,
  `updated_at` timestamp NULL DEFAULT NULL,
  PRIMARY KEY (`id`),
  KEY `customer_days_customer_id_foreign` (`customer_id`),
  CONSTRAINT `customer_days_customer_id_foreign` FOREIGN KEY (`customer_id`) REFERENCES `customers` (`id`)
) ENGINE=InnoDB DEFAULT CHARSET=utf8mb4 COLLATE=utf8mb4_unicode_ci;
/*!40101 SET character_set_client = @saved_cs_client */;

--
-- Dumping data for table `customer_days`
--

LOCK TABLES `customer_days` WRITE;
/*!40000 ALTER TABLE `customer_days` DISABLE KEYS */;
/*!40000 ALTER TABLE `customer_days` ENABLE KEYS */;
UNLOCK TABLES;

--
-- Table structure for table `customer_disliked_ingredients`
--

DROP TABLE IF EXISTS `customer_disliked_ingredients`;
/*!40101 SET @saved_cs_client     = @@character_set_client */;
/*!40101 SET character_set_client = utf8 */;
CREATE TABLE `customer_disliked_ingredients` (
  `id` int(10) unsigned NOT NULL AUTO_INCREMENT,
  `ingredient_id` int(10) unsigned NOT NULL,
  `customer_id` int(10) unsigned NOT NULL,
  `created_at` timestamp NULL DEFAULT NULL,
  `updated_at` timestamp NULL DEFAULT NULL,
  PRIMARY KEY (`id`),
  KEY `customer_disliked_ingredients_ingredient_id_foreign` (`ingredient_id`),
  KEY `customer_disliked_ingredients_customer_id_foreign` (`customer_id`),
  CONSTRAINT `customer_disliked_ingredients_customer_id_foreign` FOREIGN KEY (`customer_id`) REFERENCES `customers` (`id`),
  CONSTRAINT `customer_disliked_ingredients_ingredient_id_foreign` FOREIGN KEY (`ingredient_id`) REFERENCES `ingredients` (`id`)
) ENGINE=InnoDB AUTO_INCREMENT=110 DEFAULT CHARSET=utf8mb4 COLLATE=utf8mb4_unicode_ci;
/*!40101 SET character_set_client = @saved_cs_client */;

--
-- Dumping data for table `customer_disliked_ingredients`
--

LOCK TABLES `customer_disliked_ingredients` WRITE;
/*!40000 ALTER TABLE `customer_disliked_ingredients` DISABLE KEYS */;
INSERT INTO `customer_disliked_ingredients` VALUES (1,71,29,'2019-04-08 08:21:19','2019-04-08 08:21:19'),(2,2,29,'2019-04-08 08:22:14','2019-04-08 08:22:14'),(3,31,29,'2019-04-08 08:22:14','2019-04-08 08:22:14'),(4,31,25,'2019-04-08 08:23:36','2019-04-08 08:23:36'),(5,124,25,'2019-04-08 08:23:36','2019-04-08 08:23:36'),(6,40,30,'2019-04-08 08:48:11','2019-04-08 08:48:11'),(7,53,30,'2019-04-08 08:48:11','2019-04-08 08:48:11'),(8,22,33,'2019-04-08 12:14:12','2019-04-08 12:14:12'),(9,8,33,'2019-04-08 12:15:37','2019-04-08 12:15:37'),(10,9,33,'2019-04-08 12:15:37','2019-04-08 12:15:37'),(11,73,37,'2019-04-08 13:18:52','2019-04-08 13:18:52'),(12,9,37,'2019-04-08 13:20:13','2019-04-08 13:20:13'),(13,73,14,'2019-04-10 11:34:28','2019-04-10 11:34:28'),(14,22,53,'2019-04-11 07:10:20','2019-04-11 07:10:20'),(15,13,53,'2019-04-11 07:10:20','2019-04-11 07:10:20'),(16,42,53,'2019-04-11 07:10:20','2019-04-11 07:10:20'),(17,44,53,'2019-04-11 07:10:20','2019-04-11 07:10:20'),(18,43,53,'2019-04-11 07:10:20','2019-04-11 07:10:20'),(19,57,68,'2019-04-11 13:26:09','2019-04-11 13:26:09'),(20,63,76,'2019-04-15 06:46:59','2019-04-15 06:46:59'),(21,76,76,'2019-04-15 06:46:59','2019-04-15 06:46:59'),(22,95,76,'2019-04-15 06:46:59','2019-04-15 06:46:59'),(23,4,94,'2019-04-15 12:30:11','2019-04-15 12:30:11'),(24,2,115,'2019-04-17 07:37:52','2019-04-17 07:37:52'),(25,2,139,'2019-04-24 06:26:37','2019-04-24 06:26:37'),(26,6,139,'2019-04-24 06:26:37','2019-04-24 06:26:37'),(27,8,139,'2019-04-24 06:26:37','2019-04-24 06:26:37'),(28,139,139,'2019-04-24 06:26:37','2019-04-24 06:26:37'),(29,2,168,'2019-04-25 08:55:52','2019-04-25 08:55:52'),(30,3,168,'2019-04-25 08:55:53','2019-04-25 08:55:53'),(31,4,168,'2019-04-25 08:55:53','2019-04-25 08:55:53'),(32,5,168,'2019-04-25 08:55:53','2019-04-25 08:55:53'),(33,49,168,'2019-04-25 08:55:53','2019-04-25 08:55:53'),(34,57,115,'2019-04-25 09:03:06','2019-04-25 09:03:06'),(35,4,173,'2019-04-25 10:20:31','2019-04-25 10:20:31'),(36,5,173,'2019-04-25 10:20:31','2019-04-25 10:20:31'),(37,31,174,'2019-04-25 11:54:41','2019-04-25 11:54:41'),(38,45,174,'2019-04-25 11:54:41','2019-04-25 11:54:41'),(39,73,175,'2019-04-25 12:02:56','2019-04-25 12:02:56'),(40,67,175,'2019-04-25 12:02:56','2019-04-25 12:02:56'),(41,7,179,'2019-04-27 13:42:19','2019-04-27 13:42:19'),(42,8,179,'2019-04-27 13:42:19','2019-04-27 13:42:19'),(43,9,179,'2019-04-27 13:42:19','2019-04-27 13:42:19'),(44,31,179,'2019-04-27 13:42:19','2019-04-27 13:42:19'),(45,45,179,'2019-04-27 13:42:19','2019-04-27 13:42:19'),(46,6,256,'2019-06-13 12:22:23','2019-06-13 12:22:23'),(47,8,256,'2019-06-13 12:22:23','2019-06-13 12:22:23'),(48,9,256,'2019-06-13 12:22:23','2019-06-13 12:22:23'),(49,2,256,'2019-06-13 12:22:23','2019-06-13 12:22:23'),(50,3,256,'2019-06-13 12:22:23','2019-06-13 12:22:23'),(51,33,266,'2019-06-20 12:11:02','2019-06-20 12:11:02'),(52,34,266,'2019-06-20 12:11:02','2019-06-20 12:11:02'),(53,35,266,'2019-06-20 12:11:02','2019-06-20 12:11:02'),(54,57,266,'2019-06-20 12:11:02','2019-06-20 12:11:02'),(55,58,266,'2019-06-20 12:11:02','2019-06-20 12:11:02'),(56,59,266,'2019-06-20 12:11:02','2019-06-20 12:11:02'),(57,67,266,'2019-06-20 12:11:02','2019-06-20 12:11:02'),(58,7,265,'2019-06-20 12:14:18','2019-06-20 12:14:18'),(59,24,261,'2019-06-20 12:18:36','2019-06-20 12:18:36'),(60,116,253,'2019-06-20 12:24:30','2019-06-20 12:24:30'),(61,152,253,'2019-06-20 12:27:25','2019-06-20 12:27:25'),(62,7,252,'2019-06-20 12:28:16','2019-06-20 12:28:16'),(63,28,250,'2019-06-20 12:32:20','2019-06-20 12:32:20'),(64,123,248,'2019-06-20 12:36:33','2019-06-20 12:36:33'),(65,18,248,'2019-06-20 12:37:32','2019-06-20 12:37:32'),(66,154,248,'2019-06-20 12:41:12','2019-06-20 12:41:12'),(67,153,248,'2019-06-20 12:41:12','2019-06-20 12:41:12'),(68,137,245,'2019-06-20 12:48:43','2019-06-20 12:48:43'),(69,49,244,'2019-06-20 12:49:15','2019-06-20 12:49:15'),(70,43,243,'2019-06-20 12:50:30','2019-06-20 12:50:30'),(71,44,243,'2019-06-20 12:51:00','2019-06-20 12:51:00'),(72,42,243,'2019-06-20 12:51:00','2019-06-20 12:51:00'),(73,21,282,'2019-06-20 13:23:13','2019-06-20 13:23:13'),(74,49,282,'2019-06-20 13:23:13','2019-06-20 13:23:13'),(75,29,128,'2019-08-20 14:11:17','2019-08-20 14:11:17'),(76,135,128,'2019-08-20 14:11:17','2019-08-20 14:11:17'),(77,30,128,'2019-08-20 14:11:17','2019-08-20 14:11:17'),(78,25,128,'2019-08-20 14:11:17','2019-08-20 14:11:17'),(79,26,128,'2019-08-20 14:11:17','2019-08-20 14:11:17'),(80,24,128,'2019-08-20 14:11:17','2019-08-20 14:11:17'),(81,99,287,'2019-08-21 15:11:17','2019-08-21 15:11:17'),(82,37,289,'2019-08-24 05:43:32','2019-08-24 05:43:32'),(83,32,291,'2019-08-24 08:19:16','2019-08-24 08:19:16'),(84,173,293,'2019-08-24 09:06:50','2019-08-24 09:06:50'),(85,4,293,'2019-08-24 09:06:50','2019-08-24 09:06:50'),(86,86,294,'2019-08-24 10:41:03','2019-08-24 10:41:03'),(87,46,294,'2019-08-24 10:41:42','2019-08-24 10:41:42'),(88,31,294,'2019-08-24 10:41:42','2019-08-24 10:41:42'),(89,45,295,'2019-08-25 13:29:48','2019-08-25 13:29:48'),(90,31,295,'2019-08-25 13:29:48','2019-08-25 13:29:48'),(91,135,331,'2019-08-28 06:41:12','2019-08-28 06:41:12'),(92,110,346,'2019-08-28 09:37:25','2019-08-28 09:37:25'),(93,31,346,'2019-08-28 09:37:25','2019-08-28 09:37:25'),(94,57,350,'2019-09-01 11:58:15','2019-09-01 11:58:15'),(95,2,350,'2019-09-01 11:58:15','2019-09-01 11:58:15'),(96,67,352,'2019-09-01 12:17:10','2019-09-01 12:17:10'),(97,73,352,'2019-09-01 12:17:16','2019-09-01 12:17:16'),(98,6,353,'2019-09-01 12:24:52','2019-09-01 12:24:52'),(99,18,360,'2019-09-01 16:02:42','2019-09-01 16:02:42'),(100,123,360,'2019-09-01 16:02:42','2019-09-01 16:02:42'),(101,77,360,'2019-09-01 16:02:42','2019-09-01 16:02:42'),(102,31,360,'2019-09-01 16:02:42','2019-09-01 16:02:42'),(103,16,363,'2019-09-02 09:40:01','2019-09-02 09:40:01'),(104,2,377,'2019-09-02 13:33:31','2019-09-02 13:33:31'),(105,51,379,'2019-09-02 14:47:52','2019-09-02 14:47:52'),(106,49,379,'2019-09-02 14:47:52','2019-09-02 14:47:52'),(107,73,397,'2019-09-03 09:12:47','2019-09-03 09:12:47'),(108,123,397,'2019-09-03 09:12:47','2019-09-03 09:12:47'),(109,2,399,'2019-09-03 09:38:20','2019-09-03 09:38:20');
/*!40000 ALTER TABLE `customer_disliked_ingredients` ENABLE KEYS */;
UNLOCK TABLES;

--
-- Table structure for table `customer_excluded_days`
--

DROP TABLE IF EXISTS `customer_excluded_days`;
/*!40101 SET @saved_cs_client     = @@character_set_client */;
/*!40101 SET character_set_client = utf8 */;
CREATE TABLE `customer_excluded_days` (
  `id` int(10) unsigned NOT NULL AUTO_INCREMENT,
  `customer_id` int(10) unsigned NOT NULL,
  `day` smallint(6) NOT NULL,
  `created_at` timestamp NULL DEFAULT NULL,
  `updated_at` timestamp NULL DEFAULT NULL,
  PRIMARY KEY (`id`),
  KEY `customer_excluded_days_customer_id_foreign` (`customer_id`),
  CONSTRAINT `customer_excluded_days_customer_id_foreign` FOREIGN KEY (`customer_id`) REFERENCES `customers` (`id`)
) ENGINE=InnoDB DEFAULT CHARSET=utf8mb4 COLLATE=utf8mb4_unicode_ci;
/*!40101 SET character_set_client = @saved_cs_client */;

--
-- Dumping data for table `customer_excluded_days`
--

LOCK TABLES `customer_excluded_days` WRITE;
/*!40000 ALTER TABLE `customer_excluded_days` DISABLE KEYS */;
/*!40000 ALTER TABLE `customer_excluded_days` ENABLE KEYS */;
UNLOCK TABLES;

--
-- Table structure for table `customer_ingredients_amount`
--

DROP TABLE IF EXISTS `customer_ingredients_amount`;
/*!40101 SET @saved_cs_client     = @@character_set_client */;
/*!40101 SET character_set_client = utf8 */;
CREATE TABLE `customer_ingredients_amount` (
  `id` int(10) unsigned NOT NULL AUTO_INCREMENT,
  `customer_id` int(10) unsigned NOT NULL,
  `ingredient_type_id` int(10) unsigned DEFAULT NULL,
  `amount` int(11) DEFAULT NULL,
  `created_at` timestamp NULL DEFAULT NULL,
  `updated_at` timestamp NULL DEFAULT NULL,
  `meal_type_id` int(10) unsigned DEFAULT NULL,
  PRIMARY KEY (`id`),
  KEY `customer_ingredients_amount_customer_id_foreign` (`customer_id`),
  KEY `customer_ingredients_amount_ingredient_type_id_foreign` (`ingredient_type_id`),
  KEY `customer_ingredients_amount_meal_type_id_foreign` (`meal_type_id`),
  CONSTRAINT `customer_ingredients_amount_customer_id_foreign` FOREIGN KEY (`customer_id`) REFERENCES `customers` (`id`),
  CONSTRAINT `customer_ingredients_amount_ingredient_type_id_foreign` FOREIGN KEY (`ingredient_type_id`) REFERENCES `ingredient_types` (`id`),
  CONSTRAINT `customer_ingredients_amount_meal_type_id_foreign` FOREIGN KEY (`meal_type_id`) REFERENCES `meal_types` (`id`)
) ENGINE=InnoDB AUTO_INCREMENT=6 DEFAULT CHARSET=utf8mb4 COLLATE=utf8mb4_unicode_ci;
/*!40101 SET character_set_client = @saved_cs_client */;

--
-- Dumping data for table `customer_ingredients_amount`
--

LOCK TABLES `customer_ingredients_amount` WRITE;
/*!40000 ALTER TABLE `customer_ingredients_amount` DISABLE KEYS */;
/*!40000 ALTER TABLE `customer_ingredients_amount` ENABLE KEYS */;
UNLOCK TABLES;

--
-- Table structure for table `customer_meal`
--

DROP TABLE IF EXISTS `customer_meal`;
/*!40101 SET @saved_cs_client     = @@character_set_client */;
/*!40101 SET character_set_client = utf8 */;
CREATE TABLE `customer_meal` (
  `customer_id` int(10) unsigned NOT NULL,
  `meal_id` int(10) unsigned NOT NULL,
  `date` date NOT NULL,
  `notes` longtext CHARACTER SET utf8mb4 COLLATE utf8mb4_bin DEFAULT NULL,
  PRIMARY KEY (`customer_id`,`meal_id`,`date`),
  KEY `customer_meal_customer_id_index` (`customer_id`),
  KEY `customer_meal_meal_id_index` (`meal_id`),
  CONSTRAINT `customer_meal_customer_id_foreign` FOREIGN KEY (`customer_id`) REFERENCES `customers` (`id`) ON DELETE CASCADE,
  CONSTRAINT `customer_meal_meal_id_foreign` FOREIGN KEY (`meal_id`) REFERENCES `meals` (`id`) ON DELETE CASCADE
) ENGINE=InnoDB DEFAULT CHARSET=utf8mb4 COLLATE=utf8mb4_unicode_ci;
/*!40101 SET character_set_client = @saved_cs_client */;

--
-- Dumping data for table `customer_meal`
--

LOCK TABLES `customer_meal` WRITE;
/*!40000 ALTER TABLE `customer_meal` DISABLE KEYS */;
/*!40000 ALTER TABLE `customer_meal` ENABLE KEYS */;
UNLOCK TABLES;

--
-- Table structure for table `customer_meal_amounts`
--

DROP TABLE IF EXISTS `customer_meal_amounts`;
/*!40101 SET @saved_cs_client     = @@character_set_client */;
/*!40101 SET character_set_client = utf8 */;
CREATE TABLE `customer_meal_amounts` (
  `customer_meal_id` int(10) unsigned NOT NULL,
  `ingredient_type_id` int(10) unsigned NOT NULL,
  `amount` int(11) NOT NULL,
  `created_at` timestamp NULL DEFAULT NULL,
  `updated_at` timestamp NULL DEFAULT NULL,
  PRIMARY KEY (`customer_meal_id`,`ingredient_type_id`),
  KEY `cmamounts_it` (`ingredient_type_id`),
  CONSTRAINT `cmamounts_cm` FOREIGN KEY (`customer_meal_id`) REFERENCES `customer_meals` (`id`) ON DELETE CASCADE,
  CONSTRAINT `cmamounts_it` FOREIGN KEY (`ingredient_type_id`) REFERENCES `ingredient_types` (`id`) ON DELETE CASCADE
) ENGINE=InnoDB DEFAULT CHARSET=utf8mb4 COLLATE=utf8mb4_unicode_ci;
/*!40101 SET character_set_client = @saved_cs_client */;

--
-- Dumping data for table `customer_meal_amounts`
--

LOCK TABLES `customer_meal_amounts` WRITE;
/*!40000 ALTER TABLE `customer_meal_amounts` DISABLE KEYS */;
/*!40000 ALTER TABLE `customer_meal_amounts` ENABLE KEYS */;
UNLOCK TABLES;

--
-- Table structure for table `customer_meal_types`
--

DROP TABLE IF EXISTS `customer_meal_types`;
/*!40101 SET @saved_cs_client     = @@character_set_client */;
/*!40101 SET character_set_client = utf8 */;
CREATE TABLE `customer_meal_types` (
  `id` int(10) unsigned NOT NULL AUTO_INCREMENT,
  `customer_id` int(10) unsigned NOT NULL,
  `meal_type_id` int(10) unsigned NOT NULL,
  `created_at` timestamp NULL DEFAULT NULL,
  `updated_at` timestamp NULL DEFAULT NULL,
  PRIMARY KEY (`id`),
  KEY `customer_meal_types_customer_id_foreign` (`customer_id`),
  KEY `customer_meal_types_meal_type_id_foreign` (`meal_type_id`),
  CONSTRAINT `customer_meal_types_customer_id_foreign` FOREIGN KEY (`customer_id`) REFERENCES `customers` (`id`),
  CONSTRAINT `customer_meal_types_meal_type_id_foreign` FOREIGN KEY (`meal_type_id`) REFERENCES `meal_types` (`id`)
) ENGINE=InnoDB AUTO_INCREMENT=429 DEFAULT CHARSET=utf8mb4 COLLATE=utf8mb4_unicode_ci;
/*!40101 SET character_set_client = @saved_cs_client */;

--
-- Dumping data for table `customer_meal_types`
--

LOCK TABLES `customer_meal_types` WRITE;
/*!40000 ALTER TABLE `customer_meal_types` DISABLE KEYS */;
INSERT INTO `customer_meal_types` VALUES (1,283,8,'2019-08-20 13:44:13','2019-08-20 13:44:13'),(2,283,9,'2019-08-20 13:44:14','2019-08-20 13:44:14'),(3,283,10,'2019-08-20 13:44:14','2019-08-20 13:44:14'),(4,283,11,'2019-08-20 13:44:14','2019-08-20 13:44:14'),(5,283,12,'2019-08-20 13:44:15','2019-08-20 13:44:15'),(6,128,8,'2019-08-20 13:58:34','2019-08-20 13:58:34'),(7,128,9,'2019-08-20 13:58:35','2019-08-20 13:58:35'),(8,128,10,'2019-08-20 13:58:35','2019-08-20 13:58:35'),(9,128,11,'2019-08-20 14:08:51','2019-08-20 14:08:51'),(10,128,12,'2019-08-20 14:08:51','2019-08-20 14:08:51'),(11,286,8,'2019-08-21 14:37:57','2019-08-21 14:37:57'),(12,286,9,'2019-08-21 14:37:58','2019-08-21 14:37:58'),(13,286,10,'2019-08-21 14:37:59','2019-08-21 14:37:59'),(14,286,11,'2019-08-21 14:38:00','2019-08-21 14:38:00'),(15,286,12,'2019-08-21 14:38:01','2019-08-21 14:38:01'),(16,287,8,'2019-08-21 15:05:27','2019-08-21 15:05:27'),(17,287,9,'2019-08-21 15:05:28','2019-08-21 15:05:28'),(18,287,10,'2019-08-21 15:05:29','2019-08-21 15:05:29'),(19,287,11,'2019-08-21 15:05:30','2019-08-21 15:05:30'),(20,287,12,'2019-08-21 15:05:31','2019-08-21 15:05:31'),(21,288,9,'2019-08-22 08:32:38','2019-08-22 08:32:38'),(22,288,10,'2019-08-22 08:32:40','2019-08-22 08:32:40'),(23,288,11,'2019-08-22 08:32:52','2019-08-22 08:32:52'),(24,289,8,'2019-08-22 08:48:56','2019-08-22 08:48:56'),(25,289,9,'2019-08-22 08:48:58','2019-08-22 08:48:58'),(26,289,10,'2019-08-22 08:48:58','2019-08-22 08:48:58'),(27,289,11,'2019-08-22 08:48:59','2019-08-22 08:48:59'),(28,289,12,'2019-08-22 08:49:00','2019-08-22 08:49:00'),(29,291,8,'2019-08-24 08:17:11','2019-08-24 08:17:11'),(30,291,9,'2019-08-24 08:17:13','2019-08-24 08:17:13'),(31,291,10,'2019-08-24 08:17:14','2019-08-24 08:17:14'),(32,291,11,'2019-08-24 08:17:14','2019-08-24 08:17:14'),(33,291,12,'2019-08-24 08:17:15','2019-08-24 08:17:15'),(34,293,9,'2019-08-24 09:02:31','2019-08-24 09:02:31'),(35,293,10,'2019-08-24 09:02:33','2019-08-24 09:02:33'),(36,293,11,'2019-08-24 09:02:34','2019-08-24 09:02:34'),(37,293,12,'2019-08-24 09:02:34','2019-08-24 09:02:34'),(38,294,9,'2019-08-24 10:39:44','2019-08-24 10:39:44'),(39,294,8,'2019-08-24 10:39:47','2019-08-24 10:39:47'),(40,294,10,'2019-08-24 10:39:48','2019-08-24 10:39:48'),(41,294,11,'2019-08-24 10:39:48','2019-08-24 10:39:48'),(42,294,12,'2019-08-24 10:39:49','2019-08-24 10:39:49'),(43,295,8,'2019-08-25 13:28:25','2019-08-25 13:28:25'),(44,295,9,'2019-08-25 13:28:27','2019-08-25 13:28:27'),(45,295,10,'2019-08-25 13:28:28','2019-08-25 13:28:28'),(46,295,11,'2019-08-25 13:28:28','2019-08-25 13:28:28'),(47,295,12,'2019-08-25 13:28:29','2019-08-25 13:28:29'),(48,296,8,'2019-08-25 13:37:29','2019-08-25 13:37:29'),(49,296,9,'2019-08-25 13:37:30','2019-08-25 13:37:30'),(50,296,10,'2019-08-25 13:37:31','2019-08-25 13:37:31'),(51,296,11,'2019-08-25 13:37:32','2019-08-25 13:37:32'),(52,296,12,'2019-08-25 13:37:32','2019-08-25 13:37:32'),(53,301,8,'2019-08-25 14:29:04','2019-08-25 14:29:04'),(54,301,9,'2019-08-25 14:29:05','2019-08-25 14:29:05'),(55,301,10,'2019-08-25 14:29:06','2019-08-25 14:29:06'),(56,301,11,'2019-08-25 14:29:07','2019-08-25 14:29:07'),(57,301,12,'2019-08-25 14:29:07','2019-08-25 14:29:07'),(58,302,8,'2019-08-25 14:37:49','2019-08-25 14:37:49'),(59,302,9,'2019-08-25 14:37:50','2019-08-25 14:37:50'),(60,302,10,'2019-08-25 14:37:51','2019-08-25 14:37:51'),(61,302,11,'2019-08-25 14:37:51','2019-08-25 14:37:51'),(62,302,12,'2019-08-25 14:37:52','2019-08-25 14:37:52'),(63,303,8,'2019-08-25 14:54:38','2019-08-25 14:54:38'),(64,303,9,'2019-08-25 14:54:40','2019-08-25 14:54:40'),(65,303,10,'2019-08-25 14:54:40','2019-08-25 14:54:40'),(66,303,11,'2019-08-25 14:54:41','2019-08-25 14:54:41'),(67,303,12,'2019-08-25 14:54:41','2019-08-25 14:54:41'),(68,305,8,'2019-08-25 15:59:31','2019-08-25 15:59:31'),(69,305,9,'2019-08-25 15:59:32','2019-08-25 15:59:32'),(70,305,10,'2019-08-25 15:59:33','2019-08-25 15:59:33'),(71,305,11,'2019-08-25 15:59:34','2019-08-25 15:59:34'),(72,305,12,'2019-08-25 15:59:34','2019-08-25 15:59:34'),(73,306,12,'2019-08-25 16:06:06','2019-08-25 16:06:06'),(74,306,11,'2019-08-25 16:06:07','2019-08-25 16:06:07'),(75,306,10,'2019-08-25 16:06:08','2019-08-25 16:06:08'),(76,306,9,'2019-08-25 16:06:08','2019-08-25 16:06:08'),(77,306,8,'2019-08-25 16:06:09','2019-08-25 16:06:09'),(78,309,8,'2019-08-25 16:18:50','2019-08-25 16:18:50'),(79,309,9,'2019-08-25 16:18:52','2019-08-25 16:18:52'),(80,309,10,'2019-08-25 16:18:53','2019-08-25 16:18:53'),(81,309,11,'2019-08-25 16:18:53','2019-08-25 16:18:53'),(82,309,12,'2019-08-25 16:18:54','2019-08-25 16:18:54'),(83,311,8,'2019-08-26 05:29:47','2019-08-26 05:29:47'),(84,311,9,'2019-08-26 05:29:49','2019-08-26 05:29:49'),(85,311,10,'2019-08-26 05:29:49','2019-08-26 05:29:49'),(86,311,11,'2019-08-26 05:29:50','2019-08-26 05:29:50'),(87,311,12,'2019-08-26 05:29:51','2019-08-26 05:29:51'),(88,312,8,'2019-08-26 05:39:57','2019-08-26 05:39:57'),(89,312,9,'2019-08-26 05:39:58','2019-08-26 05:39:58'),(90,312,10,'2019-08-26 05:39:59','2019-08-26 05:39:59'),(91,312,11,'2019-08-26 05:40:00','2019-08-26 05:40:00'),(92,312,12,'2019-08-26 05:40:00','2019-08-26 05:40:00'),(93,313,8,'2019-08-26 05:51:53','2019-08-26 05:51:53'),(94,313,9,'2019-08-26 05:51:54','2019-08-26 05:51:54'),(95,313,10,'2019-08-26 05:51:55','2019-08-26 05:51:55'),(96,313,11,'2019-08-26 05:51:56','2019-08-26 05:51:56'),(97,313,12,'2019-08-26 05:51:56','2019-08-26 05:51:56'),(98,314,8,'2019-08-26 06:08:19','2019-08-26 06:08:19'),(99,314,9,'2019-08-26 06:08:20','2019-08-26 06:08:20'),(100,314,10,'2019-08-26 06:08:21','2019-08-26 06:08:21'),(101,314,11,'2019-08-26 06:08:23','2019-08-26 06:08:23'),(102,314,12,'2019-08-26 06:08:23','2019-08-26 06:08:23'),(103,315,8,'2019-08-26 06:17:16','2019-08-26 06:17:16'),(104,315,9,'2019-08-26 06:17:18','2019-08-26 06:17:18'),(105,315,10,'2019-08-26 06:17:19','2019-08-26 06:17:19'),(106,315,11,'2019-08-26 06:17:20','2019-08-26 06:17:20'),(107,315,12,'2019-08-26 06:17:21','2019-08-26 06:17:21'),(108,316,8,'2019-08-26 06:28:35','2019-08-26 06:28:35'),(109,316,9,'2019-08-26 06:28:37','2019-08-26 06:28:37'),(110,316,10,'2019-08-26 06:28:38','2019-08-26 06:28:38'),(111,316,11,'2019-08-26 06:28:38','2019-08-26 06:28:38'),(112,316,12,'2019-08-26 06:28:39','2019-08-26 06:28:39'),(113,317,8,'2019-08-26 06:37:53','2019-08-26 06:37:53'),(114,317,9,'2019-08-26 06:37:54','2019-08-26 06:37:54'),(115,317,10,'2019-08-26 06:37:55','2019-08-26 06:37:55'),(116,317,11,'2019-08-26 06:37:56','2019-08-26 06:37:56'),(117,317,12,'2019-08-26 06:37:57','2019-08-26 06:37:57'),(118,318,8,'2019-08-26 11:14:13','2019-08-26 11:14:13'),(119,318,9,'2019-08-26 11:14:15','2019-08-26 11:14:15'),(120,318,10,'2019-08-26 11:14:15','2019-08-26 11:14:15'),(121,318,11,'2019-08-26 11:14:16','2019-08-26 11:14:16'),(122,318,12,'2019-08-26 11:14:16','2019-08-26 11:14:16'),(123,325,8,'2019-08-27 05:40:57','2019-08-27 05:40:57'),(124,325,9,'2019-08-27 05:40:58','2019-08-27 05:40:58'),(125,325,10,'2019-08-27 05:40:59','2019-08-27 05:40:59'),(126,325,11,'2019-08-27 05:40:59','2019-08-27 05:40:59'),(127,325,12,'2019-08-27 05:41:00','2019-08-27 05:41:00'),(128,326,8,'2019-08-27 07:32:55','2019-08-27 07:32:55'),(129,326,9,'2019-08-27 07:32:56','2019-08-27 07:32:56'),(130,326,10,'2019-08-27 07:32:57','2019-08-27 07:32:57'),(131,326,11,'2019-08-27 07:32:58','2019-08-27 07:32:58'),(132,326,12,'2019-08-27 07:32:59','2019-08-27 07:32:59'),(133,328,8,'2019-08-27 08:37:36','2019-08-27 08:37:36'),(134,328,9,'2019-08-27 08:37:38','2019-08-27 08:37:38'),(135,328,10,'2019-08-27 08:37:38','2019-08-27 08:37:38'),(136,328,11,'2019-08-27 08:37:39','2019-08-27 08:37:39'),(137,328,12,'2019-08-27 08:37:39','2019-08-27 08:37:39'),(138,329,8,'2019-08-27 08:49:32','2019-08-27 08:49:32'),(139,329,9,'2019-08-27 08:49:35','2019-08-27 08:49:35'),(140,329,10,'2019-08-27 08:49:36','2019-08-27 08:49:36'),(141,329,11,'2019-08-27 08:49:37','2019-08-27 08:49:37'),(142,329,12,'2019-08-27 08:49:37','2019-08-27 08:49:37'),(143,330,8,'2019-08-27 09:05:31','2019-08-27 09:05:31'),(144,330,9,'2019-08-27 09:05:32','2019-08-27 09:05:32'),(145,330,10,'2019-08-27 09:05:33','2019-08-27 09:05:33'),(146,330,11,'2019-08-27 09:05:33','2019-08-27 09:05:33'),(147,330,12,'2019-08-27 09:05:34','2019-08-27 09:05:34'),(148,331,8,'2019-08-28 06:40:10','2019-08-28 06:40:10'),(149,331,9,'2019-08-28 06:40:13','2019-08-28 06:40:13'),(150,331,10,'2019-08-28 06:40:13','2019-08-28 06:40:13'),(151,331,11,'2019-08-28 06:40:14','2019-08-28 06:40:14'),(152,331,12,'2019-08-28 06:40:15','2019-08-28 06:40:15'),(153,332,8,'2019-08-28 06:54:21','2019-08-28 06:54:21'),(154,332,9,'2019-08-28 06:54:22','2019-08-28 06:54:22'),(155,332,10,'2019-08-28 06:54:22','2019-08-28 06:54:22'),(156,332,11,'2019-08-28 06:54:23','2019-08-28 06:54:23'),(157,332,12,'2019-08-28 06:54:23','2019-08-28 06:54:23'),(158,333,8,'2019-08-28 07:00:48','2019-08-28 07:00:48'),(159,333,9,'2019-08-28 07:00:50','2019-08-28 07:00:50'),(160,333,10,'2019-08-28 07:00:50','2019-08-28 07:00:50'),(161,333,11,'2019-08-28 07:00:51','2019-08-28 07:00:51'),(162,333,12,'2019-08-28 07:00:51','2019-08-28 07:00:51'),(163,334,8,'2019-08-28 07:11:31','2019-08-28 07:11:31'),(164,334,9,'2019-08-28 07:11:32','2019-08-28 07:11:32'),(165,334,10,'2019-08-28 07:11:33','2019-08-28 07:11:33'),(166,334,11,'2019-08-28 07:11:33','2019-08-28 07:11:33'),(167,334,12,'2019-08-28 07:11:34','2019-08-28 07:11:34'),(168,335,8,'2019-08-28 07:18:38','2019-08-28 07:18:38'),(169,335,9,'2019-08-28 07:18:41','2019-08-28 07:18:41'),(170,335,10,'2019-08-28 07:18:42','2019-08-28 07:18:42'),(171,335,11,'2019-08-28 07:18:43','2019-08-28 07:18:43'),(172,335,12,'2019-08-28 07:18:44','2019-08-28 07:18:44'),(173,337,8,'2019-08-28 07:34:44','2019-08-28 07:34:44'),(174,337,9,'2019-08-28 07:34:46','2019-08-28 07:34:46'),(175,337,10,'2019-08-28 07:34:46','2019-08-28 07:34:46'),(176,337,11,'2019-08-28 07:34:47','2019-08-28 07:34:47'),(177,337,12,'2019-08-28 07:34:47','2019-08-28 07:34:47'),(178,338,8,'2019-08-28 08:07:33','2019-08-28 08:07:33'),(179,338,9,'2019-08-28 08:07:35','2019-08-28 08:07:35'),(180,338,10,'2019-08-28 08:07:35','2019-08-28 08:07:35'),(181,338,11,'2019-08-28 08:07:37','2019-08-28 08:07:37'),(182,338,12,'2019-08-28 08:07:37','2019-08-28 08:07:37'),(183,339,8,'2019-08-28 08:13:59','2019-08-28 08:13:59'),(184,339,9,'2019-08-28 08:14:01','2019-08-28 08:14:01'),(185,339,10,'2019-08-28 08:14:02','2019-08-28 08:14:02'),(186,339,11,'2019-08-28 08:14:03','2019-08-28 08:14:03'),(187,339,12,'2019-08-28 08:14:03','2019-08-28 08:14:03'),(188,340,8,'2019-08-28 08:27:35','2019-08-28 08:27:35'),(189,340,9,'2019-08-28 08:27:36','2019-08-28 08:27:36'),(190,340,10,'2019-08-28 08:27:37','2019-08-28 08:27:37'),(191,340,11,'2019-08-28 08:27:38','2019-08-28 08:27:38'),(192,340,12,'2019-08-28 08:27:38','2019-08-28 08:27:38'),(193,341,8,'2019-08-28 08:35:44','2019-08-28 08:35:44'),(194,341,9,'2019-08-28 08:35:47','2019-08-28 08:35:47'),(195,341,10,'2019-08-28 08:35:47','2019-08-28 08:35:47'),(196,341,11,'2019-08-28 08:35:48','2019-08-28 08:35:48'),(197,341,12,'2019-08-28 08:35:49','2019-08-28 08:35:49'),(198,342,8,'2019-08-28 08:40:33','2019-08-28 08:40:33'),(199,342,9,'2019-08-28 08:40:35','2019-08-28 08:40:35'),(200,342,10,'2019-08-28 08:40:36','2019-08-28 08:40:36'),(201,342,11,'2019-08-28 08:40:36','2019-08-28 08:40:36'),(202,342,12,'2019-08-28 08:40:37','2019-08-28 08:40:37'),(203,343,8,'2019-08-28 08:53:19','2019-08-28 08:53:19'),(204,343,9,'2019-08-28 08:53:20','2019-08-28 08:53:20'),(205,343,10,'2019-08-28 08:53:21','2019-08-28 08:53:21'),(206,343,11,'2019-08-28 08:53:21','2019-08-28 08:53:21'),(207,343,12,'2019-08-28 08:53:22','2019-08-28 08:53:22'),(208,344,8,'2019-08-28 09:05:29','2019-08-28 09:05:29'),(209,344,9,'2019-08-28 09:05:30','2019-08-28 09:05:30'),(210,344,10,'2019-08-28 09:05:31','2019-08-28 09:05:31'),(211,344,11,'2019-08-28 09:05:31','2019-08-28 09:05:31'),(212,344,12,'2019-08-28 09:05:32','2019-08-28 09:05:32'),(213,345,8,'2019-08-28 09:21:00','2019-08-28 09:21:00'),(214,345,9,'2019-08-28 09:21:01','2019-08-28 09:21:01'),(215,345,10,'2019-08-28 09:21:02','2019-08-28 09:21:02'),(216,345,11,'2019-08-28 09:21:03','2019-08-28 09:21:03'),(217,345,12,'2019-08-28 09:21:03','2019-08-28 09:21:03'),(218,346,8,'2019-08-28 09:34:56','2019-08-28 09:34:56'),(219,346,9,'2019-08-28 09:34:57','2019-08-28 09:34:57'),(220,346,10,'2019-08-28 09:34:58','2019-08-28 09:34:58'),(221,346,11,'2019-08-28 09:34:59','2019-08-28 09:34:59'),(222,346,12,'2019-08-28 09:35:00','2019-08-28 09:35:00'),(223,347,8,'2019-08-28 10:34:28','2019-08-28 10:34:28'),(224,347,9,'2019-08-28 10:34:29','2019-08-28 10:34:29'),(225,347,10,'2019-08-28 10:34:30','2019-08-28 10:34:30'),(226,347,11,'2019-08-28 10:34:32','2019-08-28 10:34:32'),(227,347,12,'2019-08-28 10:34:33','2019-08-28 10:34:33'),(228,348,8,'2019-08-28 10:51:24','2019-08-28 10:51:24'),(229,348,9,'2019-08-28 10:51:25','2019-08-28 10:51:25'),(230,348,10,'2019-08-28 10:51:26','2019-08-28 10:51:26'),(231,348,11,'2019-08-28 10:51:26','2019-08-28 10:51:26'),(232,348,12,'2019-08-28 10:51:27','2019-08-28 10:51:27'),(233,349,8,'2019-09-01 11:51:16','2019-09-01 11:51:16'),(234,349,9,'2019-09-01 11:51:17','2019-09-01 11:51:17'),(235,349,10,'2019-09-01 11:51:18','2019-09-01 11:51:18'),(236,349,11,'2019-09-01 11:51:19','2019-09-01 11:51:19'),(237,349,12,'2019-09-01 11:51:19','2019-09-01 11:51:19'),(238,350,8,'2019-09-01 11:57:03','2019-09-01 11:57:03'),(239,350,9,'2019-09-01 11:57:04','2019-09-01 11:57:04'),(240,350,10,'2019-09-01 11:57:05','2019-09-01 11:57:05'),(241,350,11,'2019-09-01 11:57:05','2019-09-01 11:57:05'),(242,350,12,'2019-09-01 11:57:06','2019-09-01 11:57:06'),(243,351,8,'2019-09-01 12:07:57','2019-09-01 12:07:57'),(244,351,9,'2019-09-01 12:07:59','2019-09-01 12:07:59'),(245,351,10,'2019-09-01 12:08:00','2019-09-01 12:08:00'),(246,351,11,'2019-09-01 12:08:00','2019-09-01 12:08:00'),(247,351,12,'2019-09-01 12:08:01','2019-09-01 12:08:01'),(248,352,8,'2019-09-01 12:16:25','2019-09-01 12:16:25'),(249,352,9,'2019-09-01 12:16:27','2019-09-01 12:16:27'),(250,352,10,'2019-09-01 12:16:27','2019-09-01 12:16:27'),(251,352,11,'2019-09-01 12:16:28','2019-09-01 12:16:28'),(252,352,12,'2019-09-01 12:16:28','2019-09-01 12:16:28'),(253,353,8,'2019-09-01 12:24:08','2019-09-01 12:24:08'),(254,353,9,'2019-09-01 12:24:09','2019-09-01 12:24:09'),(255,353,10,'2019-09-01 12:24:10','2019-09-01 12:24:10'),(256,353,11,'2019-09-01 12:24:11','2019-09-01 12:24:11'),(257,353,12,'2019-09-01 12:24:11','2019-09-01 12:24:11'),(258,354,8,'2019-09-01 12:31:09','2019-09-01 12:31:09'),(259,354,9,'2019-09-01 12:31:10','2019-09-01 12:31:10'),(260,354,10,'2019-09-01 12:31:10','2019-09-01 12:31:10'),(261,354,11,'2019-09-01 12:31:11','2019-09-01 12:31:11'),(262,354,12,'2019-09-01 12:31:12','2019-09-01 12:31:12'),(263,355,8,'2019-09-01 12:39:19','2019-09-01 12:39:19'),(264,355,9,'2019-09-01 12:39:20','2019-09-01 12:39:20'),(265,355,10,'2019-09-01 12:39:21','2019-09-01 12:39:21'),(266,355,11,'2019-09-01 12:39:22','2019-09-01 12:39:22'),(267,355,12,'2019-09-01 12:39:23','2019-09-01 12:39:23'),(268,356,8,'2019-09-01 12:49:16','2019-09-01 12:49:16'),(269,356,9,'2019-09-01 12:49:18','2019-09-01 12:49:18'),(270,356,10,'2019-09-01 12:49:19','2019-09-01 12:49:19'),(271,356,11,'2019-09-01 12:49:20','2019-09-01 12:49:20'),(272,356,12,'2019-09-01 12:49:20','2019-09-01 12:49:20'),(273,357,8,'2019-09-01 12:53:57','2019-09-01 12:53:57'),(274,357,9,'2019-09-01 12:53:59','2019-09-01 12:53:59'),(275,357,10,'2019-09-01 12:53:59','2019-09-01 12:53:59'),(276,357,11,'2019-09-01 12:54:00','2019-09-01 12:54:00'),(277,357,12,'2019-09-01 12:54:00','2019-09-01 12:54:00'),(278,358,8,'2019-09-01 13:01:50','2019-09-01 13:01:50'),(279,358,9,'2019-09-01 13:01:51','2019-09-01 13:01:51'),(280,358,10,'2019-09-01 13:01:52','2019-09-01 13:01:52'),(281,358,11,'2019-09-01 13:01:52','2019-09-01 13:01:52'),(282,358,12,'2019-09-01 13:01:53','2019-09-01 13:01:53'),(283,359,8,'2019-09-01 13:12:15','2019-09-01 13:12:15'),(284,359,9,'2019-09-01 13:12:17','2019-09-01 13:12:17'),(285,359,10,'2019-09-01 13:12:18','2019-09-01 13:12:18'),(286,359,11,'2019-09-01 13:12:19','2019-09-01 13:12:19'),(287,359,12,'2019-09-01 13:12:19','2019-09-01 13:12:19'),(288,360,8,'2019-09-01 15:55:59','2019-09-01 15:55:59'),(289,360,9,'2019-09-01 15:56:00','2019-09-01 15:56:00'),(290,360,10,'2019-09-01 15:56:01','2019-09-01 15:56:01'),(291,360,11,'2019-09-01 15:56:02','2019-09-01 15:56:02'),(292,360,12,'2019-09-01 15:56:02','2019-09-01 15:56:02'),(293,361,8,'2019-09-01 16:18:13','2019-09-01 16:18:13'),(294,361,9,'2019-09-01 16:18:15','2019-09-01 16:18:15'),(295,361,10,'2019-09-01 16:18:16','2019-09-01 16:18:16'),(296,361,11,'2019-09-01 16:18:17','2019-09-01 16:18:17'),(297,361,12,'2019-09-01 16:18:18','2019-09-01 16:18:18'),(298,363,8,'2019-09-02 09:39:12','2019-09-02 09:39:12'),(299,363,9,'2019-09-02 09:39:13','2019-09-02 09:39:13'),(300,363,10,'2019-09-02 09:39:13','2019-09-02 09:39:13'),(301,363,11,'2019-09-02 09:39:14','2019-09-02 09:39:14'),(302,363,12,'2019-09-02 09:39:14','2019-09-02 09:39:14'),(303,364,8,'2019-09-02 10:05:35','2019-09-02 10:05:35'),(304,364,9,'2019-09-02 10:05:36','2019-09-02 10:05:36'),(305,364,10,'2019-09-02 10:05:37','2019-09-02 10:05:37'),(306,364,11,'2019-09-02 10:05:38','2019-09-02 10:05:38'),(307,364,12,'2019-09-02 10:05:38','2019-09-02 10:05:38'),(308,365,8,'2019-09-02 10:22:28','2019-09-02 10:22:28'),(309,365,9,'2019-09-02 10:22:29','2019-09-02 10:22:29'),(310,365,10,'2019-09-02 10:22:30','2019-09-02 10:22:30'),(311,365,11,'2019-09-02 10:22:30','2019-09-02 10:22:30'),(312,365,12,'2019-09-02 10:22:31','2019-09-02 10:22:31'),(313,366,8,'2019-09-02 10:57:21','2019-09-02 10:57:21'),(314,366,9,'2019-09-02 10:57:22','2019-09-02 10:57:22'),(315,366,10,'2019-09-02 10:57:23','2019-09-02 10:57:23'),(316,366,11,'2019-09-02 10:57:23','2019-09-02 10:57:23'),(317,366,12,'2019-09-02 10:57:24','2019-09-02 10:57:24'),(318,368,8,'2019-09-02 11:13:48','2019-09-02 11:13:48'),(319,368,9,'2019-09-02 11:13:49','2019-09-02 11:13:49'),(320,368,10,'2019-09-02 11:13:50','2019-09-02 11:13:50'),(321,368,11,'2019-09-02 11:13:51','2019-09-02 11:13:51'),(322,368,12,'2019-09-02 11:13:51','2019-09-02 11:13:51'),(323,369,8,'2019-09-02 11:23:43','2019-09-02 11:23:43'),(324,369,9,'2019-09-02 11:23:44','2019-09-02 11:23:44'),(325,369,10,'2019-09-02 11:23:45','2019-09-02 11:23:45'),(326,369,11,'2019-09-02 11:23:46','2019-09-02 11:23:46'),(327,369,12,'2019-09-02 11:23:46','2019-09-02 11:23:46'),(328,370,8,'2019-09-02 11:31:17','2019-09-02 11:31:17'),(329,370,9,'2019-09-02 11:31:18','2019-09-02 11:31:18'),(330,370,10,'2019-09-02 11:31:19','2019-09-02 11:31:19'),(331,370,11,'2019-09-02 11:31:19','2019-09-02 11:31:19'),(332,370,12,'2019-09-02 11:31:20','2019-09-02 11:31:20'),(333,371,8,'2019-09-02 11:36:37','2019-09-02 11:36:37'),(334,371,9,'2019-09-02 11:36:39','2019-09-02 11:36:39'),(335,371,10,'2019-09-02 11:36:39','2019-09-02 11:36:39'),(336,371,11,'2019-09-02 11:36:40','2019-09-02 11:36:40'),(337,371,12,'2019-09-02 11:36:40','2019-09-02 11:36:40'),(338,374,8,'2019-09-02 12:27:25','2019-09-02 12:27:25'),(339,374,9,'2019-09-02 12:27:27','2019-09-02 12:27:27'),(340,374,10,'2019-09-02 12:27:28','2019-09-02 12:27:28'),(341,374,11,'2019-09-02 12:27:28','2019-09-02 12:27:28'),(342,374,12,'2019-09-02 12:27:29','2019-09-02 12:27:29'),(343,376,8,'2019-09-02 13:24:58','2019-09-02 13:24:58'),(344,376,9,'2019-09-02 13:25:01','2019-09-02 13:25:01'),(345,376,10,'2019-09-02 13:25:01','2019-09-02 13:25:01'),(346,376,11,'2019-09-02 13:25:02','2019-09-02 13:25:02'),(347,376,12,'2019-09-02 13:25:02','2019-09-02 13:25:02'),(348,377,8,'2019-09-02 13:33:15','2019-09-02 13:33:15'),(349,377,9,'2019-09-02 13:33:16','2019-09-02 13:33:16'),(350,377,10,'2019-09-02 13:33:17','2019-09-02 13:33:17'),(351,377,11,'2019-09-02 13:33:17','2019-09-02 13:33:17'),(352,377,12,'2019-09-02 13:33:18','2019-09-02 13:33:18'),(353,379,8,'2019-09-02 14:45:08','2019-09-02 14:45:08'),(354,379,9,'2019-09-02 14:45:11','2019-09-02 14:45:11'),(355,379,10,'2019-09-02 14:45:12','2019-09-02 14:45:12'),(356,379,11,'2019-09-02 14:45:12','2019-09-02 14:45:12'),(357,379,12,'2019-09-02 14:45:13','2019-09-02 14:45:13'),(358,383,8,'2019-09-02 15:17:42','2019-09-02 15:17:42'),(359,383,9,'2019-09-02 15:17:43','2019-09-02 15:17:43'),(360,383,10,'2019-09-02 15:17:44','2019-09-02 15:17:44'),(361,383,11,'2019-09-02 15:17:44','2019-09-02 15:17:44'),(362,383,12,'2019-09-02 15:17:45','2019-09-02 15:17:45'),(363,384,8,'2019-09-02 15:28:38','2019-09-02 15:28:38'),(364,384,10,'2019-09-02 15:28:41','2019-09-02 15:28:41'),(365,384,9,'2019-09-02 15:28:41','2019-09-02 15:28:41'),(366,384,11,'2019-09-02 15:28:41','2019-09-02 15:28:41'),(367,384,12,'2019-09-02 15:28:42','2019-09-02 15:28:42'),(368,387,8,'2019-09-02 15:49:06','2019-09-02 15:49:06'),(369,387,9,'2019-09-02 15:49:07','2019-09-02 15:49:07'),(370,387,10,'2019-09-02 15:49:08','2019-09-02 15:49:08'),(371,387,11,'2019-09-02 15:49:08','2019-09-02 15:49:08'),(372,387,12,'2019-09-02 15:49:09','2019-09-02 15:49:09'),(373,388,8,'2019-09-03 07:03:53','2019-09-03 07:03:53'),(374,388,9,'2019-09-03 07:03:54','2019-09-03 07:03:54'),(375,388,10,'2019-09-03 07:03:55','2019-09-03 07:03:55'),(376,388,11,'2019-09-03 07:03:55','2019-09-03 07:03:55'),(377,388,12,'2019-09-03 07:03:56','2019-09-03 07:03:56'),(378,389,8,'2019-09-03 07:21:51','2019-09-03 07:21:51'),(379,389,9,'2019-09-03 07:21:52','2019-09-03 07:21:52'),(380,389,10,'2019-09-03 07:21:53','2019-09-03 07:21:53'),(381,389,11,'2019-09-03 07:21:53','2019-09-03 07:21:53'),(382,389,12,'2019-09-03 07:21:54','2019-09-03 07:21:54'),(383,390,8,'2019-09-03 07:34:24','2019-09-03 07:34:24'),(384,390,9,'2019-09-03 07:34:27','2019-09-03 07:34:27'),(385,390,10,'2019-09-03 07:34:28','2019-09-03 07:34:28'),(386,390,11,'2019-09-03 07:34:28','2019-09-03 07:34:28'),(387,390,12,'2019-09-03 07:34:29','2019-09-03 07:34:29'),(388,391,8,'2019-09-03 07:42:28','2019-09-03 07:42:28'),(390,391,9,'2019-09-03 07:42:29','2019-09-03 07:42:29'),(391,391,10,'2019-09-03 07:42:30','2019-09-03 07:42:30'),(392,391,11,'2019-09-03 07:42:30','2019-09-03 07:42:30'),(393,391,12,'2019-09-03 07:42:31','2019-09-03 07:42:31'),(394,392,8,'2019-09-03 07:55:59','2019-09-03 07:55:59'),(395,392,9,'2019-09-03 07:56:01','2019-09-03 07:56:01'),(396,392,10,'2019-09-03 07:56:02','2019-09-03 07:56:02'),(397,392,11,'2019-09-03 07:56:03','2019-09-03 07:56:03'),(398,392,12,'2019-09-03 07:56:03','2019-09-03 07:56:03'),(399,394,8,'2019-09-03 08:09:41','2019-09-03 08:09:41'),(400,394,9,'2019-09-03 08:09:42','2019-09-03 08:09:42'),(401,394,10,'2019-09-03 08:09:43','2019-09-03 08:09:43'),(402,394,11,'2019-09-03 08:09:44','2019-09-03 08:09:44'),(403,394,12,'2019-09-03 08:09:44','2019-09-03 08:09:44'),(404,397,8,'2019-09-03 09:12:14','2019-09-03 09:12:14'),(405,397,9,'2019-09-03 09:12:16','2019-09-03 09:12:16'),(406,397,10,'2019-09-03 09:12:16','2019-09-03 09:12:16'),(407,397,11,'2019-09-03 09:12:17','2019-09-03 09:12:17'),(408,397,12,'2019-09-03 09:12:17','2019-09-03 09:12:17'),(409,398,8,'2019-09-03 09:19:15','2019-09-03 09:19:15'),(410,398,9,'2019-09-03 09:19:16','2019-09-03 09:19:16'),(411,398,10,'2019-09-03 09:19:17','2019-09-03 09:19:17'),(412,398,11,'2019-09-03 09:19:18','2019-09-03 09:19:18'),(413,398,12,'2019-09-03 09:19:18','2019-09-03 09:19:18'),(414,399,8,'2019-09-03 09:37:14','2019-09-03 09:37:14'),(415,399,9,'2019-09-03 09:37:16','2019-09-03 09:37:16'),(416,399,10,'2019-09-03 09:37:17','2019-09-03 09:37:17'),(417,399,11,'2019-09-03 09:37:17','2019-09-03 09:37:17'),(418,399,12,'2019-09-03 09:37:18','2019-09-03 09:37:18'),(419,401,8,'2019-09-03 09:53:45','2019-09-03 09:53:45'),(420,401,9,'2019-09-03 09:53:46','2019-09-03 09:53:46'),(421,401,10,'2019-09-03 09:53:46','2019-09-03 09:53:46'),(422,401,11,'2019-09-03 09:53:47','2019-09-03 09:53:47'),(423,401,12,'2019-09-03 09:53:48','2019-09-03 09:53:48'),(424,402,8,'2019-09-03 09:59:37','2019-09-03 09:59:37'),(425,402,9,'2019-09-03 09:59:39','2019-09-03 09:59:39'),(426,402,10,'2019-09-03 09:59:40','2019-09-03 09:59:40'),(427,402,11,'2019-09-03 09:59:40','2019-09-03 09:59:40'),(428,402,12,'2019-09-03 09:59:42','2019-09-03 09:59:42');
/*!40000 ALTER TABLE `customer_meal_types` ENABLE KEYS */;
UNLOCK TABLES;

--
-- Table structure for table `customer_meals`
--

DROP TABLE IF EXISTS `customer_meals`;
/*!40101 SET @saved_cs_client     = @@character_set_client */;
/*!40101 SET character_set_client = utf8 */;
CREATE TABLE `customer_meals` (
  `id` int(10) unsigned NOT NULL AUTO_INCREMENT,
  `customer_id` int(10) unsigned NOT NULL,
  `week_meal_id` int(10) unsigned NOT NULL,
  `created_at` timestamp NULL DEFAULT NULL,
  `updated_at` timestamp NULL DEFAULT NULL,
  `total_calories` int(11) DEFAULT NULL,
  `cooked` tinyint(4) NOT NULL DEFAULT 0,
  `total_fats` int(11) NOT NULL DEFAULT 0,
  `total_proteins` int(11) NOT NULL DEFAULT 0,
  `total_carbs` int(11) NOT NULL DEFAULT 0,
  `notes` longtext CHARACTER SET utf8mb4 COLLATE utf8mb4_bin DEFAULT NULL,
  PRIMARY KEY (`id`),
  KEY `customer_meals_customer_id_foreign` (`customer_id`),
  KEY `customer_meals_week_meal_id_foreign` (`week_meal_id`),
  CONSTRAINT `customer_meals_customer_id_foreign` FOREIGN KEY (`customer_id`) REFERENCES `customers` (`id`) ON DELETE CASCADE,
  CONSTRAINT `customer_meals_week_meal_id_foreign` FOREIGN KEY (`week_meal_id`) REFERENCES `week_meals` (`id`) ON DELETE CASCADE
) ENGINE=InnoDB AUTO_INCREMENT=6902 DEFAULT CHARSET=utf8mb4 COLLATE=utf8mb4_unicode_ci;
/*!40101 SET character_set_client = @saved_cs_client */;

--
-- Dumping data for table `customer_meals`
--

LOCK TABLES `customer_meals` WRITE;
/*!40000 ALTER TABLE `customer_meals` DISABLE KEYS */;
INSERT INTO `customer_meals` VALUES (6662,2,1663,'2019-08-20 13:15:30','2019-08-20 13:15:30',488,0,0,0,0,NULL),(6663,2,1751,'2019-08-20 13:15:30','2019-08-20 13:15:30',444,0,0,0,0,NULL),(6664,2,1835,'2019-08-20 13:15:30','2019-08-20 13:15:30',411,0,0,0,0,NULL),(6665,2,1922,'2019-08-20 13:15:30','2019-08-20 13:15:30',445,0,0,0,0,NULL),(6666,7,1663,'2019-08-20 13:15:30','2019-08-20 13:15:30',488,0,0,0,0,NULL),(6667,7,1751,'2019-08-20 13:15:30','2019-08-20 13:15:30',444,0,0,0,0,NULL),(6668,7,1835,'2019-08-20 13:15:30','2019-08-20 13:15:30',411,0,0,0,0,NULL),(6669,7,1922,'2019-08-20 13:15:30','2019-08-20 13:15:30',445,0,0,0,0,NULL),(6670,8,1663,'2019-08-20 13:15:30','2019-08-20 13:15:30',488,0,0,0,0,NULL),(6671,8,1751,'2019-08-20 13:15:30','2019-08-20 13:15:30',444,0,0,0,0,NULL),(6672,8,1835,'2019-08-20 13:15:30','2019-08-20 13:15:30',411,0,0,0,0,NULL),(6673,8,1922,'2019-08-20 13:15:30','2019-08-20 13:15:30',445,0,0,0,0,NULL),(6674,9,1665,'2019-08-20 13:15:30','2019-08-20 13:15:30',411,0,0,0,0,NULL),(6675,9,1748,'2019-08-20 13:15:30','2019-08-20 13:15:30',488,0,0,0,0,NULL),(6676,9,1835,'2019-08-20 13:15:30','2019-08-20 13:15:30',411,0,0,0,0,NULL),(6677,9,1920,'2019-08-20 13:15:30','2019-08-20 13:15:30',411,0,0,0,0,NULL),(6678,10,1663,'2019-08-20 13:15:30','2019-08-20 13:15:30',488,0,0,0,0,NULL),(6679,10,1750,'2019-08-20 13:15:30','2019-08-20 13:15:30',411,0,0,0,0,NULL),(6680,10,1833,'2019-08-20 13:15:30','2019-08-20 13:15:30',488,0,0,0,0,NULL),(6681,10,1920,'2019-08-20 13:15:30','2019-08-20 13:15:30',411,0,0,0,0,NULL),(6682,12,1663,'2019-08-20 13:15:30','2019-08-20 13:15:30',488,0,0,0,0,NULL),(6683,12,1750,'2019-08-20 13:15:30','2019-08-20 13:15:30',411,0,0,0,0,NULL),(6684,12,1833,'2019-08-20 13:15:30','2019-08-20 13:15:30',488,0,0,0,0,NULL),(6685,12,1920,'2019-08-20 13:15:30','2019-08-20 13:15:30',411,0,0,0,0,NULL),(6686,15,1663,'2019-08-20 13:15:30','2019-08-20 13:15:30',488,0,0,0,0,NULL),(6687,15,1750,'2019-08-20 13:15:30','2019-08-20 13:15:30',411,0,0,0,0,NULL),(6688,15,1833,'2019-08-20 13:15:30','2019-08-20 13:15:30',488,0,0,0,0,NULL),(6689,15,1920,'2019-08-20 13:15:30','2019-08-20 13:15:30',411,0,0,0,0,NULL),(6690,20,1663,'2019-08-20 13:15:30','2019-08-20 13:15:30',488,0,0,0,0,NULL),(6691,20,1750,'2019-08-20 13:15:30','2019-08-20 13:15:30',411,0,0,0,0,NULL),(6692,20,1833,'2019-08-20 13:15:30','2019-08-20 13:15:30',488,0,0,0,0,NULL),(6693,20,1920,'2019-08-20 13:15:30','2019-08-20 13:15:30',411,0,0,0,0,NULL),(6694,21,1663,'2019-08-20 13:15:30','2019-08-20 13:15:30',488,0,0,0,0,NULL),(6695,21,1750,'2019-08-20 13:15:30','2019-08-20 13:15:30',411,0,0,0,0,NULL),(6696,21,1833,'2019-08-20 13:15:30','2019-08-20 13:15:30',488,0,0,0,0,NULL),(6697,21,1920,'2019-08-20 13:15:30','2019-08-20 13:15:30',411,0,0,0,0,NULL),(6698,31,1663,'2019-08-20 13:15:30','2019-08-20 13:15:30',488,0,0,0,0,NULL),(6699,31,1750,'2019-08-20 13:15:30','2019-08-20 13:15:30',411,0,0,0,0,NULL),(6700,31,1833,'2019-08-20 13:15:30','2019-08-20 13:15:30',488,0,0,0,0,NULL),(6701,31,1920,'2019-08-20 13:15:30','2019-08-20 13:15:30',411,0,0,0,0,NULL),(6702,34,1665,'2019-08-20 13:15:30','2019-08-20 13:15:30',411,0,0,0,0,NULL),(6703,34,1748,'2019-08-20 13:15:30','2019-08-20 13:15:30',488,0,0,0,0,NULL),(6704,34,1835,'2019-08-20 13:15:30','2019-08-20 13:15:30',411,0,0,0,0,NULL),(6705,34,1920,'2019-08-20 13:15:30','2019-08-20 13:15:30',411,0,0,0,0,NULL),(6706,35,1663,'2019-08-20 13:15:30','2019-08-20 13:15:30',488,0,0,0,0,NULL),(6707,35,1750,'2019-08-20 13:15:30','2019-08-20 13:15:30',411,0,0,0,0,NULL),(6708,35,1833,'2019-08-20 13:15:30','2019-08-20 13:15:30',488,0,0,0,0,NULL),(6709,35,1920,'2019-08-20 13:15:30','2019-08-20 13:15:30',411,0,0,0,0,NULL),(6710,36,1663,'2019-08-20 13:15:30','2019-08-20 13:15:30',488,0,0,0,0,NULL),(6711,36,1750,'2019-08-20 13:15:30','2019-08-20 13:15:30',411,0,0,0,0,NULL),(6712,36,1833,'2019-08-20 13:15:30','2019-08-20 13:15:30',488,0,0,0,0,NULL),(6713,36,1920,'2019-08-20 13:15:30','2019-08-20 13:15:30',411,0,0,0,0,NULL),(6714,37,1663,'2019-08-20 13:15:30','2019-08-20 13:15:30',488,0,0,0,0,NULL),(6715,37,1750,'2019-08-20 13:15:30','2019-08-20 13:15:30',411,0,0,0,0,NULL),(6716,37,1833,'2019-08-20 13:15:30','2019-08-20 13:15:30',488,0,0,0,0,NULL),(6717,37,1920,'2019-08-20 13:15:30','2019-08-20 13:15:30',411,0,0,0,0,NULL),(6718,38,1663,'2019-08-20 13:15:30','2019-08-20 13:15:30',488,0,0,0,0,NULL),(6719,38,1750,'2019-08-20 13:15:30','2019-08-20 13:15:30',411,0,0,0,0,NULL),(6720,38,1833,'2019-08-20 13:15:30','2019-08-20 13:15:30',488,0,0,0,0,NULL),(6721,38,1920,'2019-08-20 13:15:30','2019-08-20 13:15:30',411,0,0,0,0,NULL),(6722,47,1663,'2019-08-20 13:15:30','2019-08-20 13:15:30',488,0,0,0,0,NULL),(6723,47,1750,'2019-08-20 13:15:30','2019-08-20 13:15:30',411,0,0,0,0,NULL),(6724,47,1833,'2019-08-20 13:15:30','2019-08-20 13:15:30',488,0,0,0,0,NULL),(6725,47,1920,'2019-08-20 13:15:30','2019-08-20 13:15:30',411,0,0,0,0,NULL),(6726,52,1663,'2019-08-20 13:15:30','2019-08-20 13:15:30',488,0,0,0,0,NULL),(6727,52,1751,'2019-08-20 13:15:30','2019-08-20 13:15:30',444,0,0,0,0,NULL),(6728,52,1835,'2019-08-20 13:15:30','2019-08-20 13:15:30',411,0,0,0,0,NULL),(6729,52,1922,'2019-08-20 13:15:30','2019-08-20 13:15:30',445,0,0,0,0,NULL),(6730,53,1663,'2019-08-20 13:15:30','2019-08-20 13:15:30',488,0,0,0,0,NULL),(6731,53,1751,'2019-08-20 13:15:30','2019-08-20 13:15:30',444,0,0,0,0,NULL),(6732,53,1835,'2019-08-20 13:15:30','2019-08-20 13:15:30',411,0,0,0,0,NULL),(6733,53,1922,'2019-08-20 13:15:30','2019-08-20 13:15:30',445,0,0,0,0,NULL),(6734,54,1663,'2019-08-20 13:15:30','2019-08-20 13:15:30',488,0,0,0,0,NULL),(6735,54,1751,'2019-08-20 13:15:30','2019-08-20 13:15:30',444,0,0,0,0,NULL),(6736,54,1835,'2019-08-20 13:15:30','2019-08-20 13:15:30',411,0,0,0,0,NULL),(6737,54,1922,'2019-08-20 13:15:30','2019-08-20 13:15:30',445,0,0,0,0,NULL),(6738,55,1663,'2019-08-20 13:15:31','2019-08-20 13:15:31',488,0,0,0,0,NULL),(6739,55,1750,'2019-08-20 13:15:31','2019-08-20 13:15:31',411,0,0,0,0,NULL),(6740,55,1833,'2019-08-20 13:15:31','2019-08-20 13:15:31',488,0,0,0,0,NULL),(6741,55,1920,'2019-08-20 13:15:31','2019-08-20 13:15:31',411,0,0,0,0,NULL),(6742,57,1663,'2019-08-20 13:15:31','2019-08-20 13:15:31',488,0,0,0,0,NULL),(6743,57,1750,'2019-08-20 13:15:31','2019-08-20 13:15:31',411,0,0,0,0,NULL),(6744,57,1833,'2019-08-20 13:15:31','2019-08-20 13:15:31',488,0,0,0,0,NULL),(6745,57,1920,'2019-08-20 13:15:31','2019-08-20 13:15:31',411,0,0,0,0,NULL),(6746,66,1663,'2019-08-20 13:15:31','2019-08-20 13:15:31',488,0,0,0,0,NULL),(6747,66,1750,'2019-08-20 13:15:31','2019-08-20 13:15:31',411,0,0,0,0,NULL),(6748,66,1833,'2019-08-20 13:15:31','2019-08-20 13:15:31',488,0,0,0,0,NULL),(6749,66,1920,'2019-08-20 13:15:31','2019-08-20 13:15:31',411,0,0,0,0,NULL),(6750,68,1663,'2019-08-20 13:15:31','2019-08-20 13:15:31',488,0,0,0,0,NULL),(6751,68,1750,'2019-08-20 13:15:31','2019-08-20 13:15:31',411,0,0,0,0,NULL),(6752,68,1833,'2019-08-20 13:15:31','2019-08-20 13:15:31',488,0,0,0,0,NULL),(6753,68,1920,'2019-08-20 13:15:31','2019-08-20 13:15:31',411,0,0,0,0,NULL),(6754,70,1665,'2019-08-20 13:15:31','2019-08-20 13:15:31',411,0,0,0,0,NULL),(6755,70,1748,'2019-08-20 13:15:31','2019-08-20 13:15:31',488,0,0,0,0,NULL),(6756,70,1833,'2019-08-20 13:15:31','2019-08-20 13:15:31',488,0,0,0,0,NULL),(6757,70,1920,'2019-08-20 13:15:31','2019-08-20 13:15:31',411,0,0,0,0,NULL),(6758,72,1663,'2019-08-20 13:15:31','2019-08-20 13:15:31',488,0,0,0,0,NULL),(6759,72,1751,'2019-08-20 13:15:31','2019-08-20 13:15:31',444,0,0,0,0,NULL),(6760,72,1835,'2019-08-20 13:15:31','2019-08-20 13:15:31',411,0,0,0,0,NULL),(6761,72,1922,'2019-08-20 13:15:31','2019-08-20 13:15:31',445,0,0,0,0,NULL),(6762,73,1665,'2019-08-20 13:15:31','2019-08-20 13:15:31',411,0,0,0,0,NULL),(6763,73,1750,'2019-08-20 13:15:31','2019-08-20 13:15:31',411,0,0,0,0,NULL),(6764,73,1837,'2019-08-20 13:15:31','2019-08-20 13:15:31',445,0,0,0,0,NULL),(6765,73,1920,'2019-08-20 13:15:31','2019-08-20 13:15:31',411,0,0,0,0,NULL),(6766,75,1663,'2019-08-20 13:15:31','2019-08-20 13:15:31',488,0,0,0,0,NULL),(6767,75,1750,'2019-08-20 13:15:31','2019-08-20 13:15:31',411,0,0,0,0,NULL),(6768,75,1833,'2019-08-20 13:15:31','2019-08-20 13:15:31',488,0,0,0,0,NULL),(6769,75,1920,'2019-08-20 13:15:31','2019-08-20 13:15:31',411,0,0,0,0,NULL),(6770,77,1663,'2019-08-20 13:15:31','2019-08-20 13:15:31',488,0,0,0,0,NULL),(6771,77,1751,'2019-08-20 13:15:31','2019-08-20 13:15:31',444,0,0,0,0,NULL),(6772,77,1835,'2019-08-20 13:15:31','2019-08-20 13:15:31',411,0,0,0,0,NULL),(6773,77,1922,'2019-08-20 13:15:31','2019-08-20 13:15:31',445,0,0,0,0,NULL),(6774,80,1663,'2019-08-20 13:15:31','2019-08-20 13:15:31',488,0,0,0,0,NULL),(6775,80,1751,'2019-08-20 13:15:31','2019-08-20 13:15:31',444,0,0,0,0,NULL),(6776,80,1835,'2019-08-20 13:15:31','2019-08-20 13:15:31',411,0,0,0,0,NULL),(6777,80,1922,'2019-08-20 13:15:31','2019-08-20 13:15:31',445,0,0,0,0,NULL),(6778,83,1663,'2019-08-20 13:15:31','2019-08-20 13:15:31',488,0,0,0,0,NULL),(6779,83,1751,'2019-08-20 13:15:31','2019-08-20 13:15:31',444,0,0,0,0,NULL),(6780,83,1835,'2019-08-20 13:15:31','2019-08-20 13:15:31',411,0,0,0,0,NULL),(6781,83,1922,'2019-08-20 13:15:31','2019-08-20 13:15:31',445,0,0,0,0,NULL),(6782,86,1663,'2019-08-20 13:15:31','2019-08-20 13:15:31',488,0,0,0,0,NULL),(6783,86,1751,'2019-08-20 13:15:31','2019-08-20 13:15:31',444,0,0,0,0,NULL),(6784,86,1835,'2019-08-20 13:15:31','2019-08-20 13:15:31',411,0,0,0,0,NULL),(6785,86,1922,'2019-08-20 13:15:31','2019-08-20 13:15:31',445,0,0,0,0,NULL),(6786,108,1663,'2019-08-20 13:15:31','2019-08-20 13:15:31',488,0,0,0,0,NULL),(6787,108,1750,'2019-08-20 13:15:31','2019-08-20 13:15:31',411,0,0,0,0,NULL),(6788,108,1833,'2019-08-20 13:15:31','2019-08-20 13:15:31',488,0,0,0,0,NULL),(6789,108,1920,'2019-08-20 13:15:31','2019-08-20 13:15:31',411,0,0,0,0,NULL),(6790,129,1663,'2019-08-20 13:15:32','2019-08-20 13:15:32',488,0,0,0,0,NULL),(6791,129,1751,'2019-08-20 13:15:32','2019-08-20 13:15:32',444,0,0,0,0,NULL),(6792,129,1835,'2019-08-20 13:15:32','2019-08-20 13:15:32',411,0,0,0,0,NULL),(6793,129,1922,'2019-08-20 13:15:32','2019-08-20 13:15:32',445,0,0,0,0,NULL),(6794,131,1663,'2019-08-20 13:15:32','2019-08-20 13:15:32',488,0,0,0,0,NULL),(6795,131,1750,'2019-08-20 13:15:32','2019-08-20 13:15:32',411,0,0,0,0,NULL),(6796,131,1833,'2019-08-20 13:15:32','2019-08-20 13:15:32',488,0,0,0,0,NULL),(6797,131,1920,'2019-08-20 13:15:32','2019-08-20 13:15:32',411,0,0,0,0,NULL),(6798,132,1663,'2019-08-20 13:15:32','2019-08-20 13:15:32',488,0,0,0,0,NULL),(6799,132,1750,'2019-08-20 13:15:32','2019-08-20 13:15:32',411,0,0,0,0,NULL),(6800,132,1833,'2019-08-20 13:15:32','2019-08-20 13:15:32',488,0,0,0,0,NULL),(6801,132,1920,'2019-08-20 13:15:32','2019-08-20 13:15:32',411,0,0,0,0,NULL),(6802,135,1667,'2019-08-20 13:15:32','2019-08-20 13:15:32',445,0,0,0,0,NULL),(6803,135,1752,'2019-08-20 13:15:32','2019-08-20 13:15:32',445,0,0,0,0,NULL),(6804,135,1836,'2019-08-20 13:15:32','2019-08-20 13:15:32',444,0,0,0,0,NULL),(6805,135,1922,'2019-08-20 13:15:32','2019-08-20 13:15:32',445,0,0,0,0,NULL),(6806,142,1663,'2019-08-20 13:15:32','2019-08-20 13:15:32',488,0,0,0,0,NULL),(6807,142,1750,'2019-08-20 13:15:32','2019-08-20 13:15:32',411,0,0,0,0,NULL),(6808,142,1833,'2019-08-20 13:15:32','2019-08-20 13:15:32',488,0,0,0,0,NULL),(6809,142,1920,'2019-08-20 13:15:32','2019-08-20 13:15:32',411,0,0,0,0,NULL),(6810,147,1663,'2019-08-20 13:15:32','2019-08-20 13:15:32',488,0,0,0,0,NULL),(6811,147,1750,'2019-08-20 13:15:32','2019-08-20 13:15:32',411,0,0,0,0,NULL),(6812,147,1833,'2019-08-20 13:15:32','2019-08-20 13:15:32',488,0,0,0,0,NULL),(6813,147,1920,'2019-08-20 13:15:32','2019-08-20 13:15:32',411,0,0,0,0,NULL),(6814,157,1663,'2019-08-20 13:15:32','2019-08-20 13:15:32',488,0,0,0,0,NULL),(6815,157,1751,'2019-08-20 13:15:32','2019-08-20 13:15:32',444,0,0,0,0,NULL),(6816,157,1835,'2019-08-20 13:15:32','2019-08-20 13:15:32',411,0,0,0,0,NULL),(6817,157,1922,'2019-08-20 13:15:32','2019-08-20 13:15:32',445,0,0,0,0,NULL),(6818,159,1663,'2019-08-20 13:15:32','2019-08-20 13:15:32',488,0,0,0,0,NULL),(6819,159,1751,'2019-08-20 13:15:32','2019-08-20 13:15:32',444,0,0,0,0,NULL),(6820,159,1835,'2019-08-20 13:15:32','2019-08-20 13:15:32',411,0,0,0,0,NULL),(6821,159,1922,'2019-08-20 13:15:32','2019-08-20 13:15:32',445,0,0,0,0,NULL),(6822,160,1663,'2019-08-20 13:15:32','2019-08-20 13:15:32',488,0,0,0,0,NULL),(6823,160,1751,'2019-08-20 13:15:32','2019-08-20 13:15:32',444,0,0,0,0,NULL),(6824,160,1835,'2019-08-20 13:15:32','2019-08-20 13:15:32',411,0,0,0,0,NULL),(6825,160,1922,'2019-08-20 13:15:32','2019-08-20 13:15:32',445,0,0,0,0,NULL),(6826,173,1663,'2019-08-20 13:15:32','2019-08-20 13:15:32',488,0,0,0,0,NULL),(6827,173,1751,'2019-08-20 13:15:32','2019-08-20 13:15:32',444,0,0,0,0,NULL),(6828,173,1833,'2019-08-20 13:15:32','2019-08-20 13:15:32',488,0,0,0,0,NULL),(6829,173,1921,'2019-08-20 13:15:32','2019-08-20 13:15:32',444,0,0,0,0,NULL),(6830,174,1667,'2019-08-20 13:15:32','2019-08-20 13:15:32',445,0,0,0,0,NULL),(6831,174,1752,'2019-08-20 13:15:32','2019-08-20 13:15:32',445,0,0,0,0,NULL),(6832,174,1837,'2019-08-20 13:15:32','2019-08-20 13:15:32',445,0,0,0,0,NULL),(6833,174,1922,'2019-08-20 13:15:32','2019-08-20 13:15:32',445,0,0,0,0,NULL),(6834,175,1663,'2019-08-20 13:15:32','2019-08-20 13:15:32',488,0,0,0,0,NULL),(6835,175,1751,'2019-08-20 13:15:32','2019-08-20 13:15:32',444,0,0,0,0,NULL),(6836,175,1836,'2019-08-20 13:15:32','2019-08-20 13:15:32',444,0,0,0,0,NULL),(6837,175,1918,'2019-08-20 13:15:32','2019-08-20 13:15:32',488,0,0,0,0,NULL),(6838,176,1663,'2019-08-20 13:15:32','2019-08-20 13:15:32',488,0,0,0,0,NULL),(6839,176,1751,'2019-08-20 13:15:32','2019-08-20 13:15:32',444,0,0,0,0,NULL),(6840,176,1835,'2019-08-20 13:15:32','2019-08-20 13:15:32',411,0,0,0,0,NULL),(6841,176,1922,'2019-08-20 13:15:32','2019-08-20 13:15:32',445,0,0,0,0,NULL),(6842,181,1663,'2019-08-20 13:15:32','2019-08-20 13:15:32',488,0,0,0,0,NULL),(6843,181,1751,'2019-08-20 13:15:32','2019-08-20 13:15:32',444,0,0,0,0,NULL),(6844,181,1835,'2019-08-20 13:15:32','2019-08-20 13:15:32',411,0,0,0,0,NULL),(6845,181,1922,'2019-08-20 13:15:32','2019-08-20 13:15:32',445,0,0,0,0,NULL),(6846,182,1663,'2019-08-20 13:15:32','2019-08-20 13:15:32',488,0,0,0,0,NULL),(6847,182,1748,'2019-08-20 13:15:32','2019-08-20 13:15:32',488,0,0,0,0,NULL),(6848,182,1833,'2019-08-20 13:15:32','2019-08-20 13:15:32',488,0,0,0,0,NULL),(6849,182,1918,'2019-08-20 13:15:32','2019-08-20 13:15:32',488,0,0,0,0,NULL),(6850,184,1663,'2019-08-20 13:15:32','2019-08-20 13:15:32',488,0,0,0,0,NULL),(6851,184,1751,'2019-08-20 13:15:32','2019-08-20 13:15:32',444,0,0,0,0,NULL),(6852,184,1835,'2019-08-20 13:15:32','2019-08-20 13:15:32',411,0,0,0,0,NULL),(6853,184,1922,'2019-08-20 13:15:32','2019-08-20 13:15:32',445,0,0,0,0,NULL),(6854,185,1663,'2019-08-20 13:15:32','2019-08-20 13:15:32',488,0,0,0,0,NULL),(6855,185,1748,'2019-08-20 13:15:32','2019-08-20 13:15:32',488,0,0,0,0,NULL),(6856,185,1833,'2019-08-20 13:15:32','2019-08-20 13:15:32',488,0,0,0,0,NULL),(6857,185,1918,'2019-08-20 13:15:32','2019-08-20 13:15:32',488,0,0,0,0,NULL),(6858,189,1663,'2019-08-20 13:15:32','2019-08-20 13:15:32',488,0,0,0,0,NULL),(6859,189,1751,'2019-08-20 13:15:32','2019-08-20 13:15:32',444,0,0,0,0,NULL),(6860,189,1833,'2019-08-20 13:15:32','2019-08-20 13:15:32',488,0,0,0,0,NULL),(6861,189,1921,'2019-08-20 13:15:32','2019-08-20 13:15:32',444,0,0,0,0,NULL),(6862,201,1663,'2019-08-20 13:15:32','2019-08-20 13:15:32',488,0,0,0,0,NULL),(6863,201,1751,'2019-08-20 13:15:32','2019-08-20 13:15:32',444,0,0,0,0,NULL),(6864,201,1835,'2019-08-20 13:15:32','2019-08-20 13:15:32',411,0,0,0,0,NULL),(6865,201,1922,'2019-08-20 13:15:32','2019-08-20 13:15:32',445,0,0,0,0,NULL),(6866,204,1663,'2019-08-20 13:15:33','2019-08-20 13:15:33',488,0,0,0,0,NULL),(6867,204,1751,'2019-08-20 13:15:33','2019-08-20 13:15:33',444,0,0,0,0,NULL),(6868,204,1835,'2019-08-20 13:15:33','2019-08-20 13:15:33',411,0,0,0,0,NULL),(6869,204,1922,'2019-08-20 13:15:33','2019-08-20 13:15:33',445,0,0,0,0,NULL),(6870,205,1663,'2019-08-20 13:15:33','2019-08-20 13:15:33',488,0,0,0,0,NULL),(6871,205,1750,'2019-08-20 13:15:33','2019-08-20 13:15:33',411,0,0,0,0,NULL),(6872,205,1833,'2019-08-20 13:15:33','2019-08-20 13:15:33',488,0,0,0,0,NULL),(6873,205,1920,'2019-08-20 13:15:33','2019-08-20 13:15:33',411,0,0,0,0,NULL),(6874,207,1665,'2019-08-20 13:15:33','2019-08-20 13:15:33',411,0,0,0,0,NULL),(6875,207,1748,'2019-08-20 13:15:33','2019-08-20 13:15:33',488,0,0,0,0,NULL),(6876,207,1835,'2019-08-20 13:15:33','2019-08-20 13:15:33',411,0,0,0,0,NULL),(6877,207,1920,'2019-08-20 13:15:33','2019-08-20 13:15:33',411,0,0,0,0,NULL),(6878,210,1663,'2019-08-20 13:15:33','2019-08-20 13:15:33',488,0,0,0,0,NULL),(6879,210,1748,'2019-08-20 13:15:33','2019-08-20 13:15:33',488,0,0,0,0,NULL),(6880,210,1833,'2019-08-20 13:15:33','2019-08-20 13:15:33',488,0,0,0,0,NULL),(6881,210,1918,'2019-08-20 13:15:33','2019-08-20 13:15:33',488,0,0,0,0,NULL),(6882,231,1663,'2019-08-20 13:15:33','2019-08-20 13:15:33',488,0,0,0,0,NULL),(6883,231,1750,'2019-08-20 13:15:33','2019-08-20 13:15:33',411,0,0,0,0,NULL),(6884,231,1833,'2019-08-20 13:15:33','2019-08-20 13:15:33',488,0,0,0,0,NULL),(6885,231,1920,'2019-08-20 13:15:33','2019-08-20 13:15:33',411,0,0,0,0,NULL),(6886,233,1667,'2019-08-20 13:15:33','2019-08-20 13:15:33',445,0,0,0,0,NULL),(6887,233,1752,'2019-08-20 13:15:33','2019-08-20 13:15:33',445,0,0,0,0,NULL),(6888,233,1837,'2019-08-20 13:15:33','2019-08-20 13:15:33',445,0,0,0,0,NULL),(6889,233,1922,'2019-08-20 13:15:33','2019-08-20 13:15:33',445,0,0,0,0,NULL),(6890,234,1665,'2019-08-20 13:15:33','2019-08-20 13:15:33',411,0,0,0,0,NULL),(6891,234,1752,'2019-08-20 13:15:33','2019-08-20 13:15:33',445,0,0,0,0,NULL),(6892,234,1833,'2019-08-20 13:15:33','2019-08-20 13:15:33',488,0,0,0,0,NULL),(6893,234,1921,'2019-08-20 13:15:33','2019-08-20 13:15:33',444,0,0,0,0,NULL),(6894,235,1663,'2019-08-20 13:15:33','2019-08-20 13:15:33',488,0,0,0,0,NULL),(6895,235,1751,'2019-08-20 13:15:33','2019-08-20 13:15:33',444,0,0,0,0,NULL),(6896,235,1835,'2019-08-20 13:15:33','2019-08-20 13:15:33',411,0,0,0,0,NULL),(6897,235,1922,'2019-08-20 13:15:33','2019-08-20 13:15:33',445,0,0,0,0,NULL),(6898,237,1663,'2019-08-20 13:15:33','2019-08-20 13:15:33',488,0,0,0,0,NULL),(6899,237,1748,'2019-08-20 13:15:33','2019-08-20 13:15:33',488,0,0,0,0,NULL),(6900,237,1833,'2019-08-20 13:15:33','2019-08-20 13:15:33',488,0,0,0,0,NULL),(6901,237,1918,'2019-08-20 13:15:33','2019-08-20 13:15:33',488,0,0,0,0,NULL);
/*!40000 ALTER TABLE `customer_meals` ENABLE KEYS */;
UNLOCK TABLES;

--
-- Table structure for table `customer_programs`
--

DROP TABLE IF EXISTS `customer_programs`;
/*!40101 SET @saved_cs_client     = @@character_set_client */;
/*!40101 SET character_set_client = utf8 */;
CREATE TABLE `customer_programs` (
  `id` int(10) unsigned NOT NULL AUTO_INCREMENT,
  `customer_id` int(10) unsigned NOT NULL,
  `meal_type_id` int(10) unsigned NOT NULL,
  `options` longtext CHARACTER SET utf8mb4 COLLATE utf8mb4_bin DEFAULT NULL,
  `created_at` timestamp NULL DEFAULT NULL,
  `updated_at` timestamp NULL DEFAULT NULL,
  PRIMARY KEY (`id`),
  KEY `customer_programs_customer_id_foreign` (`customer_id`),
  KEY `customer_programs_meal_type_id_foreign` (`meal_type_id`),
  CONSTRAINT `customer_programs_customer_id_foreign` FOREIGN KEY (`customer_id`) REFERENCES `customers` (`id`),
  CONSTRAINT `customer_programs_meal_type_id_foreign` FOREIGN KEY (`meal_type_id`) REFERENCES `meal_types` (`id`)
) ENGINE=InnoDB AUTO_INCREMENT=12 DEFAULT CHARSET=utf8mb4 COLLATE=utf8mb4_unicode_ci;
/*!40101 SET character_set_client = @saved_cs_client */;

--
-- Dumping data for table `customer_programs`
--

LOCK TABLES `customer_programs` WRITE;
/*!40000 ALTER TABLE `customer_programs` DISABLE KEYS */;
INSERT INTO `customer_programs` VALUES (1,135,8,'[{\"data\":[{\"ingredient_type_id\":\"1\",\"amount\":\"100\"},{\"ingredient_type_id\":\"5\",\"amount\":\"100\"}]}]','2019-04-21 11:45:29','2019-04-21 11:45:35'),(2,5,8,'[{\"data\":[{\"ingredient_type_id\":\"15\",\"amount\":\"76\"},{\"ingredient_type_id\":\"5\",\"amount\":\"51\"}],\"kitchen_id\":\"5\"},{\"data\":[{\"ingredient_type_id\":\"17\",\"amount\":\"62\"},{\"ingredient_type_id\":\"5\",\"amount\":\"49\"}],\"kitchen_id\":\"5\"},{\"data\":[{\"ingredient_type_id\":\"19\",\"amount\":\"59\"},{\"ingredient_type_id\":\"5\",\"amount\":\"83\"}],\"kitchen_id\":\"5\"},{\"data\":[{\"ingredient_type_id\":\"20\",\"amount\":\"70\"},{\"ingredient_type_id\":\"5\",\"amount\":\"55\"}],\"kitchen_id\":\"5\"},{\"data\":[{\"ingredient_type_id\":\"4\",\"amount\":\"180\"},{\"ingredient_type_id\":\"5\",\"amount\":\"123\"}],\"kitchen_id\":\"5\"}]','2019-04-21 12:04:26','2019-04-21 13:31:38'),(4,5,9,'[{\"data\":[{\"ingredient_type_id\":\"15\",\"amount\":\"126\"},{\"ingredient_type_id\":\"5\",\"amount\":\"114\"}],\"kitchen_id\":\"5\"},{\"data\":[{\"ingredient_type_id\":\"17\",\"amount\":\"117\"}],\"kitchen_id\":\"5\"},{\"data\":[{\"ingredient_type_id\":\"16\",\"amount\":\"120\"},{\"ingredient_type_id\":\"5\",\"amount\":\"120\"}],\"kitchen_id\":\"5\"},{\"data\":[{\"ingredient_type_id\":\"14\",\"amount\":\"115\"},{\"ingredient_type_id\":\"5\",\"amount\":\"125\"}],\"kitchen_id\":\"5\"},{\"data\":[{\"ingredient_type_id\":\"19\",\"amount\":\"70\"},{\"ingredient_type_id\":\"5\",\"amount\":\"121\"}],\"kitchen_id\":\"5\"},{\"data\":[{\"ingredient_type_id\":\"20\",\"amount\":\"129\"},{\"ingredient_type_id\":\"5\",\"amount\":\"111\"}],\"kitchen_id\":\"5\"},{\"data\":[{\"ingredient_type_id\":\"18\",\"amount\":\"66\"},{\"ingredient_type_id\":\"5\",\"amount\":\"124\"}],\"kitchen_id\":\"5\"}]','2019-04-21 12:08:25','2019-04-21 13:31:59'),(5,5,10,'[{\"data\":[{\"ingredient_type_id\":\"15\",\"amount\":\"133\"},{\"ingredient_type_id\":\"5\",\"amount\":\"107\"}],\"kitchen_id\":\"5\"},{\"data\":[{\"ingredient_type_id\":\"17\",\"amount\":\"128\"},{\"ingredient_type_id\":\"5\",\"amount\":\"112\"}],\"kitchen_id\":\"5\"},{\"data\":[{\"ingredient_type_id\":\"16\",\"amount\":\"115\"},{\"ingredient_type_id\":\"16\",\"amount\":\"125\"}],\"kitchen_id\":\"5\"},{\"data\":[{\"ingredient_type_id\":\"14\",\"amount\":\"120\"},{\"ingredient_type_id\":\"5\",\"amount\":\"120\"}],\"kitchen_id\":\"5\"},{\"data\":[{\"ingredient_type_id\":\"20\",\"amount\":\"135\"},{\"ingredient_type_id\":\"5\",\"amount\":\"105\"}],\"kitchen_id\":\"5\"}]','2019-04-21 12:16:36','2019-04-21 13:32:13'),(7,4,9,'[{\"data\":[{\"ingredient_type_id\":\"16\",\"amount\":\"100\"}],\"kitchen_id\":\"5\"}]','2019-06-23 10:19:06','2019-06-23 10:21:04'),(9,283,8,'[{\"data\":[{\"ingredient_type_id\":\"22\",\"amount\":\"100\"},{\"ingredient_type_id\":\"5\",\"amount\":\"73\"}]},{\"data\":[{\"ingredient_type_id\":\"19\",\"amount\":\"59\"},{\"ingredient_type_id\":\"5\",\"amount\":\"65\"}]},{\"data\":[{\"ingredient_type_id\":\"20\",\"amount\":\"55\"},{\"ingredient_type_id\":\"5\",\"amount\":\"68\"}]}]','2019-08-20 13:47:44','2019-08-20 13:52:43'),(10,283,9,'[{\"data\":[{\"ingredient_type_id\":\"15\",\"amount\":\"112\"},{\"ingredient_type_id\":\"5\",\"amount\":\"108\"}]}]','2019-08-20 13:53:10','2019-08-20 13:53:24');
/*!40000 ALTER TABLE `customer_programs` ENABLE KEYS */;
UNLOCK TABLES;

--
-- Table structure for table `customer_weeks`
--

DROP TABLE IF EXISTS `customer_weeks`;
/*!40101 SET @saved_cs_client     = @@character_set_client */;
/*!40101 SET character_set_client = utf8 */;
CREATE TABLE `customer_weeks` (
  `id` int(10) unsigned NOT NULL AUTO_INCREMENT,
  `customer_id` int(10) unsigned NOT NULL,
  `week_id` int(10) unsigned NOT NULL,
  `subscribed` tinyint(4) NOT NULL DEFAULT 1,
  `created_at` timestamp NULL DEFAULT NULL,
  `updated_at` timestamp NULL DEFAULT NULL,
  PRIMARY KEY (`id`),
  KEY `customer_weeks_customer_id_foreign` (`customer_id`),
  KEY `customer_weeks_week_id_foreign` (`week_id`),
  CONSTRAINT `customer_weeks_customer_id_foreign` FOREIGN KEY (`customer_id`) REFERENCES `customers` (`id`),
  CONSTRAINT `customer_weeks_week_id_foreign` FOREIGN KEY (`week_id`) REFERENCES `weeks` (`id`) ON DELETE CASCADE
) ENGINE=InnoDB AUTO_INCREMENT=2 DEFAULT CHARSET=utf8mb4 COLLATE=utf8mb4_unicode_ci;
/*!40101 SET character_set_client = @saved_cs_client */;

--
-- Dumping data for table `customer_weeks`
--

LOCK TABLES `customer_weeks` WRITE;
/*!40000 ALTER TABLE `customer_weeks` DISABLE KEYS */;
INSERT INTO `customer_weeks` VALUES (1,4,5,1,'2019-08-20 13:15:24','2019-08-20 13:15:24');
/*!40000 ALTER TABLE `customer_weeks` ENABLE KEYS */;
UNLOCK TABLES;

--
-- Table structure for table `customers`
--

DROP TABLE IF EXISTS `customers`;
/*!40101 SET @saved_cs_client     = @@character_set_client */;
/*!40101 SET character_set_client = utf8 */;
CREATE TABLE `customers` (
  `id` int(10) unsigned NOT NULL AUTO_INCREMENT,
  `customer_id` int(11) DEFAULT NULL,
  `fullname` varchar(255) COLLATE utf8mb4_unicode_ci NOT NULL,
  `title` varchar(255) COLLATE utf8mb4_unicode_ci NOT NULL,
  `age` int(11) NOT NULL,
  `birthdate` date NOT NULL,
  `gender` tinyint(4) NOT NULL,
  `height` double NOT NULL,
  `weight` double NOT NULL,
  `waist_measurements` double NOT NULL,
  `hip_measurements` double NOT NULL,
  `blood_type` varchar(255) COLLATE utf8mb4_unicode_ci NOT NULL,
  `address` text COLLATE utf8mb4_unicode_ci NOT NULL,
  `mobile` varchar(255) COLLATE utf8mb4_unicode_ci NOT NULL,
  `telephone` varchar(255) COLLATE utf8mb4_unicode_ci NOT NULL,
  `email` varchar(255) COLLATE utf8mb4_unicode_ci NOT NULL,
  `medical_history` text COLLATE utf8mb4_unicode_ci NOT NULL,
  `present_medication` text COLLATE utf8mb4_unicode_ci NOT NULL,
  `exercise_frequency` text COLLATE utf8mb4_unicode_ci NOT NULL,
  `alchohol` tinyint(4) NOT NULL,
  `smoke` tinyint(4) NOT NULL,
  `pregnancy` tinyint(4) NOT NULL,
  `breastfeeding` tinyint(4) NOT NULL,
  `vaccinations` text COLLATE utf8mb4_unicode_ci NOT NULL,
  `worktype` varchar(255) COLLATE utf8mb4_unicode_ci NOT NULL,
  `weightchange` tinyint(4) NOT NULL,
  `created_at` timestamp NULL DEFAULT NULL,
  `updated_at` timestamp NULL DEFAULT NULL,
  `plan_id` int(10) unsigned NOT NULL,
  `status` tinyint(4) NOT NULL,
  `consider_calories` tinyint(4) NOT NULL DEFAULT 1,
  `daily_calories` int(11) DEFAULT NULL,
  `excluded_days` longtext CHARACTER SET utf8mb4 COLLATE utf8mb4_bin DEFAULT NULL,
  PRIMARY KEY (`id`),
  UNIQUE KEY `customers_email_unique` (`email`),
  UNIQUE KEY `customers_customer_id_unique` (`customer_id`),
  KEY `customers_plan_id_foreign` (`plan_id`),
  CONSTRAINT `customers_plan_id_foreign` FOREIGN KEY (`plan_id`) REFERENCES `plans` (`id`) ON DELETE CASCADE
) ENGINE=InnoDB AUTO_INCREMENT=405 DEFAULT CHARSET=utf8mb4 COLLATE=utf8mb4_unicode_ci;
/*!40101 SET character_set_client = @saved_cs_client */;

--
-- Dumping data for table `customers`
--

LOCK TABLES `customers` WRITE;
/*!40000 ALTER TABLE `customers` DISABLE KEYS */;
INSERT INTO `customers` VALUES (2,NULL,'Bassam Al Ali','Mr',37,'1981-09-26',1,175,81,34,0,'O+','BLDG 2495,RD 2832,SEEF 428, AHLI UNITED BANK','36733777','36733777','bas.alali@gmail.com','NONE','NONE','1',0,0,0,0,'0','Mental',2,'2019-03-30 08:48:47','2019-08-19 08:50:21',1,1,1,2637,NULL),(4,3,'Laila Al-Beiti','MS.',35,'1983-08-17',0,167,84,112,112,'0','House 25, Granada Garden Road 2251,Jidhafs 442','39977832','39977832','laila.albeiti@gmail.com','NONE','NONE','1',0,0,0,0,'0','MENTAL',0,'2019-03-30 09:40:31','2019-09-03 10:18:54',1,1,0,1368,'[\"0\"]'),(5,NULL,'Humood Almuhanna','Mr.',28,'1990-07-28',1,190,103,109,69,'O+','House 215, RD 90, BLK 945, Awali','3831001','3831001','humood.almuhanna@gmail.com','Mixed connective tissue disease','Adalat, Imuran, Nuxium','1',0,0,0,0,'0','Mental',0,'2019-03-30 10:01:25','2019-08-19 08:50:21',2,1,1,2186,NULL),(6,NULL,'Najlaa Salman Alkhalifa','Sh.',27,'1991-10-19',0,158,88,95,121,'O+','House 174\r\nSh. Khalifa Bin Mohd Ave.\r\nBusaiteen\r\nBlock 221','33505505','33505505','niyalalkhalifa@gmail.com','NONE','NONE\r\n\r\n\r\n\r\nNote : minced meat only no to steaks','1',0,0,0,0,'0','MENTAL',0,'2019-04-01 15:52:43','2019-08-19 08:50:21',2,1,1,1404,NULL),(7,NULL,'Saleh Nass','Mr.',34,'1985-03-08',1,0,0,0,0,'0','Villa 429\r\nElements Production \r\nRd 1212\r\nGufool 312','39973337','39973337','smnass@mac.com','0','0','1',0,0,0,0,'0','Physical',2,'2019-04-06 07:39:23','2019-08-19 08:50:21',1,1,1,-252,NULL),(8,NULL,'Sarah Abdulmajeed Mohammed','Mr.',31,'1988-02-20',0,167,71,0,0,'B+','House 99\r\nRd 2702\r\nBLK 927\r\nBukwarah','38889883','39912223','saramohd88@hotmail.com','NONE','NONE','0',0,0,0,0,'0','Mental',2,'2019-04-06 07:44:01','2019-08-19 08:50:21',1,1,1,1740,NULL),(9,NULL,'Sara Al Dallal','Mrs.',31,'1987-12-22',0,172,91,0,0,'A+','v23\r\nHuda Palms\r\nAl Nakheel Higway Gate 1129\r\nRoad 60 Barbar 528','36704999','36704999','sara.aldallal@gmail.com','none','none','1',0,0,0,1,'0','both',0,'2019-04-06 13:44:53','2019-08-19 08:50:21',3,1,1,1554,NULL),(10,NULL,'Mohamed Raees','Mr.',37,'1982-03-04',1,180,88,0,0,'0','Kuwait Finance House Bahrain\r\nWord Trade Center Ground Floor\r\nKFH Branch next to Maki Restaurant','39885522','39885522','m.raees@gmail.com','none','none','1',0,1,0,0,'0','mental',2,'2019-04-06 14:09:35','2019-08-19 08:50:21',3,1,1,2792,NULL),(11,NULL,'Dalal Essa Najibi','Ms',25,'1994-02-15',0,166,58,0,0,'B+','House No. 989 Road 2520\r\nBlock 525 \r\nSaar','39722002','39722002','dalalnajibi@gmail.com','none','none','1',0,0,0,0,'0','both',2,'2019-04-07 07:41:02','2019-08-19 08:50:21',2,1,1,2037,NULL),(12,NULL,'Mehrunissa Anis','Dr.',30,'1988-06-11',0,172,60,71,91,'B+','Flat 83,8th flr. Bldg.2450,\r\nRoad 2835 Block 228\r\nBusaiteen','38816472','38816472','mehrunissa.anis@gmail.com','none','none','1',0,0,0,0,'0','both',2,'2019-04-07 08:44:15','2019-08-19 08:50:21',3,1,1,2087,NULL),(14,NULL,'Ahmed Ishaq','Mr.',36,'1983-08-18',1,190,91,34,20,'AB+','House no. 1100, Road 1518\r\nBlock 915 East Riffa','39412414','39412414','aishaq1983@gmail.com','none','none','1',0,1,0,0,'0','mental',0,'2019-04-07 12:20:50','2019-08-19 08:50:21',2,1,1,1941,NULL),(15,NULL,'Habib Ali Gowhary','Mr.',28,'1990-08-30',1,192,75,81,0,'0','Flat 11, Bldg. 3551\r\nRoad 7552 Block 575\r\nJanabiya','36676701','36676701','habib.ali90@hotmail.com','none','none','0',0,0,0,0,'0','mental',1,'2019-04-08 05:41:02','2019-08-19 08:50:21',3,1,1,3196,NULL),(16,NULL,'Maryam Hamad','Ms.',39,'1979-05-23',0,162,60.5,0,0,'0+','Villa 589 Road 1619\r\nBlock 916 West Riffa','36766661','36766661','riffa.events@gmail.com','high cholesterol','none','1',0,0,0,0,'0','both',0,'2019-04-08 06:16:16','2019-08-19 08:50:21',2,1,1,930,NULL),(17,NULL,'Ahmed Salahuddin','Mr.',32,'1986-08-01',1,172,92,120,109,'0+','House no. 1077,Road \r\n2521, Block 525\r\nSaar','34454445','39416600','salahaldeen.a@gmail.com','none','multi vitamins supplements\r\n\r\n\r\nNote : no to spciy','0',0,1,0,0,'0','both',0,'2019-04-08 06:38:11','2019-08-19 08:50:21',2,1,1,1226,NULL),(18,NULL,'Sara Davies','Mrs.',32,'1986-12-24',0,5.7,83,0,0,'0+','Villa 682, Hani Gardens\r\nRoad 2033 Block 520\r\nBarbar','33324120','33324120','saradavies86@hotmail.com','none','none','1',0,0,0,0,'0','mental',0,'2019-04-08 06:46:09','2019-08-19 08:50:21',2,1,1,-167,NULL),(19,NULL,'James Davies','Mr.',32,'1986-10-23',1,6,82,0,0,'0','Villa 682, Hani Gardens\r\nRoad 2033, Block 520\r\nBarbar','32121448','32121448','jamesdavies0@hotmail.com','none','none','1',1,0,0,0,'0','mental',0,'2019-04-08 06:48:37','2019-08-19 08:50:21',2,1,1,75,NULL),(20,NULL,'Stephanie Hsu','Dr.',29,'1989-09-14',0,163,58,71,91,'B+','No.57,ar Al Ezz 1\r\nBldg.2372 Road 2834 Block 228\r\nBusaiteen','39926958','39926958','steph.hsu89@gmail.com','none\r\n\r\nNote : less salt','none','0',0,0,0,0,'0','both',2,'2019-04-08 06:52:44','2019-08-19 08:50:21',3,1,1,1564,NULL),(21,NULL,'Nahar Ahmed Kamal','Mrs.',30,'1989-04-22',0,159,57,0,0,'A+','Villa 915,Road 1514,\r\nBlock 915 East Riffa','39545995','39545995','nahar.akamal@gmail.com','none','none\r\n\r\n\r\nNote : NO OATMEAL PLS.','1',0,0,0,0,'0','mental',2,'2019-04-08 06:56:23','2019-08-19 08:50:21',3,1,1,1917,NULL),(22,NULL,'Khalid Al Shater','Mr.',17,'2002-01-05',1,132,96,101,0,'0','House 995,Road 7415\r\nBlock 579\r\nHamala','36660066','36660066','khalidalshater@gmai.com','none','none','0',0,0,0,0,'0','both',0,'2019-04-08 07:08:59','2019-08-19 08:50:21',2,1,1,1063,NULL),(23,NULL,'Amina Humood','Ms',30,'1988-07-14',0,150,48,0,0,'A+','Villa 139 Road 29\r\nBlock 242\r\nArad','37766377','37766377','amina.humood@gmail.com','none','none','0',0,0,0,0,'0','mental',0,'2019-04-08 07:12:51','2019-08-19 08:50:21',2,1,1,339,NULL),(24,NULL,'Nadia Haqiqi','Mrs.',31,'1987-04-18',0,158,61,0,0,'0+','Villa no.2 Gate 1007\r\nBlock 332 Bu Ashira','36654455','17170441','nhaqiqi@1stenergybank.com','none','none','0',0,0,0,0,'0','mental',0,'2019-04-08 07:16:14','2019-08-19 08:50:21',2,1,1,551,NULL),(25,NULL,'May Taqi','Ms.',27,'0091-09-26',0,160,95,101,127,'0+','Villa 1117 Road 919\r\nBlock 1209 \r\nMiadinat  Hamad (Roundabout 9)','39722205','17420858','m.f.taqi@gmail.com','none','daily vitamins for hai and skin','2',0,0,0,0,'0','both',0,'2019-04-08 07:29:18','2019-08-19 08:50:21',2,1,1,1911,NULL),(26,NULL,'Fatima Yateem','Ms.',29,'1990-02-07',0,174,78,0,0,'0+','Yateem Gardens Villa 30\r\n2469,Road 2762 \r\nBlock 327, Manama Bahrain','38883828','38883828','fatima.yateem@gmail.com','none','none','2',0,0,0,0,'0','both',0,'2019-04-08 07:43:46','2019-08-19 08:50:21',8,1,1,1748,NULL),(27,NULL,'Shaika May Bit Sulaiman Al Otaibi','Dr.',62,'1957-12-17',0,100,69,97,91,'B+','House no..196, Block 221\r\nRoad Sh.Khalifa Bin Moohd.Avenue','3880011','3880011','maysalute@gmail.com','none\r\n\r\n\r\nNote : NO KIWI & LESS EGGS','none','0',0,0,0,0,'0','both',0,'2019-04-08 08:02:02','2019-08-19 08:50:21',2,1,1,21,NULL),(28,NULL,'Amal Khalil Ismail','Ms.',29,'1989-08-03',0,157,90,0,0,'0+','House no.2613,Road 2966\r\nBlock 729 Jurdab\r\nIsa Town','36626266','36626266','amalkhalil@;live.com','none','none','2',0,0,0,0,'0','mental',0,'2019-04-08 08:09:59','2019-08-19 08:50:21',2,1,1,1772,NULL),(29,NULL,'Fatima Al Hadi','Mrs.',26,'1983-01-24',0,155,56.8,0,0,'A+','Lagoon Gate No.2 Block 943\r\nStreet no. 4317 H GB004\r\nRiffa Views','39993899','39993899','alhadifatima@gmail.com','none','none','0',0,0,0,0,'0','mental',0,'2019-04-08 08:19:44','2019-08-19 08:50:21',2,1,1,507,NULL),(30,NULL,'Fahad Barbar','Mr.',29,'1987-03-12',1,0,182,33,0,'B+','Villa 14, Gate 756,Road 1725\r\nIsa Park Compound\r\nSaar','39050656','33889991','fahadbabar@gmail.com','none\r\n\r\nNote : no sugar, gluten free,low carb high protein meal','none','2',1,1,0,0,'0','mental',2,'2019-04-08 08:46:25','2019-08-19 08:50:21',2,1,1,2957,NULL),(31,NULL,'Lara Elie Semaan','Ms.',25,'1994-09-01',0,166,86,114,114,'0+','House 3228, Road 5770,\r\nBlock 457 Buqowah\r\nSeraya 2','66666056','66666056','lara.elie.semaan@gmail.com','none','accutane for the last 2 months\r\n\r\nNote : no to seafood','0',0,0,0,0,'0','both',2,'2019-04-08 09:21:04','2019-08-19 08:50:21',3,1,1,1950,NULL),(32,NULL,'Nouf Khalfan','Mrs.',34,'1984-12-07',0,5.6,69.5,93.9,104,'0','Villa 2545, Road 7169\r\nBlock 571 Janabiya','39944994','39944994','noufkhalfan@gmail.com','none','none','0',1,0,0,0,'0','both',2,'2019-04-08 09:29:07','2019-08-19 08:50:21',2,1,1,483,NULL),(33,NULL,'Sara Jawahery','Ms.',36,'1982-05-31',0,5.3,53,0,0,'B+','House no.2,Gate 262, Road 7311\r\nBlk. 473,Abu Saiba','39699773','39699773','sara.jawahery@gmail.com','none','none\r\n\r\nnote: no gluten, no dairy,no fish\r\nmore of proteim ,low carb','1',0,0,0,0,'0','both',2,'2019-04-08 11:09:57','2019-08-19 08:50:21',3,1,1,340,NULL),(34,NULL,'Shaika Methayelle Al Khalifa','Shaika',27,'1992-04-11',0,154,57,65.5,97,'0+','shaikh Isa\'s palace','36977777','36977777','methayelle@gmail.cm','none','none\r\n\r\nNote : no eggs,gluten free,no brown rice','1',0,0,0,0,'0','mental',2,'2019-04-08 13:02:20','2019-08-19 08:50:21',3,1,1,1892,NULL),(35,NULL,'Stephanie Long','Ms',34,'0000-00-00',0,169,79,0,0,'0','Capricorn Gardens, Flat 40\r\n1st Floor Avenue 65,131\r\nBlock 565 Janabiyah','36121122','36121122','stephaniealexlong@gmail.com','none','PCOS','0',0,0,0,0,'0','both',0,'2019-04-08 13:08:52','2019-08-19 08:50:21',3,1,1,833,NULL),(36,NULL,'Mohamed Alsaati','Mr.',28,'1992-04-10',1,171,65,30,0,'AB+','House no. 141,Road 2307\r\nBlock 523\r\nSaar','39988009','39988009','mohamed.alsaati@gmail.com','none','none\r\n\r\nNote : no to ketchup and pickles','1',0,1,0,0,'0','both',2,'2019-04-08 13:13:07','2019-08-19 08:50:21',3,1,1,2423,NULL),(37,NULL,'Ameera Nasralla','Mrs.',35,'1984-04-24',0,157,68,0,0,'B+','House no.1333, Road 5337\r\nBlock 553,\r\nBudaiya','39633327','39633327','nasrallaameera@gmail.com','none','none','0',0,0,0,0,'0','mental',0,'2019-04-08 13:17:51','2019-08-19 08:50:21',3,1,1,604,NULL),(38,NULL,'Sara Abdulla','Ms.',30,'1989-10-29',0,160,54,0,0,'0','House no.1061,Road 1119, \r\nBlock 911\r\nEast Riffa','36330075','36330075','s.abdulla@gmail.com','none','none\r\n\r\nNote : no lentils and no beans','1',0,0,0,0,'0','mental',0,'2019-04-08 13:26:22','2019-08-19 08:50:21',3,1,1,880,NULL),(47,NULL,'Noora Hasan Isa','Ms.',38,'1980-08-24',0,167,74,0,0,'0','Villa no.993, Road 1626, \r\nBlock 916 \r\nWest Riffa','39444462','39444462','n.h.alghatam@gmail.com','none','Taking Vitamin D & Omega','1',0,0,0,0,'0','both',2,'2019-04-10 05:59:19','2019-08-19 08:50:21',3,1,1,2192,NULL),(50,NULL,'Kumail Al Noaimi','Mr.',36,'1982-01-01',1,179,72,32,0,'0','Compound no 141,Villa no.96\r\nRoad 24, Block 1020\r\nHamad Town','39600874','39600874','kumail.alnoaimi@gmail.com','none\r\n\r\n\r\nNote : into a lot of sports hence need more carbs','none','2',0,0,0,0,'0','both',2,'2019-04-10 11:28:13','2019-08-19 08:50:22',11,1,1,2928,NULL),(52,NULL,'Abdulla Al Aradi','Mr.',35,'0983-06-07',1,197,88,91,0,'A+','Villa 1047,Road 4032\r\nBlock 240 Arad\r\nMuharraq (opposite to arad bay pedestrian bridge)','33335757','33335757','abdulla.aradi@gmail.com','none','mome','0',1,1,0,0,'0','both',2,'2019-04-11 06:57:24','2019-08-19 08:50:22',1,1,1,2349,NULL),(53,NULL,'Fatima Karimi','Ms.',32,'1986-08-05',0,164,72,0,0,'B+','Viva Tower 15, 428 Seef District\r\n17th Floor','39711397','34011393','fkarimi@gmail.com','none','none\r\n\r\nNote : No legumes,gluten Free,quinoa\r\n and beans','1',0,1,0,0,'0','mental',2,'2019-04-11 07:05:37','2019-08-19 08:50:22',1,1,1,2179,NULL),(54,NULL,'Maryam Al Zayani','Ms.',26,'0001-01-01',0,0,0,0,0,'0','Khaleej Commercial Bank  - Financial Harbour \r\n25th Floor','36561666','36561666','malzayyani@khcbonline.com','none','none','0',0,0,0,0,'0','both',2,'2019-04-11 07:54:22','2019-08-19 08:50:22',1,1,1,-352,NULL),(55,NULL,'Alanood Alnoami','Mrs.',38,'0981-09-09',0,169,74,90,105,'AB','House no. 1522, Road 2426\r\nBlock 324, Al Juffair','39402828','39402828','aalnoaimi9@gmail.com','none\r\n\r\n\r\n\r\nNote : With TLC  results','1.Adalat,Imuran, Nexium\r\n2.Mixed connective tissue disease','1',0,0,0,0,'0','both',2,'2019-04-11 08:37:42','2019-08-19 08:50:22',3,1,1,2211,NULL),(57,NULL,'Hamza Saleem','Mr.',34,'1985-03-04',1,170,73,86,99,'B+','Villa no.1 Compound No. 1016-D\r\nRoad 2933,Area 529\'\r\nMarkh,Saar  (Behind Saar Mosque)','39655622','39655622','hmaza_saleemiqbal@hotmail.com','Borderline Cholesterol Level','none','1',1,0,0,0,'0','both',0,'2019-04-11 11:05:25','2019-08-19 08:50:22',3,1,1,1490,NULL),(58,NULL,'Khulood Al Jassim','Ms.',32,'1964-04-19',0,169,65,32,0,'B+','House no.989, Road 2520,\r\nBlock 525 Saar','39698030','39698030','k.aljassim7@gmail.com','none','none','1',0,0,0,0,'0','both',0,'2019-04-11 11:26:14','2019-08-19 08:50:22',2,1,1,1119,NULL),(61,NULL,'Dalal Essa Najibi','Ms.',25,'1994-02-15',0,166,58,26,0,'B+','House 989 Road 2520\r\nBlock 525 Saar','39722002','39722002','dalal.najibi@gmail.com','none','none','0',0,0,0,0,'0','both',2,'2019-04-11 12:04:54','2019-08-19 08:50:22',2,1,1,1611,NULL),(62,NULL,'Amal Al Bader','Mrs.',37,'1981-01-10',0,153,60,0,0,'A+','House 1731, Road 4555\r\nBlock 745 Sanad','66309999','66309999','ahmedakeel@gmail.com','none','Note : Sudden has had a sudden increase in weight gain, and depression.','1',0,0,0,0,'0','mental',0,'2019-04-11 12:09:44','2019-08-19 08:50:22',2,1,1,852,NULL),(63,NULL,'Muna Ali Yateem','Ms.',32,'1986-10-06',0,165,64.6,72,91,'0+','Villa 2469, Road 2762\r\nYateem Graden\r\nAdliya','39988822','39988822','munayateem@gmail.com','none','Taking daily : omega 3 fish oil and some\r\nother supplements\r\n\r\nNote : No to quinoa , no milk,  yogurt and cheese','1',1,1,0,0,'0','both',0,'2019-04-11 12:14:29','2019-08-19 08:50:22',2,1,1,1075,NULL),(66,NULL,'Khaled Al Alawi','Mr.',32,'1987-03-25',1,179,86.5,0,0,'AB+','Apartment 11, Bldg.2116\r\nRoad 1334,Block 513\r\nMaqabah','39400878','39400878','khalilalawi@hotmail.com','none','None\r\n\r\nNote : no shellfish,shrimp,crab etc. but fish is ok','1',0,0,0,0,'0','mental',2,'2019-04-11 13:11:21','2019-08-19 08:50:22',3,1,1,2798,NULL),(68,NULL,'Huda Al Shamlan','Mrs.',31,'1987-10-16',0,158,52,0,0,'B+','Apartment 11,Bldg.2116,\r\nRoad 1334 Block 513\r\nMaqabah Saar','36655533','36655533','huda.alshamlan@gmail.com','none','none','0',1,1,0,0,'0','mental',2,'2019-04-11 13:23:09','2019-08-19 08:50:22',3,1,1,1442,NULL),(70,NULL,'Emad Bader','Mr.',32,'1986-03-26',1,176,76.7,93,101,'0','Compound 177, Road 20\r\nBlock 522 Barbar','39999662','39999662','emadbader@gmail.com','none','none','1',1,1,0,0,'0','both',2,'2019-04-11 13:46:34','2019-08-19 08:50:22',3,1,1,2619,NULL),(72,NULL,'Latifa Salman Flaifel','Mrs.',28,'1990-08-31',0,158,54,80,96,'0+','BIBF OFFICE\r\nBldg.1456, Road 4034,\r\nBlock 340\r\nJuffair','36630161','36630161','latifaflaifel@gmail.com','none','none\r\n\r\nNote : No beef and spicy','1',0,0,0,0,'1','both',2,'2019-04-13 06:22:31','2019-08-19 08:50:22',1,1,1,1877,NULL),(73,NULL,'Asma Alarayyedh','Mrs.',31,'1988-01-07',0,155,50,0,0,'A+','Ahli United Bank  HQ\r\nSeef District \r\nReception only','36066520','36066520','asmaalarrayed@hotmail.com','none','none\r\n\r\n\r\n\r\nNote : no to all types of beans, corn and oats , and sweet potato not white potato','1',0,0,0,0,'0','mental',2,'2019-04-13 06:35:11','2019-08-19 08:50:22',1,1,1,1764,NULL),(75,NULL,'Dalia Al Jurf','Ms.',32,'1986-11-04',0,158,62,0,0,'AB+','Reef Island, Le Reef Bldg.,\r\nEast Tower, 3rd floor\r\nApartment 38','36314397','36314397','daliajurf@gmail.com','none','none\r\n\r\n\r\nNote : prefer almond milk instead of dairy milk','1',0,0,0,0,'0','mental',2,'2019-04-15 06:33:05','2019-08-19 08:50:22',3,1,1,1968,NULL),(76,NULL,'Yasmeen Qaedi','Mrs.',29,'1989-11-21',0,158,73,86,108,'A+','Viva HQ, Al Seef District\r\n16th floor','34444481','34444481','yasmeen.k89@gmail.com','Irritable Bowel Syndrome (IBS)\r\nGERD, but as confirmed  by phone vinegar,lemons are fine with her.','none','1',0,0,0,0,'0','mental',2,'2019-04-15 06:43:46','2019-08-19 08:50:22',1,1,1,2160,NULL),(77,NULL,'Heyam A.Rahman Rad','Ms.',32,'1986-12-02',0,151,67,88,92,'A+','Viva Tower,Al Seef District\r\n16th floor','33011616','33011616','heyamrad844@gmail.com','none','Seroxat \r\nAnxiety disorder\r\n\r\nNote : no cow milk,lentils and barley','1',0,0,0,0,'0','mental',0,'2019-04-15 06:50:43','2019-08-19 08:50:22',1,1,1,978,NULL),(78,NULL,'Reem Kaiksow','Ms.',36,'1982-07-06',0,5.1,62,0,0,'B+','Villa no.7, Gate 464\r\nRoad 7113, \r\nJanabiyah 571','39451444','39451444','reemkaicksow@gmail.com','none','none','0',0,0,0,1,'0','both',0,'2019-04-15 06:57:13','2019-08-19 08:50:22',5,1,1,-624,NULL),(79,NULL,'Nabeel Kazim','Mr.',47,'1971-05-05',1,164,110,40,42,'0+','House no.212, Road 66\r\nBlock 364, Bilad Al Qadeem\r\n(Next to Ram Dental Clinic)','66386638','66386638','nabeelkazim@hotmail.com','none','none','1',0,0,0,0,'0','mental',2,'2019-04-15 07:07:14','2019-08-19 08:50:22',4,1,1,2899,NULL),(80,NULL,'Ameera Alababasi','Mrs.',37,'1981-08-25',0,153,62,0,0,'B+','Villa 2563, road 6238,\r\nBlock 1062 Al Areen','66677760','66677760','alabbasi258@gmail.com','none','none','0',0,0,0,0,'0','mental',2,'2019-04-15 07:15:24','2019-08-19 08:50:22',1,1,1,1489,NULL),(81,NULL,'Nayla Alkaabi','Ms.',30,'1988-07-06',0,162,64,0,0,'0+','Villa 1601 Road 2627\r\nBlock 926 Jari alshaikh\r\nRiffa','36777447','36777447','nayla.alkaabi@gmail.com','none','none','1',0,0,0,0,'0','both',2,'2019-04-15 07:34:15','2019-08-19 08:50:22',1,0,1,2052,NULL),(82,NULL,'Mariam Al Nasser','Mrs.',31,'1986-05-23',0,164,84,38,46,'0+','Flat 11, Bldg.1483 A\r\nRoad 2549, Block 925, \r\n1st Floor East Riffa\r\n\r\nDelivery Add : #14123 Road 2926 Block 929 East Riffa','36415555','36415555','asoola.2.star@gmail.com','none\r\n\r\nNote : dpne blood test and NA','none','0',0,0,0,0,'0','mental',0,'2019-04-15 07:43:40','2019-08-19 08:50:22',2,1,1,874,NULL),(83,NULL,'Mai Mattar','Ms.',35,'1982-07-08',0,160,106,103,71,'0+','House 2715,Road 4578\r\nSanad 745','367411110','36741110','maimatter@gmail.com','Acid reflux','Nexium 20 to 40','0',0,0,0,0,'0','mental',0,'2019-04-15 08:25:43','2019-08-19 08:50:22',1,1,1,1086,NULL),(86,NULL,'Amani Alasfoor','Ms.',27,'1992-02-03',0,173,59,0,0,'0','Gate 61, Road 69\r\nBlock 463, Al Hajar 5643','36391231','39391231','amani@shaik.net','none','omega 3, vitamin D','1',0,1,0,0,'0','mental',2,'2019-04-15 11:29:39','2019-08-19 08:50:22',1,1,1,2104,NULL),(88,NULL,'Maryam Fuad Ali','Ms.',25,'1993-07-14',0,156,55,73,99,'0','House no.20 , Road 901\r\nBlock 109,Hidd','36663326','36663326','maryam.fuad.ali@gmail.com','none','none','1',0,0,0,0,'0','mental',0,'2019-04-15 11:39:04','2019-08-19 08:50:22',2,1,1,896,NULL),(89,NULL,'Sarah Ulhaq','Mrs.',33,'1985-11-06',0,164,88,0,0,'0-','Flat 22, Bldg.572\r\nRoad 7510, Block 575\r\nJanabiyah','36267274','36267274','sarahulhaq@gmail.com','Thyroid','eythyrox','1',0,0,0,0,'0','mental',0,'2019-04-15 11:52:47','2019-08-19 08:50:22',2,1,1,1416,NULL),(90,NULL,'Lolwa Al Noaimi','Ms.',27,'1991-05-27',0,168,95.6,93,117,'0+','Riffa Views, GV 27\r\nHouse 971\r\nBlock 943 Road 4308','39777370','39998838','lolwaahmedalnoaimi@gmail.com','none','none\r\n\r\n\r\n\r\n\r\nNote : gluten free and no dairy','0',0,0,0,0,'0','mental',0,'2019-04-15 12:01:29','2019-08-19 08:50:22',2,1,1,1069,NULL),(92,NULL,'Yasmin Al Aswad','Ms.',30,'1988-12-07',0,173,64.5,77,102,'0+','House 190, Um Al Hassam\r\nBlock 337 Road 3703\r\n(Garage Door)','39645046','39645046','yasminalaswad@gmail.com','none','none','1',0,0,0,0,'0','mental',0,'2019-04-15 12:22:46','2019-08-19 08:50:22',2,1,1,1165,NULL),(93,NULL,'Nout Faisal','Ms.',26,'1989-09-15',0,164,67,27,41,'0','GATE 4, House no. C375\r\nRiffa View / House no.L375\r\nHighway 96','39114388','39114388','faisalnout@gmail.com','none','none','1',0,0,0,0,'0','mental',0,'2019-04-15 12:26:09','2019-08-19 08:50:22',2,1,1,1148,NULL),(94,NULL,'Noor Salman Al Khalifa','Sh.',37,'1980-03-13',0,166,180,145,167,'A+','174 Sh.Khalifa Bin Mohammed\r\nAvenue , Block 221\r\nMuharraq','360009963','36009963','noor.alkh@gmail.com','slight elevated blood sugar','Gluccophage','0',0,0,0,0,'0','both',0,'2019-04-15 12:29:35','2019-08-19 08:50:22',2,1,1,2015,NULL),(95,NULL,'Noora Yusuf Al Hadi','Mrs.',31,'1985-05-25',0,156,55,0,0,'A+','House 1099, Road 2521\r\nSaar 525 \r\nOpposite Saar Mall','38448884','38448884','noora.alhadi@gmail.com','High cholesterol','Crestor -10mg every other day','1',0,0,0,0,'0','both',0,'2019-04-15 12:33:31','2019-08-19 08:50:22',2,1,1,850,NULL),(96,NULL,'Eva Hasan','Mrs.',40,'1978-12-29',0,154,62.5,29,44,'0+','House 145, Road 197\r\nBlock 919 \r\nEast riffa','39443944','39443944','eva.hasan@gmail.com','none','none','2',0,0,0,0,'0','mental',0,'2019-04-15 12:35:38','2019-08-19 08:50:22',2,1,1,1159,NULL),(97,NULL,'Kanoo Talal','Mr.',23,'1975-06-23',0,0,0,0,0,'0','Villa 1542, Road 7329\r\nBughazal 373\r\nZinj','36366363','36366363','none','none','none','1',0,0,0,0,'0','mental',0,'2019-04-15 12:39:13','2019-08-19 08:50:22',2,1,1,-1422,NULL),(99,NULL,'Amna Alkhan','Ms.',35,'1983-11-24',0,163,54,0,0,'0','House 1068, Road 4308\r\nLagoon 417, Block 943 Riffa Views\r\nRiffa Mazrowah','39672882','39672882','amnaalkhan@gmail.com','none','none\r\n\r\n\r\n\r\nNote : fruits not be mixed with other receips','1',1,0,0,0,'0','both',0,'2019-04-15 12:52:25','2019-08-19 08:50:22',2,1,1,871,NULL),(100,NULL,'Mashael Al Awadhi','Mrs.',28,'1990-07-24',0,157,64,0,0,'0+','Block 457m Road 5774\r\nHouse 3662A\r\nBuqowah','33114473','33114473','mashael.alawadhi@live.com','none','none','0',0,1,0,0,'0','mental',0,'2019-04-15 12:55:00','2019-08-19 08:50:22',2,1,1,598,NULL),(101,NULL,'Audrey Al Otaibi','Mrs.',57,'1961-05-30',0,158,110,40,53,'0+','House 1070, Road 7130\r\nArea 571 janabiya','39455725','17793977','quarrayah@yahoo.com','none','concor 5mg for blood pressure and  Lipitor 10mg for cholesterol\r\n\r\n\r\n\r\nNote : no peppercorns','1',1,0,0,0,'0','mental',0,'2019-04-15 13:24:34','2019-08-19 08:50:22',2,1,1,1511,NULL),(102,NULL,'Khalid Kanoo','Mr.',30,'1988-11-20',1,182,92.5,41,39,'0','Villa 1527, Road 7329\r\nBlock 373 Abu Ghazal\r\nZinj','39426426','39426426','kfkanoo@gmail.com','none','none','1',1,1,0,0,'0','mental',0,'2019-04-15 13:31:55','2019-08-19 08:50:22',2,1,1,1934,NULL),(103,NULL,'Jehan Qaedi','Mrs.',31,'1988-02-01',0,6.3,75,0,0,'B+','Apt. 21, Bldg.1229\r\n2nd Floor, Road 4621\r\nBlock 246 , Arad','33066697','33066697','jehankhalid88@gmail.com','none','none\r\n\r\n\r\n\r\n\r\nNote : limit only dairy and gluten ..intolerance but not allergic','1',0,0,0,0,'0','both',0,'2019-04-16 06:27:52','2019-08-19 08:50:22',2,1,1,-276,NULL),(104,NULL,'Khalid Mattar','Mr.',36,'1982-08-28',1,174,99,92,0,'A+','House no. 195,Road 3605\r\nAdliya 336','39404440','39404440','kmkmattar@hotmail.com','none','none','1',1,0,0,0,'0','both',0,'2019-04-16 06:31:03','2019-08-19 08:50:22',2,1,1,1911,NULL),(105,NULL,'Noor Abdulkarim','Mrs.',35,'1980-07-14',0,164,80,81,0,'B+','House no. 195, Road 3605\r\nAdliya 336','39651144','39651144','nooryboory@gmail.com','none','none','1',0,0,0,0,'0','mental',0,'2019-04-16 06:39:01','2019-08-19 08:50:22',2,1,1,1278,NULL),(106,NULL,'Sameera Al Bitar','Mrs.',29,'1990-02-21',0,175,61,0,0,'A+','Villa no. 674 Road 2033\r\nBlock 520, Hani Garden \r\nBudaiya (Beside Al Osra Supermarket)','36615661','36615661','sameera@rlsbahrain.org','none','none\r\n\r\n\r\n\r\nNote : would like to have chicken and vegetables only but needs 1500 calories','2',0,0,0,0,'0','both',0,'2019-04-16 06:44:10','2019-08-19 08:50:22',4,1,1,1460,NULL),(107,NULL,'Maryam  Mohamed Alkahlifa','Mrs.',27,'1991-05-06',0,170,82.4,0,0,'A','House 862, Road 2419\r\nBlock 924 ,Riffa','33033300','33033300','m.msk@gmail.com','none','none\r\n\r\n\r\n\r\nNote : no seafood','1',0,0,0,0,'0','both',2,'2019-04-16 06:54:11','2019-08-19 08:50:22',2,1,1,2433,NULL),(108,NULL,'Ameena Al Rafaei','Mrs.',32,'1986-03-11',0,156,57.8,0,0,'B+','Villa O-126, Block 943\r\nRoad 4303 Gate 1\r\nRiffa Views','38333200','38333200','ameenalrafai@gmail.com','none','none','1',0,1,0,0,'0','both',2,'2019-04-16 06:58:22','2019-08-19 08:50:22',3,1,1,1885,NULL),(110,NULL,'Mike Smith','Mr.',43,'1975-05-23',1,188,193,87,0,'0','12th Floor Worky Parsons Gulf Executive Office\r\nBldg.15,Road 3801 Blk.338\r\nGulf hotel','36895021','368895021','mike.smith@worleyparsons.com','none\r\n\r\n\r\n\r\nNote : no dairy','none','1',0,0,0,0,'0','both',2,'2019-04-16 08:18:30','2019-08-19 08:50:22',9,1,1,4429,NULL),(114,NULL,'Fatima  Ebrahim AlHashimi','Mrs.',35,'1983-10-01',0,151,55,0,0,'0','House 489B, Road 3419\r\nBlk.934,North Riffa','34343444','34343444','famaalhashimi@gmail.com','none','none\r\n\r\n\r\n\r\nNote : need extra rich iron food','0',0,0,0,0,'0','both',0,'2019-04-17 05:58:57','2019-08-19 08:50:22',2,1,1,401,NULL),(115,NULL,'Layla Shirazi','Mrs.',36,'1983-01-15',0,180,59.5,26,20,'A+','Villa 1242, Road 7139\r\nBlock 571, Janabiya','39698208','39698208','layla.shirazi@gmail.com','none','none','1',1,0,0,0,'0','mental',0,'2019-04-17 07:36:37','2019-08-19 08:50:22',2,1,1,1110,NULL),(116,NULL,'Maha Al Mannai','Ms.',33,'1983-09-07',0,163,57,34,40,'-0','Villa 49, Road 35, \r\nBlock 561,Al Janabiyah Gardens\r\nJanabiya','38888958','38888958','maha.almannai@gmail.com','none','none\r\n\r\n\r\n\r\nNote : Less cheese\r\nNote : less cheese and dairy','0',0,0,0,0,'0','mental',0,'2019-04-17 09:00:58','2019-08-19 08:50:22',2,1,1,528,NULL),(117,NULL,'Sh. Latifa Ebrahim AlKahlifa','Shaika',36,'1982-07-23',0,65,76,0,0,'0+','180 Shaikh Khalifa Road\r\nBlock 906,West Riffa RODHA','39421000','39421000','LATIFA.ALKHALIFA@ICLOUD.COM','NONE','NONE\r\n\r\n\r\n\r\n\r\nNote : no seafood','0',0,0,0,0,'0','mental',0,'2019-04-17 10:44:13','2019-08-19 08:50:22',2,1,1,-1,NULL),(119,NULL,'Maha Hamad Alkhalifa','Shaika',28,'1990-08-05',0,161,70,31,44,'0+','House no.589 Road 1619\r\nBlock 916 North Riffa','33333019','33333019','ladymaha990@gmail.com','none','note\r\n\r\n\r\n\r\nNote : allergic to peanuts, no to goat cheese,no seafoods but shrimp is ok','1',0,0,0,0,'0','both',0,'2019-04-18 06:04:17','2019-08-19 08:50:22',2,0,1,1150,NULL),(120,NULL,'Wafa Hameed','Ms.',38,'1981-10-13',0,161,72,0,0,'A+','3 Palace Avenue\r\nGIB Diplomatic Area 5th floor \r\n\r\nHouse 809,6525, Block 565\r\nJanabiya','39333393','39333393','wafa.hameed@gmail.com','none','none','2',0,1,0,0,'0','mental',0,'2019-04-18 08:52:08','2019-08-19 08:50:22',2,1,1,1420,NULL),(121,NULL,'Mona Neama','Ms.',27,'1991-06-18',0,176,73,31,0,'0+','House 919, Road 3335\r\nBlock 533 Al mark Saar','39772000','39772000','monanemah@gmail.com','PCOS,IBS','Gimcopixige 1000xR (2xa day)','0',1,0,0,0,'0','mental',0,'2019-04-18 09:00:31','2019-08-19 08:50:22',2,1,1,856,NULL),(122,NULL,'Talal Almoayed','Mr.',31,'1987-01-31',1,168,65,81,94,'0+','Villa 4, Almoayed Homes Compound\r\nRoad 002 Block 1002 Hamala','32211222','17171616','talal@almoayedgeneral.com','none','none','1',1,1,0,0,'0','mental',0,'2019-04-18 10:43:30','2019-08-19 08:50:22',2,1,1,1372,NULL),(125,NULL,'Christina Welsh','Ms.',51,'1968-06-04',0,5.6,95,0,0,'0','Villa 64, Al Jasser Compoubd Avenue 6\r\nAl Jasra Block 1002','+966503320355','+966503320355','tlaingnleshsh@hotmail.com','Under active thyroid , high cholesterol\r\n\r\n\r\n\r\nNote : no beef or lamb except minced)','euthyrox  and lipitol','0',1,0,0,0,'0','mental',0,'2019-04-18 11:19:30','2019-08-19 08:50:22',2,1,1,-312,NULL),(126,NULL,'Sarbeel Jehad','Mrs.',36,'1982-04-13',0,159,66,83,95.5,'0+','Villa 1307, Block 529, Road 2941\r\nSaar Al Markh','39933133','39933133','sarbeel@gmail.com','none','none','2',0,0,0,0,'0','both',0,'2019-04-18 11:31:06','2019-08-19 08:50:22',2,0,1,1310,NULL),(127,NULL,'Narmeen Nedham Khonji','Ms.',0,'0001-01-01',0,167,61,0,0,'AB','Road 1512, Block 915\r\nHouse no.811 East Riffa','39619600','39619600','narmeenned@icloud.com','none','nobe','1',1,1,0,0,'0','both',0,'2019-04-18 11:36:44','2019-08-19 08:50:22',2,0,1,1284,NULL),(128,1328,'Layal Saeed','Mrs.',40,'1978-11-07',0,171,65.8,100,90,'0','Villa 54 Sheik Mohd Avenue\r\nRoad 87, Block 912\r\nWest Riffa','39797972','39797972','isaeed711@gmail.com','none','none\r\n\r\n\r\nNote : no spicy, no tomato ,no olives,no avocado','1',0,0,0,0,'0','both',0,'2019-04-18 11:46:54','2019-08-20 14:13:00',3,1,1,1090,'0'),(129,NULL,'Naeema AlBalooshi','Mrs.',67,'1950-11-20',0,151,49,0,0,'0','House 1061, Road 1119\r\nBlock 911, East Riffa','39450571','39450571','n.albalosshi@almawred.org','none','none','0',0,0,0,0,'0','mental',2,'2019-04-20 10:30:54','2019-08-19 08:50:22',1,1,1,1135,NULL),(130,NULL,'Adam Patrick Wilkes','Mr.',42,'1976-09-12',1,192,85,33,0,'0','Villa 38, West Gate Compound\r\nRoad 2957, Block 529, Saar','39925215','39925215','adam@nassasphalt.com','none','none','2',1,1,0,0,'0','mental',2,'2019-04-20 13:13:14','2019-08-19 08:50:22',4,1,1,3247,NULL),(131,NULL,'Maha Al Khalifa','Ms.',33,'1985-09-22',0,157,127,49,0,'0','House 1033, Road 1627\r\nBlock 916, West Riffa','36330063','36366363','mahatiti@gmaill.com','none','none','0',0,0,0,0,'0','both',0,'2019-04-20 13:23:04','2019-08-19 08:50:22',3,1,1,1330,NULL),(132,NULL,'Noor Alwardi','Ms.',23,'1996-01-05',0,153,66,0,0,'0','Gate 860,Villa 8\r\nRoad 4515 Block 545 Wasna Compound','36666555','36666555','noortalwardi@gmail.com','none','none','1',0,0,0,0,'0','mental',2,'2019-04-20 13:29:34','2019-08-19 08:50:22',3,1,1,2051,NULL),(134,NULL,'Zaid Alwardi','Mr.',17,'2002-03-02',1,180,90,0,0,'0','Gate 860, Villa 8, Road 4515\r\nBlock 545 Wasna Garden compound','39611155','39611155','zaidoo-75@hotmail.com','none','none','1',0,0,0,0,'0','both',0,'2019-04-20 13:39:43','2019-08-19 08:50:22',2,1,1,1976,NULL),(135,NULL,'Zainab Khalaf','Mrs.',34,'1985-07-20',0,164,78,0,0,'B+','House no.1049, Block 447\r\nRoad 1726 Al Qadem\r\nBudaiya','36554333','36554333','zainab.abdulshaheed@gmail.com','none','none','0',0,0,0,0,'0','both',2,'2019-04-21 06:40:08','2019-08-19 08:50:22',1,1,1,1784,NULL),(136,NULL,'Muneera Mohamed Alkhalifa','Ms.',38,'1981-01-27',0,167,104,129,122,'0+','House no.2613, Road 2613,\r\nBlock 926, Riffa','39222229','39222229','mmk1313@gmail.com','Note : as per her app.tnk 1332 lots of medication','Type 2 diabetes\r\nHigh cholesterol\r\n\r\nNote : as per her app.tnk 1332 lots of medication','1',0,0,0,0,'0','mental',0,'2019-04-23 06:01:13','2019-08-19 08:50:22',2,0,1,1651,NULL),(137,NULL,'Alajmi Noof','Ms.',23,'1995-08-29',0,157,56,20,20,'0','House 144,Road 3403\r\nBlock 934, Riffa','33711217','33711217','noof.alajmi@hotmail.com','none','none','0',0,0,0,0,'0','mental',0,'2019-04-23 06:09:54','2019-08-19 08:50:22',3,0,1,531,NULL),(138,NULL,'Aimee Louise Dormer','Ms.',37,'1981-11-25',0,173,78,20,20,'0','Villa 183, Road 5704\r\nFloating City Amwaj','36667559','36667559','aimee.dormer@royalflight.gov.bh','none','none','1',1,0,0,0,'0','both',0,'2019-04-23 11:33:40','2019-08-19 08:50:22',9,1,1,1318,NULL),(139,NULL,'Dahouk Al Aswad','Ms.',35,'1984-02-15',0,173,78,93,113,'0','Road 1419,Block 1014,Al Dar \r\nCompound Villa 2 Hamala','66667444','66667444','dahouk.7a@gmail.com','none','none','1',0,0,0,0,'0','both',0,'2019-04-24 06:25:31','2019-08-19 08:50:22',2,1,1,1334,NULL),(140,NULL,'Sarah Janahi','Ms.',29,'1987-06-23',0,165,72,20,20,'0-','House 3201,Road 5770\r\nBlock 457 Buqowah','39000432','39000432','sarah.janahi@live.com','none','none','1',0,0,0,0,'0','mental',0,'2019-04-24 06:29:38','2019-08-19 08:50:22',2,1,1,1211,NULL),(141,NULL,'Zahra Taher','Mrs.',45,'1973-08-14',0,159,66,20,20,'A+','GATE 685,ROAD 421,BLOCK 1004\r\nVILLA 3 JASRA','39630997','39630997','z.taher@finmarkcoms.com','eyrodine','hypothnoid','1',0,0,0,0,'0','mental',2,'2019-04-24 08:11:58','2019-08-19 08:50:22',2,1,1,1940,NULL),(142,NULL,'Paul Laing','Mr.',34,'1984-09-21',1,148,73,20,20,'0','Flat 6, Palm 1\r\nTala Island ,Block 257,,Amwaj','36455000','36455000','paul.laing@behbehani.com.bh','none','none','1',0,1,0,0,'0','mental',2,'2019-04-24 08:27:15','2019-08-19 08:50:22',3,1,1,2280,NULL),(143,NULL,'Eman Alkooheji','Mrs.',41,'1977-12-30',0,165,64,20,20,'A+','Gate 685, Road 421, \r\nBlock 1004,Villa 3 Jasra','37373377','37373377','eman.kooheji@hotmail.com','none','none','1',0,0,0,0,'0','mental',0,'2019-04-24 08:30:18','2019-08-19 08:50:22',2,1,1,997,NULL),(144,NULL,'Lara Danesh','Ms.',45,'1973-06-24',0,157,65,20,20,'0','Villa 1427,Road 2835\r\nBlock 328, Segaya','39493665','39493665','ldanesh@finmarkcoms.com','none','none','1',0,0,0,0,'0','mental',0,'2019-04-24 08:43:43','2019-08-19 08:50:22',2,1,1,905,NULL),(145,NULL,'Danah Alwardi','Mrs.',29,'1990-01-29',0,164,57,68,100,'B+','House 1671, Road 1734\r\nBlock 1017 Damistan Hamad Town','66676663','66676663','danaalwardi@gmail.com','none','none','0',0,0,0,0,'0','both',0,'2019-04-24 09:28:06','2019-08-19 08:50:22',2,0,1,560,NULL),(146,NULL,'Khalifa Al Khalifa','Mr.',32,'1986-10-11',1,179,108,45,44,'0','House 8-232, Road 2008\r\nBlock 920 West Riffa','39660999','39660999','rayaalkhalifa@gmail.com','none','multi vitamins and vitamin c','2',0,1,0,0,'0','both',0,'2019-04-24 09:33:15','2019-08-19 08:50:22',2,1,1,2597,NULL),(147,NULL,'Aseel Alkhalifa','Shaika',45,'1973-04-13',0,160,64,20,20,'0+','Villa 418, Alshahab Avenue\r\nJuffair','36446444','36446444','aseelkk@gmail.com','Thyroidnone','75 mg Thyroxine','1',0,0,0,0,'0','mental',0,'2019-04-24 09:36:46','2019-08-19 08:50:22',3,1,1,919,NULL),(148,NULL,'Nada Salman Habib','Ms.',39,'1979-10-15',0,157,68,20,20,'0','House 1031, Road 1121\r\nBlock 711 Tubli','33308005','33308005','n.salmanhabib@gmail.com','none','none','0',0,0,0,0,'0','both',0,'2019-04-24 09:41:17','2019-08-19 08:50:22',2,0,1,579,NULL),(149,NULL,'Shahab Saeed','Mr.',38,'1980-06-08',1,168,84,32,20,'B-','House 797, Road 2525\r\nBlock 925 East Riffa','38881666','38881666','shahabsaeed@gmail.com','none','none','1',0,0,0,0,'0','mental',0,'2019-04-24 09:44:58','2019-08-19 08:50:22',2,0,1,1609,NULL),(150,NULL,'Sarah Naseeb','Mrs.',31,'1988-01-28',0,169,100,115,117,'B+','House 2114, Road 4565\r\nSaar Central Compound Al Qurrayah','39488889','39488889','sarah.naseeb@live.com','none','none','0',0,0,0,0,'0','both',0,'2019-04-24 09:50:47','2019-08-19 08:50:22',2,0,1,1106,NULL),(151,NULL,'Hussain Sharaf','Mr.',39,'1979-03-21',1,174,94,110,114,'AB+','House 2114, Road 4565\r\nBlock 545 Saar Central compound \r\nAl Qurrayah','39095600','39095600','hussain.sharaf@gmail.com','none','none','1',0,0,0,0,'0','mental',0,'2019-04-24 11:03:07','2019-08-19 08:50:22',2,0,1,1811,NULL),(152,NULL,'Fatema Al Aali','Ms.',28,'1991-09-22',0,168,68,20,20,'A+','House 663 Road 1811\r\nBlock 518 Barbar','39963369','39963369','fatema.a.alaali@gmail.com','PCOS','Glucophage\r\n\r\n\r\n\r\nNote : No Tahini','1',0,0,0,0,'0','physical',0,'2019-04-24 11:26:27','2019-08-19 08:50:22',5,1,1,1186,NULL),(153,NULL,'Lubna Fakhro','Ms.',34,'1989-07-12',0,115,78,82,115,'0+','Villa 1,Gate 807,Road 1419, \r\nAl Dar Compound Hamala','39443300','39443300','lubna.fakhro@gmail.com','none','none','1',0,0,0,0,'0','mental',0,'2019-04-24 11:37:22','2019-08-19 08:50:22',2,1,1,787,NULL),(154,NULL,'Nouf Al Gosaibi','Mrs.',37,'1981-07-16',0,162,88,103,115,'B+','Fahad Garden Villa 20 Road 203\r\nBlk.1002 Al Jasra','39673900','39673900','noufgosaibli@gmail.com','Under active thyroid glands','125 thyroxine','1',0,0,0,0,'0','mental',0,'2019-04-24 11:42:24','2019-08-19 08:50:22',2,1,1,1366,NULL),(155,NULL,'Nahla Al Hasan Khalfan','Mrs.',31,'1987-08-30',0,168,87,20,20,'0','House 670, Road 3519\r\nBlock 335,Manama','39638392','39638392','nahla.khalfan@gmail.com','none','none\r\n\r\n\r\n\r\nNote : Vegan','1',0,0,0,0,'0','mental',2,'2019-04-24 12:24:01','2019-08-19 08:50:22',1,0,1,2454,NULL),(156,NULL,'Maryam Abdulnaser','Ms.',25,'1998-07-25',0,159,52,63,91,'0+','House 3031, Road 2656\r\nBlock 226, Busaiteen','36232272','36232272','mrymalmahmeed@icloud.com','none','none','1',0,0,0,0,'0','mental',2,'2019-04-24 12:27:55','2019-08-19 08:50:22',1,0,1,1878,NULL),(157,NULL,'Arran Fraser Dall','Mr.',39,'0001-01-01',1,100,40,20,20,'0','Villa 1157,Road 5710\r\nBlock 257,Tala Island Amwaj','36555398','36555398','arranfraser@gmail.com','none','none\r\n\r\n\r\n\r\nNote : Gluten free,no tomato sauces','1',0,0,0,0,'0','mental',2,'2019-04-24 12:33:36','2019-08-19 08:50:22',1,1,1,1278,NULL),(158,NULL,'Zahra Akbar','Ms.',27,'1992-05-22',0,157,50,63,84,'A+','Office 2502, Alomoaayed Tower\r\nFloor 25, Seef','33776661','33776661','z.younis@hotmail.com','none','none\r\n\r\n\r\n\r\nNote: no shrimps, flavors of coconut','1',1,0,0,0,'0','both',2,'2019-04-24 12:37:21','2019-08-19 08:50:22',1,0,1,1813,NULL),(159,NULL,'Duaa Abdulmohsen','Dr.',28,'1990-03-01',0,163,66,20,20,'B+','Salmaniya Medical Complex\r\nOutpatient clinic Dermatology Clinci No.16','3318161','33318161','Dr_Duaa@icloud.com','none','none','1',0,0,0,0,'0','mental',2,'2019-04-24 13:47:31','2019-08-19 08:50:22',1,1,1,2108,NULL),(160,NULL,'Aysha Almedfa','Ms.',26,'1992-06-01',0,100,40,20,20,'0','Salmaniya Hospital ,Accident and Emergency','39045554','39045554','asyha.almedfa@gmail.com','none','none','0',0,0,0,0,'0','mental',0,'2019-04-24 13:59:12','2019-08-19 08:50:22',1,1,1,-112,NULL),(161,NULL,'Nouf Ali Alkhaja','Mrs.',33,'1985-05-29',0,154,56,20,20,'B+','House 1134, Road 2934\r\nBlock 529 Al Markh Saar','39111511','39111511','noufalkhaja@gmail.com','none','none','0',0,0,0,0,'0','mental',0,'2019-04-24 14:04:14','2019-08-19 08:50:22',1,0,1,448,NULL),(162,NULL,'Hesham Moosa Hasan','Mr.',22,'1996-08-14',1,165,65,20,20,'0+','Rmasis Engineering, Entance 2,1st Floor IT Dept.\r\nBldg.1305, Road 5136, Block 951 Askar','36180064','36180064','syedhisham242@gmail.com','Have G6PD-','none\r\n\r\n\r\n\r\nNote : no beans please','0',0,1,0,0,'0','mental',2,'2019-04-24 14:40:26','2019-08-19 08:50:22',1,0,1,1907,NULL),(163,NULL,'Jacqueline Bunce','Mrs.',62,'1957-01-01',0,168,78,20,20,'0','Villa 682, Hani Gradens \r\nRoad 2033 Block 520 Barbar','33324120','33324120','saradavies86@outlook.com','none','none','1',1,0,0,0,'0','mental',0,'2019-04-25 06:14:54','2019-08-19 08:50:22',2,0,1,1079,NULL),(164,NULL,'Trichard Astria','Ms.',35,'1983-11-28',0,167,62,84,75,'0','Flat 41, Palm 2 Road 5710\r\nBlock 257 Tala Amwaj','39909262','39909262','astrid@gctbahrain.com','none','none','0',0,0,0,0,'0','both',0,'2019-04-25 08:35:36','2019-08-19 08:50:22',2,0,1,607,NULL),(165,NULL,'Layla Janahi','Mrs.',28,'1962-10-28',0,160,69,20,20,'0','Villa 109, Road 2302, \r\nBlock 923, East Riffa','330011331','33011331','ljanahi@viva.com.bh','BP','none','0',0,0,0,0,'0','both',0,'2019-04-25 08:38:24','2019-08-19 08:50:22',2,0,1,681,NULL),(167,NULL,'Samra Alaal','Mrs.',55,'0001-10-01',0,156,85,20,20,'0','House 2109, Bldg. 1002\r\nRoad 277 Jasra','39671198','39671198','no@mail','none','none','0',0,0,0,0,'0','both',0,'2019-04-25 08:50:51','2019-08-19 08:50:22',2,0,1,681,NULL),(168,NULL,'Mahmood Janahi','Mr.',35,'1983-05-20',1,178,105,38,20,'0','House 1059, Road 4326\r\nBlock 243 Arad Muharraq (Behind Al zayani motors)','39203030','39203030','mahmoodjanahicakes@gmail.com','none','none','1',0,0,0,0,'0','both',0,'2019-04-25 08:54:14','2019-08-19 08:50:22',2,0,1,2049,NULL),(169,NULL,'Maryam  Mohamed Alkahlifa','Mrs.',27,'1991-05-06',0,170,83,20,20,'A','House 862, Road 2419\r\nBlock 924 Riffa','33033300','33033300','m_msk@hotmail.com','none','none','1',0,0,0,0,'0','both',0,'2019-04-25 09:13:41','2019-08-19 08:50:22',2,1,1,1443,NULL),(173,NULL,'Mona Abdulla Fenaish','Mrs.',54,'1964-12-06',0,154,61,20,20,'AB+','Villa 179, Road 1103, Block 711\r\nKhaleej Tubli','39661090','39661090','mona.feniash@batelco.com.bh','none','none','0',0,0,0,0,'0','both',2,'2019-04-25 10:18:47','2019-08-19 08:50:22',1,1,1,1381,NULL),(174,NULL,'Muneera Alhammadi','Dr.',27,'1992-01-01',0,168,68,27.5,38.5,'0+','Salmaniya Medical Complex Dermatology\r\nOutpatient Clinic 21','38330066','38330066','muneera.alhammdai@gmail.com','none','none','1',0,0,0,0,'0','mental',2,'2019-04-25 11:51:43','2019-08-19 08:50:22',1,1,1,2194,NULL),(175,NULL,'Sarah Shobber','Dr.',36,'1983-03-10',0,165,57,20,20,'o+','Flat 501, 2nd Flr. Amani Tower, Bldg.964\r\nRoad 3620, Bock 436 Seef Area','33133732','33133732','sshobber@globemedbahrain.com','Multiple sclerosis, gastritis','Tecfidera,Sirdalud, Vitamin D, Zantac','1',0,0,0,0,'0','mental',2,'2019-04-25 12:00:57','2019-08-19 08:50:22',1,1,1,1928,NULL),(176,NULL,'Sabeeka Engineer','Mrs.',26,'1993-02-07',0,160,54,67,93,'0+','BCCI Tower,Bldg.519\r\nRoad 1010,Sanabis','39079075','39079075','sabeeka.engineer@gmail.com','none','none','1',0,0,0,0,'0','mental',2,'2019-04-25 12:08:26','2019-08-19 08:50:22',1,1,1,1911,NULL),(177,NULL,'Fatema Alansari','Ms.',32,'1987-06-17',0,100,40,20,20,'000','BCCI Tower, Bldg.519, Road 1010\r\nSanabis \r\n17th Floor TAMKEEN','39795979','39795979','falansari176@gmail.com','none','none','0',0,0,0,0,'0','mental',2,'2019-04-25 12:11:54','2019-08-19 08:50:22',1,0,1,852,NULL),(178,NULL,'Yara Ishaq','Ms.',26,'1992-05-20',0,155,50,20,20,'b+','Ahli Unted Banck Bldg.2495\r\nRoad 2832, Al Seef District 428','39478766','39478766','yaraa205@hotmail.com','none','none','0',0,0,0,0,'0','mental',2,'2019-04-25 12:17:20','2019-08-19 08:50:22',1,0,1,1425,NULL),(179,NULL,'Sh.Jawaher','Shaika',45,'1974-07-18',0,100,75,38,44,'AB','Road 638,House no. 1181\r\nBlock 906,West Riffa','39144374','39144374','sgtarin75@gmail.com','none','none\r\n\r\n\r\n\r\nNote : no onion.garlic and any kinds of seafood, only organic eggs,','1',0,0,0,0,'0','mental',0,'2019-04-27 13:40:11','2019-08-19 08:50:22',3,1,1,513,NULL),(180,NULL,'Faisal Engineer','Mr.',31,'1987-12-26',1,175,82,20,20,'0','Villa 469,Road 3308,Block 333\r\nUm Al Hassam','39623535','38811771','faisal@foosco.com','none','none','0',0,0,0,0,'0','mental',0,'2019-04-28 08:12:36','2019-08-19 08:50:22',2,1,1,1134,NULL),(181,NULL,'Haneen Ishaq','Mrs.',43,'1975-09-13',0,162,90,20,20,'0','House 535, Road 4609\r\nBlock 946, Awali','39669719','39729993','haneen.ishaq@gmail.com','none','none','0',0,0,0,0,'0','mental',2,'2019-04-29 08:27:43','2019-08-19 08:50:22',1,1,1,1859,NULL),(182,NULL,'Areej Al Noaimi','Mrs.',29,'1989-11-17',0,166,78,31,45,'0+','House 269,Road 1503\r\nBlock 915 Riffa','34506144','17773222','areej.alnoaimi@gmail.com','none','Thyroid 50 mg','0',0,0,0,0,'0','mental',0,'2019-04-29 08:34:14','2019-08-19 08:50:22',3,1,1,829,NULL),(184,NULL,'Eman Ali Qudrat','Ms.',37,'1982-01-17',0,165,73,20,20,'0','Seef Tower, Commercial Banking Seef Area','37777090','37777090','eman.qudrat@hotmail.co.uk','none','none','1',0,0,0,0,'0','mental',0,'2019-04-29 09:29:23','2019-08-19 08:50:22',1,1,1,1165,NULL),(185,NULL,'Ranya AlHashimi','Mrs.',23,'1995-08-03',0,160,60,35,38,'0+','House no. 1971,Blk. 732\r\nRoad 3245, A ali','39991250','39456438','alhashimi.r@gmail.com','none','Metaformin','0',0,0,0,0,'0','mental',0,'2019-04-29 09:33:24','2019-08-19 08:50:22',3,1,1,602,NULL),(187,NULL,'Ahmed al-Qaed','Mr.',22,'1997-04-04',1,100,40,20,20,'0','House no.2408, Road 2437\r\nBlock 324, Al Fateh Juffair','39611260','39611260','ahmedqaed60@hotmail.com','none','none','2',0,0,0,0,'0','both',0,'2019-05-01 06:51:56','2019-08-19 08:50:22',5,1,1,619,NULL),(188,NULL,'Samar Hasan Matar','Ms.',22,'1996-10-24',0,100,40,20,20,'0','House no.2370, Block 507,\r\nRoad 740 Maghaba Saraiya','39458844','39458844','samarmattar96@gmail.com','none','none','1',0,0,0,0,'0','both',0,'2019-05-01 06:54:19','2019-08-19 08:50:22',5,1,1,154,NULL),(189,NULL,'Kim Claassen','Ms.',26,'1992-11-30',0,182,110,20,20,'0','Office : IBN Khuldoon National School, Bldg.161,Road 4111, Block 841, Isa Town\r\nHouse : Park Lane Tower,Block 324,Road 2445,Bldg.3156 ,2nd Flr. Juffair','33094491','33459091','k.claassen@yahoo.com','none','none\r\n\r\n\r\nNote : Paleo meal','1',1,0,0,0,'0','both',2,'2019-05-02 08:48:05','2019-08-19 08:50:22',1,1,1,2978,NULL),(190,NULL,'Banan Yaquby','Ms.',33,'1985-06-21',0,161,67,20,20,'0','Villa 429, Block 525\r\nRoad 2511, Saar','39442486','39442486','banan@qubygroup.com','none','none\r\n\r\nNote : no bananas, if posssible less dairy and gluten.','1',0,0,0,0,'0','mental',0,'2019-05-04 14:03:48','2019-08-19 08:50:22',2,1,1,1066,NULL),(191,NULL,'Hesa Ali Jaber Al Khalifa','Mrs.',29,'1989-06-19',0,160,80,20,20,'A+','Villa 323 ,Road 411\r\nBlock 904 West Riffa','39994666','39994666','alkhalifahessa@gmail.com','asthma, eczema','seritide inhaler','1',0,0,0,0,'0','mental',0,'2019-05-09 14:43:03','2019-08-19 08:50:22',2,0,1,1286,NULL),(192,NULL,'Eirini Karanitsou','Mrs.',42,'1977-10-31',1,168,63,80,100,'0','Suk Villa Compound 1452\r\nVilla # 5 Road 7732 Block 577 Janabiya','39754754','39754754','ikaranitsu@gmail.com','none','none','1',1,1,0,0,'0','both',0,'2019-05-09 14:47:49','2019-08-19 08:50:22',2,0,1,1257,NULL),(193,NULL,'Sara Abul','Mrs.',37,'1981-08-06',0,158,70,20,20,'0','Villa 1 Gate 1227\r\nRoad 3228 Block 733','36787116','36787116','sarahamadabul@gmail.com','none','multivitamins & Vit D & Iron','1',0,1,0,0,'0','both',0,'2019-05-11 09:08:12','2019-08-19 08:50:22',2,0,1,1052,NULL),(194,NULL,'Sayed Mohammed Naser','Mr.',36,'1982-07-18',1,172,76,46,50,'0+','Flat 96, Bldg.123\r\nRoad 3306, Um Al Hassam 333','39628666','39628666','snasaer82@gmail.com','none','omega 3 fish oils,Proxeed Plus','1',0,0,0,0,'1','mental',0,'2019-05-11 09:12:46','2019-08-19 08:50:22',2,0,1,1540,NULL),(195,NULL,'Faten Al Haddad','Ms.',34,'1984-08-06',0,154,68,93,110,'0+','Villa 10,1007,Road 3221\r\nBlock 332 Mahooz','36596593','36596593','alhaddad.faten@gmail.com','none','none','1',1,0,0,0,'0','mental',0,'2019-05-11 09:16:40','2019-08-19 08:50:22',2,0,1,1007,NULL),(196,NULL,'Fadia Talal Al Zain','Mrs.',32,'1986-03-22',0,165,62,73,100,'A+','Villa 12,Saha 152 Zone 67\r\nDoha Qatar','00974 55491166','0974 55491166','fadiatalzain@gmail.com','none','none','2',0,0,0,0,'0','both',0,'2019-05-11 09:24:57','2019-08-19 08:50:22',2,0,1,1341,NULL),(197,NULL,'Alyaa Aljeeb','Ms.',20,'1991-01-20',0,155,51,20,20,'A+','House 2728, Road 7172\r\nBlock 571 Janabiya','39915158','39915158','alyaa.aljeeb\"gmail.com','none','none','0',0,0,0,0,'0','both',0,'2019-05-11 09:27:12','2019-08-19 08:50:22',2,0,1,473,NULL),(198,NULL,'Shayma Nurruddin','Ms.',33,'1984-04-13',0,170,65,88,105,'0','Riffa Views','39476464','39476464','snurruddin\"gmail.com','none','none','1',0,0,0,0,'0','both',0,'2019-05-11 09:32:34','2019-08-19 08:50:22',2,0,1,1121,NULL),(199,NULL,'Junaid Usman','Mr.',34,'1984-11-04',1,165,87.5,109,107,'0','gate 1 Riffa Views','66686886','66686886','junaid@bfginternational.com','Crestor','High Cholesterol','1',0,0,0,0,'0','mental',0,'2019-05-11 09:36:40','2019-08-19 08:50:22',2,0,1,1664,NULL),(200,NULL,'Aisha Al Bastaki','Mrs.',33,'1985-05-05',0,168,79,20,20,'B+','BBK Head office,43 Govt.Avenue\r\nManama','38888191','38888191','aisha.albastaki.5@gmail.com','none','none','1',0,0,0,0,'0','both',2,'2019-05-11 09:38:49','2019-08-19 08:50:22',1,0,1,2316,NULL),(201,NULL,'Lora Hase','Mrs.',49,'1969-09-14',0,170,90,20,20,'0','Worley - Gulf Hotel Executive Office\r\n12th Floor','34317811','34317811','ihase@live.com','none','none\r\n\r\n\r\n\r\nNote : Low carb options','1',0,0,0,0,'0','mental',0,'2019-05-12 07:05:28','2019-08-19 08:50:22',1,1,1,1381,NULL),(202,NULL,'Hashim Karimi','Mr.',33,'1986-06-17',1,182,87,20,20,'0+','Flat 42F Capricorn Gardens\r\nGate 347 Block 565 Avenue 65\r\nJanabiyah','39637667','33377723','hashimkarimi@gmail.com','none','none','1',1,0,0,0,'0','mental',0,'2019-05-13 14:01:16','2019-08-19 08:50:22',2,1,1,1827,NULL),(203,NULL,'Shaika Salah Al Qaed','Mrs.',31,'1988-06-01',0,164,90,20,20,'0','House no. 2408, Road 2437\r\nBlock 324, Juffair','39952330','3952330','shaikhasalah88@gmail.com','none','none','0',0,0,0,0,'0','mental',0,'2019-05-13 14:06:07','2019-08-19 08:50:22',5,1,1,947,NULL),(204,NULL,'Lora Hase','Mrs.',49,'1969-09-14',0,170,90,20,20,'0','Worley - Gulf Hotel Executive Offices\r\n12th Floor','34317811','34317811','lhase@live.com','none','none','0',0,0,0,0,'0','mental',0,'2019-05-13 14:18:01','2019-08-19 08:50:22',1,1,1,883,NULL),(205,NULL,'Naela Al Binali (yousif mufeez)','Mrs.',71,'1948-07-16',0,155,68,20,20,'A+','Bldg.94,Road 30, Block 330\r\nAbu Ghazal Avenue Zinj','36999311','39456753','yousifmufeez@gmail.com','diabetes, high blood pressure,rheumatoid arthritis','high cholesterol, minor heart condition\r\n\r\n\r\n\r\nNote : low to no sugar diet','0',0,0,0,0,'0','mental',0,'2019-05-14 07:19:05','2019-08-19 08:50:22',3,1,1,371,NULL),(206,NULL,'Safa Al Sairafi','Ms.',31,'1987-08-27',0,165,40,20,20,'0','BCCI Bldg.Road 1010\r\nBlock 410,7th Floor Tamkeen','39200680','39200680','safa.alsairi87@gmail.com','none','none','0',0,0,0,0,'0','mental',0,'2019-05-14 08:43:31','2019-08-19 08:50:22',1,0,1,349,NULL),(207,NULL,'Nouf Yateem','Ms.',27,'1990-12-24',0,160,52,68,20,'A+','House 479, Block 340, Road 4011 Juffair','37330330','37330330','nouf.yateem@gmail.com','none','Melatonin Supplements','0',0,0,0,0,'0','both',0,'2019-05-14 11:08:48','2019-08-19 08:50:22',3,1,1,481,NULL),(208,NULL,'Laura Bale','Ms.',35,'1983-08-14',0,170,63,71,91,'0','Palm 1 Apartment 6\r\nRoad 5710 Block 257 Tala Island Amwaj','36397370','3639370','l.bale@hotmail.co.uk','none','none\r\n\r\nnote: no naan','1',0,0,0,0,'0','physical',2,'2019-05-14 12:04:26','2019-08-19 08:50:22',2,1,1,2075,NULL),(210,NULL,'Najla AlKhalifa','Ms.',22,'1995-11-27',0,168,66,64,100,'0+','Block 910, Road 1015\r\nHouse no.454 West Riffa','36118882','33505505','nkas1495@gmail.com','none','none','1',0,0,0,0,'0','mental',0,'2019-05-14 12:25:14','2019-08-19 08:50:22',3,1,1,1202,NULL),(212,NULL,'Nayla Alkahlifa','Ms.',33,'1985-09-09',0,158,67,30,43,'0','House 1711,Road 4647\r\nBlock 946, Awali','36363699','36363699','nayla9@gmail.com','Hypothyrodism - Anemia','Euthyrox','0',0,0,0,0,'0','mental',2,'2019-05-16 06:42:56','2019-08-19 08:50:22',4,0,1,1611,NULL),(217,NULL,'Martel Fabrice','Mr.',36,'0001-01-01',1,183,82,20,20,'0','Juffair Heights (South Tower) Appt 1405 \r\nBuilding 1101 Road 4022  Juffair','33646901','33646401','mar.fabrice@gmail.com','none','none','1',0,0,0,0,'0','mental',0,'2019-05-21 10:56:14','2019-08-19 08:50:22',2,1,1,1737,NULL),(218,NULL,'Muneera Adel Aldoseri','Mrs.',29,'1989-09-20',0,156,68,20,20,'0+','House no. 1773, Road 7736\r\nBlock 577 Janabiyah','38830033','38830033','ummashael2012@gmail.com','none','Seroxat , contraception pills','0',0,0,0,0,'0','mental',0,'2019-05-21 11:03:06','2019-08-19 08:50:22',2,0,1,632,NULL),(219,NULL,'Abdulla Adel','Mr.',26,'1992-06-11',1,167,65,32,20,'AB+','Flat 11, Bldg.1676\r\nRoad 3033,Block 430 Kabbabad','39752567','39752567','abdulla.adel.abdulla@gmail.com','none','supplements,whey protein,multi vitamins & fish oil','1',0,0,0,0,'0','mental',0,'2019-05-21 11:12:36','2019-08-19 08:50:22',2,0,1,1400,NULL),(220,NULL,'Hela Al Khalifa','Mrs.',35,'1984-03-27',0,172,52,20,20,'0','Block 221, House 178 Sh.Khalifa Road Avenue Busaiteen','38820803','38820803','hela327@gmail.com','none','none','1',0,0,0,1,'0','mental',0,'2019-05-25 10:12:00','2019-08-19 08:50:22',3,1,1,926,NULL),(221,NULL,'Anna Marie Dowling','Ms.',54,'1965-03-07',0,100,40,20,20,'0','Reception Area-estin Hotel City Centre','38885829','38885829','viktorijia.butenaite@marriot.com','none','none','1',0,0,0,0,'0','mental',2,'2019-05-26 14:14:51','2019-08-19 08:50:22',5,1,1,909,NULL),(222,NULL,'Hala Almoayyed','Mrs.',39,'1979-12-18',0,167,77,20,20,'0+','House no.16, Bldg.140 Block No.517\r\nRoad no. 25, Saar','39335555','39335555','hala@almoayyedcg.com','none','none\r\n\r\n\r\nNote: no nuts to be mixed with her food, but nuts alone will be ok. no arabic sweets i.e. baklava or Mamoul and no shrimps','1',0,0,0,0,'0','mental',0,'2019-05-29 07:44:04','2019-08-19 08:50:22',2,1,1,1230,NULL),(223,NULL,'Etaf Youssef Chehade','Mrs.',35,'1982-01-24',0,168,94,38,47,'0','455 Essi Garden Villa 2 Road 4418\r\nBlock 441, North Sehla','36996676','36996676','etafchehade@gmail.com','hypothyroidism - hashimotos','eltroxin 200 mg','0',0,1,0,0,'0','mental',0,'2019-05-29 07:57:33','2019-08-19 08:50:22',2,1,1,1001,NULL),(224,NULL,'Nariman Alkhan','Mrs.',51,'1968-01-18',0,152,94,42,49,'0','Villa 2757, Road 338, Block 1203\r\nHamad Town','39411149','39411149','narimanalkkhan@gmail.com','high cholesterol','none\r\n\r\nCalories requested : 1200\r\nNO to milk,turkey,murtadella and liver','0',0,0,0,0,'0','both',2,'2019-05-29 08:01:10','2019-08-19 08:50:22',2,0,1,1784,NULL),(225,NULL,'Ameena AlJishi','Mrs.',37,'1981-07-01',0,160,60,20,20,'0+','House 1604,Road 5713, Block 257\r\nAmwaj Island','39309993','39309993','amooon.j@gmail.com','none','none','2',0,0,0,0,'0','mental',2,'2019-05-29 08:08:48','2019-08-19 08:50:22',2,1,1,2207,NULL),(226,NULL,'Yara Alawadhi','Ms.',25,'1994-03-19',0,171,75,30,42,'0','Villa 2757, Road 338,\r\nBlock 1203 Hamad Town','39227007','39227007','yaralawadhi@gmail.com','high cholesterol','none\r\n\r\n\r\nNote : requested calories 1400','1',0,0,0,0,'0','mental',0,'2019-05-29 08:13:13','2019-08-19 08:50:22',2,0,1,1345,NULL),(229,NULL,'Mariam Mahri','Ms.',31,'1987-09-25',0,159,66,73,75,'0+','Office :Arcapita Bldg.,5th Floor Bahrain Bay\r\nHouse :no. 151 Road 2512,Block 225 Busaiteen','37797900','37797900','maryammahri87@gmail.com','none','none\r\n\r\nNote : no cinnamon','0',0,0,0,0,'0','mental',0,'2019-05-29 08:23:15','2019-08-19 08:50:22',2,1,1,619,NULL),(230,NULL,'Manal Al Zayani','Mrs.',40,'1978-12-18',0,161,70,20,20,'A+','House 4704,Road 2863,Block 228\r\nBusaiteen, Next to Blue Mosque','36633225','36633225','manal.alzayani@fitology-bh.com','none','marveloun\r\n\r\n\r\nNote : NO cauliflower,mustard,lentils and tamarind','1',1,1,0,0,'0','physical',2,'2019-05-29 08:30:25','2019-08-19 08:50:22',2,1,1,2058,NULL),(231,NULL,'Fawzi Al Gosaibi','Mr.',75,'1944-01-01',1,152,42,20,20,'0','House no.6, Road 813,\r\nBlock 577,Hamad Town','39466366','39466366','ralgosaibi@gmail.com','osteoporosis\r\n\r\n\r\nNote : ONLY LOW FAT','none','0',0,0,0,0,'0','mental',2,'2019-06-11 13:11:41','2019-08-19 08:50:22',3,1,1,1210,NULL),(232,NULL,'Muneera Alkuwari','Mrs.',29,'1990-02-23',0,156,59.5,74,100,'B','House 782, Block 921 \r\nRoad 2116, East Riffa','33338806','33338806','muneerasmk@gmail.com','none','none\r\n\r\n\r\nNote : No cabbage,paprika, onions,garlic,\r\nLOW CARD , DAIRY FREE','1',0,0,0,0,'0','mental',0,'2019-06-11 13:15:59','2019-08-19 08:50:22',3,1,1,934,NULL),(233,NULL,'Mariam Alkuwari','Mrs.',31,'1988-04-13',0,165,79,76,99,'AB','House 1046, Road 1028, Block 9110\r\nWest Riffa','33133137','33133137','mskalkuwari@gmail.com','none\r\n\r\nNote: No onion,garlic,cabbage\r\nLow Carb','none','0',0,0,0,0,'0','mental',2,'2019-06-11 13:28:17','2019-08-19 08:50:22',1,1,1,1821,NULL),(234,NULL,'Pakiza Abdulrahman','Ms.',37,'1981-08-28',0,164,118,20,20,'B+','EDB Office 3rd Floor\r\nArcapita Bldg.,\r\nBahrain Bay','66668068','66668068','paczie@gmail.com','none\r\n\r\n\r\n\r\nNote : No pickles,ketchup,no olives\r\nLOW CARB','none','1',0,0,0,0,'0','mental',2,'2019-06-11 13:32:11','2019-08-19 08:50:22',1,1,1,2844,NULL),(235,NULL,'Dina Jamal','Mrs.',30,'1989-05-07',0,152,42,20,20,'0','Batelco Hamala -Opposite the British School','39394344','39394344','dinajamal.89@gmail.com','none','none','1',0,0,0,0,'0','mental',2,'2019-06-11 13:42:43','2019-08-19 08:50:22',1,1,1,1620,NULL),(236,NULL,'Amal Ali Shams','Ms.',40,'1978-12-17',0,157,56,20,20,'0+','Villa 804, Road 3325\r\nBlock 733 Sanad','66600067','66600067','amal.shams@me.com','migraine\r\n\r\n\r\nNote : no raw cabbage,no raw broccoli,no raw sweet pepper,dairy free,no papaya ,no rocca leaf, no beef and no chicken','migraine medication','0',0,0,0,0,'0','both',2,'2019-06-12 06:37:02','2019-08-19 08:50:22',3,0,1,1428,NULL),(237,NULL,'Hend Ali Alkhalifa','Ms.',48,'1970-10-11',0,167,88,35,48,'0+','Villa 1169, Road 2426\r\nBlock 924, West Riffa','36633366','36633366','hend.ali1@gmail.com','n.a.\r\n\r\nNote : Gluten,Dairy and wheat FREE','n.a.','1',0,0,0,0,'0','both',0,'2019-06-12 06:45:12','2019-08-19 08:50:22',3,1,1,1330,NULL),(239,NULL,'Shireen Zulaikh','Mrs.',26,'1991-06-23',0,156,66,20,20,'0+','House 2266, Block 1203, Road 331\r\nHamad Town Rundabout 1 (House)\r\n\r\n9th Floor Al Zamil Tower Manama (Office)','39399669','39399669','shireen.zulaikh@gmail.com','G6PD Deficient\r\n\r\n\r\nNote : No beans,lentils and chickpeas','none','1',0,0,0,0,'0','mental',2,'2019-06-12 07:11:30','2019-08-19 08:50:22',1,0,1,2056,NULL),(240,NULL,'Mirela Micic','Ms.',38,'1980-11-05',0,159,59,20,20,'B','Road 344, Block 2444,Flat 21\r\n21st Floor Juffar','34066910','34066910','mirelamicic@gmail.com','none\r\n\r\n\r\n\r\nNote: Gluten FREE','none','1',0,0,0,0,'0','both',0,'2019-06-12 07:16:40','2019-08-19 08:50:22',2,0,1,886,NULL),(241,NULL,'Sharifa Almahmeed','Mrs.',25,'1992-12-31',0,160,54,20,20,'A+','Office : Al Zamil Tower\r\n9th Floor Manama','33308800','33308800','sharifa.khalifa@gmail.com','none','none','0',0,0,0,0,'0','mental',2,'2019-06-12 07:21:32','2019-08-19 08:50:22',1,0,1,1517,NULL),(242,NULL,'Mohamed Juma','Mr.',31,'1987-04-16',1,168,67,86,90,'A+','Villa 451,Road 2514\r\nBlock 25 Busaiteen','39977797','39977797','mkjuma87@gmail.com','none','none','1',0,0,0,0,'0','mental',2,'2019-06-12 07:25:38','2019-08-19 08:50:22',3,0,1,2402,NULL),(243,NULL,'Reem Salman Aabed','Mrs.',32,'1987-05-06',0,161,65,88,105,'A+','House 3930, Road 917 Block 809\r\nIsa Town','38380339','38380339','raabed87@gmail.com','G6PD deficiency\r\n\r\n\r\nNote : NO beans, no seafood except Fish','none','1',0,0,0,0,'0','mental',2,'2019-06-12 07:30:52','2019-08-19 08:50:22',3,0,1,2043,NULL),(244,NULL,'Noor Maher Abul','Mrs.',25,'1994-04-12',0,162,62,28,20,'A+','House no. 3405A Road 752\r\nBlock 507 Maqabah','33000880','33000880','nour.abul4@gmail.com','None\r\n\r\n\r\nNote : Feta Cheese , no corn','none','1',0,0,0,0,'0','both',0,'2019-06-12 13:46:44','2019-08-19 08:50:22',3,0,1,1060,NULL),(245,NULL,'Andrew Ridgeway','Mr.',40,'1978-09-22',1,180,78,34,35,'0+','Flat 41, Palm 2 Tala Island\r\nRoad 5710 Blk. 257','38789190','38789190','ridgy666@msn.com','none\r\n\r\n\r\nNote : No seafood and mushroom','none','1',1,1,0,0,'0','both',2,'2019-06-12 14:20:17','2019-08-19 08:50:22',2,0,1,2616,NULL),(246,NULL,'Huda AlKooheji','Mrs.',36,'1983-02-24',0,166,72,20,20,'A+','Villa 3053, Block 934\r\nAvenue 34, West Riffa','66363666','66369666','huda_kooheji@hotmail.com','none','none','1',0,0,0,0,'0','both',0,'2019-06-12 14:25:50','2019-08-19 08:50:22',2,0,1,1167,NULL),(247,NULL,'Sara Faraj','Mrs.',27,'1991-10-31',1,159,56,85,90,'0','Villa 451. Road 2514\r\nBlok 225, Busaiteen','36319916','36319916','sarafaraj19911@gmail.com','none','none','1',0,0,0,0,'0','mental',2,'2019-06-12 14:29:51','2019-08-19 08:50:22',3,0,1,2178,NULL),(248,NULL,'Maricris Constantino','Ms.',40,'1979-03-03',0,156,68,20,20,'0+','House no. 2429, Road 4053,\r\nBlock 740 A aali','66337772','66337772','maricris_constantino@yahoo.com','Hypertension\r\n\r\nNote : no milk,cauliflower,cabbage,brocolli','Fertility Vitamins','1',0,0,0,0,'0','both',0,'2019-06-12 14:35:54','2019-08-19 08:50:22',2,0,1,980,NULL),(250,NULL,'Ahmed Al Rayes','Mr.',26,'1993-01-02',1,172,70,20,20,'B+','Villa 539, Road 5707,\r\nBlock 257 Amwaj','39817171','39817171','afareedalrayes@gmail.om','none\r\n\r\n\r\n\r\nNOTE : NO BEANS','NONE','1',0,0,0,0,'0','mental',0,'2019-06-13 10:21:54','2019-08-19 08:50:22',2,0,1,1524,NULL),(251,NULL,'Sameera Al Bitar','Mrs.',29,'1990-02-21',0,175,62,20,20,'A+','Office no.102,10th Floor \r\nAl Zamil Tower Manama','36615661','36615661','albitar@gmail.com','Stomach infection\r\n\r\n\r\n\r\nNote : Vegetarian Meal','Nexium','2',0,0,0,0,'0','both',2,'2019-06-13 12:01:50','2019-08-19 08:50:22',13,0,1,2478,NULL),(252,NULL,'Mariam Abdulrahman Alkhalifa','Mrs.',28,'1990-08-19',0,161,65,81,112,'A+','Villa 6, Bldg.224\r\nRoad 2207 Block 922\r\nNorth Riffa','32200222','32200222','mariam.a.alkhalifa@gmail.com','under active thyroid\r\n9 MONTHS POST PARTUM\r\n\r\n\r\nNO SHRIMPS','EUTHYROX 50 mg','0',0,0,0,0,'0','none',2,'2019-06-13 12:07:24','2019-08-19 08:50:22',1,0,1,1640,NULL),(253,NULL,'Rica Mae Macaraeg','Ms.',30,'1989-01-05',0,175,77,85,104,'0','Block 324, 2468 St.,\r\n5th Floor Flat no.53\r\nRiviera Plaza 2 Juffair','35459605','35459605','rica.macaraeg@ymail.com','none\r\n\r\nNote : No cumin and cardamon','none','0',0,0,0,0,'0','both',2,'2019-06-13 12:10:46','2019-08-19 08:50:22',1,0,1,1879,NULL),(254,NULL,'Fatima Buasally','Ms.',27,'1992-05-06',0,160,58,73,98,'A+','House no. 1907 Road 2642\r\nBlock 226 Busaiteen','39975530','39975530','f.buasally@gmail.com','none','none','1',0,0,0,0,'0','both',2,'2019-06-13 12:15:38','2019-08-19 08:50:22',3,0,1,1965,NULL),(256,NULL,'Maryam Mohamed Al Khalifa','Mrs.',27,'1991-05-06',0,170,83,20,20,'A','House no. 862, Road 2419, Block 924 Riffa','33033300','33033300','m_msk@gmail.com','none\r\n\r\n\r\n\r\nNote : No eggs no fish','none','1',0,0,0,0,'0','none',0,'2019-06-13 12:21:23','2019-08-19 08:50:22',2,0,1,1443,NULL),(258,NULL,'Noof Alghatam','Mrs.',35,'1984-02-14',0,165,58,20,20,'0+','House 1210, Road 5221 Block 1052 Zallaq','33771117','33771117','n.alghattam@hotmail.com','none','none','0',0,0,0,0,'0','none',0,'2019-06-13 15:12:28','2019-08-19 08:50:22',5,0,1,543,NULL),(259,NULL,'Fadia Algosaibi','Mrs.',70,'1948-01-01',0,164,75.5,20,20,'0+','Reef Island, House 54, Farouk Almoaayed\r\nHouse no. 3000','39404000','39404000','falgosaibi@gmail.com','Type 2 Diabetic\r\n\r\nNO SEAFOOD,NO RICE CRACKER ,NO SUGAR','Glucophage tablet for sugar','0',0,1,0,0,'0','none',0,'2019-06-13 15:16:58','2019-08-19 08:50:22',3,0,1,535,NULL),(260,NULL,'Latifa AlKhalifa','Mrs.',18,'2001-04-23',0,163,76,163,80,'112','House 252,Road 2008\r\nBlock 920 Riffa','36568888','36568888','latifa.alkhalifa5@gmail.com','none\r\n\r\n\r\nNote : no seafood, but OJK WITH SALMON','none','1',0,0,0,0,'0','none',0,'2019-06-15 11:55:58','2019-08-19 08:50:22',2,0,1,1337,NULL),(261,NULL,'Fatima Alkhalifa','Shaikha',35,'1984-04-25',0,157,77,82,106,'A+','House 447, Road 1009 West Riffa','39610222','39610222','tima254@gmail.com','none\r\n\r\n\r\nNote : NO AVOCADO,NO BEEF/NO LAMB/NO FISH\r\nLOW CARB','NONE','1',0,0,0,0,'0','none',0,'2019-06-15 12:27:16','2019-08-19 08:50:22',12,0,1,1165,NULL),(262,NULL,'Duaa Alaali','Ms.',23,'1995-09-03',0,169,60,69,99,'AB','House 163, Road 4603\r\nBlock 746 Al Aali','37733371','37733371','duaa.alaali@gmail.com','none','none','1',0,0,0,0,'0','none',2,'2019-06-18 08:28:27','2019-08-19 08:50:22',5,0,1,2112,NULL),(263,NULL,'Amal Khalaf Jameel','Mrs.',40,'1978-12-06',0,158,66,20,20,'0+','Viva Building  Seef Area\r\n9th Floor','33011135','33011135','amalj11@hotmail.com','none\r\n\r\n\r\nNote : No Chinese and Japanese flavors\r\n Vegan meal but OK with Fish','none','1',0,0,0,0,'0','both',2,'2019-06-19 07:46:25','2019-08-19 08:50:22',1,0,1,1968,NULL),(264,NULL,'Karim Haroun','Mr.',37,'1982-03-21',1,180,83,20,20,'A+','Flat 2210,22th Flr. EWA Towers,Bldg.3381\r\nBlock 428,Road 2845 Seef Area','35068600','35068600','alharoun@gmail.com','none\r\n\r\nNote : no milk','Ulcerative Colitis','1',1,1,0,0,'0','both',2,'2019-06-19 08:12:30','2019-08-19 08:50:22',4,0,1,2716,NULL),(265,NULL,'Sylvia Moreta','Ms.',37,'1982-04-24',0,168,78.5,31,43,'0','Apr.no.23,Bldg.2793\r\nThe Flagship Amwaj','39421068','39421068','syldawg@gmail.com','none\r\n\r\nNote : No shellfish','none','1',1,0,0,0,'0','mental',0,'2019-06-19 08:45:37','2019-08-19 08:50:22',2,0,1,1278,NULL),(266,NULL,'Yasmeen Abdul','Mrs.',27,'1992-02-22',0,168,72.5,20,20,'A+','Villa no.4,Gate 1227 Road 3228\r\nBlock 732 Aaali Venus Compound','3393929','33993929','yasmeen.abul@gmail.com','Cancer Survivor','none','1',0,0,0,0,'0','mental',0,'2019-06-19 08:55:54','2019-08-19 08:50:22',2,0,1,1263,NULL),(267,NULL,'Asyha Kooheji','Ms.',28,'1991-01-31',0,162,50,20,20,'B+','Bldg.551,Road 4612 Block 346\r\nOffice no. 301 Arcapita Bldg., EDB','33377744','33377744','ayshakooheji.31@gmail.com','none\r\n\r\n\r\n\r\nNote : NO TOFU','none','1',0,0,0,0,'0','none',2,'2019-06-19 09:05:07','2019-08-19 08:50:22',1,0,1,1854,NULL),(268,NULL,'Fajer Alpachachi','Ms.',33,'1986-08-18',0,179,75,20,20,'0+','Arcapita Bldg.\r\n3rd floor Bahrain Bay','66333339','66333339','fajer.alpachachi@bahrainedb.com','none','none','0',0,0,0,0,'0','mental',2,'2019-06-19 09:10:10','2019-08-19 08:50:22',1,0,1,1867,NULL),(269,NULL,'Bayan Abdulla Ishaq','Ms.',24,'1994-12-03',0,170,41,20,20,'B+','Bahrain TV Main Gate\r\nBlock 840, Al Esteglal Highway Isa Town','39468820','39468820','bayan.abdulla@gmail.com','none\r\n\r\n\r\nNote : no chicken','none','1',0,0,0,0,'0','none',2,'2019-06-19 09:29:13','2019-08-19 08:50:22',1,0,1,1823,NULL),(270,NULL,'Jehan Jalal','Ms.',34,'1984-07-18',0,170,70,20,20,'0+','Road 3621,Bldg.1042,Block 436\r\nAl Saffar Bldg.','36638995','36638995','jehan.jalal182717@gmail.com','none','none','0',0,0,0,0,'0','both',0,'2019-06-19 09:39:07','2019-08-19 08:50:22',1,0,1,732,NULL),(271,NULL,'Suha Al Hazeem','Ms.',49,'0001-01-01',0,165,61,74,98,'AB','Viva Tower,Block 428\r\nSeef Area , 5th Floor','33011262','33011262','suha.alhazeem@gmail.com','none\r\n\r\n\r\nNote : no tomato, no coconut, salmon fish ok but NO SHRIMP','none','1',0,0,0,0,'0','both',0,'2019-06-19 09:45:06','2019-08-19 08:50:22',1,0,1,890,NULL),(272,NULL,'Marwa Alawi','Ms.',26,'1992-10-23',0,158,55,20,20,'O','British Council  AMA Bldg.,\r\n146 Sh.Salman Highway Salmaniya','33393130','33393130','m.alawi@live.com','none','none','1',0,0,0,0,'0','mental',2,'2019-06-19 10:19:11','2019-08-19 08:50:22',1,0,1,1907,NULL),(273,NULL,'Nada Tarada','Ms.',31,'2019-06-16',0,163,84,32,20,'B+','House no. 3213, Road 2182,\r\nBlock 721 Jid Ali','39770799','39770799','nada.tarradah@gmail.com','none\r\n\r\n\r\nNote : No seafood , No cauliflower','none','1',0,0,0,0,'0','mental',0,'2019-06-19 12:23:55','2019-08-19 08:50:22',2,0,1,1360,NULL),(274,NULL,'Mayas Baluch','Ms.',39,'1980-08-07',0,155,57,78,100,'0','Gate 1 , Oasis .,Road 4303,\r\nBlock 943, Villa0-76 Riffa Views','36180666','36180666','mayas.bal@gmail.com','none\r\n\r\n\r\nNote : No bellpepper (capsicum) , no spicy','none','1',0,0,0,0,'0','both',0,'2019-06-20 09:25:02','2019-08-19 08:50:22',2,0,1,810,NULL),(277,NULL,'Nayla Abdulla Alnoami','Mrs.',36,'1982-09-18',0,158,88,20,20,'0','Villa 2241, Road 1048,\r\nBlock 910 West Riffa','39996667','39996667','nayla.abdulla@gmail.com','none','none','1',0,0,0,0,'0','both',0,'2019-06-20 10:17:35','2019-08-19 08:50:22',2,0,1,1336,NULL),(279,NULL,'Hamad Alkhalifa','Mr.',22,'1997-02-07',1,172,165,20,20,'0+','House 252, Road 2008 Block 920\r\nJary Al Shaikh Riffa','36567777','36567777','hamad@alkhalifa.me','none','none','1',0,0,0,0,'0','both',0,'2019-06-20 12:28:39','2019-08-19 08:50:22',3,0,1,3009,NULL),(280,NULL,'Abraham Madrid','Mr.',35,'1983-10-26',1,170,190,20,91,'0+','The Flagship Amwaj, Apr.23,Bldg.2793,\r\nRoad 5722 Amwaj 0257','38885160','38885160','abemadrid99@gmail.com','none','none','1',0,0,0,0,'0','both',2,'2019-06-20 13:10:48','2019-08-19 08:50:22',3,0,1,4273,NULL),(281,NULL,'Hisham Al Kooheji','Mr.',32,'1986-11-14',1,174,79,31,20,'0+','House no.1324, Road 2527,\r\nBlock 525 Saar','36266000','36266000','hishamyk@gmail.com','none','blood pressure pill,aspirin and for cholesterol','1',0,0,0,0,'0','mental',0,'2019-06-20 13:13:36','2019-08-19 08:50:22',3,0,1,1635,NULL),(282,NULL,'Amal Al Aali','Mrs.',39,'1980-07-27',0,175,74,29,43,'B+','House 1784 Road 4042\r\nBlock 740 Aaali','39442728','39442728','aaalaali@gmail.com','IBS','probiotics','1',0,0,0,0,'0','both',0,'2019-06-20 13:17:48','2019-08-19 08:50:22',12,0,1,1261,NULL),(283,1539,'Dalal Ali Safar','Mrs.',35,'1983-08-17',0,168,83,104,112,'B-','House 620, Road 3819\r\nBlock 338 Adliya','39777987','39777987','dalalsafar@gmail.com','none','none','0',0,0,0,0,'0','both',0,'2019-06-20 14:21:18','2019-08-20 13:55:33',2,0,1,868,'1'),(284,1642,'Marwa Al Khurasi','none',38,'1981-06-15',0,150,68,20,20,'x','House 973 road 1415 block 314,Manama','36474448','36474448','marwarredha@gmail.com','Betaferon injection every 2 days\r\nmultiple sclerosis','Multiple Sclerosis','1',1,0,0,0,'0','none',0,'2019-08-21 10:05:52','2019-08-21 10:05:52',3,0,1,0,'0'),(285,1099,'Maram T urki','Dental',27,'1991-03-29',0,163,57,20,20,'A+','House 1914 A,Road 4357,Block 743,Sanad,Bahrain','39955945','39955945','maram.turki@gmail.com','none','none','1',0,0,0,0,'0','Dental',0,'2019-08-21 10:20:59','2019-08-21 11:50:41',3,0,0,0,'5'),(286,1159,'Salaam Zeid','none',36,'1982-10-13',1,152,41,20,20,'o','Villa 10 Yateem Gardens Building 2607 Road 2766 Block 327 Manama,Adliyah','39454778','39454778','zeid_s@yahoo.com','none','none','1',1,0,0,0,'0','mental',0,'2019-08-21 14:32:51','2019-08-21 14:32:51',3,0,1,0,'0'),(287,1091,'Alsaleh Wasan','mental',42,'1972-11-26',0,156,54,20,20,'AB','House 576 Road 2910 Block 329 Salmaniya','39338833','39338833','walsaleh@gmail.com','THYROXINE','HYPOTHYROIDISM','1',0,0,0,0,'0','mental',0,'2019-08-21 15:04:51','2019-08-21 15:04:51',3,0,1,0,'0'),(288,1149,'O\'Rourke aishlia','mental',24,'1994-04-14',0,152,59,20,20,'o','Jana 315 Al Janabiyah Block 575 Building 291 Floor 1 app 11 Saar','38941332','38941332','aishlia.o.pourke12@gmail.com','none','none','1',0,0,0,0,'0','mental',0,'2019-08-21 15:23:32','2019-08-21 15:23:32',3,0,1,0,'0'),(289,1148,'Heaty Gregory','none',25,'1993-09-13',1,180,90,34,20,'o','Block 547 Street 4746 Building 1202 Apartment 15','39989600','39989600','greg@standbyconsulting.com','Supplement-Proten- Creatine-BCAA','NONE','1',1,0,0,0,'0','mental',0,'2019-08-22 08:48:11','2019-08-22 08:48:11',3,0,1,0,'0'),(290,1154,'Sara M ansouri','none',35,'1983-03-15',0,155,57,67,98,'o','House 2266 AAA Road 5755 Building 457 Buquwa (Friday/Sunday)','39924344','39924344','s.mansouri@gmai.com','none','none','1',0,0,0,0,'0','mental',0,'2019-08-24 05:53:13','2019-08-24 05:53:13',2,0,1,0,'0'),(291,1156,'Ahlam Alshawi','none',36,'1981-12-04',0,159,55,59.5,62.5,'o','Villa 364 Road 1322 Block 13 Isa Town','39400016','39400016','ahlam.alshawi@gmail.com','none','none','1',0,0,0,0,'0','none',0,'2019-08-24 08:16:48','2019-08-24 08:16:48',2,0,1,0,'0'),(292,1157,'Aseel Hameed Karimi','none',26,'1992-05-19',0,150,58,81.28,99.6,'A+','Janabiya Road 7552 B.lock 575 Building 3550 Leen House Apartment 33 3rd Floor','36112294','36112294','aseelkarimi@gmail.com','GLUCOPHAGE (PCOS)','NONE','1',1,0,0,0,'0','mental',0,'2019-08-24 08:30:06','2019-08-24 08:50:35',2,0,1,0,'0'),(293,1169,'Dandy Julia','none',36,'1982-02-09',0,170,60,80,90,'0','Villa 1157 Road 5710 Block 257 Tala Island Amwaj Island','39660598','39660598','hrhjulia@gmail.com','none','none','1',1,0,0,0,'0','mental/physical',0,'2019-08-24 09:02:01','2019-08-24 09:02:01',2,0,1,0,'0'),(294,1188,'Hassan Adel Khalaf','none',16,'2003-05-21',1,180,74,20,20,'0+','Villa 998 Block 332 Road 3321 Mahooz  Manama','36374456','37775966','khadijakhalaf87@gmail.com','none','none','1',0,1,0,0,'0','student',0,'2019-08-24 10:39:22','2019-08-25 12:38:23',3,0,1,0,'0'),(295,1090,'Razan Alsaleh','none',45,'1973-12-08',0,172,65,81.5,101.5,'AB','House 27, Blue Jurdab Compound,Road 2948,Jurdab 729','39636611','39636611','razan8@gmail.com','HYPHOTHYROID','EUTHYROX(THYROXINE)50mg/day','1',0,1,0,0,'0','Mental',0,'2019-08-25 13:28:02','2019-08-25 13:28:02',3,0,1,0,'0'),(296,1484,'Alkhalifa Muneera','none',29,'1989-06-25',0,172,77,20,20,'A+','House 155 Road 26 Block 926','39947770','39947770','mneera.k13@gmail.com','none','none','1',0,0,0,0,'0','none',0,'2019-08-25 13:37:09','2019-08-25 13:37:09',2,0,1,0,'0'),(301,1170,'Alaseeri Amel','none',25,'1983-12-25',0,100,100,20,20,'none','Budaiya Highway Tariq Pastries Building 3rd Floor Apartment 22 (namaste)','38455566','38455566','ml.alaseeri@gmail.com','none','none','1',0,0,0,0,'0','none',0,'2019-08-25 14:28:34','2019-08-25 14:28:34',9,0,1,0,'0'),(302,1147,'Alsairafi Noor','none',38,'1980-04-24',0,173,90,20,20,'A+','House 267Road 4618 AALI 746','38883553','38883553','noor@diyabahrain.com','none','none','1',0,0,0,0,'0','mental',0,'2019-08-25 14:37:29','2019-08-25 14:37:29',4,0,1,0,'0'),(303,1189,'Mohammed Reem','none',33,'1984-12-11',0,100,100,20,20,'0','House 1976 Road 5866 Block 758 Buri Bahrain','36361717','36361717','aljawaher2001@hotmail.com','none','none','1',0,0,0,0,'0','mental',0,'2019-08-25 14:54:09','2019-08-25 14:54:09',5,0,1,0,'0'),(304,1446,'Kazem Nabeel','none',47,'1971-05-05',1,168,110,40,42,'0+','H 212 Road 68 Block 364 Bilad Al Kadeem (next to rain Dental Clicnic)','66386638','66386638','nabeelkarim@hotmail,com','none','none','1',0,0,0,0,'0','mental',0,'2019-08-25 15:07:09','2019-08-25 15:07:09',3,0,1,0,'0'),(305,1129,'Alfeeb Reem','none',29,'1989-10-14',0,168,61,20,20,'0','Block 315,RBuilding Road 383,Building 180 Manama','39323100','39323100','reem.aljeeb@sc.com','IRON DEFICIENCY','IRON+DAILY VITAMINS','1',0,0,0,0,'0','Mental',1,'2019-08-25 15:58:56','2019-08-25 15:58:56',1,0,1,0,'0'),(306,1651,'Maryam Isa Alkhalifa','none',25,'1993-12-04',0,164,84,94.5,119,'A+','House 1604 Road 847 Block 908 West Riffa','33333717','33333717','mariam.al.khalifa@hotmail.com','none','none','1',0,0,0,0,'0','mental',0,'2019-08-25 16:05:47','2019-08-25 16:05:47',4,0,1,0,'0'),(309,1397,'Mike Smith','none',43,'1975-05-23',1,135,87.5,87,20,'0','12 Floor Worley Parson Gulf Executive Office Building 15,Road 3801,Block 338,PO Box 75728','36895021','36895021','mike.smith@worlyparson.com','none','none','1',0,0,0,0,'0','none',0,'2019-08-25 16:18:29','2019-08-25 16:18:29',9,0,1,0,'0'),(310,1144,'Al Sairafi Safa','none',27,'1987-08-27',0,136,100,20,20,'0','BCCI Building Road 1010 Block 410 7th Floor Tamkeen','39200680','17551716','safa.alsairafi87@gmail.com','NEUROBIN','FOR HAIR','1',0,0,0,0,'0','mental',0,'2019-08-25 16:32:21','2019-08-25 16:32:21',2,0,1,0,'0'),(311,1153,'Mohammed Alqari','office',30,'1987-12-07',1,173,86,92,102,'0','Arcapita Building Bharain Bay','39332622','17561248','mohammed.alqari@gmail.com','SEROXAT','SEROXAT','1',0,0,0,0,'0','mental',0,'2019-08-26 05:29:31','2019-08-26 05:29:31',1,0,1,0,'0'),(312,1160,'Alzari Fajer','none',39,'1984-08-17',0,157,59,20,20,'0+','Saudi National Commercial Bank World Trade Floor 28 East Tower','36562626','36562626','fajer.alzari@gmail.com','none','none','1',0,0,0,0,'0','mental',0,'2019-08-26 05:39:35','2019-08-26 05:39:35',1,0,1,0,'0'),(313,1161,'Reem Alamed','Mental',35,'1982-12-10',0,153,57,20,20,'B+','Bahrain World Trade Center East Tower 28 Floor','39770770','17549794','reemalmajid@gmail.com','none','PREGNANT','1',0,0,1,0,'0','mental',0,'2019-08-26 05:51:33','2019-08-26 05:51:33',1,0,1,0,'0'),(314,1164,'Eman Zubari','none',60,'1957-07-17',1,173,78,20,20,'0','Hala Tower,Building 4687,Road 2468 Alfateh 324 Juffair Apartment 67','39911081','39911081','khalidzubari@gmail.com','none','none','1',1,1,0,0,'0','mental',0,'2019-08-26 06:07:59','2019-08-26 06:07:59',2,0,1,0,'0'),(315,1165,'Ameena Khaled Bindayna','none',25,'1993-11-01',0,153.5,57.9,82,100,'A+','House 2621,Road 2652,Block 226,Muharraq,Busaiteen','39425212','39425212','a.bindayna@gmail.com','none','none','1',0,0,0,0,'0','mental',0,'2019-08-26 06:16:47','2019-08-26 06:16:47',1,0,1,0,'0'),(316,1168,'Abdulla Hamad Al Mannai','none',38,'1980-03-18',1,176,88,33,20,'0+','House 158,Road 2152 Block 225 Busaiteen','36366677','36366677','a.h,almannai@gmail.com','none','none','1',0,0,0,0,'0','mental',0,'2019-08-26 06:28:13','2019-08-26 06:28:13',1,0,1,0,'0'),(317,1171,'Ahlam Zainal','none',38,'1981-02-19',0,168,52,20,20,'0+','Arcapita Building, First Floor Bahrain Bay Amlak Company','32238887','17516466','ahlamzainal@yahoo.com','Just taking Supplements/Vitamins(i.e Iron Vitamins)','C,D@B12','0',0,0,0,0,'0','mental',0,'2019-08-26 06:37:27','2019-08-26 06:37:27',1,0,1,0,'0'),(318,1236,'Ebrahim Abdulkharim','none',40,'1972-08-06',1,175,80,100,100,'B+','Building 540, Road 1706 Block 317  Arad Bank Diplomatic Area,Bahrain','36666166','17549023','eabdulkarim@gmail.com','SUPPLEMENTS','Multi vitamins&complex&Omega','2',1,1,0,0,'0','mental',0,'2019-08-26 11:13:47','2019-08-26 11:13:47',1,0,1,0,'0'),(325,1241,'Latifa Alkhalifa','none',43,'1975-09-12',0,158,76.6,93,110,'0','PO Box 20055','33106888','17662424','lala.ebrahim@gmail.com','none','none','1',0,0,0,0,'0','mental',0,'2019-08-27 05:40:32','2019-08-27 05:40:32',3,0,1,0,'0'),(326,1488,'Mai Jasim Alkhaja','none',37,'1981-07-16',0,166,78,100,100,'0','House 389 Road 2013 Block 920 West Fiffa','35666655','35666655','mjalkhaja@gmail.com','none','none','1',0,0,0,0,'0','mental',0,'2019-08-27 07:32:24','2019-08-27 07:32:24',2,0,1,0,'0'),(328,1671,'Maryam KAMESKI','none',28,'1981-07-30',0,163.5,54,20,20,'0','Villa 2673 Road 2841Block 228 Busaiteen','36619100','17866992','mkamashki@gmail.com','CROHNS DEASEASE','PENTASA','1',0,0,0,0,'0','mental',0,'2019-08-27 08:37:14','2019-08-27 08:37:14',3,0,1,0,'0'),(329,1664,'Sharifa Sanad','none',33,'1986-02-09',0,165,74,88.9,106,'A+','Villa 84 Road 5503 Block 255 Galaly','39586363','39586363','s.sanad@hotmail.com','none','none','1',0,0,0,0,'0','mental',0,'2019-08-27 08:49:10','2019-08-27 08:49:10',3,0,1,0,'0'),(330,1660,'Karim Ghorayeb','none',44,'1974-12-10',1,176,84,20,20,'0+','House 27 Blue Jurdab Compound Road 2948 Jurdab 729','36377777','39636611','rozan8@gmail.com','none','none','1',0,0,0,0,'0','mental',0,'2019-08-27 09:05:01','2019-08-27 09:05:01',3,0,1,0,'0'),(331,1146,'Linda Janahi','none',40,'1973-08-20',1,165,63,36,104,'B+','House 109 Room 2302 Block 923 East Riffa','30636300','30636300','linda@janahi@gmail.com','none','none','1',0,0,0,0,'0','mental',0,'2019-08-28 06:39:31','2019-08-28 06:39:31',2,0,1,0,'0'),(332,1638,'Saliba Jinane','none',36,'1982-10-08',0,170,62,20,20,'A+','Reef Island Capis Building Block 346 Street 4642 Ground floor Flat #5','33011055','33011055','jinanesaliba@gmail.com','none','none','1',1,1,0,0,'0','mental',0,'2019-08-28 06:53:56','2019-08-28 06:53:56',3,0,1,0,'0'),(333,1647,'Farah Almajed','none',24,'1983-10-24',0,160,59,73,101,'A-','893 Road 4323 Block 243 Arad','36900402','17675674','sarahmajed@gmail.com','none','none','1',0,0,0,0,'0','mental',0,'2019-08-28 07:00:19','2019-08-28 07:00:19',3,0,1,0,'0'),(334,1644,'Sara Khalid Juma','none',35,'1984-04-21',0,160,60,20,20,'A+','House 540 Road 5707 Block 257 Amwaj Najm','39408800','39408800','sara.juma1@gmail.com','none','none','1',0,0,0,0,'0','mental',0,'2019-08-28 07:11:13','2019-08-28 07:11:13',2,0,1,0,'0'),(335,1640,'Alaa Sabt Radhi','none',32,'1987-08-05',0,164,80,20,20,'0','Jeera (111) Tower Building 657 Road 2811 Block 428 Floor 7 Office 71 Seef District /\r\nHouse 470 Block 813 Road 1331 Isa Town','66707001','36489890','asabt@globalits.bh','none','none','1',0,0,0,0,'0','mental',0,'2019-08-28 07:16:44','2019-08-28 07:18:50',3,0,1,0,'0'),(337,1633,'Aysha Aquod','none',30,'1989-05-09',0,169,109,104,130,'126','House 1936 Block 244 Street 4439 Arad\r\n(OFFICE ADDRESS)\r\n AHLI UNITED BANK','33121412','33121412','aalquod@hotmail.com','none','PCOS','1',0,0,0,0,'0','Mental',0,'2019-08-28 07:34:28','2019-08-28 07:34:28',3,0,1,0,'0'),(338,1632,'Walaa Sami Alaabed','none',26,'1992-11-26',0,165,85,20,20,'0','(WEEKEND) Villa 1434 Road 4542Block 745 Sanad\r\n(WEEKDAY)  Building 572 Road 16  Block 616 OM Alsaad Avenue Sitra','39344490','39344490','walaa.alaabed@gmail.com','none','OVARIAN CYST & THYROID NOCHILE','0',0,0,0,0,'0','mental',0,'2019-08-28 08:06:51','2019-08-28 08:06:51',6,0,1,0,'0'),(339,1162,'Alya Aljeeb','none',28,'1991-01-20',0,154,52.2,20,20,'0','House 2728 Room 7172  Block 571 Aljanabiya','39915158','39915158','alyaa_aljeeb@hotmail.com','none','none','1',0,0,0,0,'0','mental',0,'2019-08-28 08:13:37','2019-08-28 08:13:37',3,0,1,0,'0'),(340,1256,'Trichard Astria','none',35,'1983-11-28',0,167,62,84,75,'0','Flat 41 Palom-2 Road 5710 Block 257 Tala Amwaj','39909262','39909262','astrid@getbharain.com','none','none','1',0,0,0,0,'0','mental',0,'2019-08-28 08:26:52','2019-08-28 08:26:52',2,0,1,0,'0'),(341,1630,'Fatema Abdulelah Alqasimi','none',33,'1986-08-30',0,165,52,20,20,'0','House 2030 Road 627 Block 1206 Hamad Town (Round about 5)','39336226','39336226','f.alqassimi@gmail.com','none','none','1',0,0,0,0,'0','mental',0,'2019-08-28 08:35:17','2019-08-28 08:35:17',1,0,1,0,'0'),(342,1627,'Noora Khalid Alkhalifa','none',24,'1995-06-04',0,154,65,75,106,'A+','House 1119 Road 2629  Block 926 West riffa','39888666','39888666','nkk6495@gmail.com','none','none','1',0,0,0,0,'0','mental',0,'2019-08-28 08:40:13','2019-08-28 08:40:13',3,0,1,0,'0'),(343,1626,'Alnood Khalid ALkhalifa','none',20,'1998-08-08',0,156,64,20,20,'0','House 119 Road 2629 Block 926 Jary Alshaikh West Riffa','39533335','39533335','alanood.alk@gmail.com','none','ASTHMA','1',0,0,0,0,'0','mental',0,'2019-08-28 08:52:29','2019-08-28 08:54:17',3,0,1,0,'0'),(344,1624,'Mohammed Ali Saffy','none',28,'1990-09-26',1,171,110,20,20,'B+','House 382 Road 4505 Block 245','38433303','38433303','mohd.saffy@gmail.com','HYPER TENSION','COVERAN  5mg','1',0,0,0,0,'0','mental',0,'2019-08-28 09:05:13','2019-08-28 09:05:13',3,0,1,0,'0'),(345,1623,'Ammar Radhi','none',32,'1987-07-15',1,178,93,20,20,'A+','Flat 42 Building 1222 Road 3026 Block 430 Danai Al Seef\r\nOffice Address: 10 Floor West Tower Bahrain Financial  Harbour','38888079','38888079','radhi@line.com','none','none','1',0,0,0,0,'0','mental',0,'2019-08-28 09:20:26','2019-08-28 09:20:26',7,0,1,0,'0'),(346,1622,'Ebaa Aqoud','none',36,'1983-07-27',0,160,56,20,20,'B+','House 1474 Road 3330 Block 333 Um Alhassam','38355777','38355777','ebaa.alquod@gmail.com','none','none','1',0,0,0,0,'0','mental',0,'2019-08-28 09:34:36','2019-08-28 09:34:36',3,0,1,0,'0'),(347,1608,'Mai Showaiter','Mai Showaiter',45,'1974-06-20',0,165,81,34,46,'B+','House 859  Road 1418 Isa Town 814','388 72337','17533722','mayshowaiter@gmail.com','DIABETES','Glucophagex 500mg, Forxiga10mg ,cog 10mg,folab fish oil','1',0,0,0,0,'0','mental',0,'2019-08-28 10:12:33','2019-08-28 10:12:33',3,0,1,0,'0'),(348,1603,'Sara Merza Ahmed','none',26,'1992-03-30',0,169,74,20,20,'0+','Tatweer Petroleum Building 202 Road 53 Block 981 Al Rumamain  (SAKHIR)\r\nHOME ADDRESS: Flat 21 Building 2494 Road 1134 Block 111 Al Hidd','36220031','36220031','saramirza30@gmail.com','none','none','1',0,0,0,0,'0','none',0,'2019-08-28 10:51:06','2019-08-28 10:51:06',1,0,1,0,'0'),(349,1601,'Ann Danchoe','none',52,'1967-01-21',0,135,64,20,20,'o-','Apartment 22 Al Rimal Building Reef Island ,Manama','34560506','34560506','anndanachoe2012icloud.com','none','none','1',0,0,0,0,'0','mental',0,'2019-09-01 11:50:42','2019-09-01 11:50:42',2,0,1,0,'0'),(350,1600,'Fatema Al Sharif','none',28,'1991-01-28',0,167,67.5,75,105.5,'A+','House 66,Road 5203,Block 382,Nabi Saleh','38823882','38823882','fatema.s.alsharif@gmail.com','none','none','1',0,0,0,0,'0','mental',0,'2019-09-01 11:56:37','2019-09-01 11:56:37',3,0,1,0,'0'),(351,1599,'Abdulla Almarki','none',27,'1992-05-19',1,176,72,20,20,'0','(Osool) 1st Floor Arcapita Bilding Bahrain Bay','39797945','39797945','abdulla-al-marki@hotmail.com','none','none','1',0,0,0,0,'0','mental',0,'2019-09-01 12:06:39','2019-09-01 12:06:39',3,0,1,0,'0'),(352,1597,'May Almoayed','none',36,'1983-09-22',0,152,53,72,91,'A+','Arcapita Building 4th Floor (Edamah)Block 346Road 4612Bahrain Bay','39940888','39940888','malmoayed@gmail.com','none','none','1',0,0,0,0,'0','mental',0,'2019-09-01 12:15:59','2019-09-01 12:15:59',3,0,1,0,'0'),(353,1596,'Amal Almurbati','none',42,'1978-01-11',0,161,94,93,119,'A+','House 702 Road 2621 Block 526 Barbar','36116644','36116644','aalmurbati@gmail.com','none','none','1',0,0,0,0,'0','mental',0,'2019-09-01 12:23:47','2019-09-01 12:23:47',2,0,1,0,'0'),(354,1591,'Fatima Khalifa Alkhalifa','none',14,'2004-08-18',0,161,141,46,65,'o+','House 218 Road 407 Block 904 West Riffa','36788788','17667177','toomz1804@gmail.com','none','none','1',0,0,0,0,'0','mental',0,'2019-09-01 12:30:44','2019-09-01 12:30:44',3,0,1,0,'0'),(355,1590,'Ali Hassan Alawadhi','none',37,'1991-08-08',1,173,82,20,20,'0','Flat 24 Building G-2150 Road 5541 Block 255  Galali Amwaj Kingdom of Bahrain','39945399','39945399','ali881@yahoo.com','none','none','1',0,0,0,0,'0','mental',0,'2019-09-01 12:38:54','2019-09-01 12:38:54',1,0,1,0,'0'),(356,1589,'Mariam Fakhroo','none',70,'1949-11-13',0,157,68,32,20,'A+','House 416 Road 205 Block 1006 Jasra Mariam Village Compound (close to Batelco)','39616390','39616390','mariam.fakhroo@gmail.com','Globage','Globage xr x2 750mg& cristor 5 litrizol 25g+multi vitamins','1',0,0,0,0,'0','mental',0,'2019-09-01 12:48:50','2019-09-01 12:48:50',3,0,1,0,'0'),(357,1588,'Fatema Ahmed Kamal','none',23,'1996-06-13',0,160,55.8,20,20,'A+','Arad House 1199 Block 240 Road 4036','32288766','39699314','fatimaakamal13@gmail.com','none','none','1',0,0,0,0,'0','mental',0,'2019-09-01 12:53:36','2019-09-01 12:53:36',3,0,1,0,'0'),(358,1572,'Hatim Alzubi','none',35,'1984-02-12',1,179,93,20,20,'B+','Villa 2646 Road 742 Block 507 Maqaba Bahrain','38838886','38838886','hqzubi@gmail.com','Cholesterol + uric acid','CRESTOR (ROSURASTATON) 5mg zyloric ( allopurmol)100mg','1',0,0,0,0,'0','mental',0,'2019-09-01 13:01:35','2019-09-01 13:01:35',3,0,1,0,'0'),(359,1585,'Elyana Jaffar','none',26,'1977-02-06',0,152,87,20,20,'0+','Block 1006 Road 601 Real Gardens Entrance 79 Villa 8 Al Jasra','39459444','39459444','elyana.m.e.j@gmail.com','vit d Defeciency','vit D + collagen+ multi vitamins    Magnisium + calcium','1',0,0,0,0,'0','mental',0,'2019-09-01 13:11:57','2019-09-01 13:11:57',2,0,1,0,'0'),(360,1570,'Ameena Mahmood Hussain','none',27,'1992-04-16',0,164,71,82,106,'B+','Hamad Town House 3720 Road 457  Block 1204 ( Back door on the main road opposite to school and bus stop)','33664224','33664224','a_m_1992@hotmail.com','none','none','1',0,0,0,0,'0','mental',0,'2019-09-01 15:55:34','2019-09-01 15:55:34',3,0,1,0,'0'),(361,1564,'Hannan Mahmoud A. Zaid','none',25,'1994-06-17',0,158,58.9,20,20,'0','Riffa Building 1257Road 1632 Block 916','38055255','38055255','hannan.mahmoud17@gmail.com','PCOS(NOT SEVERE)','mitformin','1',0,0,0,0,'0','mental',0,'2019-09-01 16:17:54','2019-09-01 16:17:54',3,0,1,0,'0'),(362,1557,'KARIM ABDULLA','none',27,'2002-02-27',1,170,97,38,20,'A+','2896 Road 6467 Block 364 Glad Al Qadeem','36612211','36612211','alexboxonegaming@gmail.com','none','none','1',0,0,0,0,'0','mental',0,'2019-09-02 08:00:42','2019-09-02 08:00:42',3,0,1,0,'0'),(363,1549,'Allan Phelan','none',38,'1981-04-21',1,155.44,90,20,20,'0','Block 228 Road 2834 Building 2375 3rd Floor Apartment 33 Busaiteen','34205516','34205516','aphelan@resi.com','none','none','1',0,0,0,0,'0','mental',0,'2019-09-02 09:38:50','2019-09-02 09:38:50',3,0,1,0,'0'),(364,1545,'Fatema Alrumaikhi','none',30,'1989-08-06',0,164,80,20,20,'o-','House 4045 Road 2861 Block 928 Wadi Asail  Hamad Town','34205516','34205516','fatemaalmuraikhi@gmail.com','none','none','1',0,0,0,0,'0','mental',0,'2019-09-02 10:02:12','2019-09-02 10:06:08',3,0,1,0,'0'),(365,1548,'Andrea Phelan','none',39,'1984-07-30',0,176.78,81,20,20,'0','Block 228 Road 2834  Building 2375 Floor 3 Apartment 23 Busaiteen','33835686','34205565','aduyer@resi.com','none','none','1',0,0,0,0,'0','mental',0,'2019-09-02 10:22:10','2019-09-02 10:22:10',3,0,1,0,'0'),(366,1547,'Jordan Screen','none',42,'1976-11-16',1,175,71,20,20,'B+','none','35460907','35460907','saffarandco@gmail.com','none','none','1',0,0,0,0,'0','mental',0,'2019-09-02 10:57:01','2019-09-02 10:57:01',3,0,1,0,'0'),(368,1542,'Noora Ali Saffar','none',29,'1989-11-24',0,163,54,51,51,'o+','House 51 A Road 30 Block 732 Aali','38838383','38838383','noora.a.safar@gmail.com','none','none','1',0,0,0,0,'0','mental',0,'2019-09-02 11:13:16','2019-09-02 11:13:16',3,0,1,0,'0'),(369,1537,'Nada Tarada','none',31,'2019-06-16',0,163,84,32,51,'B+','House 3213 Road 2182 Block 721 Jid Ali','39770799','39770799','nada.tara@gmail.com','none','none','1',0,0,0,0,'0','mental',0,'2019-09-02 11:23:21','2019-09-02 11:23:21',2,0,1,0,'0'),(370,1536,'Abraham Madrid','35',35,'1983-10-26',1,170,86,91,91,'0+','The Flagship Amwaj Apartment 23 Building 2793Road 5722 Amwaj 0257 Kingdom of Bahrain','38885160','38885160','abmadrid99@gmail.com','none','none','1',0,0,0,0,'0','mental',0,'2019-09-02 11:29:41','2019-09-02 11:29:41',3,0,1,0,'0'),(371,1532,'Maryam Bastaki','none',29,'1990-04-17',0,108,83,51,51,'A+','House 207 Road 3200 Block 732','35550350','35550350','maryam.rb90@yahoo.com','none','none','1',0,0,0,0,'0','mental',0,'2019-09-02 11:36:23','2019-09-02 11:36:23',2,0,1,0,'0'),(374,1489,'Hela Alkhalifa','none',35,'1984-03-27',0,172,152,51,143,'0+','House 178 Shk Khalifa Gamond Avenue Block 221 Busaiteen Bahrain','38820803','38820803','hela.327@gmail.com','none','none','1',0,0,0,0,'0','mental',0,'2019-09-02 12:26:55','2019-09-02 12:26:55',3,0,1,0,'0'),(376,1240,'Lobna Al Amin','none',60,'1958-11-05',0,171,76,85,107,'B+','Road 3240 Block 732 Gate 1709 Villa 9 Mohammed Fakhroo Compound A ali','39641991','39674747','reemjakhroo@gmail.com','thyroxine 100','thryroxin-hypo','1',1,0,0,0,'0','none',0,'2019-09-02 13:24:05','2019-09-02 13:24:05',3,0,1,0,'0'),(377,1474,'Areej Al Naoimi','none',24,'1989-11-17',0,166,78,51,51,'o+','House 269 Road 1503 Block 915 Riffa','34506144','17773222','areej.alnaoimi@gmail.com','thyroid (stable)','thyroid 50mg','1',0,0,0,1,'0','none',1,'2019-09-02 13:32:58','2019-09-02 13:32:58',2,0,1,0,'0'),(379,1356,'Deena Saqer Alzayani','none',37,'1981-11-29',0,160,57,51,51,'0+','Al Shawi Compound Gate 2950 Road 4635 Block 646 Sanad','39799799','39799799','d.alzayani@gmail.com','none','none','1',0,0,0,0,'0','Mental',0,'2019-09-02 14:44:33','2019-09-02 14:44:33',3,0,1,0,'0'),(383,1274,'Latifa Mohammed','none',31,'1987-07-12',0,159,66.9,51,51,'0+','House 849 Road 2419 block 924 Riffa   Juvy Al Shaikh','39383933','39383933','latifa3.m@gmail.com','none','none','1',0,0,0,0,'0','mental/physical',0,'2019-09-02 15:12:12','2019-09-02 15:12:12',2,0,1,0,'0'),(384,1413,'Mohammed Alsaati','none',27,'1992-04-10',1,171,65,51,51,'AB+','House 141 Road 2307 Block 523 Saar','39988009','39988009','mohammedalsaati@gmail.com','none','none','1',0,1,0,0,'0','mental',0,'2019-09-02 15:28:20','2019-09-02 15:28:20',3,0,1,0,'0'),(387,1387,'Rakan Hussain Al Otaibi','none',30,'1988-05-14',1,177,95,86,91,'0+','House 1070 Road 7130 Block 571 Janabiyah','38418841','17793977','rax269006@gmail.com','none','none','1',0,0,0,0,'0','mental',0,'2019-09-02 15:48:40','2019-09-03 06:12:54',9,0,1,0,'0'),(388,1019,'Nouf Yateem','none',29,'1990-12-24',0,152.4,50,51,51,'A+','House 479 Road 4011, Block 340 Juffair  Bahrain','37330330','37330330','nouf.yareem@gmail.com','none','none','1',0,0,0,0,'0','mental',0,'2019-09-03 07:03:29','2019-09-03 07:03:29',2,0,1,0,'0'),(389,1381,'Sara Al Otaibi','none',27,'1991-05-26',0,165,59,70,95,'0+','House 1070 Road 7130 Area 571 Janabiyah Bahrain','38381535','38381535','sara.a.design@gmail.com','Good Physical Condition','Slight Anemia (Dates Iron is good)','1',1,0,0,0,'0','mental',0,'2019-09-03 07:21:29','2019-09-03 07:21:29',3,0,1,0,'0'),(390,1365,'Kim Hijris','none',60,'1951-04-21',0,152,98,110,128,'0+','house 107 Jid Al Haj Highway Block 502 Jannusan','39460208','39460208','kimhijris@hotmail.com','STROKE HIGH BLOOD PRESSURE','atacand 16mg/crestor 10mg/concor 2.5mg/Asarin 7.5mg/eltronin50mg','1',0,0,0,0,'0','none',0,'2019-09-03 07:34:07','2019-09-03 07:34:07',3,0,1,0,'0'),(391,1364,'Neeraj Karani','none',27,'1992-01-03',1,154,70,54,57,'0','Villa 1126Saar visto1 compound roas 3545Block 523 Al HADAD','39747306','39747306','karanineeraj@gmail.com','FREE DIABETIC','none','1',0,0,0,0,'0','mental',0,'2019-09-03 07:42:08','2019-09-03 07:42:08',3,0,1,0,'0'),(392,1346,'Nouf Alkhalifa','none',27,'1982-10-27',0,160,40,51,51,'0','Villa 11,Gate 2298 Road 7533 Block 575 Janabiyah','39522222','39522222','nouf.alkhalifa@gmail.com','none','none','1',0,0,0,0,'0','none',0,'2019-09-03 07:55:31','2019-09-03 07:55:31',3,0,1,0,'0'),(394,1345,'May Mahmood','May Mahmoud',35,'1983-08-19',0,150,60,51,51,'0','House 579,Road 7510 Block 575 Janabiyah','39903221','39903221','may.mahmood@gmail.com','none','none','1',0,0,0,0,'0','mental/physical',0,'2019-09-03 08:09:17','2019-09-03 08:09:17',3,0,1,0,'0'),(397,1226,'Muneera Hamad Alkhalifa','none',26,'1992-10-15',0,164,55,66,96,'0','House 589,Block 916,Road 1619,Riffa','33333130','33333130','muneera.alkhalifa@gmail.com','high cholesterol','none','1',0,0,0,0,'0','mental',0,'2019-09-03 09:11:57','2019-09-03 09:11:57',3,0,1,0,'0'),(398,1334,'Bader Duaij Buachala','none',17,'2002-10-16',1,186,98,51,51,'0','Basma Kanoo Address','00000000','0000000','bader.duaij32@gmail.com','none','none','1',0,0,0,0,'0','student',0,'2019-09-03 09:18:48','2019-09-03 09:18:48',7,0,1,0,'0'),(399,1333,'Basma Kanoo','none',0,'0001-01-01',0,168,67,51,51,'0','Villa 1510,Road 5647, Block 356,Sahlia','0000000','0000000','basmafkanoo@gmail.com','none','none','1',0,0,0,0,'0','mental',0,'2019-09-03 09:36:56','2019-09-03 09:36:56',3,0,1,0,'0'),(401,1195,'Maryam Abdulmalik','none',24,'1994-12-09',0,165,55,51,51,'0+','Block 228,Villa 794,Road 2813,Busaiteen, Bahrain','36345345','36345345','maryam.abdulmalik@gmail.com','none','none','1',0,0,0,0,'0','mental',0,'2019-09-03 09:53:16','2019-09-03 09:53:16',6,0,1,0,'0'),(402,1179,'Reem Alawi','none',33,'1985-03-08',0,157,70,51,51,'B+','House 295,Road 4317, Block 943 Riffa Views','39400757','39400757','reemalawi@gmail.com','none','Pregnant','1',0,0,0,0,'0','mental',0,'2019-09-03 09:59:17','2019-09-03 09:59:17',1,0,1,0,'0'),(404,1180,'Eman Abdulla Al Shamlan','none',32,'1986-05-20',0,1158,55,51,51,'0+','Tatweer Petroleum Building 202,Road 53, Block 981Rumamin (SAKHIR)\r\nHOME:House 856,Road 1512, Block 915,East Riffa','3888969','3888969','eman.alshamlan@gmail.com','none','none','1',0,0,0,0,'0','mental',0,'2019-09-03 10:18:43','2019-09-03 10:18:43',1,0,1,0,NULL);
/*!40000 ALTER TABLE `customers` ENABLE KEYS */;
UNLOCK TABLES;

--
-- Table structure for table `customers_allergic_ingredient_types`
--

DROP TABLE IF EXISTS `customers_allergic_ingredient_types`;
/*!40101 SET @saved_cs_client     = @@character_set_client */;
/*!40101 SET character_set_client = utf8 */;
CREATE TABLE `customers_allergic_ingredient_types` (
  `id` int(10) unsigned NOT NULL AUTO_INCREMENT,
  `ingredient_type_id` int(10) unsigned NOT NULL,
  `customer_id` int(10) unsigned NOT NULL,
  `created_at` timestamp NULL DEFAULT NULL,
  `updated_at` timestamp NULL DEFAULT NULL,
  PRIMARY KEY (`id`),
  KEY `customers_allergic_ingredient_types_ingredient_type_id_foreign` (`ingredient_type_id`),
  KEY `customers_allergic_ingredient_types_customer_id_foreign` (`customer_id`),
  CONSTRAINT `customers_allergic_ingredient_types_customer_id_foreign` FOREIGN KEY (`customer_id`) REFERENCES `customers` (`id`),
  CONSTRAINT `customers_allergic_ingredient_types_ingredient_type_id_foreign` FOREIGN KEY (`ingredient_type_id`) REFERENCES `ingredient_types` (`id`)
) ENGINE=InnoDB AUTO_INCREMENT=123 DEFAULT CHARSET=utf8mb4 COLLATE=utf8mb4_unicode_ci;
/*!40101 SET character_set_client = @saved_cs_client */;

--
-- Dumping data for table `customers_allergic_ingredient_types`
--

LOCK TABLES `customers_allergic_ingredient_types` WRITE;
/*!40000 ALTER TABLE `customers_allergic_ingredient_types` DISABLE KEYS */;
INSERT INTO `customers_allergic_ingredient_types` VALUES (2,4,152,'2019-04-24 11:26:39','2019-04-24 11:26:39'),(3,21,168,'2019-04-25 08:55:56','2019-04-25 08:55:56'),(4,17,168,'2019-04-25 08:56:09','2019-04-25 08:56:09'),(5,14,168,'2019-04-25 08:56:49','2019-04-25 08:56:49'),(6,22,168,'2019-04-25 08:56:58','2019-04-25 08:56:58'),(8,22,115,'2019-04-25 09:01:10','2019-04-25 09:01:10'),(9,17,169,'2019-04-25 09:14:17','2019-04-25 09:14:17'),(10,16,88,'2019-04-25 09:18:35','2019-04-25 09:18:35'),(11,14,173,'2019-04-25 10:19:16','2019-04-25 10:19:16'),(12,16,173,'2019-04-25 10:19:26','2019-04-25 10:19:26'),(13,21,173,'2019-04-25 10:19:30','2019-04-25 10:19:30'),(15,4,175,'2019-04-25 12:01:36','2019-04-25 12:01:36'),(16,14,178,'2019-04-25 12:18:19','2019-04-25 12:18:19'),(17,21,178,'2019-04-25 12:18:25','2019-04-25 12:18:25'),(18,17,179,'2019-04-27 13:40:35','2019-04-27 13:40:35'),(19,15,179,'2019-04-27 13:41:33','2019-04-27 13:41:33'),(20,4,182,'2019-04-29 08:44:40','2019-04-29 08:44:40'),(21,22,182,'2019-04-29 08:44:45','2019-04-29 08:44:45'),(22,4,185,'2019-04-29 09:33:50','2019-04-29 09:33:50'),(23,7,189,'2019-05-02 08:48:53','2019-05-02 08:48:53'),(24,4,190,'2019-05-04 14:04:04','2019-05-04 14:04:04'),(25,24,193,'2019-05-11 09:08:51','2019-05-11 09:08:51'),(26,7,193,'2019-05-11 09:09:08','2019-05-11 09:09:08'),(27,17,194,'2019-05-11 09:13:20','2019-05-11 09:13:20'),(28,4,208,'2019-05-14 12:04:43','2019-05-14 12:04:43'),(29,4,210,'2019-05-14 12:25:37','2019-05-14 12:25:37'),(30,17,212,'2019-05-16 06:43:17','2019-05-16 06:43:17'),(31,17,219,'2019-05-21 11:12:58','2019-05-21 11:12:58'),(32,15,220,'2019-05-25 10:12:14','2019-05-25 10:12:14'),(33,13,222,'2019-05-29 07:44:29','2019-05-29 07:44:29'),(34,22,229,'2019-05-29 08:25:03','2019-05-29 08:25:03'),(35,16,236,'2019-06-12 06:39:45','2019-06-12 06:39:45'),(36,4,237,'2019-06-12 06:45:26','2019-06-12 06:45:26'),(37,24,237,'2019-06-12 06:45:38','2019-06-12 06:45:38'),(38,24,240,'2019-06-12 07:17:05','2019-06-12 07:17:05'),(39,17,243,'2019-06-12 07:31:40','2019-06-12 07:31:40'),(40,18,244,'2019-06-12 14:14:31','2019-06-12 14:14:31'),(41,17,245,'2019-06-12 14:20:38','2019-06-12 14:20:38'),(43,17,259,'2019-06-13 15:17:14','2019-06-13 15:17:14'),(45,17,260,'2019-06-15 11:56:15','2019-06-15 11:56:15'),(46,14,261,'2019-06-15 12:27:48','2019-06-15 12:27:48'),(47,15,261,'2019-06-15 12:27:50','2019-06-15 12:27:50'),(48,21,261,'2019-06-15 12:27:56','2019-06-15 12:27:56'),(49,21,263,'2019-06-19 07:47:02','2019-06-19 07:47:02'),(50,22,263,'2019-06-19 07:47:06','2019-06-19 07:47:06'),(51,24,263,'2019-06-19 07:47:07','2019-06-19 07:47:07'),(52,15,266,'2019-06-19 08:56:25','2019-06-19 08:56:25'),(53,20,267,'2019-06-19 09:05:24','2019-06-19 09:05:24'),(54,17,272,'2019-06-19 10:23:38','2019-06-19 10:23:38'),(55,17,273,'2019-06-19 12:24:21','2019-06-19 12:24:21'),(56,16,269,'2019-06-20 12:01:27','2019-06-20 12:01:27'),(58,17,265,'2019-06-20 12:14:04','2019-06-20 12:14:04'),(59,22,256,'2019-06-20 12:21:45','2019-06-20 12:21:45'),(60,15,256,'2019-06-20 12:21:49','2019-06-20 12:21:49'),(62,4,282,'2019-06-20 13:32:33','2019-06-20 13:32:33'),(63,19,119,'2019-06-20 14:08:25','2019-06-20 14:08:25'),(64,15,128,'2019-08-20 14:09:39','2019-08-20 14:09:39'),(65,17,128,'2019-08-20 14:09:42','2019-08-20 14:09:42'),(66,5,286,'2019-08-21 14:39:27','2019-08-21 14:39:27'),(67,17,286,'2019-08-21 14:39:39','2019-08-21 14:39:39'),(69,4,286,'2019-08-21 14:40:52','2019-08-21 14:40:52'),(70,18,288,'2019-08-22 08:33:11','2019-08-22 08:33:11'),(71,19,288,'2019-08-22 08:33:15','2019-08-22 08:33:15'),(72,14,291,'2019-08-24 08:17:38','2019-08-24 08:17:38'),(73,21,291,'2019-08-24 08:17:44','2019-08-24 08:17:44'),(74,16,291,'2019-08-24 08:17:49','2019-08-24 08:17:49'),(75,5,291,'2019-08-24 08:18:01','2019-08-24 08:18:01'),(76,9,293,'2019-08-24 09:03:25','2019-08-24 09:03:25'),(77,14,293,'2019-08-24 09:03:30','2019-08-24 09:03:30'),(78,15,293,'2019-08-24 09:03:33','2019-08-24 09:03:33'),(79,21,293,'2019-08-24 09:03:46','2019-08-24 09:03:46'),(81,16,295,'2019-08-25 13:29:01','2019-08-25 13:29:01'),(82,6,296,'2019-08-25 13:37:45','2019-08-25 13:37:45'),(83,4,301,'2019-08-25 14:29:18','2019-08-25 14:29:18'),(84,4,302,'2019-08-25 14:38:06','2019-08-25 14:38:06'),(85,4,309,'2019-08-25 16:18:58','2019-08-25 16:18:58'),(86,13,311,'2019-08-26 05:30:28','2019-08-26 05:30:28'),(87,19,313,'2019-08-26 05:53:03','2019-08-26 05:53:03'),(88,4,313,'2019-08-26 05:53:10','2019-08-26 05:53:10'),(89,4,315,'2019-08-26 06:17:25','2019-08-26 06:17:25'),(92,4,325,'2019-08-27 05:41:22','2019-08-27 05:41:22'),(93,9,325,'2019-08-27 05:41:31','2019-08-27 05:41:31'),(94,16,331,'2019-08-28 06:40:29','2019-08-28 06:40:29'),(95,22,333,'2019-08-28 07:01:07','2019-08-28 07:01:07'),(96,22,337,'2019-08-28 07:36:30','2019-08-28 07:36:30'),(97,17,342,'2019-08-28 08:40:58','2019-08-28 08:40:58'),(99,4,343,'2019-08-28 08:54:09','2019-08-28 08:54:09'),(100,17,344,'2019-08-28 09:05:40','2019-08-28 09:05:40'),(101,15,344,'2019-08-28 09:05:43','2019-08-28 09:05:43'),(102,17,349,'2019-09-01 11:51:27','2019-09-01 11:51:27'),(103,15,350,'2019-09-01 11:57:21','2019-09-01 11:57:21'),(104,17,352,'2019-09-01 12:16:39','2019-09-01 12:16:39'),(105,16,353,'2019-09-01 12:24:36','2019-09-01 12:24:36'),(107,17,359,'2019-09-01 13:13:37','2019-09-01 13:13:37'),(108,4,364,'2019-09-02 10:05:51','2019-09-02 10:05:51'),(109,19,364,'2019-09-02 10:05:58','2019-09-02 10:05:58'),(110,15,365,'2019-09-02 10:22:40','2019-09-02 10:22:40'),(111,17,366,'2019-09-02 10:57:33','2019-09-02 10:57:33'),(112,17,369,'2019-09-02 11:23:59','2019-09-02 11:23:59'),(113,17,371,'2019-09-02 11:36:49','2019-09-02 11:36:49'),(114,15,374,'2019-09-02 12:27:37','2019-09-02 12:27:37'),(115,16,376,'2019-09-02 13:25:24','2019-09-02 13:25:24'),(116,4,379,'2019-09-02 14:45:54','2019-09-02 14:45:54'),(117,17,383,'2019-09-02 15:19:10','2019-09-02 15:19:10'),(118,4,388,'2019-09-03 07:04:16','2019-09-03 07:04:16'),(119,4,389,'2019-09-03 07:22:37','2019-09-03 07:22:37'),(120,22,389,'2019-09-03 07:22:59','2019-09-03 07:22:59'),(121,22,399,'2019-09-03 09:38:02','2019-09-03 09:38:02'),(122,16,399,'2019-09-03 09:38:06','2019-09-03 09:38:06');
/*!40000 ALTER TABLE `customers_allergic_ingredient_types` ENABLE KEYS */;
UNLOCK TABLES;

--
-- Table structure for table `customers_allergic_ingredients`
--

DROP TABLE IF EXISTS `customers_allergic_ingredients`;
/*!40101 SET @saved_cs_client     = @@character_set_client */;
/*!40101 SET character_set_client = utf8 */;
CREATE TABLE `customers_allergic_ingredients` (
  `id` int(10) unsigned NOT NULL AUTO_INCREMENT,
  `customer_id` int(10) unsigned NOT NULL,
  `ingredient_id` int(10) unsigned NOT NULL,
  `created_at` timestamp NULL DEFAULT NULL,
  `updated_at` timestamp NULL DEFAULT NULL,
  PRIMARY KEY (`id`),
  KEY `customers_allergic_ingredients_customer_id_foreign` (`customer_id`),
  KEY `customers_allergic_ingredients_ingredient_id_foreign` (`ingredient_id`),
  CONSTRAINT `customers_allergic_ingredients_customer_id_foreign` FOREIGN KEY (`customer_id`) REFERENCES `customers` (`id`) ON DELETE CASCADE,
  CONSTRAINT `customers_allergic_ingredients_ingredient_id_foreign` FOREIGN KEY (`ingredient_id`) REFERENCES `ingredients` (`id`) ON DELETE CASCADE
) ENGINE=InnoDB AUTO_INCREMENT=65 DEFAULT CHARSET=utf8mb4 COLLATE=utf8mb4_unicode_ci;
/*!40101 SET character_set_client = @saved_cs_client */;

--
-- Dumping data for table `customers_allergic_ingredients`
--

LOCK TABLES `customers_allergic_ingredients` WRITE;
/*!40000 ALTER TABLE `customers_allergic_ingredients` DISABLE KEYS */;
INSERT INTO `customers_allergic_ingredients` VALUES (5,9,43,'2019-04-06 13:50:26','2019-04-06 13:50:26'),(6,9,42,'2019-04-06 13:50:26','2019-04-06 13:50:26'),(7,9,44,'2019-04-06 13:50:26','2019-04-06 13:50:26'),(8,9,7,'2019-04-06 13:50:26','2019-04-06 13:50:26'),(10,33,8,'2019-04-08 12:15:38','2019-04-08 12:15:38'),(11,33,6,'2019-04-08 12:15:38','2019-04-08 12:15:38'),(12,33,9,'2019-04-08 12:15:38','2019-04-08 12:15:38'),(13,34,2,'2019-04-08 13:03:21','2019-04-08 13:03:21'),(14,70,4,'2019-04-11 13:47:24','2019-04-11 13:47:24'),(15,70,5,'2019-04-11 13:47:24','2019-04-11 13:47:24'),(16,70,119,'2019-04-11 13:47:24','2019-04-11 13:47:24'),(17,73,50,'2019-04-13 06:40:31','2019-04-13 06:40:31'),(18,73,49,'2019-04-13 06:40:31','2019-04-13 06:40:31'),(19,76,75,'2019-04-15 06:45:31','2019-04-15 06:45:31'),(20,76,76,'2019-04-15 06:45:31','2019-04-15 06:45:31'),(21,76,95,'2019-04-15 06:45:31','2019-04-15 06:45:31'),(22,101,75,'2019-04-15 13:27:02','2019-04-15 13:27:02'),(23,149,7,'2019-04-24 09:46:23','2019-04-24 09:46:23'),(24,168,49,'2019-04-25 08:56:30','2019-04-25 08:56:30'),(26,115,57,'2019-04-25 08:59:30','2019-04-25 08:59:30'),(27,115,3,'2019-04-25 08:59:58','2019-04-25 08:59:58'),(28,88,1,'2019-04-25 09:18:16','2019-04-25 09:18:16'),(29,174,31,'2019-04-25 11:52:14','2019-04-25 11:52:14'),(30,175,73,'2019-04-25 12:01:21','2019-04-25 12:01:21'),(31,175,67,'2019-04-25 12:01:24','2019-04-25 12:01:24'),(32,179,31,'2019-04-27 13:40:58','2019-04-27 13:40:58'),(33,189,70,'2019-05-02 08:48:39','2019-05-02 08:48:39'),(34,195,6,'2019-05-11 09:16:56','2019-05-11 09:16:56'),(35,207,62,'2019-05-14 11:09:55','2019-05-14 11:09:55'),(36,207,97,'2019-05-14 11:10:36','2019-05-14 11:10:36'),(37,208,37,'2019-05-14 12:04:56','2019-05-14 12:04:56'),(38,229,30,'2019-05-29 08:23:45','2019-05-29 08:23:45'),(40,229,110,'2019-05-29 08:24:04','2019-05-29 08:24:04'),(41,229,29,'2019-05-29 08:24:11','2019-05-29 08:24:11'),(42,229,79,'2019-05-29 08:24:38','2019-05-29 08:24:38'),(43,230,123,'2019-05-29 08:31:11','2019-05-29 08:31:11'),(44,230,44,'2019-05-29 08:31:25','2019-05-29 08:31:25'),(45,230,43,'2019-05-29 08:31:26','2019-05-29 08:31:26'),(46,232,45,'2019-06-11 13:18:21','2019-06-11 13:18:21'),(47,233,45,'2019-06-11 13:28:51','2019-06-11 13:28:51'),(48,234,130,'2019-06-11 13:32:43','2019-06-11 13:32:43'),(49,236,4,'2019-06-12 06:39:38','2019-06-12 06:39:38'),(50,236,18,'2019-06-12 06:40:08','2019-06-12 06:40:08'),(51,236,33,'2019-06-12 06:40:13','2019-06-12 06:40:13'),(52,236,34,'2019-06-12 06:40:14','2019-06-12 06:40:14'),(53,236,35,'2019-06-12 06:40:17','2019-06-12 06:40:17'),(54,236,64,'2019-06-12 06:40:46','2019-06-12 06:40:46'),(56,27,73,'2019-06-15 11:59:00','2019-06-15 11:59:00'),(57,271,29,'2019-06-19 10:10:19','2019-06-19 10:10:19'),(58,271,135,'2019-06-19 10:10:32','2019-06-19 10:10:32'),(60,273,123,'2019-06-19 12:24:40','2019-06-19 12:24:40'),(61,274,33,'2019-06-20 09:25:33','2019-06-20 09:25:33'),(62,274,34,'2019-06-20 09:25:34','2019-06-20 09:25:34'),(63,274,35,'2019-06-20 09:25:35','2019-06-20 09:25:35'),(64,119,80,'2019-06-20 14:08:10','2019-06-20 14:08:10');
/*!40000 ALTER TABLE `customers_allergic_ingredients` ENABLE KEYS */;
UNLOCK TABLES;

--
-- Table structure for table `data_rows`
--

DROP TABLE IF EXISTS `data_rows`;
/*!40101 SET @saved_cs_client     = @@character_set_client */;
/*!40101 SET character_set_client = utf8 */;
CREATE TABLE `data_rows` (
  `id` int(10) unsigned NOT NULL AUTO_INCREMENT,
  `data_type_id` int(10) unsigned NOT NULL,
  `field` varchar(255) COLLATE utf8mb4_unicode_ci NOT NULL,
  `type` varchar(255) COLLATE utf8mb4_unicode_ci NOT NULL,
  `display_name` varchar(255) COLLATE utf8mb4_unicode_ci NOT NULL,
  `required` tinyint(1) NOT NULL DEFAULT 0,
  `browse` tinyint(1) NOT NULL DEFAULT 1,
  `read` tinyint(1) NOT NULL DEFAULT 1,
  `edit` tinyint(1) NOT NULL DEFAULT 1,
  `add` tinyint(1) NOT NULL DEFAULT 1,
  `delete` tinyint(1) NOT NULL DEFAULT 1,
  `details` text COLLATE utf8mb4_unicode_ci DEFAULT NULL,
  `order` int(11) NOT NULL DEFAULT 1,
  PRIMARY KEY (`id`),
  KEY `data_rows_data_type_id_foreign` (`data_type_id`),
  CONSTRAINT `data_rows_data_type_id_foreign` FOREIGN KEY (`data_type_id`) REFERENCES `data_types` (`id`) ON DELETE CASCADE ON UPDATE CASCADE
) ENGINE=InnoDB AUTO_INCREMENT=128 DEFAULT CHARSET=utf8mb4 COLLATE=utf8mb4_unicode_ci;
/*!40101 SET character_set_client = @saved_cs_client */;

--
-- Dumping data for table `data_rows`
--

LOCK TABLES `data_rows` WRITE;
/*!40000 ALTER TABLE `data_rows` DISABLE KEYS */;
INSERT INTO `data_rows` VALUES (1,1,'id','number','ID',1,0,0,0,0,0,NULL,1),(2,1,'name','text','Name',1,1,1,1,1,1,NULL,2),(3,1,'email','text','Email',1,1,1,1,1,1,NULL,3),(4,1,'password','password','Password',1,0,0,1,1,0,NULL,4),(5,1,'remember_token','text','Remember Token',0,0,0,0,0,0,NULL,5),(6,1,'created_at','timestamp','Created At',0,0,1,0,0,0,NULL,6),(7,1,'updated_at','timestamp','Updated At',0,0,0,0,0,0,NULL,7),(8,1,'avatar','image','Avatar',0,1,1,1,1,1,NULL,8),(9,1,'user_belongsto_role_relationship','relationship','Role',0,1,1,1,1,0,'{\"model\":\"TCG\\\\Voyager\\\\Models\\\\Role\",\"table\":\"roles\",\"type\":\"belongsTo\",\"column\":\"role_id\",\"key\":\"id\",\"label\":\"display_name\",\"pivot_table\":\"roles\",\"pivot\":0}',10),(10,1,'user_belongstomany_role_relationship','relationship','Roles',0,1,1,1,1,0,'{\"model\":\"TCG\\\\Voyager\\\\Models\\\\Role\",\"table\":\"roles\",\"type\":\"belongsToMany\",\"column\":\"id\",\"key\":\"id\",\"label\":\"display_name\",\"pivot_table\":\"user_roles\",\"pivot\":\"1\",\"taggable\":\"0\"}',11),(11,1,'locale','text','Locale',0,1,1,1,1,0,NULL,12),(12,1,'settings','hidden','Settings',0,0,0,0,0,0,NULL,12),(13,2,'id','number','ID',1,0,0,0,0,0,NULL,1),(14,2,'name','text','Name',1,1,1,1,1,1,NULL,2),(15,2,'created_at','timestamp','Created At',0,0,0,0,0,0,NULL,3),(16,2,'updated_at','timestamp','Updated At',0,0,0,0,0,0,NULL,4),(17,3,'id','number','ID',1,0,0,0,0,0,NULL,1),(18,3,'name','text','Name',1,1,1,1,1,1,NULL,2),(19,3,'created_at','timestamp','Created At',0,0,0,0,0,0,NULL,3),(20,3,'updated_at','timestamp','Updated At',0,0,0,0,0,0,NULL,4),(21,3,'display_name','text','Display Name',1,1,1,1,1,1,NULL,5),(22,1,'role_id','text','Role',1,1,1,1,1,1,NULL,9),(23,4,'id','text','Id',1,0,0,0,0,0,'{}',1),(24,4,'name','text','Name',1,1,1,1,1,1,'{}',2),(25,4,'protein','text','Protein',1,1,1,1,1,1,'{\"validation\":{\"rule\":\"required|numeric\"}}',3),(26,4,'fat','text','Fat',1,1,1,1,1,1,'{\"validation\":{\"rule\":\"required|numeric\"}}',4),(27,4,'carbohydrates','text','Carbohydrates',1,1,1,1,1,1,'{\"validation\":{\"rule\":\"required|numeric\"}}',5),(28,4,'calories','text','Calories',1,1,1,1,1,1,'{\"validation\":{\"rule\":\"required|numeric\"}}',6),(29,4,'created_at','timestamp','Created At',0,0,1,0,0,1,'{}',8),(30,4,'updated_at','timestamp','Updated At',0,0,0,0,0,0,'{}',9),(31,5,'id','text','Id',1,0,0,0,0,0,'{}',1),(32,5,'name','text','Name',1,1,1,1,1,1,'{}',2),(33,5,'created_at','timestamp','Created At',0,0,1,0,0,1,'{}',3),(34,5,'updated_at','timestamp','Updated At',0,0,0,0,0,0,'{}',4),(35,6,'id','text','Id',1,0,0,0,0,0,'{}',1),(36,6,'name','text','Name',1,1,1,1,1,1,'{}',3),(37,6,'kitchen_id','select_dropdown','Kitchen Id',1,1,1,1,1,1,'{}',2),(38,6,'created_at','timestamp','Created At',0,0,0,0,0,0,'{}',5),(39,6,'updated_at','timestamp','Updated At',0,0,0,0,0,0,'{}',6),(40,6,'meal_belongsto_kitchen_relationship','relationship','Kitchen',0,1,1,1,1,1,'{\"model\":\"App\\\\Kitchen\",\"table\":\"kitchens\",\"type\":\"belongsTo\",\"column\":\"kitchen_id\",\"key\":\"id\",\"label\":\"name\",\"pivot_table\":\"customer_meals\",\"pivot\":\"0\",\"taggable\":\"0\"}',7),(41,7,'id','text','Id',1,0,0,0,0,0,'{}',1),(42,7,'startdate','date','Start date',1,1,1,1,1,1,'{\"format\":\"%d-%m-%Y\"}',3),(43,7,'enddate','date','End date',1,1,1,1,1,1,'{\"format\":\"%d-%m-%Y\"}',4),(44,7,'created_at','timestamp','Created At',0,0,1,0,0,1,'{}',5),(45,7,'updated_at','timestamp','Updated At',0,0,0,0,0,0,'{}',6),(46,8,'id','text','Id',1,0,0,0,0,0,'{}',1),(47,8,'name','text','Name',1,1,1,1,1,1,'{}',2),(48,8,'created_at','timestamp','Created At',0,0,1,0,0,1,'{}',3),(49,8,'updated_at','timestamp','Updated At',0,0,0,0,0,0,'{}',4),(50,10,'id','text','Id',1,0,0,0,0,0,'{}',1),(51,10,'fullname','text','Fullname',1,1,1,1,1,1,'{}',4),(52,10,'title','text','Title',1,1,1,1,1,1,'{}',5),(53,10,'age','number','Age',1,1,1,1,1,1,'{}',6),(54,10,'birthdate','date','Birthdate',1,1,1,1,1,1,'{}',7),(55,10,'gender','select_dropdown','Gender',1,1,1,1,1,1,'{\"default\":\"1\",\"options\":{\"0\":\"Female\",\"1\":\"Male\"}}',8),(56,10,'height','number','Height',1,1,1,1,1,1,'{\"validation\":{\"rule\":\"required|numeric|min:100\"}}',9),(57,10,'weight','number','Weight',1,1,1,1,1,1,'{\"validation\":{\"rule\":\"required|numeric|min:40\"}}',10),(58,10,'waist_measurements','number','Waist Measurements',1,1,1,1,1,1,'{\"validation\":{\"rule\":\"required|numeric|min:20\"}}',11),(59,10,'hip_measurements','number','Hip Measurements',1,1,1,1,1,1,'{\"validation\":{\"rule\":\"required|numeric|min:20\"}}',12),(60,10,'blood_type','text','Blood Type',1,1,1,1,1,1,'{}',13),(61,10,'address','text_area','Address',1,0,1,1,1,1,'{}',14),(62,10,'mobile','text','Mobile',1,1,1,1,1,1,'{}',15),(63,10,'telephone','text','Telephone',1,1,1,1,1,1,'{}',16),(64,10,'email','text','Email',1,1,1,1,1,1,'{}',17),(65,10,'medical_history','text_area','Medical History',1,0,1,1,1,1,'{}',18),(66,10,'present_medication','text_area','Present Medication',1,0,1,1,1,1,'{}',19),(67,10,'exercise_frequency','select_dropdown','Exercise Frequency',1,1,1,1,1,1,'{\"default\":\"1\",\"options\":{\"0\":\"Sedentary or light activity\",\"1\":\"Active or moderately active\",\"2\":\"Vigorously active\"}}',20),(68,10,'alchohol','select_dropdown','Alchohol',1,1,1,1,1,1,'{\"default\":\"0\",\"options\":{\"0\":\"No\",\"1\":\"Yes\"}}',21),(69,10,'smoke','select_dropdown','Smoke',1,1,1,1,1,1,'{\"default\":\"0\",\"options\":{\"0\":\"No\",\"1\":\"Yes\"}}',22),(70,10,'pregnancy','select_dropdown','Pregnancy',1,1,1,1,1,1,'{\"default\":\"0\",\"options\":{\"0\":\"No\",\"1\":\"Yes\"}}',23),(71,10,'breastfeeding','select_dropdown','Breastfeeding',1,1,1,1,1,1,'{\"default\":\"0\",\"options\":{\"0\":\"No\",\"1\":\"Yes\"}}',24),(72,10,'vaccinations','select_dropdown','Vaccinations',1,1,1,1,1,1,'{\"default\":\"0\",\"options\":{\"0\":\"No\",\"1\":\"Yes\"}}',25),(73,10,'worktype','text','Worktype',1,1,1,1,1,1,'{}',26),(74,10,'weightchange','select_dropdown','Weightchange',1,1,1,1,1,1,'{\"default\":\"0\",\"options\":{\"0\":\"Need to Lose Weight\",\"1\":\"Need to Gain Weight\",\"2\":\"Maintain\"}}',27),(75,10,'created_at','timestamp','Created At',0,0,1,0,0,1,'{}',28),(76,10,'updated_at','timestamp','Updated At',0,0,0,0,0,0,'{}',29),(77,10,'plan_id','text','Plan Id',1,1,1,1,1,1,'{}',3),(78,10,'status','select_dropdown','Status',1,1,1,1,1,1,'{\"default\":\"0\",\"options\":{\"0\":\"Deactived\",\"1\":\"Activated\"}}',30),(79,10,'customer_belongsto_plan_relationship','relationship','Plan',0,1,1,1,1,1,'{\"model\":\"App\\\\Plan\",\"table\":\"plans\",\"type\":\"belongsTo\",\"column\":\"plan_id\",\"key\":\"id\",\"label\":\"name\",\"pivot_table\":\"customer_meals\",\"pivot\":\"0\",\"taggable\":\"0\"}',31),(80,11,'id','text','Id',1,0,0,0,0,0,'{}',1),(81,11,'name','text','Name',1,1,1,1,1,1,'{}',2),(82,11,'created_at','timestamp','Created At',0,0,1,1,0,1,'{}',3),(83,11,'updated_at','timestamp','Updated At',0,0,0,0,0,0,'{}',4),(89,13,'id','text','Id',1,0,0,0,0,0,'{}',1),(90,13,'name','text','Name',1,1,1,1,1,1,'{}',2),(91,13,'calories_percentage','number','Calories Percentage %',1,1,1,1,1,1,'{}',3),(92,13,'created_at','timestamp','Created At',0,0,1,0,0,1,'{}',4),(93,13,'updated_at','timestamp','Updated At',0,0,0,0,0,0,'{}',5),(94,6,'meal_belongsto_meal_type_relationship','relationship','Meal Type',0,1,1,1,1,1,'{\"model\":\"App\\\\MealType\",\"table\":\"meal_types\",\"type\":\"belongsTo\",\"column\":\"meal_type_id\",\"key\":\"id\",\"label\":\"name\",\"pivot_table\":\"customer_meals\",\"pivot\":\"0\",\"taggable\":\"0\"}',8),(95,6,'meal_type_id','select_dropdown','Meal Type Id',1,1,1,1,1,1,'{}',4),(96,7,'name','text','Name',1,1,1,1,1,1,'{}',2),(97,14,'id','text','Id',1,0,0,0,0,0,'{}',1),(98,14,'customer_id','text','Customer Id',1,1,1,1,1,1,'{}',2),(99,14,'week_meal_id','text','Week Meal Id',1,1,1,1,1,1,'{}',3),(100,14,'created_at','timestamp','Created At',0,0,1,0,0,1,'{}',4),(101,14,'updated_at','timestamp','Updated At',0,0,0,0,0,0,'{}',5),(102,6,'total_calories','number','Total Calories',1,1,1,0,0,1,'{}',9),(103,4,'ingredient_belongsto_ingredient_type_relationship','relationship','Ingredient Type',0,1,1,1,1,1,'{\"model\":\"App\\\\IngredientType\",\"table\":\"ingredient_types\",\"type\":\"belongsTo\",\"column\":\"ingredient_type_id\",\"key\":\"id\",\"label\":\"name\",\"pivot_table\":\"additional_ingredients\",\"pivot\":\"0\",\"taggable\":\"0\"}',10),(104,4,'ingredient_type_id','text','Ingredient Type Id',0,1,1,1,1,1,'{}',7),(105,15,'id','text','Id',1,0,0,0,0,0,'{}',1),(106,15,'name','text','Name',1,1,1,1,1,1,'{}',2),(107,15,'created_at','timestamp','Created At',0,0,1,0,0,1,'{}',3),(108,15,'updated_at','timestamp','Updated At',0,0,0,0,0,0,'{}',4),(109,15,'kitchen_id','select_dropdown','Kitchen',0,1,1,1,1,1,'{}',2),(110,15,'ingredient_type_belongsto_kitchen_relationship','relationship','kitchens',0,1,1,1,1,1,'{\"model\":\"App\\\\Kitchen\",\"table\":\"kitchens\",\"type\":\"belongsTo\",\"column\":\"kitchen_id\",\"key\":\"id\",\"label\":\"name\",\"pivot_table\":\"additional_ingredients\",\"pivot\":\"0\",\"taggable\":null}',5),(111,14,'total_calories','text','Total Calories',0,1,1,1,1,1,'{}',6),(112,14,'cooked','number','Cooked',1,1,1,1,1,1,'{}',10),(113,14,'total_fats','number','Total Fats',1,1,1,1,1,1,'{}',7),(114,14,'total_proteins','number','Total Proteins',1,1,1,1,1,1,'{}',9),(115,14,'total_carbs','number','Total Carbs',1,1,1,1,1,1,'{}',8),(116,6,'custom','select_dropdown','Custom',1,0,0,0,0,0,'{\"default\":\"0\",\"options\":{\"0\":\"Normal\",\"1\":\"Custom Recipes Meal\"}}',13),(117,6,'total_fats','number','Total Fats',1,1,1,0,0,1,'{}',10),(118,6,'total_proteins','number','Total Proteins',1,1,1,0,0,1,'{}',12),(119,6,'total_carbs','number','Total Carbs',1,1,1,0,0,1,'{}',11),(120,6,'meal_belongstomany_plan_relationship','relationship','Plans',0,1,1,1,1,1,'{\"model\":\"App\\\\Plan\",\"table\":\"plans\",\"type\":\"belongsToMany\",\"column\":\"id\",\"key\":\"id\",\"label\":\"name\",\"pivot_table\":\"plan_meals\",\"pivot\":\"1\",\"taggable\":\"0\"}',14),(121,6,'notes','text','Notes',0,1,1,1,1,1,'{}',12),(122,8,'plan_belongstomany_meal_relationship','relationship','Meals',0,1,1,1,1,1,'{\"model\":\"App\\\\Meal\",\"table\":\"meals\",\"type\":\"belongsToMany\",\"column\":\"id\",\"key\":\"id\",\"label\":\"name\",\"pivot_table\":\"plan_meals\",\"pivot\":\"1\",\"taggable\":\"0\"}',5),(123,10,'customer_id','number','Customer ID',0,1,1,1,1,1,'{\"validation\":{\"rule\":\"nullable|numeric|unique:customers,customer_id\"}}',2),(124,10,'consider_calories','select_dropdown','Consider Calories',1,1,1,0,1,1,'{\"default\":\"1\",\"options\":{\"0\":\"No\",\"1\":\"Yes\"}}',32),(125,10,'daily_calories','number','Daily Calories',0,1,1,0,1,1,'{}',33),(126,10,'excluded_days','select_dropdown','Excluded Days',0,1,1,1,1,1,'{\"default\":null,\"options\":{\"0\":\"Sunday\",\"1\":\"Monday\",\"2\":\"Tuesday\",\"3\":\"Wednesday\",\"4\":\"Thursday\",\"5\":\"Friday\",\"6\":\"Saturday\"}}',34),(127,13,'extra','text','Extra',1,0,0,0,0,0,'{}',6);
/*!40000 ALTER TABLE `data_rows` ENABLE KEYS */;
UNLOCK TABLES;

--
-- Table structure for table `data_types`
--

DROP TABLE IF EXISTS `data_types`;
/*!40101 SET @saved_cs_client     = @@character_set_client */;
/*!40101 SET character_set_client = utf8 */;
CREATE TABLE `data_types` (
  `id` int(10) unsigned NOT NULL AUTO_INCREMENT,
  `name` varchar(255) COLLATE utf8mb4_unicode_ci NOT NULL,
  `slug` varchar(255) COLLATE utf8mb4_unicode_ci NOT NULL,
  `display_name_singular` varchar(255) COLLATE utf8mb4_unicode_ci NOT NULL,
  `display_name_plural` varchar(255) COLLATE utf8mb4_unicode_ci NOT NULL,
  `icon` varchar(255) COLLATE utf8mb4_unicode_ci DEFAULT NULL,
  `model_name` varchar(255) COLLATE utf8mb4_unicode_ci DEFAULT NULL,
  `policy_name` varchar(255) COLLATE utf8mb4_unicode_ci DEFAULT NULL,
  `controller` varchar(255) COLLATE utf8mb4_unicode_ci DEFAULT NULL,
  `description` varchar(255) COLLATE utf8mb4_unicode_ci DEFAULT NULL,
  `generate_permissions` tinyint(1) NOT NULL DEFAULT 0,
  `server_side` tinyint(4) NOT NULL DEFAULT 0,
  `details` text COLLATE utf8mb4_unicode_ci DEFAULT NULL,
  `created_at` timestamp NULL DEFAULT NULL,
  `updated_at` timestamp NULL DEFAULT NULL,
  PRIMARY KEY (`id`),
  UNIQUE KEY `data_types_name_unique` (`name`),
  UNIQUE KEY `data_types_slug_unique` (`slug`)
) ENGINE=InnoDB AUTO_INCREMENT=16 DEFAULT CHARSET=utf8mb4 COLLATE=utf8mb4_unicode_ci;
/*!40101 SET character_set_client = @saved_cs_client */;

--
-- Dumping data for table `data_types`
--

LOCK TABLES `data_types` WRITE;
/*!40000 ALTER TABLE `data_types` DISABLE KEYS */;
INSERT INTO `data_types` VALUES (1,'users','users','User','Users','voyager-person','TCG\\Voyager\\Models\\User','TCG\\Voyager\\Policies\\UserPolicy','','',1,0,NULL,'2019-01-10 07:25:28','2019-01-10 07:25:28'),(2,'menus','menus','Menu','Menus','voyager-list','TCG\\Voyager\\Models\\Menu',NULL,'','',1,0,NULL,'2019-01-10 07:25:28','2019-01-10 07:25:28'),(3,'roles','roles','Role','Roles','voyager-lock','TCG\\Voyager\\Models\\Role',NULL,'','',1,0,NULL,'2019-01-10 07:25:28','2019-01-10 07:25:28'),(4,'ingredients','ingredients','Ingredient','Ingredients',NULL,'App\\Ingredient',NULL,NULL,NULL,1,0,'{\"order_column\":null,\"order_display_column\":null,\"order_direction\":\"asc\",\"default_search_key\":null}','2019-01-09 12:14:49','2019-02-13 06:43:21'),(5,'kitchens','kitchens','Kitchen','Kitchens',NULL,'App\\Kitchen',NULL,NULL,NULL,1,0,'{\"order_column\":null,\"order_display_column\":null,\"order_direction\":\"asc\",\"default_search_key\":null}','2019-01-09 12:16:46','2019-01-14 09:54:01'),(6,'meals','meals','Meal','Meals',NULL,'App\\Meal',NULL,NULL,NULL,1,0,'{\"order_column\":null,\"order_display_column\":null,\"order_direction\":\"asc\",\"default_search_key\":null}','2019-01-09 12:17:08','2019-08-19 09:11:18'),(7,'weeks','weeks','Week','Weeks',NULL,'App\\Week',NULL,NULL,NULL,1,0,'{\"order_column\":null,\"order_display_column\":null,\"order_direction\":\"asc\",\"default_search_key\":null}','2019-01-09 12:19:29','2019-01-16 09:25:50'),(8,'plans','plans','Plan','Plans',NULL,'App\\Plan',NULL,NULL,NULL,1,0,'{\"order_column\":null,\"order_display_column\":null,\"order_direction\":\"asc\",\"default_search_key\":null}','2019-01-09 12:19:41','2019-08-19 08:12:32'),(9,'meal_category','meal-category','Meal Category','Meal Categories',NULL,'App\\MealCategory',NULL,NULL,NULL,1,0,'{\"order_column\":null,\"order_display_column\":null,\"order_direction\":\"asc\",\"default_search_key\":null}','2019-01-09 12:19:57','2019-01-09 12:19:57'),(10,'customers','customers','Customer','Customers',NULL,'App\\Customer',NULL,NULL,NULL,1,1,'{\"order_column\":null,\"order_display_column\":null,\"order_direction\":\"asc\",\"default_search_key\":null}','2019-01-09 12:34:55','2019-09-03 10:42:51'),(11,'meal_categories','meal-categories','Meal Category','Meal Categories',NULL,'App\\MealCategory',NULL,NULL,NULL,1,0,'{\"order_column\":null,\"order_display_column\":null,\"order_direction\":\"asc\",\"default_search_key\":null}','2019-01-09 13:11:33','2019-01-09 13:11:33'),(13,'meal_types','meal-types','Meal Type','Meal Types','voyager-backpack','App\\MealType',NULL,NULL,NULL,1,0,'{\"order_column\":null,\"order_display_column\":null,\"order_direction\":\"asc\",\"default_search_key\":null}','2019-01-15 12:19:42','2019-08-19 08:14:40'),(14,'customer_meals','customer-meals','Customer Meal','Customer Meals',NULL,'App\\CustomerMeal',NULL,NULL,'Customers Meals List',1,0,'{\"order_column\":null,\"order_display_column\":null,\"order_direction\":\"asc\",\"default_search_key\":null}','2019-01-22 05:42:21','2019-03-14 07:08:29'),(15,'ingredient_types','ingredient-types','Ingredient Type','Ingredient Types',NULL,'App\\IngredientType',NULL,NULL,NULL,1,0,'{\"order_column\":null,\"order_display_column\":null,\"order_direction\":\"asc\",\"default_search_key\":null}','2019-02-13 06:39:58','2019-03-04 08:15:10');
/*!40000 ALTER TABLE `data_types` ENABLE KEYS */;
UNLOCK TABLES;

--
-- Table structure for table `ingredient_meal`
--

DROP TABLE IF EXISTS `ingredient_meal`;
/*!40101 SET @saved_cs_client     = @@character_set_client */;
/*!40101 SET character_set_client = utf8 */;
CREATE TABLE `ingredient_meal` (
  `ingredient_id` int(10) unsigned NOT NULL,
  `meal_id` int(10) unsigned NOT NULL,
  `amount` double NOT NULL,
  `removable` tinyint(4) NOT NULL DEFAULT 0,
  `editable` tinyint(4) NOT NULL DEFAULT 0,
  PRIMARY KEY (`ingredient_id`,`meal_id`),
  KEY `ingredient_meal_ingredient_id_index` (`ingredient_id`),
  KEY `ingredient_meal_meal_id_index` (`meal_id`),
  CONSTRAINT `ingredient_meal_ingredient_id_foreign` FOREIGN KEY (`ingredient_id`) REFERENCES `ingredients` (`id`) ON DELETE CASCADE,
  CONSTRAINT `ingredient_meal_meal_id_foreign` FOREIGN KEY (`meal_id`) REFERENCES `meals` (`id`) ON DELETE CASCADE
) ENGINE=InnoDB DEFAULT CHARSET=utf8mb4 COLLATE=utf8mb4_unicode_ci;
/*!40101 SET character_set_client = @saved_cs_client */;

--
-- Dumping data for table `ingredient_meal`
--

LOCK TABLES `ingredient_meal` WRITE;
/*!40000 ALTER TABLE `ingredient_meal` DISABLE KEYS */;
INSERT INTO `ingredient_meal` VALUES (1,497,150,0,0),(1,502,120,1,0),(1,507,150,0,0),(1,508,150,0,0),(1,513,150,0,0),(1,521,150,0,0),(1,522,150,0,0),(1,536,100,0,0),(1,541,130,0,0),(1,545,150,0,0),(1,546,150,0,0),(1,554,120,0,0),(1,558,150,0,0),(1,560,150,0,0),(1,566,150,0,0),(1,568,150,0,0),(1,576,110,0,0),(1,587,150,0,0),(1,588,150,0,0),(1,590,120,0,0),(1,593,150,0,0),(1,595,120,0,0),(1,596,150,0,0),(1,597,150,0,0),(1,599,150,0,0),(2,505,200,0,0),(2,514,17,0,0),(2,543,1,0,0),(2,571,200,0,0),(4,528,150,0,0),(4,529,150,0,0),(4,538,150,0,0),(4,539,150,0,0),(4,550,120,0,0),(4,562,120,0,0),(4,569,150,0,0),(4,577,110,0,0),(4,581,150,0,0),(5,500,100,0,0),(5,511,150,0,0),(5,551,150,0,0),(5,552,150,0,0),(6,512,150,0,0),(6,533,150,0,0),(6,582,150,0,0),(6,584,150,0,0),(6,585,150,0,0),(6,586,150,0,0),(7,531,120,0,0),(8,544,130,0,0),(8,561,120,0,0),(8,578,150,0,0),(10,583,100,0,0),(11,515,180,0,0),(11,516,180,0,0),(12,499,100,0,0),(12,538,100,0,0),(12,540,100,0,0),(12,545,100,0,0),(12,547,100,0,0),(12,551,100,0,0),(12,553,100,0,0),(12,566,100,1,0),(12,567,100,0,0),(12,587,100,0,0),(12,589,100,0,0),(12,592,100,0,0),(12,599,100,0,0),(13,498,100,0,0),(13,501,40,1,0),(13,509,50,0,0),(13,523,100,0,0),(14,511,70,0,0),(14,521,50,0,0),(14,533,50,0,0),(14,534,70,0,0),(14,541,50,0,1),(14,547,30,0,0),(14,553,30,0,0),(14,578,20,0,0),(14,579,50,0,0),(14,580,50,0,0),(14,589,100,0,0),(14,590,50,0,0),(14,598,70,0,0),(15,558,75,0,0),(15,559,50,0,0),(15,560,75,0,0),(15,582,50,0,0),(15,583,50,0,0),(15,586,50,0,0),(16,497,10,0,0),(16,498,10,0,0),(16,499,10,0,0),(16,500,10,0,0),(16,501,10,0,0),(16,502,5,0,0),(16,506,10,0,0),(16,507,10,0,0),(16,508,10,0,0),(16,509,10,0,0),(16,511,10,0,0),(16,512,15,0,0),(16,513,15,0,0),(16,521,13,0,0),(16,522,15,0,0),(16,523,15,0,0),(16,528,10,0,0),(16,529,10,0,0),(16,530,10,0,0),(16,531,10,0,0),(16,532,10,0,0),(16,533,15,0,0),(16,534,15,0,0),(16,535,5,0,0),(16,536,15,0,0),(16,537,10,0,0),(16,538,10,0,0),(16,539,15,0,0),(16,540,12,0,0),(16,541,15,0,0),(16,542,15,0,0),(16,544,15,0,0),(16,545,15,0,0),(16,546,20,0,0),(16,547,10,0,0),(16,548,10,0,0),(16,549,10,0,0),(16,550,10,0,0),(16,551,12,0,0),(16,552,15,0,0),(16,553,10,0,0),(16,554,15,0,0),(16,555,5,0,0),(16,556,10,0,0),(16,558,15,0,0),(16,559,15,0,0),(16,560,15,0,0),(16,561,20,0,0),(16,562,20,0,0),(16,566,15,0,0),(16,567,15,0,0),(16,568,10,0,0),(16,569,15,0,0),(16,570,20,0,0),(16,571,5,0,0),(16,575,10,0,0),(16,576,15,0,0),(16,577,10,0,0),(16,578,10,0,0),(16,579,10,0,0),(16,580,12,0,0),(16,581,15,0,0),(16,582,15,0,0),(16,583,15,0,0),(16,584,15,0,0),(16,585,15,0,0),(16,586,15,0,0),(16,587,15,0,0),(16,588,20,0,0),(16,589,10,0,0),(16,590,20,0,0),(16,592,10,0,0),(16,596,15,0,0),(16,597,13,0,0),(16,598,13,0,0),(16,599,15,0,0),(17,592,5,0,0),(18,499,25,0,0),(18,502,60,0,0),(18,507,100,0,0),(18,521,30,0,0),(18,531,15,0,0),(18,532,40,0,0),(18,533,20,0,0),(18,534,30,0,0),(18,561,40,0,0),(18,562,40,0,0),(18,567,20,0,0),(18,576,40,0,0),(18,597,30,0,0),(18,598,30,0,0),(19,502,40,0,0),(19,531,50,0,0),(19,532,60,0,0),(19,577,40,0,0),(20,556,50,0,0),(23,517,35,0,0),(24,497,50,0,0),(24,498,50,0,0),(24,501,50,0,0),(24,505,50,0,0),(24,508,50,0,0),(24,509,50,0,0),(24,513,70,0,0),(24,528,20,0,0),(24,529,20,0,0),(24,530,20,0,0),(24,535,50,0,0),(24,536,30,0,0),(24,537,50,0,0),(24,550,20,0,0),(24,554,30,0,0),(24,555,60,0,0),(24,566,50,0,0),(24,567,40,0,0),(24,581,30,0,0),(24,596,30,0,0),(24,599,30,0,0),(25,578,20,0,0),(25,579,20,0,0),(25,580,20,0,0),(26,522,10,0,0),(26,523,10,0,0),(26,576,20,0,0),(28,561,40,0,0),(28,562,40,0,0),(29,500,50,0,0),(29,508,20,0,0),(29,509,20,0,0),(29,511,30,0,0),(29,513,40,0,0),(29,535,30,0,0),(29,536,20,0,0),(29,537,20,0,0),(29,538,30,0,0),(29,539,30,0,0),(29,540,30,0,0),(29,542,30,0,0),(29,544,20,0,0),(29,556,50,0,0),(29,575,30,0,0),(29,578,100,0,0),(29,579,100,0,0),(29,580,100,0,0),(29,587,30,0,0),(29,588,30,0,0),(29,589,30,0,0),(29,596,20,0,0),(29,599,20,0,0),(30,499,25,0,0),(30,542,50,0,0),(30,549,50,0,0),(30,556,25,0,0),(30,567,20,0,0),(31,500,10,0,0),(31,506,10,0,0),(31,507,10,0,0),(31,508,10,0,0),(31,509,10,0,0),(31,510,10,0,0),(31,511,10,0,0),(31,512,0,0,0),(31,513,15,0,0),(31,528,10,0,0),(31,529,10,0,0),(31,530,10,0,0),(31,536,10,0,0),(31,537,15,0,0),(31,538,20,0,0),(31,539,20,0,0),(31,540,20,0,0),(31,542,30,0,0),(31,544,15,0,0),(31,551,30,0,0),(31,552,30,0,0),(31,553,30,0,0),(31,556,10,0,0),(31,558,30,0,0),(31,559,30,0,0),(31,561,10,0,0),(31,562,10,0,0),(31,566,20,0,0),(31,567,20,0,0),(31,569,35,0,0),(31,570,35,0,0),(31,571,15,0,0),(31,576,10,0,0),(31,577,10,0,0),(31,578,20,0,0),(31,581,30,0,0),(31,587,30,0,0),(31,588,20,0,0),(31,589,20,0,0),(31,590,15,0,0),(31,596,5,0,0),(31,599,10,0,0),(32,499,25,0,0),(32,501,40,1,0),(32,536,25,0,0),(32,537,100,0,0),(32,553,30,0,0),(32,567,20,0,0),(32,579,30,0,0),(32,580,40,0,0),(33,502,20,1,0),(33,512,10,0,0),(33,522,10,0,0),(33,523,10,0,0),(33,529,10,0,0),(33,530,20,0,0),(33,531,15,0,0),(33,532,20,0,0),(33,541,10,0,1),(33,542,20,0,0),(33,545,20,0,0),(33,546,20,0,0),(33,549,30,0,0),(33,566,10,0,0),(33,567,10,0,0),(33,578,15,0,0),(33,579,15,0,0),(33,580,20,0,0),(34,512,10,0,0),(34,522,10,0,0),(34,523,10,0,0),(34,528,30,0,0),(34,529,10,0,0),(34,530,20,0,0),(34,531,15,0,0),(34,532,20,0,0),(34,541,10,0,1),(34,542,20,0,0),(34,545,20,0,0),(34,546,20,0,0),(34,549,30,0,0),(34,566,10,0,0),(34,567,10,0,0),(34,578,15,0,0),(34,579,15,0,0),(34,580,20,0,0),(35,512,10,0,0),(35,522,10,0,0),(35,523,10,0,0),(35,529,10,0,0),(35,530,20,0,0),(35,531,15,0,0),(35,532,20,0,0),(35,541,10,0,1),(35,542,20,0,0),(35,545,20,0,0),(35,546,20,0,0),(35,549,30,0,0),(35,566,10,0,0),(35,567,10,0,0),(35,578,15,0,0),(35,579,15,0,0),(35,580,20,0,0),(36,533,50,0,0),(36,534,100,0,0),(36,590,20,0,0),(37,497,40,0,0),(37,498,40,0,0),(37,499,40,0,0),(37,501,40,1,0),(37,510,10,0,0),(37,522,30,0,0),(37,523,30,0,0),(37,528,30,0,0),(37,529,30,0,0),(37,530,50,0,0),(37,535,40,0,0),(37,536,25,0,0),(37,537,100,0,0),(37,544,50,0,0),(37,550,50,0,0),(37,551,50,0,0),(37,552,50,0,0),(37,553,50,0,0),(37,554,50,0,0),(37,555,50,0,0),(37,581,50,0,0),(37,587,2,0,0),(37,599,30,0,0),(38,542,20,0,0),(38,556,5,0,0),(38,592,5,0,0),(40,535,50,0,0),(40,548,10,0,0),(40,549,10,0,0),(40,551,50,0,0),(40,552,50,0,0),(40,553,50,0,0),(40,575,20,0,0),(41,497,50,0,0),(41,499,40,0,0),(41,501,30,0,0),(41,508,50,0,0),(41,509,50,0,0),(41,522,50,0,0),(41,523,50,0,0),(41,528,50,0,0),(41,529,50,0,0),(41,530,50,0,0),(41,535,50,0,0),(41,536,40,0,0),(41,537,50,0,0),(41,544,50,0,0),(41,548,50,0,0),(41,550,50,0,0),(41,554,50,0,0),(41,555,50,0,0),(41,566,50,0,0),(41,567,50,0,0),(41,575,40,0,0),(41,576,50,0,0),(41,581,50,0,0),(41,593,50,0,0),(41,594,50,0,0),(41,596,50,0,0),(41,599,50,0,0),(42,508,50,1,0),(42,509,50,0,0),(42,549,40,0,0),(42,553,25,0,0),(42,555,50,0,0),(42,567,30,0,0),(42,599,30,0,0),(44,547,60,0,0),(44,559,75,0,0),(44,570,100,0,0),(45,499,5,0,0),(45,500,5,0,0),(45,507,10,0,0),(45,511,5,0,0),(45,512,10,0,0),(45,513,10,0,0),(45,522,15,0,0),(45,523,20,0,0),(45,528,10,0,0),(45,529,15,0,0),(45,530,10,0,0),(45,533,10,0,0),(45,534,15,0,0),(45,535,10,0,0),(45,536,5,0,0),(45,537,5,0,0),(45,538,10,0,0),(45,539,10,0,0),(45,540,10,0,0),(45,541,10,0,0),(45,542,10,0,0),(45,544,10,0,0),(45,550,5,0,0),(45,551,10,0,0),(45,552,10,0,0),(45,553,10,0,0),(45,556,5,0,0),(45,558,10,0,0),(45,559,15,0,0),(45,560,20,0,0),(45,561,15,0,0),(45,562,20,0,0),(45,566,10,0,0),(45,567,10,0,0),(45,568,10,0,0),(45,569,15,0,0),(45,570,15,0,0),(45,575,5,0,0),(45,576,5,0,0),(45,577,5,0,0),(45,578,10,0,0),(45,579,10,0,0),(45,580,10,0,0),(45,581,5,0,0),(45,582,7,0,0),(45,583,5,0,0),(45,584,7,0,0),(45,585,5,0,0),(45,587,5,0,0),(45,588,5,0,0),(45,589,5,0,0),(45,590,10,0,0),(45,592,5,0,0),(45,593,3,0,0),(45,595,3,0,0),(45,596,3,0,0),(46,499,5,0,0),(46,507,10,0,0),(46,550,5,0,0),(46,587,5,0,0),(46,588,5,0,0),(46,589,5,0,0),(46,593,3,0,0),(47,506,2,0,0),(47,542,5,0,0),(47,547,5,0,0),(47,571,2,0,0),(47,588,2,0,0),(47,589,2,0,0),(48,501,80,0,0),(48,509,50,0,0),(48,593,50,0,0),(48,594,100,0,0),(49,506,60,0,0),(49,553,30,0,0),(49,566,20,1,0),(49,567,20,0,0),(49,571,40,0,0),(50,582,50,0,0),(50,583,50,0,0),(50,585,50,0,0),(50,592,20,0,0),(51,499,5,0,0),(51,506,10,0,0),(51,512,5,0,0),(51,513,10,0,0),(51,521,5,0,0),(51,536,3,0,0),(51,537,3,0,0),(51,542,20,0,0),(51,551,10,0,0),(51,552,10,0,0),(51,553,10,0,0),(51,554,5,0,0),(51,555,5,0,0),(51,560,10,0,0),(51,561,20,0,0),(51,562,20,0,0),(51,571,5,0,0),(51,575,5,0,0),(51,578,15,0,0),(51,579,15,0,0),(51,580,20,0,0),(51,598,5,0,0),(51,599,2,0,0),(52,499,25,0,0),(52,521,30,0,0),(52,531,15,0,0),(52,532,30,0,0),(52,533,15,0,0),(52,534,30,0,0),(52,561,20,0,0),(52,592,20,0,0),(52,597,30,0,0),(52,598,30,0,0),(53,499,5,0,0),(53,522,10,0,0),(53,523,10,0,0),(53,538,10,0,0),(53,539,15,0,0),(53,540,10,0,0),(53,542,10,0,0),(53,547,10,0,0),(53,551,10,0,0),(53,552,10,0,0),(53,553,10,0,0),(53,560,10,0,0),(53,561,10,0,0),(53,562,10,0,0),(53,566,20,0,0),(53,567,20,0,0),(53,578,3,0,0),(53,579,3,0,0),(53,584,10,0,0),(53,586,10,0,0),(53,587,10,0,0),(53,588,10,0,0),(53,589,10,0,0),(53,593,5,0,0),(53,597,5,0,0),(53,598,5,0,0),(56,513,5,0,0),(56,551,10,0,0),(56,552,10,0,0),(56,553,10,0,0),(56,554,5,0,0),(56,555,5,0,0),(57,517,30,0,0),(60,515,30,0,0),(60,516,30,0,0),(60,557,20,0,0),(61,520,20,0,0),(61,535,20,0,0),(62,519,100,0,0),(62,557,35,0,0),(63,497,10,0,0),(63,498,10,0,0),(63,499,10,0,0),(63,501,10,0,0),(63,505,10,0,0),(63,508,10,0,0),(63,509,10,0,0),(63,578,10,0,0),(63,579,10,0,0),(63,580,10,0,0),(63,581,10,0,0),(64,557,30,0,0),(65,520,50,0,0),(65,557,25,0,0),(66,520,50,0,0),(66,557,35,0,0),(67,520,50,0,0),(68,499,3,0,0),(68,520,10,0,0),(68,548,20,0,0),(68,549,30,0,0),(68,551,20,0,0),(68,552,20,0,0),(69,518,180,0,0),(71,520,50,0,0),(71,522,0,0,0),(71,557,20,0,0),(73,520,50,0,0),(73,557,25,0,0),(74,497,3,0,0),(74,498,3,0,0),(74,499,5,0,0),(74,500,2,0,0),(74,501,2,0,0),(74,507,2,0,0),(74,508,2,0,0),(74,511,2,0,0),(74,512,2,0,0),(74,513,2,0,0),(74,514,0.1,0,0),(74,521,2,0,0),(74,522,5,0,0),(74,523,5,0,0),(74,528,5,0,0),(74,529,5,0,0),(74,531,2,0,0),(74,532,2,0,0),(74,533,5,0,0),(74,534,5,0,0),(74,535,2,0,0),(74,536,2,0,0),(74,542,2,0,0),(74,551,2,0,0),(74,552,2,0,0),(74,553,2,0,0),(74,554,2,0,0),(74,555,2,0,0),(74,556,2,0,0),(74,558,0,0,0),(74,560,0,0,0),(74,561,0,0,0),(74,562,0,0,0),(74,566,3,0,0),(74,567,2,0,0),(74,568,2,0,0),(74,569,4,0,0),(74,570,3,0,0),(74,571,2,0,0),(74,578,3,0,0),(74,579,3,0,0),(74,580,3,0,0),(74,582,5,0,0),(74,583,3,0,0),(74,584,3,0,0),(74,585,4,0,0),(74,586,3,0,0),(74,590,4,0,0),(74,592,2,0,0),(74,593,3,0,0),(74,594,2,0,0),(74,595,2,0,0),(74,596,2,0,0),(74,597,2,0,0),(74,598,2,0,0),(74,599,2,0,0),(75,497,2,0,0),(75,498,2,0,0),(75,499,5,0,0),(75,500,2,0,0),(75,501,2,0,0),(75,507,2,0,0),(75,508,2,0,0),(75,511,2,0,0),(75,512,2,0,0),(75,513,2,0,0),(75,521,2,0,0),(75,522,5,0,0),(75,523,5,0,0),(75,528,5,0,0),(75,529,5,0,0),(75,531,2,0,0),(75,532,2,0,0),(75,533,5,0,0),(75,534,5,0,0),(75,535,2,0,0),(75,536,2,0,0),(75,542,1,0,0),(75,551,2,0,0),(75,552,2,0,0),(75,553,2,0,0),(75,554,2,0,0),(75,555,2,0,0),(75,556,2,0,0),(75,558,0,0,0),(75,560,4,0,0),(75,561,4,0,0),(75,562,4,0,0),(75,568,2,0,0),(75,569,4,0,0),(75,570,3,0,0),(75,571,2,0,0),(75,582,5,0,0),(75,583,3,0,0),(75,584,3,0,0),(75,585,4,0,0),(75,586,3,0,0),(75,590,4,0,0),(75,592,2,0,0),(75,593,3,0,0),(75,594,2,0,0),(75,595,2,0,0),(75,596,2,0,0),(75,597,2,0,0),(75,598,2,0,0),(75,599,3,0,0),(76,508,10,0,0),(76,509,10,0,0),(76,513,20,0,0),(76,522,20,0,0),(76,523,20,0,0),(76,528,10,0,0),(76,529,10,0,0),(76,530,10,0,0),(76,533,20,0,0),(76,534,15,0,0),(76,536,10,0,0),(76,537,10,0,0),(76,544,10,0,0),(76,545,10,0,0),(76,546,10,0,0),(76,548,10,0,0),(76,551,10,0,0),(76,552,10,0,0),(76,553,10,0,0),(76,554,10,0,0),(76,555,10,0,0),(76,560,10,0,0),(76,561,20,0,0),(76,562,20,0,0),(76,566,10,0,0),(76,567,10,0,0),(76,569,10,0,0),(76,575,5,0,0),(76,582,20,0,0),(76,583,10,0,0),(76,584,20,0,0),(76,585,10,0,0),(76,586,20,0,0),(76,596,5,0,0),(76,599,10,0,0),(77,499,10,0,0),(77,522,20,0,0),(77,523,20,0,0),(77,550,20,0,0),(77,575,10,0,0),(77,581,20,0,0),(77,593,5,0,0),(77,594,10,0,0),(79,502,5,1,0),(79,531,5,0,0),(79,593,3,0,0),(79,594,5,0,0),(80,517,30,0,0),(81,528,10,0,0),(81,529,10,0,0),(81,530,10,0,0),(82,536,10,0,0),(82,537,10,0,0),(82,548,10,0,0),(82,596,10,0,0),(83,514,10,0,0),(86,535,100,0,0),(87,508,15,0,0),(87,509,15,0,0),(88,507,8,0,0),(88,522,10,0,0),(88,523,10,0,0),(88,548,10,0,0),(88,549,10,0,0),(88,550,10,0,0),(88,581,3,0,0),(90,517,5,0,0),(91,538,3,0,0),(91,587,2,0,0),(92,500,1,0,0),(92,536,2,0,0),(92,537,3,0,0),(92,555,5,0,0),(92,556,2,0,0),(92,581,2,0,0),(92,592,1,0,0),(94,507,15,0,0),(95,522,10,0,0),(95,523,10,0,0),(95,535,15,0,0),(95,541,20,0,0),(95,558,10,0,0),(95,559,10,0,0),(95,568,10,0,0),(95,569,10,0,0),(95,570,10,0,0),(95,590,10,0,0),(95,596,20,0,0),(96,510,10,0,0),(96,536,5,0,0),(96,537,5,0,0),(96,548,10,0,0),(96,549,10,0,0),(96,550,10,0,0),(96,568,5,0,0),(96,576,5,0,0),(96,593,10,0,0),(96,594,10,0,0),(99,535,10,0,0),(99,554,10,0,0),(99,555,10,0,0),(101,592,5,0,0),(104,514,5,0,0),(105,584,10,0,0),(105,586,10,0,0),(108,577,10,0,0),(110,542,50,0,0),(110,547,30,0,0),(110,556,25,0,0),(110,579,30,0,0),(110,580,40,0,0),(113,544,10,0,0),(115,557,20,0,0),(116,499,2,0,0),(116,512,15,0,0),(116,521,3,0,0),(116,538,5,0,0),(116,539,5,0,0),(116,540,10,0,0),(116,544,10,0,0),(116,545,10,0,0),(116,546,10,0,0),(116,547,10,0,0),(116,551,10,0,0),(116,552,10,0,0),(116,553,10,0,0),(116,566,2,0,0),(116,567,2,0,0),(116,575,2,0,0),(116,578,5,0,0),(116,579,5,0,0),(116,580,5,0,0),(116,587,2,0,0),(116,588,2,0,0),(116,589,2,0,0),(116,597,3,0,0),(117,512,5,0,0),(117,513,5,0,0),(117,533,3,0,0),(117,534,3,0,0),(117,545,5,0,0),(117,546,10,0,0),(117,554,5,0,0),(117,555,5,0,0),(117,558,10,0,0),(117,560,10,0,0),(117,569,10,0,0),(117,570,10,0,0),(117,590,2,0,0),(117,597,5,0,0),(120,516,10,0,0),(122,514,12,0,0),(123,499,25,0,0),(123,500,100,0,0),(123,511,100,0,0),(123,512,70,0,0),(123,534,150,0,0),(123,539,100,0,0),(123,542,100,0,0),(123,546,100,0,0),(123,552,100,0,0),(123,569,50,0,0),(123,570,50,0,0),(123,579,40,0,0),(123,580,100,0,0),(123,588,100,0,0),(123,597,50,0,0),(124,499,5,0,0),(124,544,5,0,0),(124,593,5,0,0),(124,594,5,0,0),(125,514,10,0,0),(125,543,170,0,0),(131,590,10,0,0),(135,497,20,0,0),(135,498,20,0,0),(135,499,30,0,0),(135,501,20,1,0),(135,512,15,0,0),(135,522,20,0,0),(135,523,20,0,0),(135,541,20,0,0),(135,545,20,0,0),(135,546,20,0,0),(135,548,30,0,0),(135,549,30,0,0),(135,550,30,0,0),(135,593,20,0,0),(135,594,30,0,0),(136,551,10,0,0),(136,552,5,0,0),(136,575,2,0,0),(137,499,25,0,0),(137,502,80,0,0),(137,512,20,0,0),(137,521,50,0,0),(137,528,50,0,0),(137,529,50,0,0),(137,530,100,0,0),(137,532,50,0,0),(137,541,30,0,1),(137,545,40,0,0),(137,546,40,0,0),(137,549,50,0,0),(137,556,25,0,0),(137,558,10,0,0),(137,559,10,0,0),(137,560,20,0,0),(137,567,20,0,0),(137,569,20,0,0),(137,570,20,0,0),(137,577,15,0,0),(137,590,10,0,0),(137,597,50,0,0),(137,598,100,0,0),(140,506,20,0,0),(140,517,90,0,0),(140,571,30,0,0),(140,577,25,0,0),(141,507,15,0,0),(142,506,40,0,0),(142,571,40,0,0),(143,506,10,0,0),(143,536,2,0,0),(143,537,3,0,0),(143,539,5,0,0),(143,540,5,0,0),(143,556,10,0,0),(143,571,5,0,0),(144,506,2,0,0),(144,521,1,0,0),(144,528,5,0,0),(144,529,5,0,0),(144,530,5,0,0),(144,571,2,0,0),(144,575,2,0,0),(145,512,1,0,0),(145,551,2,0,0),(145,552,2,0,0),(145,553,2,0,0),(145,578,2,0,0),(145,579,2,0,0),(145,580,2,0,0),(145,584,0,0,0),(146,512,15,0,0),(146,533,15,0,0),(146,534,30,0,0),(146,541,20,0,0),(146,545,30,0,0),(146,546,30,0,0),(146,547,30,0,0),(146,549,50,0,0),(146,556,25,0,0),(146,561,20,0,0),(146,579,50,0,0),(146,580,50,0,0),(147,512,5,0,0),(147,521,3,0,0),(147,533,3,0,0),(147,534,3,0,0),(147,545,5,0,0),(147,546,5,0,0),(147,554,5,0,0),(147,555,5,0,0),(147,577,5,0,0),(147,583,3,0,0),(147,584,5,0,0),(147,585,3,0,0),(147,586,3,0,0),(147,590,2,0,0),(147,592,5,0,0),(147,597,5,0,0),(147,598,3,0,0),(149,514,6,0,0),(149,543,288,0,0),(150,515,100,0,0),(153,531,15,0,0),(154,532,30,0,0),(154,544,20,0,0),(154,567,10,0,0),(156,522,20,0,0),(156,523,10,0,0),(156,528,10,0,0),(156,529,10,0,0),(156,530,10,0,0),(157,522,10,0,0),(157,523,10,0,0),(158,521,60,0,0),(158,547,20,0,0),(158,592,100,0,0),(158,597,60,0,0),(158,598,60,0,0),(159,528,10,0,0),(159,529,10,0,0),(159,530,10,0,0),(159,550,10,0,0),(159,559,5,0,0),(159,576,15,0,0),(159,581,10,0,0),(159,590,10,0,0),(159,593,10,0,0),(161,528,60,0,0),(161,530,60,0,0),(162,533,15,0,0),(162,534,15,0,0),(163,521,15,0,0),(163,533,4,0,0),(163,534,5,0,0),(163,597,15,0,0),(165,538,70,0,0),(165,539,70,0,0),(165,540,100,0,0),(166,544,15,0,0),(167,545,20,0,0),(167,546,20,0,0),(167,578,3,0,0),(167,579,3,0,0),(167,580,3,0,0),(168,548,60,0,0),(169,558,75,0,0),(169,559,50,0,0),(169,560,75,0,0),(169,569,50,0,0),(169,570,50,0,0),(169,590,50,0,0),(170,559,75,0,0),(170,566,20,1,0),(170,567,20,0,0),(171,562,50,0,0),(172,569,5,0,0),(172,570,5,0,0),(173,575,120,0,0),(174,575,10,0,0),(175,578,65,0,0),(175,579,65,0,0),(176,581,5,0,0),(177,581,10,0,0),(178,593,10,0,0),(178,594,8,0,0),(179,593,2,0,0),(179,594,2,0,0);
/*!40000 ALTER TABLE `ingredient_meal` ENABLE KEYS */;
UNLOCK TABLES;

--
-- Table structure for table `ingredient_types`
--

DROP TABLE IF EXISTS `ingredient_types`;
/*!40101 SET @saved_cs_client     = @@character_set_client */;
/*!40101 SET character_set_client = utf8 */;
CREATE TABLE `ingredient_types` (
  `id` int(10) unsigned NOT NULL AUTO_INCREMENT,
  `name` varchar(255) COLLATE utf8mb4_unicode_ci NOT NULL,
  `created_at` timestamp NULL DEFAULT NULL,
  `updated_at` timestamp NULL DEFAULT NULL,
  `kitchen_id` int(10) unsigned DEFAULT NULL,
  PRIMARY KEY (`id`),
  KEY `ingredient_types_kitchen_id_foreign` (`kitchen_id`),
  CONSTRAINT `ingredient_types_kitchen_id_foreign` FOREIGN KEY (`kitchen_id`) REFERENCES `kitchens` (`id`) ON DELETE CASCADE
) ENGINE=InnoDB AUTO_INCREMENT=27 DEFAULT CHARSET=utf8mb4 COLLATE=utf8mb4_unicode_ci;
/*!40101 SET character_set_client = @saved_cs_client */;

--
-- Dumping data for table `ingredient_types`
--

LOCK TABLES `ingredient_types` WRITE;
/*!40000 ALTER TABLE `ingredient_types` DISABLE KEYS */;
INSERT INTO `ingredient_types` VALUES (1,'Protein','2019-03-26 17:34:55','2019-03-26 17:34:55',NULL),(2,'Carbohydrate','2019-03-26 17:35:09','2019-03-26 17:35:09',NULL),(3,'Fat','2019-03-26 17:35:16','2019-03-26 17:35:16',NULL),(4,'Dairy','2019-03-26 17:35:45','2019-03-26 17:35:45',NULL),(5,'Vegetable','2019-03-26 17:35:54','2019-03-26 17:35:54',NULL),(6,'Fruit','2019-03-26 17:36:06','2019-03-26 17:36:06',NULL),(7,'NonDairy','2019-03-26 17:36:48','2019-03-26 17:36:48',NULL),(8,'Juices','2019-03-26 17:36:56','2019-03-26 17:36:56',NULL),(9,'Nut Milks','2019-03-26 17:37:16','2019-03-26 17:37:16',NULL),(10,'Smoothies','2019-03-26 17:37:25','2019-03-26 17:37:25',NULL),(11,'Herbs, Spices & Condiments','2019-03-27 15:32:30','2019-04-01 16:20:13',5),(13,'Nuts & Seeds','2019-03-30 09:19:11','2019-04-01 16:53:41',1),(14,'Red Meat','2019-04-21 11:47:03','2019-04-21 11:47:03',2),(15,'Fish','2019-04-21 11:47:48','2019-04-21 11:47:48',2),(16,'Poultry','2019-04-21 11:48:13','2019-04-21 11:48:13',2),(17,'Seafood','2019-04-21 11:48:24','2019-04-21 11:48:24',2),(18,'Feta','2019-04-21 11:50:16','2019-04-21 11:50:16',1),(19,'Cheese','2019-04-21 11:50:25','2019-04-21 11:50:25',1),(20,'Tofu','2019-04-21 11:50:40','2019-04-21 11:50:40',1),(21,'Red Meat','2019-04-21 11:50:50','2019-04-21 11:50:50',2),(22,'Egg','2019-04-21 12:29:26','2019-04-21 12:29:26',2),(24,'Gluten','2019-04-21 12:34:43','2019-04-21 12:34:43',4);
/*!40000 ALTER TABLE `ingredient_types` ENABLE KEYS */;
UNLOCK TABLES;

--
-- Table structure for table `ingredients`
--

DROP TABLE IF EXISTS `ingredients`;
/*!40101 SET @saved_cs_client     = @@character_set_client */;
/*!40101 SET character_set_client = utf8 */;
CREATE TABLE `ingredients` (
  `id` int(10) unsigned NOT NULL AUTO_INCREMENT,
  `name` varchar(255) COLLATE utf8mb4_unicode_ci NOT NULL,
  `protein` double NOT NULL,
  `fat` double NOT NULL,
  `carbohydrates` double NOT NULL,
  `calories` int(11) NOT NULL,
  `created_at` timestamp NULL DEFAULT NULL,
  `updated_at` timestamp NULL DEFAULT NULL,
  `ingredient_type_id` int(10) unsigned DEFAULT NULL,
  PRIMARY KEY (`id`),
  KEY `ingredients_ingredient_type_id_foreign` (`ingredient_type_id`),
  CONSTRAINT `ingredients_ingredient_type_id_foreign` FOREIGN KEY (`ingredient_type_id`) REFERENCES `ingredient_types` (`id`) ON DELETE CASCADE
) ENGINE=InnoDB AUTO_INCREMENT=180 DEFAULT CHARSET=utf8mb4 COLLATE=utf8mb4_unicode_ci;
/*!40101 SET character_set_client = @saved_cs_client */;

--
-- Dumping data for table `ingredients`
--

LOCK TABLES `ingredients` WRITE;
/*!40000 ALTER TABLE `ingredients` DISABLE KEYS */;
INSERT INTO `ingredients` VALUES (1,'Chicken Breast',21,0,0,102,'2019-03-26 17:38:34','2019-03-26 17:38:34',1),(2,'Egg',6.3,4.8,0,72,'2019-03-26 17:40:35','2019-03-26 17:40:35',NULL),(3,'Egg White',3.6,0.1,0.2,17,'2019-03-26 17:47:16','2019-03-26 17:47:16',1),(4,'Beef Tenderloin',26,4,0,141,'2019-03-26 17:47:51','2019-04-21 13:40:02',14),(5,'Minced Beef',21,5,0,130,'2019-03-26 17:48:25','2019-04-21 13:39:38',21),(6,'Salmon',26,6,0,170,'2019-03-26 17:49:18','2019-04-21 13:40:40',15),(7,'Shrimp',20.31,1.73,0.91,106,'2019-03-26 17:50:02','2019-03-26 17:50:02',1),(8,'Hamour',25.6,1.2,5.3,118,'2019-03-26 17:50:39','2019-04-21 13:40:23',15),(9,'Talapia',26,3,0,129,'2019-03-26 17:51:24','2019-03-26 17:51:24',1),(10,'Tofu',12.7,3.8,1.3,89,'2019-03-26 17:52:02','2019-03-26 17:52:02',1),(11,'Yoghurt Plain',4.7,1.2,7.1,58,'2019-03-26 17:52:59','2019-03-26 17:52:59',1),(12,'Brown Rice',3.6,1.3,24.3,118,'2019-03-26 17:53:31','2019-03-26 17:53:31',2),(13,'Quinoa (Cooked)',4.4,1.9,21.3,120,'2019-03-26 17:54:24','2019-03-26 17:56:14',2),(14,'Potato (Raw)',2,0,17,72,'2019-03-26 17:55:11','2019-03-26 17:55:11',2),(15,'Sweet Potato (Raw)',1.6,0,20,86,'2019-03-26 17:55:59','2019-03-26 17:55:59',2),(16,'Olive Oil',0,94.7,0,812,'2019-03-26 17:57:02','2019-03-26 17:57:02',3),(17,'Leek',0.5,0.3,14,61,'2019-03-26 17:57:32','2019-03-26 17:57:32',5),(18,'Broccoli',3.7,0.3,2.1,31,'2019-03-26 17:58:10','2019-03-26 17:58:10',5),(19,'Buckwheat Gluten Free Noodle (Uncooked)',13,3,72,365,'2019-03-27 15:05:15','2019-03-27 15:05:15',2),(20,'Biona Wholegrain Pasta (Uncooked)',12.3,2.2,65.5,350,'2019-03-27 15:06:05','2019-03-27 15:06:05',2),(21,'Barley (Cooked)',2.3,0.4,28.2,123,'2019-03-27 15:07:08','2019-04-21 14:19:28',24),(22,'Gluten Free Penne (Uncooked)',6.7,1.3,79,359,'2019-03-27 15:07:59','2019-03-27 15:07:59',2),(23,'Bobs Red Mill Gluten Free Oats (Uncooked)',14.6,7.3,66.7,396,'2019-03-27 15:08:51','2019-03-27 15:08:51',2),(24,'Avocado',2,15,3.5,175,'2019-03-27 15:09:29','2019-03-27 15:09:29',3),(25,'Green Olives',2,17,3.5,175,'2019-03-27 15:10:21','2019-03-27 15:10:21',3),(26,'Black Olives',0,16.5,6.6,165,'2019-03-27 15:10:54','2019-03-27 15:10:54',3),(27,'Coconut Oil',0,92.4,0,858,'2019-03-27 15:11:34','2019-03-27 15:11:34',3),(28,'Green Beans',0.8,0,3.3,17,'2019-03-27 15:12:30','2019-03-27 15:12:30',5),(29,'Tomatoes',0.9,0.2,3.9,18,'2019-03-27 15:13:16','2019-03-27 15:13:16',5),(30,'Zucchini',1.2,0.3,3.1,17,'2019-03-27 15:14:25','2019-03-27 15:14:25',5),(31,'Onion',1.1,0.1,9,40,'2019-03-27 15:16:11','2019-03-27 15:16:11',5),(32,'Carrot',0.9,0.2,10,41,'2019-03-27 15:16:59','2019-03-27 15:16:59',5),(33,'Red Capsicum',2,0.2,9,40,'2019-03-27 15:17:40','2019-03-27 15:17:40',5),(34,'Green Capsicum',0.8,0.2,4.6,20,'2019-03-27 15:18:09','2019-03-27 15:18:09',5),(35,'Yellow Capsicum',1,0.2,6,27,'2019-03-27 15:18:43','2019-03-27 15:18:43',5),(36,'Spinach',3,0,3.7,23,'2019-03-27 15:20:58','2019-03-27 15:20:58',5),(37,'Cucumber',0.7,0,4,16,'2019-03-27 15:21:32','2019-03-27 15:21:32',5),(38,'Celery',0.7,0.2,3,16,'2019-03-27 15:24:25','2019-03-27 15:24:25',5),(39,'Iceberg Lettuce',0.5,0.1,1.5,7,'2019-03-27 15:25:09','2019-03-27 15:25:09',5),(40,'Rocket Leaves (Jarjeer, Rucola)',3.6,0.5,1.5,29,'2019-03-27 15:26:06','2019-03-27 15:26:06',5),(41,'Mixed Lettuce Leaves',0.7,0.7,3,16,'2019-03-27 15:26:37','2019-03-27 15:26:37',5),(42,'Chickpeas',7,2.8,22.5,139,'2019-03-27 15:27:25','2019-03-27 15:27:25',5),(43,'Red Lentils',9,0.4,20.1,116,'2019-03-27 15:29:16','2019-03-27 15:29:16',5),(44,'Green Lentils',5,0.4,10.2,65,'2019-03-27 15:29:45','2019-03-27 15:29:45',5),(45,'Garlic',0,0,25,100,'2019-03-27 15:30:16','2019-03-27 15:33:33',11),(46,'Ginger',1.8,0.8,17.8,80,'2019-03-27 15:31:05','2019-03-27 15:33:19',11),(47,'Turmeric',7.9,9.9,64.9,354,'2019-03-27 15:31:58','2019-03-27 15:32:56',11),(48,'Edemame',12.7,4.2,11.3,127,'2019-03-27 15:36:15','2019-03-27 15:36:15',5),(49,'Corn',3.3,0.5,21,88,'2019-03-27 15:37:01','2019-03-27 15:37:01',5),(50,'Green Peas',8.3,0.4,12.8,105,'2019-03-27 15:37:44','2019-03-27 15:37:44',5),(51,'Parsley',3,0.8,6.3,38,'2019-03-27 15:38:23','2019-03-27 15:38:23',5),(52,'Asparagus',2.2,0.1,3.9,20,'2019-03-27 15:39:01','2019-03-27 15:39:01',5),(53,'Coriander',2.1,0.5,3.7,23,'2019-03-27 15:39:48','2019-03-27 15:39:48',11),(54,'Palm Heart',6.1,5.2,16,28,'2019-03-27 15:40:21','2019-03-27 15:40:21',5),(55,'Capers (In Brine)',0.8,0.7,2,27,'2019-03-27 15:41:05','2019-03-27 15:41:05',5),(56,'Mint Leaves',4,1,15,70,'2019-03-27 15:41:32','2019-03-27 15:41:56',5),(57,'Banana',1,0.3,21.4,83,'2019-03-27 15:43:02','2019-03-27 15:43:02',6),(58,'Red Apple',0,0,14.3,57,'2019-03-27 15:43:51','2019-03-27 15:45:52',6),(59,'Green Apple',0.3,0,14,52,'2019-03-27 15:46:38','2019-03-27 15:46:38',6),(60,'Strawberry',0.7,0.3,7.7,32,'2019-03-27 15:47:42','2019-03-27 15:47:42',6),(61,'Blueberries',0.8,0.3,14.5,60,'2019-03-27 15:48:21','2019-03-27 15:48:21',6),(62,'Mango',0.7,0.2,13.6,63,'2019-03-27 15:49:03','2019-03-27 15:49:03',6),(63,'Lemon (Juice)',0.2,0.1,3.2,10,'2019-03-27 15:51:29','2019-03-27 15:51:29',6),(64,'Papaya',1,0,10,39,'2019-03-27 15:52:24','2019-03-27 15:52:24',6),(65,'Dragon Fruit',2,2,9,60,'2019-03-27 15:53:14','2019-03-27 15:53:14',6),(66,'Watermelon',0.6,0.2,7.6,30,'2019-03-27 15:54:27','2019-03-27 15:54:27',6),(67,'Pineapple',0.5,0.1,13.1,50,'2019-03-27 15:55:50','2019-03-27 15:55:50',6),(68,'Pomegranate',1,0.3,17.2,75,'2019-03-27 15:57:38','2019-03-27 15:57:38',6),(69,'Honeydew (Green Melon)',0.5,0.1,9,36,'2019-03-27 15:58:49','2019-03-27 16:02:42',6),(70,'Yellow Melon (Cantaloupe)',0.8,0.2,8.2,34,'2019-03-27 16:00:50','2019-03-27 16:02:10',6),(71,'Orange',1,0,13,49,'2019-03-27 16:03:37','2019-03-27 16:03:37',6),(72,'Pear',0.4,0.1,15.2,57,'2019-03-27 16:04:42','2019-03-27 16:04:42',6),(73,'Kiwi',1,1,15,61,'2019-03-27 16:05:26','2019-03-27 16:05:26',6),(74,'Salt',0,0,0,0,'2019-03-27 16:26:02','2019-03-27 16:26:02',11),(75,'Pepper',10,3.3,64,64,'2019-03-27 16:27:22','2019-03-27 16:27:22',11),(76,'Lime Juice',0.4,0.1,8.8,26,'2019-03-27 16:29:19','2019-03-27 16:29:19',6),(77,'Radish',0.7,0.1,3.4,16,'2019-03-30 09:04:17','2019-03-30 09:04:17',5),(78,'Lite Soy Sauce (Kikomann)',6.8,0,6.8,68,'2019-03-30 09:05:30','2019-04-01 16:19:19',11),(79,'Sesame Seeds',17.8,50,23.3,578,'2019-03-30 09:18:47','2019-03-30 09:19:56',13),(80,'Peanuts',24.7,49.4,17.6,564,'2019-03-30 09:21:30','2019-03-30 09:21:30',13),(81,'Cashews',17.9,46.4,28.6,571,'2019-03-30 09:22:29','2019-03-30 09:22:29',13),(82,'Almonds',21.1,49.9,21.5,579,'2019-03-30 09:23:12','2019-03-30 09:23:12',13),(83,'Cocoa Powder',19,20.6,19.7,263,'2019-04-01 16:07:38','2019-04-01 16:07:38',11),(84,'Tuttorusso (Crushed Tomato)',1.6,0,8.2,41,'2019-04-01 16:09:25','2019-04-01 16:09:25',11),(86,'Beetroot (Fresh)',1.6,0.2,10,43,'2019-04-01 16:15:05','2019-04-01 16:15:05',5),(87,'Tahina',18,51,24,586,'2019-04-01 16:18:20','2019-04-01 16:18:20',11),(88,'Honey',0.3,0,82.6,304,'2019-04-01 16:22:07','2019-04-01 16:22:07',11),(89,'Coconut Yoghurt',1.5,23.7,3.4,229,'2019-04-01 16:23:31','2019-04-01 16:23:31',7),(90,'Dates (Pitted)',2,0.2,67.2,306,'2019-04-01 16:25:23','2019-04-01 16:25:23',6),(91,'Turmeric (Powder)',0,0,60,240,'2019-04-01 16:29:00','2019-04-01 16:29:00',11),(92,'Oregano (Powder)',9,4.28,68.9,265,'2019-04-01 16:32:20','2019-04-01 16:32:20',11),(93,'Oregano (Fresh)',9,4.3,69,265,'2019-04-01 16:35:21','2019-04-01 16:35:21',11),(94,'Tamari',13.5,0,6.8,81,'2019-04-01 16:37:19','2019-04-01 16:37:19',11),(95,'Balsamic Vinegar',0,0,67.6,271,'2019-04-01 16:39:23','2019-04-01 16:39:23',11),(96,'White Vinegar',0.5,0.4,0.2,24,'2019-04-01 16:40:49','2019-04-01 16:40:49',11),(97,'Peanut Butter',24,21,120,165,'2019-04-01 16:44:06','2019-04-01 16:44:06',11),(98,'Chia Seeds',17,31,8,447,'2019-04-01 16:52:39','2019-04-01 16:52:39',13),(99,'Walnuts',15.2,65.2,13.7,653,'2019-04-01 16:55:18','2019-04-01 16:55:18',13),(100,'Peanuts',24.7,49.4,17.6,564,'2019-04-01 16:56:30','2019-04-01 16:56:30',13),(101,'Cashew Nuts',18.2,43.8,30.1,552,'2019-04-01 16:57:50','2019-04-01 16:57:50',13),(102,'Almonds',21.1,49.9,21.5,579,'2019-04-01 16:59:06','2019-04-01 16:59:06',13),(103,'Bare Dark Chocolate',9,43,33,577,'2019-04-01 17:01:26','2019-04-01 17:01:26',11),(104,'Chocolat Stella (No Added Sugar)',9,42,34,570,'2019-04-01 17:07:15','2019-04-01 18:00:52',11),(105,'Cooking Cream',2.6,12,5.8,134,'2019-04-01 17:15:25','2019-04-01 17:15:25',4),(106,'Hellmans (Light Mayo)',0,23.3,6.7,200,'2019-04-01 17:16:35','2019-04-01 17:16:35',11),(107,'Plain White Flour',10.3,1.3,70.6,345,'2019-04-01 17:18:47','2019-04-21 14:19:06',24),(108,'Wholewheat Flour',13.8,1.6,67.5,338,'2019-04-01 17:19:51','2019-04-21 14:20:32',24),(109,'Rice Noodle',0.9,0.2,24.9,109,'2019-04-01 17:21:16','2019-04-01 17:21:16',2),(110,'Eggplant',1,0.2,6,25,'2019-04-01 17:22:39','2019-04-01 17:22:39',5),(111,'Maple Syrup',0,0,87.9,352,'2019-04-01 17:25:24','2019-04-01 17:25:24',11),(112,'Chickpea Flour',24,8,60,408,'2019-04-01 17:30:27','2019-04-01 17:30:27',2),(113,'Pine Nuts',14,68.6,4,693,'2019-04-01 17:33:37','2019-04-01 17:33:37',13),(114,'Sunflower Seeds',20.8,51.5,20,586,'2019-04-01 17:34:48','2019-04-01 17:34:48',13),(115,'Grapefruit',0.8,0.1,9.8,42,'2019-04-01 17:36:42','2019-04-01 17:36:42',6),(116,'Cumin Powder',17.8,4.8,44.2,375,'2019-04-01 17:39:39','2019-04-01 17:39:39',11),(117,'Rosemary (Fresh)',0.4,0.7,2.4,14,'2019-04-01 17:41:51','2019-04-01 17:41:51',11),(118,'Rosemary (Dried)',4.9,15.2,64.1,331,'2019-04-01 17:43:04','2019-04-01 17:43:04',11),(119,'Lamb (Lean Meat)',17.1,14.6,0,215,'2019-04-01 17:44:24','2019-06-20 11:38:32',14),(120,'Stevia',0,0,0,0,'2019-04-01 17:46:57','2019-04-01 17:46:57',11),(121,'Agave',0,0,108.2,406,'2019-04-01 17:48:23','2019-04-01 17:48:23',11),(122,'Xylitol',0,0,0,0,'2019-04-01 17:49:24','2019-04-01 17:49:24',11),(123,'Cauliflower',2,0.1,5.3,25,'2019-04-01 17:57:31','2019-04-01 17:57:31',5),(124,'Spring Onion',1.8,0.2,7.3,30,'2019-04-01 17:58:54','2019-04-01 17:58:54',5),(125,'Butter (Kerrygold)',0,32.8,0,296,'2019-04-01 18:02:29','2019-04-01 18:02:29',3),(126,'Crisco Vegetable Shortening',0,100,0,875,'2019-04-01 18:05:23','2019-04-01 18:05:23',3),(127,'Earth Balance (Vegan Butter)',0,81.8,0,727,'2019-04-01 18:07:18','2019-04-01 18:07:18',3),(128,'Green Earth',1.24,0.32,19,37,'2019-04-06 07:00:21','2019-04-06 07:00:21',8),(129,'Sweet Green',0.583,0.182,12.161,38,'2019-04-06 07:02:13','2019-04-06 07:02:13',8),(130,'pickles',0.9,0.4,2.6,17,'2019-04-08 13:52:41','2019-04-08 13:52:41',5),(131,'Mozerella',28.2,17.6,3.5,282,'2019-04-21 11:55:01','2019-04-21 11:55:01',19),(132,'Feta Cheese Lite',14.5,11.6,5.3,184,'2019-04-21 11:55:58','2019-04-21 11:55:58',18),(133,'Edam',23.3,30,0,333,'2019-04-21 11:56:49','2019-04-21 11:56:49',19),(134,'Gruyere',29.8,32.3,0.4,413,'2019-04-21 11:57:46','2019-04-21 11:57:46',19),(135,'Cherry Tomatoes',0.9,0.2,2,18,'2019-04-21 12:24:57','2019-04-21 12:24:57',5),(136,'Sumac',0,0,20.3,203,'2019-04-21 12:26:32','2019-04-21 12:26:32',11),(137,'Mushroom',2.4,0,3.5,24,'2019-04-21 12:27:22','2019-04-21 12:27:22',5),(139,'Seabass',22.1,5.8,0.4,148,'2019-04-22 10:44:12','2019-04-22 10:44:12',15),(140,'Almond Milk',1.37,2.6,5.62,51,'2019-06-12 09:16:22','2019-06-12 09:16:22',9),(141,'Rice Vinegar',0,0,0.1,19,'2019-06-12 09:28:35','2019-06-20 11:33:50',11),(142,'Polenta',2,0,18,84,'2019-06-12 09:50:37','2019-06-12 09:50:37',2),(143,'Basil',0,0,0.1,19,'2019-06-12 10:05:30','2019-06-20 11:33:24',11),(144,'Paprika',14,13,54,282,'2019-06-12 10:07:40','2019-06-12 10:07:40',11),(145,'Saffron',11.4,5.8,65.3,310,'2019-06-18 09:22:20','2019-06-20 11:32:19',11),(146,'Baby Marrow',1,0,3,17,'2019-06-18 09:24:02','2019-06-18 09:24:02',5),(147,'Thyme',5.6,1.7,24.5,101,'2019-06-18 09:25:32','2019-06-20 07:54:13',11),(148,'Cocoa Powder (Cadbury Bourneville)',25.8,11,24,347,'2019-06-20 07:49:51','2019-06-20 07:51:40',11),(149,'Almond Flour',21.4,50,10.7,571,'2019-06-20 07:51:05','2019-06-20 07:51:05',13),(150,'Granola',2.1,9.4,16.4,154,'2019-06-20 10:09:50','2019-06-20 10:09:50',13),(151,'Semolina',13,1.1,73,360,'2019-06-20 11:40:56','2019-06-20 11:40:56',24),(152,'Cardamom (Ground)',10.8,6.7,68.5,311,'2019-06-20 12:26:22','2019-06-20 12:26:22',11),(153,'Red Cabbage',1.4,0.2,7.4,31,'2019-06-20 12:39:02','2019-06-20 12:39:02',5),(154,'White Cabbage',1.3,0.1,6,22,'2019-06-20 12:39:43','2019-06-20 12:39:43',5),(155,'Baby Spinach',8,0,12,80,'2019-06-20 12:40:32','2019-06-20 12:40:32',5),(156,'Cilantro',2,1,4,23,'2019-06-23 07:53:42','2019-06-23 07:53:42',11),(157,'Orange Juice',0,0,13,50,'2019-06-23 08:09:29','2019-06-23 08:09:29',8),(158,'Coconut Milk',1,20,2,188,'2019-06-23 08:41:00','2019-06-23 08:41:00',9),(159,'Soy Sauce',13.3,0,6.7,67,'2019-06-23 13:30:05','2019-06-23 13:30:05',11),(161,'Corn Flour (Golden)',2,1,24,110,'2019-06-23 13:39:56','2019-06-23 13:39:56',24),(162,'Capers',2.3,0.8,4.8,23,'2019-06-24 13:06:47','2019-06-24 13:06:47',5),(163,'Vegan Butter',0,10,0,80,'2019-06-24 13:11:40','2019-06-24 13:11:40',7),(164,'Lamb',31,7,0,187,'2019-06-26 09:03:33','2019-06-26 09:03:33',14),(165,'Okra',2,0.1,7.03,31,'2019-06-26 09:24:12','2019-06-26 09:24:12',5),(166,'Lemon Grass',1.8,0.5,25,99,'2019-06-27 09:00:57','2019-06-27 09:00:57',11),(167,'Black Lime Powder',0.5,0,35,174,'2019-06-29 11:22:15','2019-06-29 11:22:15',11),(168,'Halloumi',17,20,1,253,'2019-06-29 13:25:28','2019-06-29 13:25:28',4),(169,'Brussel Sprout',3.1,1.3,3.2,35,'2019-07-07 14:04:34','2019-07-07 14:04:34',5),(170,'Kidney Beans',8.7,0.5,22.8,127,'2019-07-07 14:19:05','2019-07-07 14:19:05',5),(171,'Mange Tout',3.6,0.2,4.2,33,'2019-07-08 06:14:33','2019-07-08 06:14:33',5),(172,'Hazel Nuts',23,56,7,623,'2019-07-14 13:21:38','2019-07-14 13:21:38',13),(173,'Lamb',31,7,0,187,'2019-07-27 11:31:49','2019-07-27 11:31:49',14),(174,'Tahina Paste',24.4,58.3,9,672,'2019-07-27 11:38:40','2019-07-27 11:38:40',10),(175,'Couscous',3,0,22,112,'2019-08-17 10:23:32','2019-08-17 10:23:32',2),(176,'Caraway Seeds',19.7,14.5,49.9,333,'2019-08-18 08:47:13','2019-08-18 08:47:13',11),(177,'worcestershire Sauce',0,0,19.4,67,'2019-08-18 08:50:40','2019-08-18 08:50:40',10),(178,'Sesame Oil',0,98,0,840,'2019-08-24 14:50:25','2019-08-24 14:50:25',3),(179,'Brown Sugar',0,0,97.3,377,'2019-08-24 14:52:53','2019-08-24 14:52:53',11);
/*!40000 ALTER TABLE `ingredients` ENABLE KEYS */;
UNLOCK TABLES;

--
-- Table structure for table `kitchens`
--

DROP TABLE IF EXISTS `kitchens`;
/*!40101 SET @saved_cs_client     = @@character_set_client */;
/*!40101 SET character_set_client = utf8 */;
CREATE TABLE `kitchens` (
  `id` int(10) unsigned NOT NULL AUTO_INCREMENT,
  `name` varchar(255) COLLATE utf8mb4_unicode_ci NOT NULL,
  `created_at` timestamp NULL DEFAULT NULL,
  `updated_at` timestamp NULL DEFAULT NULL,
  PRIMARY KEY (`id`)
) ENGINE=InnoDB AUTO_INCREMENT=6 DEFAULT CHARSET=utf8mb4 COLLATE=utf8mb4_unicode_ci;
/*!40101 SET character_set_client = @saved_cs_client */;

--
-- Dumping data for table `kitchens`
--

LOCK TABLES `kitchens` WRITE;
/*!40000 ALTER TABLE `kitchens` DISABLE KEYS */;
INSERT INTO `kitchens` VALUES (1,'Vegetables','2019-03-17 13:29:54','2019-03-17 13:29:54'),(2,'Meat','2019-03-26 17:43:19','2019-03-26 17:43:19'),(3,'Vegetable & Juice','2019-03-26 17:43:30','2019-03-26 17:43:48'),(4,'Baking','2019-03-26 17:43:54','2019-03-26 17:43:54'),(5,'Hot Kitchen','2019-03-27 16:35:15','2019-03-27 16:35:15');
/*!40000 ALTER TABLE `kitchens` ENABLE KEYS */;
UNLOCK TABLES;

--
-- Table structure for table `meal_categories`
--

DROP TABLE IF EXISTS `meal_categories`;
/*!40101 SET @saved_cs_client     = @@character_set_client */;
/*!40101 SET character_set_client = utf8 */;
CREATE TABLE `meal_categories` (
  `id` int(10) unsigned NOT NULL AUTO_INCREMENT,
  `name` varchar(255) COLLATE utf8mb4_unicode_ci NOT NULL,
  `created_at` timestamp NULL DEFAULT NULL,
  `updated_at` timestamp NULL DEFAULT NULL,
  PRIMARY KEY (`id`)
) ENGINE=InnoDB DEFAULT CHARSET=utf8mb4 COLLATE=utf8mb4_unicode_ci;
/*!40101 SET character_set_client = @saved_cs_client */;

--
-- Dumping data for table `meal_categories`
--

LOCK TABLES `meal_categories` WRITE;
/*!40000 ALTER TABLE `meal_categories` DISABLE KEYS */;
/*!40000 ALTER TABLE `meal_categories` ENABLE KEYS */;
UNLOCK TABLES;

--
-- Table structure for table `meal_types`
--

DROP TABLE IF EXISTS `meal_types`;
/*!40101 SET @saved_cs_client     = @@character_set_client */;
/*!40101 SET character_set_client = utf8 */;
CREATE TABLE `meal_types` (
  `id` int(10) unsigned NOT NULL AUTO_INCREMENT,
  `name` varchar(255) COLLATE utf8mb4_unicode_ci NOT NULL,
  `calories_percentage` int(11) NOT NULL,
  `created_at` timestamp NULL DEFAULT NULL,
  `updated_at` timestamp NULL DEFAULT NULL,
  `extra` tinyint(4) NOT NULL DEFAULT 0,
  PRIMARY KEY (`id`)
) ENGINE=InnoDB AUTO_INCREMENT=17 DEFAULT CHARSET=utf8mb4 COLLATE=utf8mb4_unicode_ci;
/*!40101 SET character_set_client = @saved_cs_client */;

--
-- Dumping data for table `meal_types`
--

LOCK TABLES `meal_types` WRITE;
/*!40000 ALTER TABLE `meal_types` DISABLE KEYS */;
INSERT INTO `meal_types` VALUES (8,'Breakfast',20,'2019-04-06 06:44:16','2019-04-06 07:50:38',0),(9,'Lunch',30,'2019-04-06 06:44:26','2019-04-06 07:50:56',0),(10,'Dinner',30,'2019-04-06 06:44:33','2019-04-06 07:55:02',0),(11,'Snack 1',10,'2019-04-06 07:03:46','2019-04-06 07:50:19',0),(12,'Snack 2',10,'2019-04-06 07:03:57','2019-04-06 07:50:25',0),(15,'Extra Meal',0,'2019-09-03 06:13:19','2019-09-03 06:13:19',0),(16,'Extra Meal',0,'2019-09-03 06:13:31','2019-09-03 06:13:31',0);
/*!40000 ALTER TABLE `meal_types` ENABLE KEYS */;
UNLOCK TABLES;

--
-- Table structure for table `meals`
--

DROP TABLE IF EXISTS `meals`;
/*!40101 SET @saved_cs_client     = @@character_set_client */;
/*!40101 SET character_set_client = utf8 */;
CREATE TABLE `meals` (
  `id` int(10) unsigned NOT NULL AUTO_INCREMENT,
  `name` varchar(255) COLLATE utf8mb4_unicode_ci NOT NULL,
  `kitchen_id` int(10) unsigned NOT NULL,
  `created_at` timestamp NULL DEFAULT NULL,
  `updated_at` timestamp NULL DEFAULT NULL,
  `meal_type_id` int(10) unsigned NOT NULL,
  `total_calories` int(11) NOT NULL DEFAULT 0,
  `custom` tinyint(4) NOT NULL DEFAULT 0,
  `total_fats` int(11) NOT NULL DEFAULT 0,
  `total_proteins` int(11) NOT NULL DEFAULT 0,
  `total_carbs` int(11) NOT NULL DEFAULT 0,
  `notes` longtext CHARACTER SET utf8mb4 COLLATE utf8mb4_bin DEFAULT NULL,
  PRIMARY KEY (`id`),
  KEY `meals_kitchen_id_foreign` (`kitchen_id`),
  KEY `meals_meal_type_id_foreign` (`meal_type_id`),
  CONSTRAINT `meals_kitchen_id_foreign` FOREIGN KEY (`kitchen_id`) REFERENCES `kitchens` (`id`) ON DELETE CASCADE,
  CONSTRAINT `meals_meal_type_id_foreign` FOREIGN KEY (`meal_type_id`) REFERENCES `meal_types` (`id`)
) ENGINE=InnoDB AUTO_INCREMENT=600 DEFAULT CHARSET=utf8mb4 COLLATE=utf8mb4_unicode_ci;
/*!40101 SET character_set_client = @saved_cs_client */;

--
-- Dumping data for table `meals`
--

LOCK TABLES `meals` WRITE;
/*!40000 ALTER TABLE `meals` DISABLE KEYS */;
INSERT INTO `meals` VALUES (497,'Chicken Avocado Salad',1,'2019-04-21 11:43:19','2019-04-21 13:08:03',9,342,0,17,33,7,NULL),(498,'Quinoa & Avocado Salad',1,'2019-04-21 12:00:00','2019-08-29 10:49:03',9,301,0,19,5,26,NULL),(499,'Vegetable Kebab with Saffron Rice & Sumac Salad',5,'2019-04-21 12:57:12','2019-04-21 13:05:23',9,285,0,10,9,43,NULL),(500,'Shepherds Pie',5,'2019-04-21 13:08:27','2019-04-21 13:09:08',10,139,0,5,21,2,NULL),(501,'Edamame Salad',1,'2019-04-21 13:11:51','2019-04-21 13:13:30',9,217,0,11,11,18,NULL),(502,'Mixed Vegetables with GF Noodles',5,'2019-04-22 10:49:51','2019-04-22 10:54:10',9,262,0,9,10,36,NULL),(505,'Poached Eggs with Smashed Avocado',5,'2019-06-12 06:15:42','2019-06-23 09:47:35',8,230,0,18,14,2,NULL),(506,'Corn Polenta Fritters',5,'2019-06-12 06:20:17','2019-06-16 16:30:27',8,159,0,10,2,17,NULL),(507,'Sticky Chicken with Broccoli',5,'2019-06-12 09:20:53','2019-06-16 16:30:00',9,327,0,9,38,17,NULL),(508,'Shredded Chicken Shawarma Bowl with Avocado with Tahina Dressing',5,'2019-06-16 07:18:17','2019-06-16 12:52:52',9,409,0,18,37,17,NULL),(509,'Edamame, Quinoa & Avocado Buddha Bowl with Tahina Dressing',1,'2019-06-16 07:27:56','2019-06-16 12:55:23',9,380,0,21,13,34,NULL),(510,'Vegetable Pickle',1,'2019-06-16 08:20:34','2019-06-16 08:22:02',9,8,0,0,0,1,NULL),(511,'Carb Free Shephers Pie',2,'2019-06-17 11:36:36','2019-06-17 11:45:05',9,366,0,17,35,21,NULL),(512,'Cumin Crusted Salmon with Cauliflower Puree & Herb Roasted Vegetables',5,'2019-06-18 09:03:42','2019-06-18 09:44:45',9,502,0,24,43,22,NULL),(513,'Grilled Chicken & Guacamole Salad with Tomato Salsa with Lemon & Herb Dressing',2,'2019-06-18 09:29:20','2019-06-18 09:34:14',10,436,0,25,33,13,NULL),(514,'Fudge Brownie',4,'2019-06-20 07:37:31','2019-06-20 07:45:41',11,111,0,10,3,4,NULL),(515,'Yoghurt with Strawberry Coulis & Granola',1,'2019-06-20 08:00:53','2019-06-20 10:12:27',8,268,0,11,10,31,NULL),(516,'Yoghurt with Strawberry Coulis',3,'2019-06-20 10:13:02','2019-06-20 10:13:29',8,114,0,2,8,15,NULL),(517,'Overnight Oats with Peanut Butter & Banana',3,'2019-06-20 10:14:04','2019-06-20 10:15:28',8,394,0,20,13,42,NULL),(518,'Melon',3,'2019-06-20 10:16:33','2019-06-20 10:18:24',12,65,0,0,1,16,NULL),(519,'Mango',3,'2019-06-20 10:18:48','2019-06-20 10:20:37',12,63,0,0,1,14,NULL),(520,'Exotic Fruit Salad',3,'2019-06-20 11:42:09','2019-06-20 11:44:01',12,146,0,2,3,36,NULL),(521,'\'Ala King\' Chicken & Mushroom with Mashed Potato & Mixed Seasonal Vegetables',5,'2019-06-22 07:55:09','2019-08-28 08:36:33',9,467,0,26,38,18,NULL),(522,'Cilantro Lime Marinated Chicken with Mixed Green Salad & Citrusy Dressing',5,'2019-06-22 11:46:14','2019-06-23 08:07:49',9,408,0,16,33,32,NULL),(523,'Cilantro Lime Quinoa with Mixed Green Salad & Citrusy Dressing',1,'2019-06-23 08:14:04','2019-06-23 08:29:51',9,382,0,18,5,54,NULL),(524,'Custom (Kitchen: Hot Kitchen - Meal Type: Lunch)',5,'2019-06-23 12:42:17','2019-06-23 12:42:17',9,0,1,0,0,0,NULL),(525,'Custom (Kitchen: Hot Kitchen - Meal Type: Breakfast)',5,'2019-06-23 12:42:17','2019-06-23 12:42:17',8,0,1,0,0,0,NULL),(528,'Beef Fajita with Guacamole & Salsa in a Corn Tortilla & Side Salad& Cilantro Cashew Dressing',2,'2019-06-23 13:22:55','2019-06-23 13:26:47',9,452,0,24,44,21,NULL),(529,'Beef Fajita Salad with Guacamole & Salsa',2,'2019-06-23 13:44:46','2019-06-23 13:48:42',9,467,0,24,45,24,NULL),(530,'Vegetable Fajita with Guacamole & Salsa in a Corn Tortilla & Salad with Cilantro Cashew Dressing',1,'2019-06-23 13:49:53','2019-06-23 13:52:58',9,336,0,19,7,39,NULL),(531,'Shrimp & Mixed Vegetable  Stirfry with GF Noodles with Sesame Seeds',2,'2019-06-23 14:36:44','2019-06-23 14:40:27',10,447,0,16,33,44,NULL),(532,'Mixed Vegetable Stir - Fry with GF Noodles & Sesame Seeds',1,'2019-06-23 14:53:34','2019-06-23 14:58:45',10,355,0,11,11,54,NULL),(533,'Grilled Salmon in a Lemon &Caper Sauce with Sauteed Spinach & Mixed Vegetables & Roasted Potato',5,'2019-06-24 12:52:52','2019-06-24 12:56:08',9,458,0,23,44,21,NULL),(534,'Roasted Cauliflower Steak in a Lemon  Caper Sauce with Sauteed Spinach & Mixed Vegetables & Roasted Potatoes',1,'2019-06-24 13:20:48','2019-06-24 13:27:17',9,278,0,15,10,35,NULL),(535,'Beetroot Carpaccio, Avocado & Walnut Pieces with Blueberry Balsamic Dressing',1,'2019-06-25 06:01:14','2019-06-25 06:06:34',9,335,0,20,7,36,NULL),(536,'Grilled Chicken with Cold Carrot & Cucumber Noodles with Almond Slithers & Avocado Salsa & Herby Lemon Vinaigretee',5,'2019-06-25 15:05:25','2019-09-02 14:57:11',10,379,0,24,24,14,NULL),(537,'Cold Carrot & Cucumber Noodles with Almond Slithers & Avocado Salsa & Herby Lemon Vinaigretee',1,'2019-06-25 15:14:46','2019-06-25 15:16:44',10,321,0,22,5,26,NULL),(538,'Beef & Okra Stew with Aromatic Brown Rice',5,'2019-06-26 09:01:05','2019-06-26 12:23:02',9,554,0,21,53,39,NULL),(539,'Beef & Okra Stew with Aromatic Cauliflower Rice',5,'2019-06-26 09:31:31','2019-06-26 12:24:00',9,496,0,25,51,19,NULL),(540,'Okra Stew with Aromatic Brown Rice',5,'2019-06-26 09:45:52','2019-08-29 07:26:34',9,310,0,10,8,41,NULL),(541,'Balsamic Glazed Chicken with Oven Roasted Vegetables & Roasted Baby Potatoes',5,'2019-06-26 13:40:23','2019-06-26 13:42:11',10,378,0,14,29,30,NULL),(542,'Mixed Vegetable Ratatouille with Cauliflower Couscous',5,'2019-06-26 13:48:10','2019-06-26 15:12:47',10,250,0,14,4,30,NULL),(543,'Paleo Apple Pie',4,'2019-06-26 14:12:30','2019-06-26 14:18:20',11,2148,0,200,62,31,NULL),(544,'Thai Fish Cakes on a Bed of Mixed Leaves & Tangy Lemon grass Dressing',5,'2019-06-27 08:55:56','2019-06-27 08:59:04',9,386,0,18,36,22,NULL),(545,'Black lime Chicken with Mixed Herb Brown Rice & Roasted Vegetables',5,'2019-06-29 11:17:34','2019-06-29 11:19:48',9,476,0,15,39,36,NULL),(546,'Black lime Chicken with Mixed Herb Cauiflower Rice & Roasted Vegetables',5,'2019-06-29 11:25:45','2019-06-29 11:28:13',9,458,0,19,37,24,NULL),(547,'Lentil Curry with Mixed Herb Brown Rice',5,'2019-06-29 11:30:05','2019-06-29 11:32:54',9,369,0,14,10,45,NULL),(548,'Grilled Halloumi Cheese on a Roasted Almond & Pomegranate Salad with Sweet Tangy Dressing',4,'2019-06-29 13:21:50','2019-09-01 07:40:19',10,357,0,27,12,18,NULL),(549,'Grilled Vegetables on a Roasted Almond & Pomegranate Salad with Sweet Tangy Dressing',1,'2019-06-29 13:34:41','2019-06-29 13:36:57',10,256,0,10,7,35,NULL),(550,'Beef Salad with Mixed Lettuce Leaves & Thai Dressing',5,'2019-06-29 13:48:10','2019-06-29 13:52:40',9,357,0,17,32,18,NULL),(551,'Beef Kebabs with Saffron Brown Rice & Mixed Salad with Lemon & Mint Dressing',5,'2019-06-30 10:40:11','2019-07-01 07:12:53',9,408,0,9,40,39,NULL),(552,'Beef Kebabs with Saffron Cauliflower Rice & Mixed Salad with Mint & Lemon Dressing',5,'2019-06-30 10:43:07','2019-07-01 07:12:23',9,352,0,13,39,17,NULL),(553,'Vegan Vegetable Kebab with Saffron Brown Rice & Mixed Salad with Lemon & Mint Dressing',5,'2019-06-30 10:46:56','2019-09-01 14:48:34',9,400,0,2,12,63,NULL),(554,'Chicken Avocado Salad with a Lemon & Herb Dressing & Walnut Pieces',2,'2019-06-30 13:43:17','2019-08-25 13:18:10',10,394,0,29,28,10,NULL),(555,'Avocado Salad with a Lemon & Herb Dressing & Walnut Pieces',1,'2019-06-30 13:46:09','2019-06-30 13:48:07',10,386,0,25,9,32,NULL),(556,'Mixed Vegetable Pasta',1,'2019-07-02 06:13:19','2019-07-02 06:23:24',9,303,0,10,7,44,NULL),(557,'Exotic Fruit Salad',3,'2019-07-06 12:59:42','2019-07-06 13:04:56',11,99,0,1,1,24,NULL),(558,'Rosemary Roasted Chicken with Onion Gravy & Brussel Sprout Salad with Roasted Sweet Potato',5,'2019-07-07 13:55:48','2019-07-07 14:00:17',9,392,0,14,33,28,NULL),(559,'Lentil Roast with Onion Gravy & Brussel Sprout Salad & Roasted Sweet Potato',1,'2019-07-07 14:07:40','2019-07-07 14:13:40',9,296,0,15,7,34,NULL),(560,'Roasmary Chicken with Gralic Sauce & Brussel Sprout Salad with Roasted Sweet Potato',5,'2019-07-08 06:01:10','2019-07-08 06:03:48',9,404,0,15,35,28,NULL),(561,'Grilled Hamour with Salsa Verde & Sauteed Seasonal Vegetables',5,'2019-07-08 06:12:49','2019-08-22 07:43:13',10,367,0,20,33,21,NULL),(562,'Grilled Beef with Salsa Verde & Sauteed Seasonal Vegetables',5,'2019-07-08 06:52:58','2019-07-08 06:56:17',10,409,0,24,35,16,NULL),(563,'Lamb Machbous with Fatoush Salad & POmegranate Dressing',5,'2019-07-08 13:14:44','2019-07-08 13:14:44',9,0,0,0,0,0,NULL),(564,'Lamb Machbous with Fatoush Salad & POmegranate Dressing',5,'2019-07-08 13:14:44','2019-07-08 13:14:44',9,0,0,0,0,0,NULL),(566,'Chicken Fajita & Brown Rice Power Bowl with Mexican Dressisng',5,'2019-07-09 13:53:00','2019-07-09 13:59:55',9,575,0,23,40,47,NULL),(567,'Vegan Chickpea Fajita & Brown Rice Power Bowl',5,'2019-07-09 14:00:41','2019-07-09 14:08:07',9,470,0,22,11,58,NULL),(568,'Balsamic Glazed Chicken',5,'2019-07-13 12:30:38','2019-08-26 15:55:09',9,273,0,5,32,11,NULL),(569,'Roasted  beef with Onion Gravy & Cauliflower Polenta & Brussel Sprouts',5,'2019-07-14 13:15:17','2019-07-14 13:18:22',9,433,0,21,42,24,NULL),(570,'Roasted Lentil with Onion Gravy & Cauliflower Polenta & Brussel Sprouts',5,'2019-07-14 13:24:48','2019-07-14 13:26:46',9,353,0,23,9,32,NULL),(571,'Poached Eggs with Corn POlenta Fritters & Mashed Avocado',5,'2019-07-14 14:41:28','2019-07-14 14:47:50',8,345,0,21,16,22,NULL),(572,'Custom (Kitchen: Hot Kitchen - Meal Type: Dinner)',5,'2019-07-15 16:56:08','2019-07-15 16:56:08',10,0,1,0,0,0,NULL),(573,'Custom (Kitchen: Vegetables - Meal Type: Breakfast)',1,'2019-07-15 16:56:08','2019-07-15 16:56:08',8,0,1,0,0,0,NULL),(574,'Overnight Chia Oats with Mixed Berries',1,'2019-07-17 05:48:21','2019-07-17 05:48:21',8,0,0,0,0,0,NULL),(575,'Mediterranean Lamb Salad with Tahina Dressing',2,'2019-07-27 11:27:25','2019-07-27 11:36:04',9,309,0,13,38,5,NULL),(576,'Spicy Chicken Salad with Broccolini & Soy Vinegar Dressing',5,'2019-08-01 13:50:15','2019-08-01 13:52:57',9,307,0,17,26,7,NULL),(577,'Beef Stroganoff with Mushroom & Tagliatelle Pasta',5,'2019-08-01 14:21:15','2019-08-01 15:04:59',10,447,0,15,35,41,NULL),(578,'Moroccan Fish Tagine with Saffron Couscous',2,'2019-08-17 10:13:29','2019-08-18 08:32:45',9,388,0,14,40,28,NULL),(579,'Mixed Vegetables Tagine with Moroccan Couscous',1,'2019-08-17 10:28:33','2019-08-17 10:33:14',9,337,0,12,7,47,NULL),(580,'Mixed Vegetables Tagine with Moroccan Cauliflower Couscous',1,'2019-08-17 10:34:45','2019-08-17 10:40:02',9,306,0,14,7,38,NULL),(581,'Steak / Beef Salad with Caraway Dressing',2,'2019-08-18 08:39:01','2019-08-18 08:43:15',9,445,0,25,41,14,NULL),(582,'Pan Seared Salmon on a Pea Puree with Baked Sweet Potato Wedges',2,'2019-08-20 08:44:07','2019-08-20 08:49:03',9,488,0,23,45,23,NULL),(583,'Pan Seared Tofu on a Pea Puree with Baked Sweet Potato Wedges',1,'2019-08-20 08:50:01','2019-08-20 09:08:13',9,320,0,18,18,22,NULL),(584,'Pan Seared Salmon on a Lemon Saffron Sauce with Sauteed Greens',2,'2019-08-20 09:10:03','2019-08-20 09:16:28',9,411,0,24,39,8,NULL),(585,'Pan Seared Salmon on a Pea Puree with Sauteed Greens',2,'2019-08-20 09:18:28','2019-08-20 09:20:27',9,444,0,23,43,12,NULL),(586,'Pan Seared Salmon on a Lemon & Saffron Sauce with Baked Sweet Potato Wedges',2,'2019-08-20 09:21:27','2019-08-23 07:36:20',9,445,0,24,40,16,NULL),(587,'Chicken Curry with Brown Rice',2,'2019-08-21 08:25:55','2019-08-21 08:31:08',9,434,0,15,36,32,NULL),(588,'Chicken Curry with Cauliflower Rice',2,'2019-08-21 08:32:02','2019-08-21 08:35:12',9,379,0,19,34,12,NULL),(589,'Potato Curry with Brown Rice',1,'2019-08-21 08:35:48','2019-08-21 08:38:31',9,310,0,10,6,48,NULL),(590,'Stuffed Chicken with Onion Gravy & Brussel Sprout & Roasted Potatoes',2,'2019-08-22 10:05:07','2019-08-22 10:08:58',9,428,0,17,33,27,NULL),(591,'Aubergine Salad',1,'2019-08-22 15:07:18','2019-08-22 15:07:18',9,0,0,0,0,0,NULL),(592,'Asparagus & Green Peas Brown Rice Risotto',1,'2019-08-24 08:30:14','2019-08-24 08:34:55',9,458,0,32,8,37,NULL),(593,'Sesame Chicken & Edamame Salad with Ponzu Dressing',2,'2019-08-24 14:42:04','2019-08-24 14:55:23',9,358,0,4,40,16,NULL),(594,'Edamame Salad',1,'2019-08-24 14:59:52','2019-08-24 15:02:10',9,251,0,15,14,18,NULL),(595,'Chicken Caesar Salad',1,'2019-08-26 07:05:42','2019-08-26 07:21:12',9,126,0,0,25,2,NULL),(596,'Balsamic Glazed Chicken Salad',2,'2019-08-27 06:50:27','2019-08-27 06:56:16',9,459,0,24,35,22,NULL),(597,'Ala King Chicken with Mushroom & A Side of Cauliflower Mash with Seasonal Vegetables',1,'2019-08-28 08:30:47','2019-08-28 08:37:38',9,443,0,26,38,11,NULL),(598,'Ala King  Mushroom with  A Side of Mashed Potatoes & Seasonal Vegetables',1,'2019-08-28 08:44:02','2019-08-28 08:46:22',9,315,0,24,6,21,NULL),(599,'Chicken & Brown Rice Power Bowl with Avocado & Tangy Lemon Dressing',5,'2019-09-03 08:24:37','2019-09-03 08:27:55',9,515,0,21,39,40,NULL);
/*!40000 ALTER TABLE `meals` ENABLE KEYS */;
UNLOCK TABLES;

--
-- Table structure for table `menu_items`
--

DROP TABLE IF EXISTS `menu_items`;
/*!40101 SET @saved_cs_client     = @@character_set_client */;
/*!40101 SET character_set_client = utf8 */;
CREATE TABLE `menu_items` (
  `id` int(10) unsigned NOT NULL AUTO_INCREMENT,
  `menu_id` int(10) unsigned DEFAULT NULL,
  `title` varchar(255) COLLATE utf8mb4_unicode_ci NOT NULL,
  `url` varchar(255) COLLATE utf8mb4_unicode_ci NOT NULL,
  `target` varchar(255) COLLATE utf8mb4_unicode_ci NOT NULL DEFAULT '_self',
  `icon_class` varchar(255) COLLATE utf8mb4_unicode_ci DEFAULT NULL,
  `color` varchar(255) COLLATE utf8mb4_unicode_ci DEFAULT NULL,
  `parent_id` int(11) DEFAULT NULL,
  `order` int(11) NOT NULL,
  `created_at` timestamp NULL DEFAULT NULL,
  `updated_at` timestamp NULL DEFAULT NULL,
  `route` varchar(255) COLLATE utf8mb4_unicode_ci DEFAULT NULL,
  `parameters` text COLLATE utf8mb4_unicode_ci DEFAULT NULL,
  PRIMARY KEY (`id`),
  KEY `menu_items_menu_id_foreign` (`menu_id`),
  CONSTRAINT `menu_items_menu_id_foreign` FOREIGN KEY (`menu_id`) REFERENCES `menus` (`id`) ON DELETE CASCADE
) ENGINE=InnoDB AUTO_INCREMENT=51 DEFAULT CHARSET=utf8mb4 COLLATE=utf8mb4_unicode_ci;
/*!40101 SET character_set_client = @saved_cs_client */;

--
-- Dumping data for table `menu_items`
--

LOCK TABLES `menu_items` WRITE;
/*!40000 ALTER TABLE `menu_items` DISABLE KEYS */;
INSERT INTO `menu_items` VALUES (1,1,'Dashboard','','_self','voyager-dashboard','#000000',NULL,1,'2019-01-10 07:25:28','2019-02-12 08:43:47','voyager.dashboard','null'),(3,1,'Users','','_self','voyager-person',NULL,NULL,3,'2019-01-10 07:25:28','2019-01-10 07:25:28','voyager.users.index',NULL),(4,1,'Roles','','_self','voyager-lock',NULL,NULL,2,'2019-01-10 07:25:28','2019-01-10 07:25:28','voyager.roles.index',NULL),(5,1,'Tools','','_self','voyager-tools',NULL,NULL,14,'2019-01-10 07:25:28','2019-02-13 06:41:26',NULL,NULL),(7,1,'Database','','_self','voyager-data',NULL,5,1,'2019-01-10 07:25:28','2019-01-15 12:21:54','voyager.database.index',NULL),(9,1,'BREAD','','_self','voyager-bread',NULL,5,2,'2019-01-10 07:25:28','2019-01-15 12:21:54','voyager.bread.index',NULL),(10,1,'Settings','','_self','voyager-settings',NULL,NULL,15,'2019-01-10 07:25:28','2019-02-13 06:41:26','voyager.settings.index',NULL),(11,1,'Ingredients','','_self','voyager-params','#000000',NULL,9,'2019-01-09 12:14:50','2019-03-17 13:31:53','voyager.ingredients.index','null'),(12,1,'Kitchens','','_self','voyager-lab','#000000',NULL,4,'2019-01-09 12:16:46','2019-03-17 13:31:37','voyager.kitchens.index','null'),(13,1,'Meals','','_self','voyager-pizza','#000000',NULL,10,'2019-01-09 12:17:08','2019-02-13 06:41:26','voyager.meals.index','null'),(14,1,'Weeks','','_self','voyager-calendar','#000000',NULL,11,'2019-01-09 12:19:29','2019-02-13 06:41:26','voyager.weeks.index','null'),(15,1,'Plans','','_self','voyager-file-text','#000000',NULL,7,'2019-01-09 12:19:41','2019-03-17 13:31:51','voyager.plans.index','null'),(16,1,'Customers','','_self','voyager-group','#000000',NULL,8,'2019-01-09 12:34:55','2019-03-17 13:31:53','voyager.customers.index','null'),(19,1,'Meal Types','','_self','voyager-backpack',NULL,NULL,6,'2019-01-15 12:19:42','2019-03-17 13:31:48','voyager.meal-types.index',NULL),(20,1,'Customer Meals','','_self','voyager-hotdog','#000000',NULL,12,'2019-01-22 05:42:21','2019-02-13 06:41:26','voyager.customer-meals.index','null'),(21,1,'Kitchens Calendar','','_self','voyager-calendar','#000000',NULL,13,'2019-02-10 08:41:06','2019-02-13 06:41:26',NULL,''),(35,1,'Ingredient Types','','_self','voyager-dot-2','#000000',NULL,5,'2019-02-13 06:39:58','2019-03-17 13:31:37','voyager.ingredient-types.index','null'),(46,1,'Vegetables','','_self','voyager-dot',NULL,21,0,'2019-03-27 16:35:15','2019-03-27 16:35:15','meals_calendar','{\"kitchen_id\":1}'),(47,1,'Meat','','_self','voyager-dot',NULL,21,0,'2019-03-27 16:35:15','2019-03-27 16:35:15','meals_calendar','{\"kitchen_id\":2}'),(48,1,'Vegetable & Juice','','_self','voyager-dot',NULL,21,0,'2019-03-27 16:35:15','2019-03-27 16:35:15','meals_calendar','{\"kitchen_id\":3}'),(49,1,'Baking','','_self','voyager-dot',NULL,21,0,'2019-03-27 16:35:15','2019-03-27 16:35:15','meals_calendar','{\"kitchen_id\":4}'),(50,1,'Hot Kitchen','','_self','voyager-dot',NULL,21,0,'2019-03-27 16:35:15','2019-03-27 16:35:15','meals_calendar','{\"kitchen_id\":5}');
/*!40000 ALTER TABLE `menu_items` ENABLE KEYS */;
UNLOCK TABLES;

--
-- Table structure for table `menus`
--

DROP TABLE IF EXISTS `menus`;
/*!40101 SET @saved_cs_client     = @@character_set_client */;
/*!40101 SET character_set_client = utf8 */;
CREATE TABLE `menus` (
  `id` int(10) unsigned NOT NULL AUTO_INCREMENT,
  `name` varchar(255) COLLATE utf8mb4_unicode_ci NOT NULL,
  `created_at` timestamp NULL DEFAULT NULL,
  `updated_at` timestamp NULL DEFAULT NULL,
  PRIMARY KEY (`id`),
  UNIQUE KEY `menus_name_unique` (`name`)
) ENGINE=InnoDB AUTO_INCREMENT=2 DEFAULT CHARSET=utf8mb4 COLLATE=utf8mb4_unicode_ci;
/*!40101 SET character_set_client = @saved_cs_client */;

--
-- Dumping data for table `menus`
--

LOCK TABLES `menus` WRITE;
/*!40000 ALTER TABLE `menus` DISABLE KEYS */;
INSERT INTO `menus` VALUES (1,'admin','2019-01-10 07:25:28','2019-01-10 07:25:28');
/*!40000 ALTER TABLE `menus` ENABLE KEYS */;
UNLOCK TABLES;

--
-- Table structure for table `migrations`
--

DROP TABLE IF EXISTS `migrations`;
/*!40101 SET @saved_cs_client     = @@character_set_client */;
/*!40101 SET character_set_client = utf8 */;
CREATE TABLE `migrations` (
  `id` int(10) unsigned NOT NULL AUTO_INCREMENT,
  `migration` varchar(255) COLLATE utf8mb4_unicode_ci NOT NULL,
  `batch` int(11) NOT NULL,
  PRIMARY KEY (`id`)
) ENGINE=InnoDB AUTO_INCREMENT=78 DEFAULT CHARSET=utf8mb4 COLLATE=utf8mb4_unicode_ci;
/*!40101 SET character_set_client = @saved_cs_client */;

--
-- Dumping data for table `migrations`
--

LOCK TABLES `migrations` WRITE;
/*!40000 ALTER TABLE `migrations` DISABLE KEYS */;
INSERT INTO `migrations` VALUES (1,'2014_10_12_000000_create_users_table',1),(2,'2014_10_12_100000_create_password_resets_table',1),(3,'2016_01_01_000000_add_voyager_user_fields',1),(4,'2016_01_01_000000_create_data_types_table',1),(5,'2016_05_19_173453_create_menu_table',1),(6,'2016_10_21_190000_create_roles_table',1),(7,'2016_10_21_190000_create_settings_table',1),(8,'2016_11_30_135954_create_permission_table',1),(9,'2016_11_30_141208_create_permission_role_table',1),(10,'2016_12_26_201236_data_types__add__server_side',1),(11,'2017_01_13_000000_add_route_to_menu_items_table',1),(12,'2017_01_14_005015_create_translations_table',1),(13,'2017_01_15_000000_make_table_name_nullable_in_permissions_table',1),(14,'2017_03_06_000000_add_controller_to_data_types_table',1),(15,'2017_04_21_000000_add_order_to_data_rows_table',1),(16,'2017_07_05_210000_add_policyname_to_data_types_table',1),(17,'2017_08_05_000000_add_group_to_settings_table',1),(18,'2017_11_26_013050_add_user_role_relationship',1),(19,'2017_11_26_015000_create_user_roles_table',1),(20,'2018_03_11_000000_add_user_settings',1),(21,'2018_03_14_000000_add_details_to_data_types_table',1),(22,'2018_03_16_000000_make_settings_value_nullable',1),(23,'2019_01_09_110215_create_customers_table',1),(24,'2019_01_09_110254_create_plans_table',1),(25,'2019_01_09_110402_add_plan_id_to_customers_table',1),(26,'2019_01_09_110546_add_status_to_customers_table',1),(27,'2019_01_09_110716_create_kitchens_table',1),(28,'2019_01_09_110824_create_ingredients_table',1),(29,'2019_01_09_110916_create_meal_categories_table',1),(30,'2019_01_09_111048_create_meals_table',1),(31,'2019_01_09_111130_create_weeks_table',1),(32,'2019_01_09_111326_create_customer_meal_pivot_table',1),(33,'2019_01_09_112036_create_ingredient_meal_pivot_table',1),(34,'2019_01_14_102833_create_plan_prohibited_ingredients_table',1),(35,'2019_01_15_081132_create_customers_allergic_ingredients_table',1),(36,'2019_01_15_121229_create_meal_types_table',1),(37,'2019_01_15_133301_add_meal_type_id_to_meals_table',1),(38,'2019_01_16_092449_add_name_to_weeks_table',1),(39,'2019_01_17_124041_create_week_meals_table',1),(40,'2019_01_17_124506_create_customer_meals_table',1),(41,'2019_01_24_061644_add_total_calories_to_meals_table',1),(42,'2019_02_03_064243_create_additional_ingredients_table',1),(43,'2019_02_04_092556_add_total_calories_to_customer_meals_table',1),(44,'2019_02_10_122311_add_cooked_to_customer_meals_table',1),(45,'2019_02_13_062734_create_ingredient_types_table',1),(46,'2019_02_13_062823_add_ingredient_type_to_ingredients_table',1),(47,'2019_02_13_072630_create_customer_disliked_ingredients',1),(48,'2019_02_13_104026_create_customer_ingredients_amount_table',1),(49,'2019_02_24_060216_add_removable_to_ingredient_meal_table',1),(50,'2019_03_03_085213_add_meal_type_id_to_customer_ingredients_amount_table',1),(51,'2019_03_04_063725_add_custom_to_meals_table',1),(52,'2019_03_04_081014_add_kitchen_id_to_ingredient_types_table',1),(53,'2019_03_05_055421_create_customer_meal_custom_amounts_table',1),(54,'2019_03_14_065526_add_total_fats_to_meals_table',1),(55,'2019_03_14_065536_add_total_proteins_to_meals_table',1),(56,'2019_03_14_065537_add_total_carbs_to_meals_table',1),(57,'2019_03_14_065539_add_total_fats_to_customer_meals_table',1),(58,'2019_03_14_065540_add_total_proteins_to_customer_meals_table',1),(59,'2019_03_14_065541_add_total_carbs_to_customer_meals_table',1),(60,'2019_04_08_104832_create_customers_allergic_ingredient_types',2),(61,'2019_04_08_105038_create_plan_prohibited_ingredient_types',2),(62,'2019_04_09_131923_make_ingredient_type_id_and_amount_nullable_in_customer_ingredients_amount_table',2),(63,'2019_04_09_132525_create_customer_program_table',2),(64,'2019_04_15_130521_add_meal_notes_to_meals_table',2),(65,'2019_04_17_104031_add_meal_notes_to_customer_meal_table',2),(66,'2019_04_17_112140_add_notes_to_customer_meals_table',2),(67,'2019_07_29_064614_add_editable_to_ingredient_meal_table',3),(68,'2019_07_29_083642_add_consider_calories_to_customers_table',3),(69,'2019_07_29_085726_add_daily_calories_to_customers_table',3),(70,'2019_07_29_124234_create_customer_meal_types_table',3),(71,'2019_07_30_103751_create_plan_meals_table',3),(72,'2019_08_05_103413_add_extra_to_meal_types_table',3),(73,'2019_08_06_140704_create_customer_days_table',3),(74,'2019_08_07_085805_create_customer_weeks_table',3),(75,'2019_08_14_103159_add_customer_id_to_customers_table',3),(76,'2019_08_18_115530_create_customer_excluded_days_table',3),(77,'2019_08_18_125337_add__excluded_days_to_customers_table',3);
/*!40000 ALTER TABLE `migrations` ENABLE KEYS */;
UNLOCK TABLES;

--
-- Table structure for table `password_resets`
--

DROP TABLE IF EXISTS `password_resets`;
/*!40101 SET @saved_cs_client     = @@character_set_client */;
/*!40101 SET character_set_client = utf8 */;
CREATE TABLE `password_resets` (
  `email` varchar(255) COLLATE utf8mb4_unicode_ci NOT NULL,
  `token` varchar(255) COLLATE utf8mb4_unicode_ci NOT NULL,
  `created_at` timestamp NULL DEFAULT NULL,
  KEY `password_resets_email_index` (`email`)
) ENGINE=InnoDB DEFAULT CHARSET=utf8mb4 COLLATE=utf8mb4_unicode_ci;
/*!40101 SET character_set_client = @saved_cs_client */;

--
-- Dumping data for table `password_resets`
--

LOCK TABLES `password_resets` WRITE;
/*!40000 ALTER TABLE `password_resets` DISABLE KEYS */;
/*!40000 ALTER TABLE `password_resets` ENABLE KEYS */;
UNLOCK TABLES;

--
-- Table structure for table `permission_role`
--

DROP TABLE IF EXISTS `permission_role`;
/*!40101 SET @saved_cs_client     = @@character_set_client */;
/*!40101 SET character_set_client = utf8 */;
CREATE TABLE `permission_role` (
  `permission_id` int(10) unsigned NOT NULL,
  `role_id` int(10) unsigned NOT NULL,
  PRIMARY KEY (`permission_id`,`role_id`),
  KEY `permission_role_permission_id_index` (`permission_id`),
  KEY `permission_role_role_id_index` (`role_id`),
  CONSTRAINT `permission_role_permission_id_foreign` FOREIGN KEY (`permission_id`) REFERENCES `permissions` (`id`) ON DELETE CASCADE,
  CONSTRAINT `permission_role_role_id_foreign` FOREIGN KEY (`role_id`) REFERENCES `roles` (`id`) ON DELETE CASCADE
) ENGINE=InnoDB DEFAULT CHARSET=utf8mb4 COLLATE=utf8mb4_unicode_ci;
/*!40101 SET character_set_client = @saved_cs_client */;

--
-- Dumping data for table `permission_role`
--

LOCK TABLES `permission_role` WRITE;
/*!40000 ALTER TABLE `permission_role` DISABLE KEYS */;
INSERT INTO `permission_role` VALUES (1,1),(2,1),(3,1),(4,1),(5,1),(6,1),(7,1),(8,1),(9,1),(10,1),(11,1),(12,1),(13,1),(14,1),(15,1),(16,1),(17,1),(18,1),(19,1),(20,1),(21,1),(22,1),(23,1),(24,1),(25,1),(27,1),(28,1),(29,1),(30,1),(31,1),(32,1),(33,1),(34,1),(35,1),(36,1),(37,1),(38,1),(39,1),(40,1),(41,1),(42,1),(43,1),(44,1),(45,1),(46,1),(47,1),(48,1),(49,1),(50,1),(51,1),(52,1),(53,1),(54,1),(55,1),(56,1),(57,1),(58,1),(59,1),(60,1),(61,1),(62,1),(63,1),(64,1),(65,1),(66,1),(72,1),(73,1),(74,1),(75,1),(76,1),(77,1),(78,1),(79,1),(80,1),(81,1),(82,1),(83,1),(84,1),(85,1),(86,1);
/*!40000 ALTER TABLE `permission_role` ENABLE KEYS */;
UNLOCK TABLES;

--
-- Table structure for table `permissions`
--

DROP TABLE IF EXISTS `permissions`;
/*!40101 SET @saved_cs_client     = @@character_set_client */;
/*!40101 SET character_set_client = utf8 */;
CREATE TABLE `permissions` (
  `id` int(10) unsigned NOT NULL AUTO_INCREMENT,
  `key` varchar(255) COLLATE utf8mb4_unicode_ci NOT NULL,
  `table_name` varchar(255) COLLATE utf8mb4_unicode_ci DEFAULT NULL,
  `created_at` timestamp NULL DEFAULT NULL,
  `updated_at` timestamp NULL DEFAULT NULL,
  PRIMARY KEY (`id`),
  KEY `permissions_key_index` (`key`)
) ENGINE=InnoDB AUTO_INCREMENT=87 DEFAULT CHARSET=utf8mb4 COLLATE=utf8mb4_unicode_ci;
/*!40101 SET character_set_client = @saved_cs_client */;

--
-- Dumping data for table `permissions`
--

LOCK TABLES `permissions` WRITE;
/*!40000 ALTER TABLE `permissions` DISABLE KEYS */;
INSERT INTO `permissions` VALUES (1,'browse_admin',NULL,'2019-01-10 07:25:28','2019-01-10 07:25:28'),(2,'browse_bread',NULL,'2019-01-10 07:25:28','2019-01-10 07:25:28'),(3,'browse_database',NULL,'2019-01-10 07:25:28','2019-01-10 07:25:28'),(4,'browse_media',NULL,'2019-01-10 07:25:28','2019-01-10 07:25:28'),(5,'browse_compass',NULL,'2019-01-10 07:25:28','2019-01-10 07:25:28'),(6,'browse_menus','menus','2019-01-10 07:25:28','2019-01-10 07:25:28'),(7,'read_menus','menus','2019-01-10 07:25:28','2019-01-10 07:25:28'),(8,'edit_menus','menus','2019-01-10 07:25:28','2019-01-10 07:25:28'),(9,'add_menus','menus','2019-01-10 07:25:28','2019-01-10 07:25:28'),(10,'delete_menus','menus','2019-01-10 07:25:28','2019-01-10 07:25:28'),(11,'browse_roles','roles','2019-01-10 07:25:28','2019-01-10 07:25:28'),(12,'read_roles','roles','2019-01-10 07:25:28','2019-01-10 07:25:28'),(13,'edit_roles','roles','2019-01-10 07:25:28','2019-01-10 07:25:28'),(14,'add_roles','roles','2019-01-10 07:25:28','2019-01-10 07:25:28'),(15,'delete_roles','roles','2019-01-10 07:25:28','2019-01-10 07:25:28'),(16,'browse_users','users','2019-01-10 07:25:28','2019-01-10 07:25:28'),(17,'read_users','users','2019-01-10 07:25:28','2019-01-10 07:25:28'),(18,'edit_users','users','2019-01-10 07:25:28','2019-01-10 07:25:28'),(19,'add_users','users','2019-01-10 07:25:28','2019-01-10 07:25:28'),(20,'delete_users','users','2019-01-10 07:25:28','2019-01-10 07:25:28'),(21,'browse_settings','settings','2019-01-10 07:25:28','2019-01-10 07:25:28'),(22,'read_settings','settings','2019-01-10 07:25:28','2019-01-10 07:25:28'),(23,'edit_settings','settings','2019-01-10 07:25:28','2019-01-10 07:25:28'),(24,'add_settings','settings','2019-01-10 07:25:28','2019-01-10 07:25:28'),(25,'delete_settings','settings','2019-01-10 07:25:28','2019-01-10 07:25:28'),(27,'browse_ingredients','ingredients','2019-01-09 12:14:50','2019-01-09 12:14:50'),(28,'read_ingredients','ingredients','2019-01-09 12:14:50','2019-01-09 12:14:50'),(29,'edit_ingredients','ingredients','2019-01-09 12:14:50','2019-01-09 12:14:50'),(30,'add_ingredients','ingredients','2019-01-09 12:14:50','2019-01-09 12:14:50'),(31,'delete_ingredients','ingredients','2019-01-09 12:14:50','2019-01-09 12:14:50'),(32,'browse_kitchens','kitchens','2019-01-09 12:16:46','2019-01-09 12:16:46'),(33,'read_kitchens','kitchens','2019-01-09 12:16:46','2019-01-09 12:16:46'),(34,'edit_kitchens','kitchens','2019-01-09 12:16:46','2019-01-09 12:16:46'),(35,'add_kitchens','kitchens','2019-01-09 12:16:46','2019-01-09 12:16:46'),(36,'delete_kitchens','kitchens','2019-01-09 12:16:46','2019-01-09 12:16:46'),(37,'browse_meals','meals','2019-01-09 12:17:08','2019-01-09 12:17:08'),(38,'read_meals','meals','2019-01-09 12:17:08','2019-01-09 12:17:08'),(39,'edit_meals','meals','2019-01-09 12:17:08','2019-01-09 12:17:08'),(40,'add_meals','meals','2019-01-09 12:17:08','2019-01-09 12:17:08'),(41,'delete_meals','meals','2019-01-09 12:17:08','2019-01-09 12:17:08'),(42,'browse_weeks','weeks','2019-01-09 12:19:29','2019-01-09 12:19:29'),(43,'read_weeks','weeks','2019-01-09 12:19:29','2019-01-09 12:19:29'),(44,'edit_weeks','weeks','2019-01-09 12:19:29','2019-01-09 12:19:29'),(45,'add_weeks','weeks','2019-01-09 12:19:29','2019-01-09 12:19:29'),(46,'delete_weeks','weeks','2019-01-09 12:19:29','2019-01-09 12:19:29'),(47,'browse_plans','plans','2019-01-09 12:19:41','2019-01-09 12:19:41'),(48,'read_plans','plans','2019-01-09 12:19:41','2019-01-09 12:19:41'),(49,'edit_plans','plans','2019-01-09 12:19:41','2019-01-09 12:19:41'),(50,'add_plans','plans','2019-01-09 12:19:41','2019-01-09 12:19:41'),(51,'delete_plans','plans','2019-01-09 12:19:41','2019-01-09 12:19:41'),(52,'browse_meal_category','meal_category','2019-01-09 12:19:57','2019-01-09 12:19:57'),(53,'read_meal_category','meal_category','2019-01-09 12:19:57','2019-01-09 12:19:57'),(54,'edit_meal_category','meal_category','2019-01-09 12:19:57','2019-01-09 12:19:57'),(55,'add_meal_category','meal_category','2019-01-09 12:19:57','2019-01-09 12:19:57'),(56,'delete_meal_category','meal_category','2019-01-09 12:19:57','2019-01-09 12:19:57'),(57,'browse_customers','customers','2019-01-09 12:34:55','2019-01-09 12:34:55'),(58,'read_customers','customers','2019-01-09 12:34:55','2019-01-09 12:34:55'),(59,'edit_customers','customers','2019-01-09 12:34:55','2019-01-09 12:34:55'),(60,'add_customers','customers','2019-01-09 12:34:55','2019-01-09 12:34:55'),(61,'delete_customers','customers','2019-01-09 12:34:55','2019-01-09 12:34:55'),(62,'browse_meal_categories','meal_categories','2019-01-09 13:11:33','2019-01-09 13:11:33'),(63,'read_meal_categories','meal_categories','2019-01-09 13:11:33','2019-01-09 13:11:33'),(64,'edit_meal_categories','meal_categories','2019-01-09 13:11:33','2019-01-09 13:11:33'),(65,'add_meal_categories','meal_categories','2019-01-09 13:11:33','2019-01-09 13:11:33'),(66,'delete_meal_categories','meal_categories','2019-01-09 13:11:33','2019-01-09 13:11:33'),(72,'browse_meal_types','meal_types','2019-01-15 12:19:42','2019-01-15 12:19:42'),(73,'read_meal_types','meal_types','2019-01-15 12:19:42','2019-01-15 12:19:42'),(74,'edit_meal_types','meal_types','2019-01-15 12:19:42','2019-01-15 12:19:42'),(75,'add_meal_types','meal_types','2019-01-15 12:19:42','2019-01-15 12:19:42'),(76,'delete_meal_types','meal_types','2019-01-15 12:19:42','2019-01-15 12:19:42'),(77,'browse_customer_meals','customer_meals','2019-01-22 05:42:21','2019-01-22 05:42:21'),(78,'read_customer_meals','customer_meals','2019-01-22 05:42:21','2019-01-22 05:42:21'),(79,'edit_customer_meals','customer_meals','2019-01-22 05:42:21','2019-01-22 05:42:21'),(80,'add_customer_meals','customer_meals','2019-01-22 05:42:21','2019-01-22 05:42:21'),(81,'delete_customer_meals','customer_meals','2019-01-22 05:42:21','2019-01-22 05:42:21'),(82,'browse_ingredient_types','ingredient_types','2019-02-13 06:39:58','2019-02-13 06:39:58'),(83,'read_ingredient_types','ingredient_types','2019-02-13 06:39:58','2019-02-13 06:39:58'),(84,'edit_ingredient_types','ingredient_types','2019-02-13 06:39:58','2019-02-13 06:39:58'),(85,'add_ingredient_types','ingredient_types','2019-02-13 06:39:58','2019-02-13 06:39:58'),(86,'delete_ingredient_types','ingredient_types','2019-02-13 06:39:58','2019-02-13 06:39:58');
/*!40000 ALTER TABLE `permissions` ENABLE KEYS */;
UNLOCK TABLES;

--
-- Table structure for table `plan_meals`
--

DROP TABLE IF EXISTS `plan_meals`;
/*!40101 SET @saved_cs_client     = @@character_set_client */;
/*!40101 SET character_set_client = utf8 */;
CREATE TABLE `plan_meals` (
  `id` int(10) unsigned NOT NULL AUTO_INCREMENT,
  `plan_id` int(10) unsigned NOT NULL,
  `meal_id` int(10) unsigned NOT NULL,
  `created_at` timestamp NULL DEFAULT NULL,
  `updated_at` timestamp NULL DEFAULT NULL,
  PRIMARY KEY (`id`),
  KEY `plan_meals_plan_id_foreign` (`plan_id`),
  KEY `plan_meals_meal_id_foreign` (`meal_id`),
  CONSTRAINT `plan_meals_meal_id_foreign` FOREIGN KEY (`meal_id`) REFERENCES `meals` (`id`),
  CONSTRAINT `plan_meals_plan_id_foreign` FOREIGN KEY (`plan_id`) REFERENCES `plans` (`id`)
) ENGINE=InnoDB AUTO_INCREMENT=72 DEFAULT CHARSET=utf8mb4 COLLATE=utf8mb4_unicode_ci;
/*!40101 SET character_set_client = @saved_cs_client */;

--
-- Dumping data for table `plan_meals`
--

LOCK TABLES `plan_meals` WRITE;
/*!40000 ALTER TABLE `plan_meals` DISABLE KEYS */;
INSERT INTO `plan_meals` VALUES (1,1,582,NULL,NULL),(2,3,582,NULL,NULL),(3,6,583,NULL,NULL),(4,13,583,NULL,NULL),(5,1,584,NULL,NULL),(6,3,584,NULL,NULL),(7,12,584,NULL,NULL),(8,7,584,NULL,NULL),(9,1,585,NULL,NULL),(10,12,585,NULL,NULL),(11,1,586,NULL,NULL),(12,1,587,NULL,NULL),(13,3,587,NULL,NULL),(14,1,588,NULL,NULL),(15,7,588,NULL,NULL),(16,12,588,NULL,NULL),(17,1,589,NULL,NULL),(18,6,589,NULL,NULL),(19,3,589,NULL,NULL),(20,1,590,NULL,NULL),(21,3,590,NULL,NULL),(22,3,591,NULL,NULL),(23,1,592,NULL,NULL),(24,3,592,NULL,NULL),(25,1,593,NULL,NULL),(26,3,593,NULL,NULL),(27,1,594,NULL,NULL),(28,3,594,NULL,NULL),(29,6,594,NULL,NULL),(30,8,594,NULL,NULL),(31,10,594,NULL,NULL),(32,11,594,NULL,NULL),(33,13,594,NULL,NULL),(34,14,594,NULL,NULL),(35,1,595,NULL,NULL),(36,2,595,NULL,NULL),(37,3,595,NULL,NULL),(38,4,595,NULL,NULL),(39,7,595,NULL,NULL),(40,8,595,NULL,NULL),(41,9,595,NULL,NULL),(42,10,595,NULL,NULL),(43,12,595,NULL,NULL),(44,1,596,NULL,NULL),(45,3,596,NULL,NULL),(46,4,596,NULL,NULL),(47,7,596,NULL,NULL),(48,8,596,NULL,NULL),(49,9,596,NULL,NULL),(50,10,596,NULL,NULL),(51,11,596,NULL,NULL),(52,12,596,NULL,NULL),(53,1,597,NULL,NULL),(54,2,597,NULL,NULL),(55,3,597,NULL,NULL),(56,4,597,NULL,NULL),(57,7,597,NULL,NULL),(58,8,597,NULL,NULL),(59,10,597,NULL,NULL),(60,12,597,NULL,NULL),(61,1,598,NULL,NULL),(62,3,598,NULL,NULL),(63,6,598,NULL,NULL),(64,8,598,NULL,NULL),(65,10,598,NULL,NULL),(66,11,598,NULL,NULL),(67,1,599,NULL,NULL),(68,3,599,NULL,NULL),(69,8,599,NULL,NULL),(70,10,599,NULL,NULL),(71,11,599,NULL,NULL);
/*!40000 ALTER TABLE `plan_meals` ENABLE KEYS */;
UNLOCK TABLES;

--
-- Table structure for table `plan_prohibited_ingredient_types`
--

DROP TABLE IF EXISTS `plan_prohibited_ingredient_types`;
/*!40101 SET @saved_cs_client     = @@character_set_client */;
/*!40101 SET character_set_client = utf8 */;
CREATE TABLE `plan_prohibited_ingredient_types` (
  `id` int(10) unsigned NOT NULL AUTO_INCREMENT,
  `plan_id` int(10) unsigned NOT NULL,
  `ingredient_type_id` int(10) unsigned NOT NULL,
  `created_at` timestamp NULL DEFAULT NULL,
  `updated_at` timestamp NULL DEFAULT NULL,
  PRIMARY KEY (`id`),
  KEY `plan_prohibited_ingredient_types_plan_id_foreign` (`plan_id`),
  KEY `plan_prohibited_ingredient_types_ingredient_type_id_foreign` (`ingredient_type_id`),
  CONSTRAINT `plan_prohibited_ingredient_types_ingredient_type_id_foreign` FOREIGN KEY (`ingredient_type_id`) REFERENCES `ingredient_types` (`id`),
  CONSTRAINT `plan_prohibited_ingredient_types_plan_id_foreign` FOREIGN KEY (`plan_id`) REFERENCES `plans` (`id`)
) ENGINE=InnoDB AUTO_INCREMENT=52 DEFAULT CHARSET=utf8mb4 COLLATE=utf8mb4_unicode_ci;
/*!40101 SET character_set_client = @saved_cs_client */;

--
-- Dumping data for table `plan_prohibited_ingredient_types`
--

LOCK TABLES `plan_prohibited_ingredient_types` WRITE;
/*!40000 ALTER TABLE `plan_prohibited_ingredient_types` DISABLE KEYS */;
INSERT INTO `plan_prohibited_ingredient_types` VALUES (3,12,2,'2019-04-21 12:31:47','2019-04-21 12:31:47'),(4,11,4,'2019-04-21 12:32:14','2019-04-21 12:32:14'),(5,11,19,'2019-04-21 12:32:19','2019-04-21 12:32:19'),(6,11,18,'2019-04-21 12:32:19','2019-04-21 12:32:19'),(7,9,2,'2019-04-21 12:32:47','2019-04-21 12:32:47'),(8,9,4,'2019-04-21 12:32:49','2019-04-21 12:32:49'),(9,9,18,'2019-04-21 12:32:55','2019-04-21 12:32:55'),(10,9,19,'2019-04-21 12:32:56','2019-04-21 12:32:56'),(11,7,2,'2019-04-21 12:33:14','2019-04-21 12:33:14'),(12,7,6,'2019-04-21 12:33:17','2019-04-21 12:33:17'),(13,5,1,'2019-04-21 13:35:44','2019-04-21 13:35:44'),(14,5,2,'2019-04-21 13:35:45','2019-04-21 13:35:45'),(15,5,3,'2019-04-21 13:35:46','2019-04-21 13:35:46'),(16,5,4,'2019-04-21 13:35:47','2019-04-21 13:35:47'),(17,5,5,'2019-04-21 13:35:48','2019-04-21 13:35:48'),(18,5,6,'2019-04-21 13:35:49','2019-04-21 13:35:49'),(19,5,7,'2019-04-21 13:35:50','2019-04-21 13:35:50'),(20,5,11,'2019-04-21 13:35:51','2019-04-21 13:35:51'),(21,5,13,'2019-04-21 13:35:52','2019-04-21 13:35:52'),(22,5,18,'2019-04-21 13:35:54','2019-04-21 13:35:54'),(23,5,19,'2019-04-21 13:35:54','2019-04-21 13:35:54'),(24,14,18,'2019-04-21 14:09:50','2019-04-21 14:09:50'),(25,14,19,'2019-04-21 14:09:51','2019-04-21 14:09:51'),(26,14,21,'2019-04-21 14:09:53','2019-04-21 14:09:53'),(27,14,22,'2019-04-21 14:09:55','2019-04-21 14:09:55'),(28,14,14,'2019-04-21 14:09:59','2019-04-21 14:09:59'),(29,14,4,'2019-04-21 14:10:09','2019-04-21 14:10:09'),(30,14,16,'2019-04-21 14:10:13','2019-04-21 14:10:13'),(31,13,14,'2019-04-21 14:10:39','2019-04-21 14:10:39'),(32,13,16,'2019-04-21 14:10:48','2019-04-21 14:10:48'),(34,13,21,'2019-04-21 14:10:53','2019-04-21 14:10:53'),(35,13,22,'2019-04-21 14:11:22','2019-04-21 14:11:22'),(36,6,14,'2019-04-21 14:12:08','2019-04-21 14:12:08'),(37,6,4,'2019-04-21 14:12:12','2019-04-21 14:12:12'),(38,6,17,'2019-04-21 14:12:15','2019-04-21 14:12:15'),(39,6,16,'2019-04-21 14:12:16','2019-04-21 14:12:16'),(40,6,15,'2019-04-21 14:12:17','2019-04-21 14:12:17'),(41,6,18,'2019-04-21 14:12:19','2019-04-21 14:12:19'),(42,6,19,'2019-04-21 14:12:20','2019-04-21 14:12:20'),(44,6,21,'2019-04-21 14:12:25','2019-04-21 14:12:25'),(45,6,22,'2019-04-21 14:12:26','2019-04-21 14:12:26'),(46,10,24,'2019-04-21 14:21:47','2019-04-21 14:21:47'),(48,10,4,'2019-04-21 14:22:01','2019-04-21 14:22:01'),(49,10,19,'2019-04-21 14:22:09','2019-04-21 14:22:09'),(50,10,18,'2019-04-21 14:22:10','2019-04-21 14:22:10'),(51,8,24,'2019-04-21 14:22:27','2019-04-21 14:22:27');
/*!40000 ALTER TABLE `plan_prohibited_ingredient_types` ENABLE KEYS */;
UNLOCK TABLES;

--
-- Table structure for table `plan_prohibited_ingredients`
--

DROP TABLE IF EXISTS `plan_prohibited_ingredients`;
/*!40101 SET @saved_cs_client     = @@character_set_client */;
/*!40101 SET character_set_client = utf8 */;
CREATE TABLE `plan_prohibited_ingredients` (
  `plan_id` int(10) unsigned NOT NULL,
  `ingredient_id` int(10) unsigned NOT NULL,
  `created_at` timestamp NULL DEFAULT NULL,
  `updated_at` timestamp NULL DEFAULT NULL,
  PRIMARY KEY (`ingredient_id`,`plan_id`),
  KEY `plan_prohibited_ingredients_plan_id_foreign` (`plan_id`),
  CONSTRAINT `plan_prohibited_ingredients_ingredient_id_foreign` FOREIGN KEY (`ingredient_id`) REFERENCES `ingredients` (`id`) ON DELETE CASCADE,
  CONSTRAINT `plan_prohibited_ingredients_plan_id_foreign` FOREIGN KEY (`plan_id`) REFERENCES `plans` (`id`) ON DELETE CASCADE
) ENGINE=InnoDB DEFAULT CHARSET=utf8mb4 COLLATE=utf8mb4_unicode_ci;
/*!40101 SET character_set_client = @saved_cs_client */;

--
-- Dumping data for table `plan_prohibited_ingredients`
--

LOCK TABLES `plan_prohibited_ingredients` WRITE;
/*!40000 ALTER TABLE `plan_prohibited_ingredients` DISABLE KEYS */;
/*!40000 ALTER TABLE `plan_prohibited_ingredients` ENABLE KEYS */;
UNLOCK TABLES;

--
-- Table structure for table `plans`
--

DROP TABLE IF EXISTS `plans`;
/*!40101 SET @saved_cs_client     = @@character_set_client */;
/*!40101 SET character_set_client = utf8 */;
CREATE TABLE `plans` (
  `id` int(10) unsigned NOT NULL AUTO_INCREMENT,
  `name` varchar(255) COLLATE utf8mb4_unicode_ci NOT NULL,
  `created_at` timestamp NULL DEFAULT NULL,
  `updated_at` timestamp NULL DEFAULT NULL,
  PRIMARY KEY (`id`)
) ENGINE=InnoDB AUTO_INCREMENT=16 DEFAULT CHARSET=utf8mb4 COLLATE=utf8mb4_unicode_ci;
/*!40101 SET character_set_client = @saved_cs_client */;

--
-- Dumping data for table `plans`
--

LOCK TABLES `plans` WRITE;
/*!40000 ALTER TABLE `plans` DISABLE KEYS */;
INSERT INTO `plans` VALUES (1,'Lunch Meals','2019-03-26 17:03:05','2019-03-26 17:03:05'),(2,'Weightloss Meals','2019-03-26 17:03:17','2019-03-26 17:03:17'),(3,'Klean Meals','2019-03-26 17:03:24','2019-03-26 17:03:24'),(4,'Retox','2019-03-26 17:03:31','2019-03-26 17:03:31'),(5,'Juice Cleanse','2019-03-26 17:03:41','2019-03-26 17:03:41'),(6,'Vegan','2019-04-06 07:10:34','2019-04-06 07:10:34'),(7,'Keto','2019-04-06 07:10:42','2019-04-06 07:10:42'),(8,'Gluten Free','2019-04-06 07:10:47','2019-04-06 07:10:47'),(9,'Paleo','2019-04-06 07:10:53','2019-04-06 07:10:53'),(10,'Gluten Free & Dairy Free','2019-04-06 07:11:09','2019-04-06 07:11:09'),(11,'Dairy Free','2019-04-06 07:11:18','2019-04-06 07:11:18'),(12,'Low Carb','2019-04-06 07:11:29','2019-04-06 07:11:29'),(13,'Vegetarian','2019-04-06 07:11:39','2019-04-06 07:11:39'),(14,'Pescatarian','2019-04-06 07:11:57','2019-04-06 07:11:57'),(15,'Abrar','2019-08-25 12:30:27','2019-08-25 12:30:27');
/*!40000 ALTER TABLE `plans` ENABLE KEYS */;
UNLOCK TABLES;

--
-- Table structure for table `roles`
--

DROP TABLE IF EXISTS `roles`;
/*!40101 SET @saved_cs_client     = @@character_set_client */;
/*!40101 SET character_set_client = utf8 */;
CREATE TABLE `roles` (
  `id` int(10) unsigned NOT NULL AUTO_INCREMENT,
  `name` varchar(255) COLLATE utf8mb4_unicode_ci NOT NULL,
  `display_name` varchar(255) COLLATE utf8mb4_unicode_ci NOT NULL,
  `created_at` timestamp NULL DEFAULT NULL,
  `updated_at` timestamp NULL DEFAULT NULL,
  PRIMARY KEY (`id`),
  UNIQUE KEY `roles_name_unique` (`name`)
) ENGINE=InnoDB AUTO_INCREMENT=3 DEFAULT CHARSET=utf8mb4 COLLATE=utf8mb4_unicode_ci;
/*!40101 SET character_set_client = @saved_cs_client */;

--
-- Dumping data for table `roles`
--

LOCK TABLES `roles` WRITE;
/*!40000 ALTER TABLE `roles` DISABLE KEYS */;
INSERT INTO `roles` VALUES (1,'admin','Administrator','2019-01-10 07:25:28','2019-01-10 07:25:28'),(2,'user','Normal User','2019-01-10 07:25:28','2019-01-10 07:25:28');
/*!40000 ALTER TABLE `roles` ENABLE KEYS */;
UNLOCK TABLES;

--
-- Table structure for table `settings`
--

DROP TABLE IF EXISTS `settings`;
/*!40101 SET @saved_cs_client     = @@character_set_client */;
/*!40101 SET character_set_client = utf8 */;
CREATE TABLE `settings` (
  `id` int(10) unsigned NOT NULL AUTO_INCREMENT,
  `key` varchar(255) COLLATE utf8mb4_unicode_ci NOT NULL,
  `display_name` varchar(255) COLLATE utf8mb4_unicode_ci NOT NULL,
  `value` text COLLATE utf8mb4_unicode_ci DEFAULT NULL,
  `details` text COLLATE utf8mb4_unicode_ci DEFAULT NULL,
  `type` varchar(255) COLLATE utf8mb4_unicode_ci NOT NULL,
  `order` int(11) NOT NULL DEFAULT 1,
  `group` varchar(255) COLLATE utf8mb4_unicode_ci DEFAULT NULL,
  PRIMARY KEY (`id`),
  UNIQUE KEY `settings_key_unique` (`key`)
) ENGINE=InnoDB AUTO_INCREMENT=16 DEFAULT CHARSET=utf8mb4 COLLATE=utf8mb4_unicode_ci;
/*!40101 SET character_set_client = @saved_cs_client */;

--
-- Dumping data for table `settings`
--

LOCK TABLES `settings` WRITE;
/*!40000 ALTER TABLE `settings` DISABLE KEYS */;
INSERT INTO `settings` VALUES (1,'site.title','Site Title','The Natural Kitchen','','text',1,'Site'),(2,'site.description','Site Description','The Natural Kitchen','','text',2,'Site'),(3,'site.logo','Site Logo','settings/March2019/Xf0TuG9JRJmKAtFGWVzo.png','','image',3,'Site'),(4,'site.google_analytics_tracking_id','Google Analytics Tracking ID',NULL,'','text',4,'Site'),(5,'admin.bg_image','Admin Background Image','settings/March2019/mxvxOdFy8KBgXhFCo9Hh.jpg','','image',5,'Admin'),(6,'admin.title','Admin Title','Mannai-Tech Admin Panel','','text',1,'Admin'),(7,'admin.description','Admin Description','Mannai-Tech Admin Panel','','text',2,'Admin'),(8,'admin.loader','Admin Loader','settings/March2019/j6boOxosjtGCdVJPR0Uz.png','','image',3,'Admin'),(9,'admin.icon_image','Admin Icon Image','settings/March2019/Vvqy1XxyorirFW8JuzfL.png','','image',4,'Admin'),(10,'admin.google_analytics_client_id','Google Analytics Client ID (used for admin dashboard)',NULL,'','text',1,'Admin'),(11,'calories.tolerance','Calories Tolerance','200',NULL,'text',6,'Calories'),(12,'site.bg_image','Homepage Background Image','',NULL,'image',7,'Site'),(15,'widgets.customers_widget_image','Customers Widget Image','settings/March2019/WdQ8DqwI4KZxisJKvYnc.png',NULL,'image',8,'Widgets');
/*!40000 ALTER TABLE `settings` ENABLE KEYS */;
UNLOCK TABLES;

--
-- Table structure for table `translations`
--

DROP TABLE IF EXISTS `translations`;
/*!40101 SET @saved_cs_client     = @@character_set_client */;
/*!40101 SET character_set_client = utf8 */;
CREATE TABLE `translations` (
  `id` int(10) unsigned NOT NULL AUTO_INCREMENT,
  `table_name` varchar(255) COLLATE utf8mb4_unicode_ci NOT NULL,
  `column_name` varchar(255) COLLATE utf8mb4_unicode_ci NOT NULL,
  `foreign_key` int(10) unsigned NOT NULL,
  `locale` varchar(255) COLLATE utf8mb4_unicode_ci NOT NULL,
  `value` text COLLATE utf8mb4_unicode_ci NOT NULL,
  `created_at` timestamp NULL DEFAULT NULL,
  `updated_at` timestamp NULL DEFAULT NULL,
  PRIMARY KEY (`id`),
  UNIQUE KEY `translations_table_name_column_name_foreign_key_locale_unique` (`table_name`,`column_name`,`foreign_key`,`locale`)
) ENGINE=InnoDB DEFAULT CHARSET=utf8mb4 COLLATE=utf8mb4_unicode_ci;
/*!40101 SET character_set_client = @saved_cs_client */;

--
-- Dumping data for table `translations`
--

LOCK TABLES `translations` WRITE;
/*!40000 ALTER TABLE `translations` DISABLE KEYS */;
/*!40000 ALTER TABLE `translations` ENABLE KEYS */;
UNLOCK TABLES;

--
-- Table structure for table `user_roles`
--

DROP TABLE IF EXISTS `user_roles`;
/*!40101 SET @saved_cs_client     = @@character_set_client */;
/*!40101 SET character_set_client = utf8 */;
CREATE TABLE `user_roles` (
  `user_id` int(10) unsigned NOT NULL,
  `role_id` int(10) unsigned NOT NULL,
  PRIMARY KEY (`user_id`,`role_id`),
  KEY `user_roles_user_id_index` (`user_id`),
  KEY `user_roles_role_id_index` (`role_id`),
  CONSTRAINT `user_roles_role_id_foreign` FOREIGN KEY (`role_id`) REFERENCES `roles` (`id`) ON DELETE CASCADE,
  CONSTRAINT `user_roles_user_id_foreign` FOREIGN KEY (`user_id`) REFERENCES `users` (`id`) ON DELETE CASCADE
) ENGINE=InnoDB DEFAULT CHARSET=utf8mb4 COLLATE=utf8mb4_unicode_ci;
/*!40101 SET character_set_client = @saved_cs_client */;

--
-- Dumping data for table `user_roles`
--

LOCK TABLES `user_roles` WRITE;
/*!40000 ALTER TABLE `user_roles` DISABLE KEYS */;
/*!40000 ALTER TABLE `user_roles` ENABLE KEYS */;
UNLOCK TABLES;

--
-- Table structure for table `users`
--

DROP TABLE IF EXISTS `users`;
/*!40101 SET @saved_cs_client     = @@character_set_client */;
/*!40101 SET character_set_client = utf8 */;
CREATE TABLE `users` (
  `id` int(10) unsigned NOT NULL AUTO_INCREMENT,
  `role_id` int(10) unsigned DEFAULT NULL,
  `name` varchar(255) COLLATE utf8mb4_unicode_ci NOT NULL,
  `email` varchar(255) COLLATE utf8mb4_unicode_ci NOT NULL,
  `avatar` varchar(255) COLLATE utf8mb4_unicode_ci DEFAULT 'users/default.png',
  `email_verified_at` timestamp NULL DEFAULT NULL,
  `password` varchar(255) COLLATE utf8mb4_unicode_ci NOT NULL,
  `remember_token` varchar(100) COLLATE utf8mb4_unicode_ci DEFAULT NULL,
  `settings` text COLLATE utf8mb4_unicode_ci DEFAULT NULL,
  `created_at` timestamp NULL DEFAULT NULL,
  `updated_at` timestamp NULL DEFAULT NULL,
  PRIMARY KEY (`id`),
  UNIQUE KEY `users_email_unique` (`email`),
  KEY `users_role_id_foreign` (`role_id`),
  CONSTRAINT `users_role_id_foreign` FOREIGN KEY (`role_id`) REFERENCES `roles` (`id`)
) ENGINE=InnoDB AUTO_INCREMENT=2 DEFAULT CHARSET=utf8mb4 COLLATE=utf8mb4_unicode_ci;
/*!40101 SET character_set_client = @saved_cs_client */;

--
-- Dumping data for table `users`
--

LOCK TABLES `users` WRITE;
/*!40000 ALTER TABLE `users` DISABLE KEYS */;
INSERT INTO `users` VALUES (1,1,'Admin','admin@tnk.test','users/March2019/a0KyzBa4VYxvjLbIlm7u.png',NULL,'$2y$10$UE1YpKbOvdfgLFByFjuBkOJXCfnZrJaAINnAkKVE50qEu1/TqXFge',NULL,'{\"locale\":\"en\"}','2019-03-17 13:22:24','2019-03-17 13:25:01');
/*!40000 ALTER TABLE `users` ENABLE KEYS */;
UNLOCK TABLES;

--
-- Table structure for table `week_meals`
--

DROP TABLE IF EXISTS `week_meals`;
/*!40101 SET @saved_cs_client     = @@character_set_client */;
/*!40101 SET character_set_client = utf8 */;
CREATE TABLE `week_meals` (
  `id` int(10) unsigned NOT NULL AUTO_INCREMENT,
  `week_id` int(10) unsigned NOT NULL,
  `meal_type_id` int(10) unsigned NOT NULL,
  `meal_id` int(10) unsigned NOT NULL,
  `date` date NOT NULL,
  `created_at` timestamp NULL DEFAULT NULL,
  `updated_at` timestamp NULL DEFAULT NULL,
  PRIMARY KEY (`id`),
  KEY `week_meals_week_id_foreign` (`week_id`),
  KEY `week_meals_meal_type_id_foreign` (`meal_type_id`),
  KEY `week_meals_meal_id_foreign` (`meal_id`),
  CONSTRAINT `week_meals_meal_id_foreign` FOREIGN KEY (`meal_id`) REFERENCES `meals` (`id`) ON DELETE CASCADE,
  CONSTRAINT `week_meals_meal_type_id_foreign` FOREIGN KEY (`meal_type_id`) REFERENCES `meal_types` (`id`) ON DELETE CASCADE,
  CONSTRAINT `week_meals_week_id_foreign` FOREIGN KEY (`week_id`) REFERENCES `weeks` (`id`) ON DELETE CASCADE
) ENGINE=InnoDB AUTO_INCREMENT=1960 DEFAULT CHARSET=utf8mb4 COLLATE=utf8mb4_unicode_ci;
/*!40101 SET character_set_client = @saved_cs_client */;

--
-- Dumping data for table `week_meals`
--

LOCK TABLES `week_meals` WRITE;
/*!40000 ALTER TABLE `week_meals` DISABLE KEYS */;
INSERT INTO `week_meals` VALUES (1605,5,8,505,'2019-08-20','2019-08-20 13:12:08','2019-08-20 13:12:08'),(1606,5,8,506,'2019-08-20','2019-08-20 13:12:08','2019-08-20 13:12:08'),(1607,5,8,515,'2019-08-20','2019-08-20 13:12:08','2019-08-20 13:12:08'),(1608,5,8,516,'2019-08-20','2019-08-20 13:12:08','2019-08-20 13:12:08'),(1609,5,8,517,'2019-08-20','2019-08-20 13:12:08','2019-08-20 13:12:08'),(1610,5,8,525,'2019-08-20','2019-08-20 13:12:08','2019-08-20 13:12:08'),(1611,5,8,571,'2019-08-20','2019-08-20 13:12:08','2019-08-20 13:12:08'),(1612,5,8,573,'2019-08-20','2019-08-20 13:12:08','2019-08-20 13:12:08'),(1613,5,8,574,'2019-08-20','2019-08-20 13:12:08','2019-08-20 13:12:08'),(1614,5,9,497,'2019-08-20','2019-08-20 13:12:10','2019-08-20 13:12:10'),(1615,5,9,498,'2019-08-20','2019-08-20 13:12:10','2019-08-20 13:12:10'),(1616,5,9,499,'2019-08-20','2019-08-20 13:12:10','2019-08-20 13:12:10'),(1617,5,9,501,'2019-08-20','2019-08-20 13:12:10','2019-08-20 13:12:10'),(1618,5,9,502,'2019-08-20','2019-08-20 13:12:10','2019-08-20 13:12:10'),(1619,5,9,507,'2019-08-20','2019-08-20 13:12:10','2019-08-20 13:12:10'),(1620,5,9,508,'2019-08-20','2019-08-20 13:12:10','2019-08-20 13:12:10'),(1621,5,9,509,'2019-08-20','2019-08-20 13:12:10','2019-08-20 13:12:10'),(1622,5,9,510,'2019-08-20','2019-08-20 13:12:10','2019-08-20 13:12:10'),(1623,5,9,511,'2019-08-20','2019-08-20 13:12:10','2019-08-20 13:12:10'),(1624,5,9,512,'2019-08-20','2019-08-20 13:12:10','2019-08-20 13:12:10'),(1625,5,9,521,'2019-08-20','2019-08-20 13:12:10','2019-08-20 13:12:10'),(1626,5,9,522,'2019-08-20','2019-08-20 13:12:10','2019-08-20 13:12:10'),(1627,5,9,523,'2019-08-20','2019-08-20 13:12:10','2019-08-20 13:12:10'),(1628,5,9,524,'2019-08-20','2019-08-20 13:12:10','2019-08-20 13:12:10'),(1629,5,9,528,'2019-08-20','2019-08-20 13:12:10','2019-08-20 13:12:10'),(1630,5,9,529,'2019-08-20','2019-08-20 13:12:10','2019-08-20 13:12:10'),(1631,5,9,530,'2019-08-20','2019-08-20 13:12:10','2019-08-20 13:12:10'),(1632,5,9,533,'2019-08-20','2019-08-20 13:12:10','2019-08-20 13:12:10'),(1633,5,9,534,'2019-08-20','2019-08-20 13:12:10','2019-08-20 13:12:10'),(1634,5,9,535,'2019-08-20','2019-08-20 13:12:10','2019-08-20 13:12:10'),(1635,5,9,538,'2019-08-20','2019-08-20 13:12:10','2019-08-20 13:12:10'),(1636,5,9,539,'2019-08-20','2019-08-20 13:12:10','2019-08-20 13:12:10'),(1637,5,9,540,'2019-08-20','2019-08-20 13:12:10','2019-08-20 13:12:10'),(1638,5,9,544,'2019-08-20','2019-08-20 13:12:10','2019-08-20 13:12:10'),(1639,5,9,545,'2019-08-20','2019-08-20 13:12:10','2019-08-20 13:12:10'),(1640,5,9,546,'2019-08-20','2019-08-20 13:12:10','2019-08-20 13:12:10'),(1641,5,9,547,'2019-08-20','2019-08-20 13:12:10','2019-08-20 13:12:10'),(1642,5,9,550,'2019-08-20','2019-08-20 13:12:10','2019-08-20 13:12:10'),(1643,5,9,551,'2019-08-20','2019-08-20 13:12:10','2019-08-20 13:12:10'),(1644,5,9,552,'2019-08-20','2019-08-20 13:12:10','2019-08-20 13:12:10'),(1645,5,9,553,'2019-08-20','2019-08-20 13:12:10','2019-08-20 13:12:10'),(1646,5,9,556,'2019-08-20','2019-08-20 13:12:10','2019-08-20 13:12:10'),(1647,5,9,558,'2019-08-20','2019-08-20 13:12:10','2019-08-20 13:12:10'),(1648,5,9,559,'2019-08-20','2019-08-20 13:12:10','2019-08-20 13:12:10'),(1649,5,9,560,'2019-08-20','2019-08-20 13:12:10','2019-08-20 13:12:10'),(1650,5,9,563,'2019-08-20','2019-08-20 13:12:10','2019-08-20 13:12:10'),(1651,5,9,564,'2019-08-20','2019-08-20 13:12:10','2019-08-20 13:12:10'),(1652,5,9,566,'2019-08-20','2019-08-20 13:12:10','2019-08-20 13:12:10'),(1653,5,9,567,'2019-08-20','2019-08-20 13:12:10','2019-08-20 13:12:10'),(1654,5,9,568,'2019-08-20','2019-08-20 13:12:10','2019-08-20 13:12:10'),(1655,5,9,569,'2019-08-20','2019-08-20 13:12:10','2019-08-20 13:12:10'),(1656,5,9,570,'2019-08-20','2019-08-20 13:12:10','2019-08-20 13:12:10'),(1657,5,9,575,'2019-08-20','2019-08-20 13:12:10','2019-08-20 13:12:10'),(1658,5,9,576,'2019-08-20','2019-08-20 13:12:10','2019-08-20 13:12:10'),(1659,5,9,578,'2019-08-20','2019-08-20 13:12:10','2019-08-20 13:12:10'),(1660,5,9,579,'2019-08-20','2019-08-20 13:12:10','2019-08-20 13:12:10'),(1661,5,9,580,'2019-08-20','2019-08-20 13:12:10','2019-08-20 13:12:10'),(1662,5,9,581,'2019-08-20','2019-08-20 13:12:10','2019-08-20 13:12:10'),(1663,5,9,582,'2019-08-20','2019-08-20 13:12:10','2019-08-20 13:12:10'),(1664,5,9,583,'2019-08-20','2019-08-20 13:12:10','2019-08-20 13:12:10'),(1665,5,9,584,'2019-08-20','2019-08-20 13:12:10','2019-08-20 13:12:10'),(1666,5,9,585,'2019-08-20','2019-08-20 13:12:10','2019-08-20 13:12:10'),(1667,5,9,586,'2019-08-20','2019-08-20 13:12:10','2019-08-20 13:12:10'),(1668,5,10,500,'2019-08-20','2019-08-20 13:12:14','2019-08-20 13:12:14'),(1669,5,10,513,'2019-08-20','2019-08-20 13:12:14','2019-08-20 13:12:14'),(1670,5,10,531,'2019-08-20','2019-08-20 13:12:14','2019-08-20 13:12:14'),(1671,5,10,532,'2019-08-20','2019-08-20 13:12:14','2019-08-20 13:12:14'),(1672,5,10,536,'2019-08-20','2019-08-20 13:12:14','2019-08-20 13:12:14'),(1673,5,10,537,'2019-08-20','2019-08-20 13:12:14','2019-08-20 13:12:14'),(1674,5,10,541,'2019-08-20','2019-08-20 13:12:14','2019-08-20 13:12:14'),(1675,5,10,542,'2019-08-20','2019-08-20 13:12:14','2019-08-20 13:12:14'),(1676,5,10,548,'2019-08-20','2019-08-20 13:12:14','2019-08-20 13:12:14'),(1677,5,10,549,'2019-08-20','2019-08-20 13:12:14','2019-08-20 13:12:14'),(1678,5,10,554,'2019-08-20','2019-08-20 13:12:14','2019-08-20 13:12:14'),(1679,5,10,555,'2019-08-20','2019-08-20 13:12:14','2019-08-20 13:12:14'),(1680,5,10,561,'2019-08-20','2019-08-20 13:12:14','2019-08-20 13:12:14'),(1681,5,10,562,'2019-08-20','2019-08-20 13:12:14','2019-08-20 13:12:14'),(1682,5,10,572,'2019-08-20','2019-08-20 13:12:14','2019-08-20 13:12:14'),(1683,5,10,577,'2019-08-20','2019-08-20 13:12:14','2019-08-20 13:12:14'),(1684,5,11,514,'2019-08-20','2019-08-20 13:12:16','2019-08-20 13:12:16'),(1685,5,11,543,'2019-08-20','2019-08-20 13:12:16','2019-08-20 13:12:16'),(1686,5,11,557,'2019-08-20','2019-08-20 13:12:16','2019-08-20 13:12:16'),(1687,5,12,518,'2019-08-20','2019-08-20 13:12:18','2019-08-20 13:12:18'),(1688,5,12,519,'2019-08-20','2019-08-20 13:12:18','2019-08-20 13:12:18'),(1689,5,12,520,'2019-08-20','2019-08-20 13:12:18','2019-08-20 13:12:18'),(1690,5,8,505,'2019-08-21','2019-08-20 13:12:25','2019-08-20 13:12:25'),(1691,5,8,506,'2019-08-21','2019-08-20 13:12:25','2019-08-20 13:12:25'),(1692,5,8,515,'2019-08-21','2019-08-20 13:12:25','2019-08-20 13:12:25'),(1693,5,8,516,'2019-08-21','2019-08-20 13:12:25','2019-08-20 13:12:25'),(1694,5,8,517,'2019-08-21','2019-08-20 13:12:25','2019-08-20 13:12:25'),(1695,5,8,525,'2019-08-21','2019-08-20 13:12:25','2019-08-20 13:12:25'),(1696,5,8,571,'2019-08-21','2019-08-20 13:12:25','2019-08-20 13:12:25'),(1697,5,8,573,'2019-08-21','2019-08-20 13:12:25','2019-08-20 13:12:25'),(1698,5,8,574,'2019-08-21','2019-08-20 13:12:25','2019-08-20 13:12:25'),(1699,5,9,497,'2019-08-21','2019-08-20 13:12:26','2019-08-20 13:12:26'),(1700,5,9,498,'2019-08-21','2019-08-20 13:12:26','2019-08-20 13:12:26'),(1701,5,9,499,'2019-08-21','2019-08-20 13:12:26','2019-08-20 13:12:26'),(1702,5,9,501,'2019-08-21','2019-08-20 13:12:26','2019-08-20 13:12:26'),(1703,5,9,502,'2019-08-21','2019-08-20 13:12:26','2019-08-20 13:12:26'),(1704,5,9,507,'2019-08-21','2019-08-20 13:12:26','2019-08-20 13:12:26'),(1705,5,9,508,'2019-08-21','2019-08-20 13:12:26','2019-08-20 13:12:26'),(1706,5,9,509,'2019-08-21','2019-08-20 13:12:26','2019-08-20 13:12:26'),(1707,5,9,510,'2019-08-21','2019-08-20 13:12:26','2019-08-20 13:12:26'),(1708,5,9,511,'2019-08-21','2019-08-20 13:12:26','2019-08-20 13:12:26'),(1709,5,9,512,'2019-08-21','2019-08-20 13:12:26','2019-08-20 13:12:26'),(1710,5,9,521,'2019-08-21','2019-08-20 13:12:26','2019-08-20 13:12:26'),(1711,5,9,522,'2019-08-21','2019-08-20 13:12:26','2019-08-20 13:12:26'),(1712,5,9,523,'2019-08-21','2019-08-20 13:12:26','2019-08-20 13:12:26'),(1713,5,9,524,'2019-08-21','2019-08-20 13:12:26','2019-08-20 13:12:26'),(1714,5,9,528,'2019-08-21','2019-08-20 13:12:26','2019-08-20 13:12:26'),(1715,5,9,529,'2019-08-21','2019-08-20 13:12:26','2019-08-20 13:12:26'),(1716,5,9,530,'2019-08-21','2019-08-20 13:12:26','2019-08-20 13:12:26'),(1717,5,9,533,'2019-08-21','2019-08-20 13:12:26','2019-08-20 13:12:26'),(1718,5,9,534,'2019-08-21','2019-08-20 13:12:26','2019-08-20 13:12:26'),(1719,5,9,535,'2019-08-21','2019-08-20 13:12:26','2019-08-20 13:12:26'),(1720,5,9,538,'2019-08-21','2019-08-20 13:12:26','2019-08-20 13:12:26'),(1721,5,9,539,'2019-08-21','2019-08-20 13:12:26','2019-08-20 13:12:26'),(1722,5,9,540,'2019-08-21','2019-08-20 13:12:26','2019-08-20 13:12:26'),(1723,5,9,544,'2019-08-21','2019-08-20 13:12:26','2019-08-20 13:12:26'),(1724,5,9,545,'2019-08-21','2019-08-20 13:12:26','2019-08-20 13:12:26'),(1725,5,9,546,'2019-08-21','2019-08-20 13:12:26','2019-08-20 13:12:26'),(1726,5,9,547,'2019-08-21','2019-08-20 13:12:26','2019-08-20 13:12:26'),(1727,5,9,550,'2019-08-21','2019-08-20 13:12:26','2019-08-20 13:12:26'),(1728,5,9,551,'2019-08-21','2019-08-20 13:12:26','2019-08-20 13:12:26'),(1729,5,9,552,'2019-08-21','2019-08-20 13:12:26','2019-08-20 13:12:26'),(1730,5,9,553,'2019-08-21','2019-08-20 13:12:26','2019-08-20 13:12:26'),(1731,5,9,556,'2019-08-21','2019-08-20 13:12:26','2019-08-20 13:12:26'),(1732,5,9,558,'2019-08-21','2019-08-20 13:12:26','2019-08-20 13:12:26'),(1733,5,9,559,'2019-08-21','2019-08-20 13:12:26','2019-08-20 13:12:26'),(1734,5,9,560,'2019-08-21','2019-08-20 13:12:26','2019-08-20 13:12:26'),(1735,5,9,563,'2019-08-21','2019-08-20 13:12:26','2019-08-20 13:12:26'),(1736,5,9,564,'2019-08-21','2019-08-20 13:12:26','2019-08-20 13:12:26'),(1737,5,9,566,'2019-08-21','2019-08-20 13:12:26','2019-08-20 13:12:26'),(1738,5,9,567,'2019-08-21','2019-08-20 13:12:26','2019-08-20 13:12:26'),(1739,5,9,568,'2019-08-21','2019-08-20 13:12:26','2019-08-20 13:12:26'),(1740,5,9,569,'2019-08-21','2019-08-20 13:12:26','2019-08-20 13:12:26'),(1741,5,9,570,'2019-08-21','2019-08-20 13:12:26','2019-08-20 13:12:26'),(1742,5,9,575,'2019-08-21','2019-08-20 13:12:26','2019-08-20 13:12:26'),(1743,5,9,576,'2019-08-21','2019-08-20 13:12:26','2019-08-20 13:12:26'),(1744,5,9,578,'2019-08-21','2019-08-20 13:12:26','2019-08-20 13:12:26'),(1745,5,9,579,'2019-08-21','2019-08-20 13:12:26','2019-08-20 13:12:26'),(1746,5,9,580,'2019-08-21','2019-08-20 13:12:26','2019-08-20 13:12:26'),(1747,5,9,581,'2019-08-21','2019-08-20 13:12:26','2019-08-20 13:12:26'),(1748,5,9,582,'2019-08-21','2019-08-20 13:12:26','2019-08-20 13:12:26'),(1749,5,9,583,'2019-08-21','2019-08-20 13:12:26','2019-08-20 13:12:26'),(1750,5,9,584,'2019-08-21','2019-08-20 13:12:26','2019-08-20 13:12:26'),(1751,5,9,585,'2019-08-21','2019-08-20 13:12:26','2019-08-20 13:12:26'),(1752,5,9,586,'2019-08-21','2019-08-20 13:12:26','2019-08-20 13:12:26'),(1753,5,10,500,'2019-08-21','2019-08-20 13:12:29','2019-08-20 13:12:29'),(1754,5,10,513,'2019-08-21','2019-08-20 13:12:29','2019-08-20 13:12:29'),(1755,5,10,531,'2019-08-21','2019-08-20 13:12:29','2019-08-20 13:12:29'),(1756,5,10,532,'2019-08-21','2019-08-20 13:12:29','2019-08-20 13:12:29'),(1757,5,10,536,'2019-08-21','2019-08-20 13:12:29','2019-08-20 13:12:29'),(1758,5,10,537,'2019-08-21','2019-08-20 13:12:29','2019-08-20 13:12:29'),(1759,5,10,541,'2019-08-21','2019-08-20 13:12:29','2019-08-20 13:12:29'),(1760,5,10,542,'2019-08-21','2019-08-20 13:12:29','2019-08-20 13:12:29'),(1761,5,10,548,'2019-08-21','2019-08-20 13:12:29','2019-08-20 13:12:29'),(1762,5,10,549,'2019-08-21','2019-08-20 13:12:29','2019-08-20 13:12:29'),(1763,5,10,554,'2019-08-21','2019-08-20 13:12:29','2019-08-20 13:12:29'),(1764,5,10,555,'2019-08-21','2019-08-20 13:12:29','2019-08-20 13:12:29'),(1765,5,10,561,'2019-08-21','2019-08-20 13:12:29','2019-08-20 13:12:29'),(1766,5,10,562,'2019-08-21','2019-08-20 13:12:29','2019-08-20 13:12:29'),(1767,5,10,572,'2019-08-21','2019-08-20 13:12:29','2019-08-20 13:12:29'),(1768,5,10,577,'2019-08-21','2019-08-20 13:12:29','2019-08-20 13:12:29'),(1769,5,11,514,'2019-08-21','2019-08-20 13:12:31','2019-08-20 13:12:31'),(1770,5,11,543,'2019-08-21','2019-08-20 13:12:31','2019-08-20 13:12:31'),(1771,5,11,557,'2019-08-21','2019-08-20 13:12:31','2019-08-20 13:12:31'),(1772,5,12,518,'2019-08-21','2019-08-20 13:12:33','2019-08-20 13:12:33'),(1773,5,12,519,'2019-08-21','2019-08-20 13:12:33','2019-08-20 13:12:33'),(1774,5,12,520,'2019-08-21','2019-08-20 13:12:33','2019-08-20 13:12:33'),(1775,5,8,505,'2019-08-22','2019-08-20 13:12:37','2019-08-20 13:12:37'),(1776,5,8,506,'2019-08-22','2019-08-20 13:12:37','2019-08-20 13:12:37'),(1777,5,8,515,'2019-08-22','2019-08-20 13:12:37','2019-08-20 13:12:37'),(1778,5,8,516,'2019-08-22','2019-08-20 13:12:37','2019-08-20 13:12:37'),(1779,5,8,517,'2019-08-22','2019-08-20 13:12:37','2019-08-20 13:12:37'),(1780,5,8,525,'2019-08-22','2019-08-20 13:12:37','2019-08-20 13:12:37'),(1781,5,8,571,'2019-08-22','2019-08-20 13:12:37','2019-08-20 13:12:37'),(1782,5,8,573,'2019-08-22','2019-08-20 13:12:37','2019-08-20 13:12:37'),(1783,5,8,574,'2019-08-22','2019-08-20 13:12:37','2019-08-20 13:12:37'),(1784,5,9,497,'2019-08-22','2019-08-20 13:12:40','2019-08-20 13:12:40'),(1785,5,9,498,'2019-08-22','2019-08-20 13:12:40','2019-08-20 13:12:40'),(1786,5,9,499,'2019-08-22','2019-08-20 13:12:40','2019-08-20 13:12:40'),(1787,5,9,501,'2019-08-22','2019-08-20 13:12:40','2019-08-20 13:12:40'),(1788,5,9,502,'2019-08-22','2019-08-20 13:12:40','2019-08-20 13:12:40'),(1789,5,9,507,'2019-08-22','2019-08-20 13:12:40','2019-08-20 13:12:40'),(1790,5,9,508,'2019-08-22','2019-08-20 13:12:40','2019-08-20 13:12:40'),(1791,5,9,509,'2019-08-22','2019-08-20 13:12:40','2019-08-20 13:12:40'),(1792,5,9,510,'2019-08-22','2019-08-20 13:12:40','2019-08-20 13:12:40'),(1793,5,9,511,'2019-08-22','2019-08-20 13:12:40','2019-08-20 13:12:40'),(1794,5,9,512,'2019-08-22','2019-08-20 13:12:40','2019-08-20 13:12:40'),(1795,5,9,521,'2019-08-22','2019-08-20 13:12:40','2019-08-20 13:12:40'),(1796,5,9,522,'2019-08-22','2019-08-20 13:12:40','2019-08-20 13:12:40'),(1797,5,9,523,'2019-08-22','2019-08-20 13:12:40','2019-08-20 13:12:40'),(1798,5,9,524,'2019-08-22','2019-08-20 13:12:40','2019-08-20 13:12:40'),(1799,5,9,528,'2019-08-22','2019-08-20 13:12:40','2019-08-20 13:12:40'),(1800,5,9,529,'2019-08-22','2019-08-20 13:12:40','2019-08-20 13:12:40'),(1801,5,9,530,'2019-08-22','2019-08-20 13:12:40','2019-08-20 13:12:40'),(1802,5,9,533,'2019-08-22','2019-08-20 13:12:40','2019-08-20 13:12:40'),(1803,5,9,534,'2019-08-22','2019-08-20 13:12:40','2019-08-20 13:12:40'),(1804,5,9,535,'2019-08-22','2019-08-20 13:12:40','2019-08-20 13:12:40'),(1805,5,9,538,'2019-08-22','2019-08-20 13:12:40','2019-08-20 13:12:40'),(1806,5,9,539,'2019-08-22','2019-08-20 13:12:40','2019-08-20 13:12:40'),(1807,5,9,540,'2019-08-22','2019-08-20 13:12:40','2019-08-20 13:12:40'),(1808,5,9,544,'2019-08-22','2019-08-20 13:12:40','2019-08-20 13:12:40'),(1809,5,9,545,'2019-08-22','2019-08-20 13:12:40','2019-08-20 13:12:40'),(1810,5,9,546,'2019-08-22','2019-08-20 13:12:40','2019-08-20 13:12:40'),(1811,5,9,547,'2019-08-22','2019-08-20 13:12:40','2019-08-20 13:12:40'),(1812,5,9,550,'2019-08-22','2019-08-20 13:12:40','2019-08-20 13:12:40'),(1813,5,9,551,'2019-08-22','2019-08-20 13:12:40','2019-08-20 13:12:40'),(1814,5,9,552,'2019-08-22','2019-08-20 13:12:40','2019-08-20 13:12:40'),(1815,5,9,553,'2019-08-22','2019-08-20 13:12:40','2019-08-20 13:12:40'),(1816,5,9,556,'2019-08-22','2019-08-20 13:12:40','2019-08-20 13:12:40'),(1817,5,9,558,'2019-08-22','2019-08-20 13:12:40','2019-08-20 13:12:40'),(1818,5,9,559,'2019-08-22','2019-08-20 13:12:40','2019-08-20 13:12:40'),(1819,5,9,560,'2019-08-22','2019-08-20 13:12:40','2019-08-20 13:12:40'),(1820,5,9,563,'2019-08-22','2019-08-20 13:12:40','2019-08-20 13:12:40'),(1821,5,9,564,'2019-08-22','2019-08-20 13:12:40','2019-08-20 13:12:40'),(1822,5,9,566,'2019-08-22','2019-08-20 13:12:40','2019-08-20 13:12:40'),(1823,5,9,567,'2019-08-22','2019-08-20 13:12:40','2019-08-20 13:12:40'),(1824,5,9,568,'2019-08-22','2019-08-20 13:12:40','2019-08-20 13:12:40'),(1825,5,9,569,'2019-08-22','2019-08-20 13:12:40','2019-08-20 13:12:40'),(1826,5,9,570,'2019-08-22','2019-08-20 13:12:40','2019-08-20 13:12:40'),(1827,5,9,575,'2019-08-22','2019-08-20 13:12:40','2019-08-20 13:12:40'),(1828,5,9,576,'2019-08-22','2019-08-20 13:12:40','2019-08-20 13:12:40'),(1829,5,9,578,'2019-08-22','2019-08-20 13:12:40','2019-08-20 13:12:40'),(1830,5,9,579,'2019-08-22','2019-08-20 13:12:40','2019-08-20 13:12:40'),(1831,5,9,580,'2019-08-22','2019-08-20 13:12:40','2019-08-20 13:12:40'),(1832,5,9,581,'2019-08-22','2019-08-20 13:12:40','2019-08-20 13:12:40'),(1833,5,9,582,'2019-08-22','2019-08-20 13:12:40','2019-08-20 13:12:40'),(1834,5,9,583,'2019-08-22','2019-08-20 13:12:40','2019-08-20 13:12:40'),(1835,5,9,584,'2019-08-22','2019-08-20 13:12:40','2019-08-20 13:12:40'),(1836,5,9,585,'2019-08-22','2019-08-20 13:12:40','2019-08-20 13:12:40'),(1837,5,9,586,'2019-08-22','2019-08-20 13:12:40','2019-08-20 13:12:40'),(1838,5,10,500,'2019-08-22','2019-08-20 13:12:42','2019-08-20 13:12:42'),(1839,5,10,513,'2019-08-22','2019-08-20 13:12:43','2019-08-20 13:12:43'),(1840,5,10,531,'2019-08-22','2019-08-20 13:12:43','2019-08-20 13:12:43'),(1841,5,10,532,'2019-08-22','2019-08-20 13:12:43','2019-08-20 13:12:43'),(1842,5,10,536,'2019-08-22','2019-08-20 13:12:43','2019-08-20 13:12:43'),(1843,5,10,537,'2019-08-22','2019-08-20 13:12:43','2019-08-20 13:12:43'),(1844,5,10,541,'2019-08-22','2019-08-20 13:12:43','2019-08-20 13:12:43'),(1845,5,10,542,'2019-08-22','2019-08-20 13:12:43','2019-08-20 13:12:43'),(1846,5,10,548,'2019-08-22','2019-08-20 13:12:43','2019-08-20 13:12:43'),(1847,5,10,549,'2019-08-22','2019-08-20 13:12:43','2019-08-20 13:12:43'),(1848,5,10,554,'2019-08-22','2019-08-20 13:12:43','2019-08-20 13:12:43'),(1849,5,10,555,'2019-08-22','2019-08-20 13:12:43','2019-08-20 13:12:43'),(1850,5,10,561,'2019-08-22','2019-08-20 13:12:43','2019-08-20 13:12:43'),(1851,5,10,562,'2019-08-22','2019-08-20 13:12:43','2019-08-20 13:12:43'),(1852,5,10,572,'2019-08-22','2019-08-20 13:12:43','2019-08-20 13:12:43'),(1853,5,10,577,'2019-08-22','2019-08-20 13:12:43','2019-08-20 13:12:43'),(1854,5,11,514,'2019-08-22','2019-08-20 13:12:44','2019-08-20 13:12:44'),(1855,5,11,543,'2019-08-22','2019-08-20 13:12:44','2019-08-20 13:12:44'),(1856,5,11,557,'2019-08-22','2019-08-20 13:12:44','2019-08-20 13:12:44'),(1857,5,12,518,'2019-08-22','2019-08-20 13:12:46','2019-08-20 13:12:46'),(1858,5,12,519,'2019-08-22','2019-08-20 13:12:46','2019-08-20 13:12:46'),(1859,5,12,520,'2019-08-22','2019-08-20 13:12:46','2019-08-20 13:12:46'),(1860,5,8,505,'2019-08-23','2019-08-20 13:12:51','2019-08-20 13:12:51'),(1861,5,8,506,'2019-08-23','2019-08-20 13:12:51','2019-08-20 13:12:51'),(1862,5,8,515,'2019-08-23','2019-08-20 13:12:51','2019-08-20 13:12:51'),(1863,5,8,516,'2019-08-23','2019-08-20 13:12:51','2019-08-20 13:12:51'),(1864,5,8,517,'2019-08-23','2019-08-20 13:12:51','2019-08-20 13:12:51'),(1865,5,8,525,'2019-08-23','2019-08-20 13:12:51','2019-08-20 13:12:51'),(1866,5,8,571,'2019-08-23','2019-08-20 13:12:51','2019-08-20 13:12:51'),(1867,5,8,573,'2019-08-23','2019-08-20 13:12:51','2019-08-20 13:12:51'),(1868,5,8,574,'2019-08-23','2019-08-20 13:12:51','2019-08-20 13:12:51'),(1869,5,9,497,'2019-08-23','2019-08-20 13:12:53','2019-08-20 13:12:53'),(1870,5,9,498,'2019-08-23','2019-08-20 13:12:53','2019-08-20 13:12:53'),(1871,5,9,499,'2019-08-23','2019-08-20 13:12:53','2019-08-20 13:12:53'),(1872,5,9,501,'2019-08-23','2019-08-20 13:12:53','2019-08-20 13:12:53'),(1873,5,9,502,'2019-08-23','2019-08-20 13:12:53','2019-08-20 13:12:53'),(1874,5,9,507,'2019-08-23','2019-08-20 13:12:53','2019-08-20 13:12:53'),(1875,5,9,508,'2019-08-23','2019-08-20 13:12:53','2019-08-20 13:12:53'),(1876,5,9,509,'2019-08-23','2019-08-20 13:12:53','2019-08-20 13:12:53'),(1877,5,9,510,'2019-08-23','2019-08-20 13:12:53','2019-08-20 13:12:53'),(1878,5,9,511,'2019-08-23','2019-08-20 13:12:53','2019-08-20 13:12:53'),(1879,5,9,512,'2019-08-23','2019-08-20 13:12:53','2019-08-20 13:12:53'),(1880,5,9,521,'2019-08-23','2019-08-20 13:12:53','2019-08-20 13:12:53'),(1881,5,9,522,'2019-08-23','2019-08-20 13:12:53','2019-08-20 13:12:53'),(1882,5,9,523,'2019-08-23','2019-08-20 13:12:53','2019-08-20 13:12:53'),(1883,5,9,524,'2019-08-23','2019-08-20 13:12:53','2019-08-20 13:12:53'),(1884,5,9,528,'2019-08-23','2019-08-20 13:12:53','2019-08-20 13:12:53'),(1885,5,9,529,'2019-08-23','2019-08-20 13:12:53','2019-08-20 13:12:53'),(1886,5,9,530,'2019-08-23','2019-08-20 13:12:53','2019-08-20 13:12:53'),(1887,5,9,533,'2019-08-23','2019-08-20 13:12:53','2019-08-20 13:12:53'),(1888,5,9,534,'2019-08-23','2019-08-20 13:12:53','2019-08-20 13:12:53'),(1889,5,9,535,'2019-08-23','2019-08-20 13:12:53','2019-08-20 13:12:53'),(1890,5,9,538,'2019-08-23','2019-08-20 13:12:53','2019-08-20 13:12:53'),(1891,5,9,539,'2019-08-23','2019-08-20 13:12:53','2019-08-20 13:12:53'),(1892,5,9,540,'2019-08-23','2019-08-20 13:12:53','2019-08-20 13:12:53'),(1893,5,9,544,'2019-08-23','2019-08-20 13:12:53','2019-08-20 13:12:53'),(1894,5,9,545,'2019-08-23','2019-08-20 13:12:53','2019-08-20 13:12:53'),(1895,5,9,546,'2019-08-23','2019-08-20 13:12:53','2019-08-20 13:12:53'),(1896,5,9,547,'2019-08-23','2019-08-20 13:12:53','2019-08-20 13:12:53'),(1897,5,9,550,'2019-08-23','2019-08-20 13:12:53','2019-08-20 13:12:53'),(1898,5,9,551,'2019-08-23','2019-08-20 13:12:53','2019-08-20 13:12:53'),(1899,5,9,552,'2019-08-23','2019-08-20 13:12:53','2019-08-20 13:12:53'),(1900,5,9,553,'2019-08-23','2019-08-20 13:12:53','2019-08-20 13:12:53'),(1901,5,9,556,'2019-08-23','2019-08-20 13:12:53','2019-08-20 13:12:53'),(1902,5,9,558,'2019-08-23','2019-08-20 13:12:53','2019-08-20 13:12:53'),(1903,5,9,559,'2019-08-23','2019-08-20 13:12:53','2019-08-20 13:12:53'),(1904,5,9,560,'2019-08-23','2019-08-20 13:12:53','2019-08-20 13:12:53'),(1905,5,9,563,'2019-08-23','2019-08-20 13:12:53','2019-08-20 13:12:53'),(1906,5,9,564,'2019-08-23','2019-08-20 13:12:53','2019-08-20 13:12:53'),(1907,5,9,566,'2019-08-23','2019-08-20 13:12:53','2019-08-20 13:12:53'),(1908,5,9,567,'2019-08-23','2019-08-20 13:12:53','2019-08-20 13:12:53'),(1909,5,9,568,'2019-08-23','2019-08-20 13:12:53','2019-08-20 13:12:53'),(1910,5,9,569,'2019-08-23','2019-08-20 13:12:53','2019-08-20 13:12:53'),(1911,5,9,570,'2019-08-23','2019-08-20 13:12:53','2019-08-20 13:12:53'),(1912,5,9,575,'2019-08-23','2019-08-20 13:12:53','2019-08-20 13:12:53'),(1913,5,9,576,'2019-08-23','2019-08-20 13:12:53','2019-08-20 13:12:53'),(1914,5,9,578,'2019-08-23','2019-08-20 13:12:53','2019-08-20 13:12:53'),(1915,5,9,579,'2019-08-23','2019-08-20 13:12:53','2019-08-20 13:12:53'),(1916,5,9,580,'2019-08-23','2019-08-20 13:12:53','2019-08-20 13:12:53'),(1917,5,9,581,'2019-08-23','2019-08-20 13:12:53','2019-08-20 13:12:53'),(1918,5,9,582,'2019-08-23','2019-08-20 13:12:53','2019-08-20 13:12:53'),(1919,5,9,583,'2019-08-23','2019-08-20 13:12:53','2019-08-20 13:12:53'),(1920,5,9,584,'2019-08-23','2019-08-20 13:12:53','2019-08-20 13:12:53'),(1921,5,9,585,'2019-08-23','2019-08-20 13:12:53','2019-08-20 13:12:53'),(1922,5,9,586,'2019-08-23','2019-08-20 13:12:53','2019-08-20 13:12:53'),(1923,5,10,500,'2019-08-23','2019-08-20 13:12:56','2019-08-20 13:12:56'),(1924,5,10,513,'2019-08-23','2019-08-20 13:12:56','2019-08-20 13:12:56'),(1925,5,10,531,'2019-08-23','2019-08-20 13:12:56','2019-08-20 13:12:56'),(1926,5,10,532,'2019-08-23','2019-08-20 13:12:56','2019-08-20 13:12:56'),(1927,5,10,536,'2019-08-23','2019-08-20 13:12:56','2019-08-20 13:12:56'),(1928,5,10,537,'2019-08-23','2019-08-20 13:12:56','2019-08-20 13:12:56'),(1929,5,10,541,'2019-08-23','2019-08-20 13:12:56','2019-08-20 13:12:56'),(1930,5,10,542,'2019-08-23','2019-08-20 13:12:56','2019-08-20 13:12:56'),(1931,5,10,548,'2019-08-23','2019-08-20 13:12:56','2019-08-20 13:12:56'),(1932,5,10,549,'2019-08-23','2019-08-20 13:12:56','2019-08-20 13:12:56'),(1933,5,10,554,'2019-08-23','2019-08-20 13:12:56','2019-08-20 13:12:56'),(1934,5,10,555,'2019-08-23','2019-08-20 13:12:56','2019-08-20 13:12:56'),(1935,5,10,561,'2019-08-23','2019-08-20 13:12:56','2019-08-20 13:12:56'),(1936,5,10,562,'2019-08-23','2019-08-20 13:12:56','2019-08-20 13:12:56'),(1937,5,10,572,'2019-08-23','2019-08-20 13:12:56','2019-08-20 13:12:56'),(1938,5,10,577,'2019-08-23','2019-08-20 13:12:56','2019-08-20 13:12:56'),(1939,5,11,514,'2019-08-23','2019-08-20 13:13:00','2019-08-20 13:13:00'),(1940,5,11,543,'2019-08-23','2019-08-20 13:13:00','2019-08-20 13:13:00'),(1941,5,11,557,'2019-08-23','2019-08-20 13:13:00','2019-08-20 13:13:00'),(1942,5,12,518,'2019-08-23','2019-08-20 13:13:03','2019-08-20 13:13:03'),(1943,5,12,519,'2019-08-23','2019-08-20 13:13:03','2019-08-20 13:13:03'),(1944,5,12,520,'2019-08-23','2019-08-20 13:13:03','2019-08-20 13:13:03'),(1945,6,8,505,'2019-08-25','2019-08-25 12:42:41','2019-08-25 12:42:41'),(1946,6,8,515,'2019-08-25','2019-08-25 12:42:58','2019-08-25 12:42:58'),(1947,6,8,574,'2019-08-25','2019-08-25 12:43:02','2019-08-25 12:43:02'),(1948,6,9,497,'2019-08-25','2019-08-25 12:43:30','2019-08-25 12:43:30'),(1949,6,9,498,'2019-08-25','2019-08-25 12:43:31','2019-08-25 12:43:31'),(1951,6,9,501,'2019-08-25','2019-08-25 12:43:47','2019-08-25 12:43:47'),(1952,6,10,537,'2019-08-25','2019-08-25 12:43:54','2019-08-25 12:43:54'),(1953,6,10,531,'2019-08-25','2019-08-25 12:43:56','2019-08-25 12:43:56'),(1954,6,10,561,'2019-08-25','2019-08-25 12:44:00','2019-08-25 12:44:00'),(1955,6,10,536,'2019-08-25','2019-08-25 12:44:03','2019-08-25 12:44:03'),(1956,6,11,543,'2019-08-25','2019-08-25 12:44:06','2019-08-25 12:44:06'),(1957,6,11,557,'2019-08-25','2019-08-25 12:44:07','2019-08-25 12:44:07'),(1958,6,12,519,'2019-08-25','2019-08-25 12:44:09','2019-08-25 12:44:09'),(1959,6,12,520,'2019-08-25','2019-08-25 12:44:10','2019-08-25 12:44:10');
/*!40000 ALTER TABLE `week_meals` ENABLE KEYS */;
UNLOCK TABLES;

--
-- Table structure for table `weeks`
--

DROP TABLE IF EXISTS `weeks`;
/*!40101 SET @saved_cs_client     = @@character_set_client */;
/*!40101 SET character_set_client = utf8 */;
CREATE TABLE `weeks` (
  `id` int(10) unsigned NOT NULL AUTO_INCREMENT,
  `startdate` date NOT NULL,
  `enddate` date NOT NULL,
  `created_at` timestamp NULL DEFAULT NULL,
  `updated_at` timestamp NULL DEFAULT NULL,
  `name` varchar(255) COLLATE utf8mb4_unicode_ci NOT NULL,
  PRIMARY KEY (`id`)
) ENGINE=InnoDB AUTO_INCREMENT=8 DEFAULT CHARSET=utf8mb4 COLLATE=utf8mb4_unicode_ci;
/*!40101 SET character_set_client = @saved_cs_client */;

--
-- Dumping data for table `weeks`
--

LOCK TABLES `weeks` WRITE;
/*!40000 ALTER TABLE `weeks` DISABLE KEYS */;
INSERT INTO `weeks` VALUES (5,'2019-08-20','2019-08-24','2019-08-20 13:11:56','2019-08-20 13:11:56','Week 1'),(6,'2019-08-25','2019-08-29','2019-08-25 12:40:21','2019-08-25 12:40:21','Week 1 weekdays'),(7,'2019-08-25','2019-08-31','2019-08-25 12:40:59','2019-08-25 12:40:59','Week 1');
/*!40000 ALTER TABLE `weeks` ENABLE KEYS */;
UNLOCK TABLES;
/*!40103 SET TIME_ZONE=@OLD_TIME_ZONE */;

/*!40101 SET SQL_MODE=@OLD_SQL_MODE */;
/*!40014 SET FOREIGN_KEY_CHECKS=@OLD_FOREIGN_KEY_CHECKS */;
/*!40014 SET UNIQUE_CHECKS=@OLD_UNIQUE_CHECKS */;
/*!40101 SET CHARACTER_SET_CLIENT=@OLD_CHARACTER_SET_CLIENT */;
/*!40101 SET CHARACTER_SET_RESULTS=@OLD_CHARACTER_SET_RESULTS */;
/*!40101 SET COLLATION_CONNECTION=@OLD_COLLATION_CONNECTION */;
/*!40111 SET SQL_NOTES=@OLD_SQL_NOTES */;

-- Dump completed on 2019-09-03 10:46:17
