-- MySQL dump 10.17  Distrib 10.3.13-MariaDB, for debian-linux-gnu (x86_64)
--
-- Host: localhost    Database: forge
-- ------------------------------------------------------
-- Server version	10.3.13-MariaDB-1:10.3.13+maria~xenial-log

/*!40101 SET @OLD_CHARACTER_SET_CLIENT=@@CHARACTER_SET_CLIENT */;
/*!40101 SET @OLD_CHARACTER_SET_RESULTS=@@CHARACTER_SET_RESULTS */;
/*!40101 SET @OLD_COLLATION_CONNECTION=@@COLLATION_CONNECTION */;
/*!40101 SET NAMES utf8mb4 */;
/*!40103 SET @OLD_TIME_ZONE=@@TIME_ZONE */;
/*!40103 SET TIME_ZONE='+00:00' */;
/*!40014 SET @OLD_UNIQUE_CHECKS=@@UNIQUE_CHECKS, UNIQUE_CHECKS=0 */;
/*!40014 SET @OLD_FOREIGN_KEY_CHECKS=@@FOREIGN_KEY_CHECKS, FOREIGN_KEY_CHECKS=0 */;
/*!40101 SET @OLD_SQL_MODE=@@SQL_MODE, SQL_MODE='NO_AUTO_VALUE_ON_ZERO' */;
/*!40111 SET @OLD_SQL_NOTES=@@SQL_NOTES, SQL_NOTES=0 */;

--
-- Table structure for table `additional_ingredients`
--

DROP TABLE IF EXISTS `additional_ingredients`;
/*!40101 SET @saved_cs_client     = @@character_set_client */;
/*!40101 SET character_set_client = utf8 */;
CREATE TABLE `additional_ingredients` (
  `customer_meal_id` int(10) unsigned NOT NULL,
  `ingredient_id` int(10) unsigned NOT NULL,
  `amount` int(11) NOT NULL,
  `created_at` timestamp NULL DEFAULT NULL,
  `updated_at` timestamp NULL DEFAULT NULL,
  PRIMARY KEY (`customer_meal_id`,`ingredient_id`),
  KEY `additional_ingredients_ingredient_id_foreign` (`ingredient_id`),
  CONSTRAINT `additional_ingredients_customer_meal_id_foreign` FOREIGN KEY (`customer_meal_id`) REFERENCES `customer_meals` (`id`) ON DELETE CASCADE,
  CONSTRAINT `additional_ingredients_ingredient_id_foreign` FOREIGN KEY (`ingredient_id`) REFERENCES `ingredients` (`id`) ON DELETE CASCADE
) ENGINE=InnoDB DEFAULT CHARSET=utf8mb4 COLLATE=utf8mb4_unicode_ci;
/*!40101 SET character_set_client = @saved_cs_client */;

--
-- Dumping data for table `additional_ingredients`
--

LOCK TABLES `additional_ingredients` WRITE;
/*!40000 ALTER TABLE `additional_ingredients` DISABLE KEYS */;
/*!40000 ALTER TABLE `additional_ingredients` ENABLE KEYS */;
UNLOCK TABLES;

--
-- Table structure for table `customer_days`
--

DROP TABLE IF EXISTS `customer_days`;
/*!40101 SET @saved_cs_client     = @@character_set_client */;
/*!40101 SET character_set_client = utf8 */;
CREATE TABLE `customer_days` (
  `id` int(10) unsigned NOT NULL AUTO_INCREMENT,
  `customer_id` int(10) unsigned NOT NULL,
  `day` date NOT NULL,
  `created_at` timestamp NULL DEFAULT NULL,
  `updated_at` timestamp NULL DEFAULT NULL,
  PRIMARY KEY (`id`),
  KEY `customer_days_customer_id_foreign` (`customer_id`),
  CONSTRAINT `customer_days_customer_id_foreign` FOREIGN KEY (`customer_id`) REFERENCES `customers` (`id`)
) ENGINE=InnoDB DEFAULT CHARSET=utf8mb4 COLLATE=utf8mb4_unicode_ci;
/*!40101 SET character_set_client = @saved_cs_client */;

--
-- Dumping data for table `customer_days`
--

LOCK TABLES `customer_days` WRITE;
/*!40000 ALTER TABLE `customer_days` DISABLE KEYS */;
/*!40000 ALTER TABLE `customer_days` ENABLE KEYS */;
UNLOCK TABLES;

--
-- Table structure for table `customer_disliked_ingredients`
--

DROP TABLE IF EXISTS `customer_disliked_ingredients`;
/*!40101 SET @saved_cs_client     = @@character_set_client */;
/*!40101 SET character_set_client = utf8 */;
CREATE TABLE `customer_disliked_ingredients` (
  `id` int(10) unsigned NOT NULL AUTO_INCREMENT,
  `ingredient_id` int(10) unsigned NOT NULL,
  `customer_id` int(10) unsigned NOT NULL,
  `created_at` timestamp NULL DEFAULT NULL,
  `updated_at` timestamp NULL DEFAULT NULL,
  PRIMARY KEY (`id`),
  KEY `customer_disliked_ingredients_ingredient_id_foreign` (`ingredient_id`),
  KEY `customer_disliked_ingredients_customer_id_foreign` (`customer_id`),
  CONSTRAINT `customer_disliked_ingredients_customer_id_foreign` FOREIGN KEY (`customer_id`) REFERENCES `customers` (`id`),
  CONSTRAINT `customer_disliked_ingredients_ingredient_id_foreign` FOREIGN KEY (`ingredient_id`) REFERENCES `ingredients` (`id`)
) ENGINE=InnoDB AUTO_INCREMENT=120 DEFAULT CHARSET=utf8mb4 COLLATE=utf8mb4_unicode_ci;
/*!40101 SET character_set_client = @saved_cs_client */;

--
-- Dumping data for table `customer_disliked_ingredients`
--

LOCK TABLES `customer_disliked_ingredients` WRITE;
/*!40000 ALTER TABLE `customer_disliked_ingredients` DISABLE KEYS */;
INSERT INTO `customer_disliked_ingredients` VALUES (1,71,29,'2019-04-08 08:21:19','2019-04-08 08:21:19'),(2,2,29,'2019-04-08 08:22:14','2019-04-08 08:22:14'),(3,31,29,'2019-04-08 08:22:14','2019-04-08 08:22:14'),(4,31,25,'2019-04-08 08:23:36','2019-04-08 08:23:36'),(5,124,25,'2019-04-08 08:23:36','2019-04-08 08:23:36'),(6,40,30,'2019-04-08 08:48:11','2019-04-08 08:48:11'),(7,53,30,'2019-04-08 08:48:11','2019-04-08 08:48:11'),(8,22,33,'2019-04-08 12:14:12','2019-04-08 12:14:12'),(9,8,33,'2019-04-08 12:15:37','2019-04-08 12:15:37'),(10,9,33,'2019-04-08 12:15:37','2019-04-08 12:15:37'),(11,73,37,'2019-04-08 13:18:52','2019-04-08 13:18:52'),(12,9,37,'2019-04-08 13:20:13','2019-04-08 13:20:13'),(13,73,14,'2019-04-10 11:34:28','2019-04-10 11:34:28'),(14,22,53,'2019-04-11 07:10:20','2019-04-11 07:10:20'),(15,13,53,'2019-04-11 07:10:20','2019-04-11 07:10:20'),(16,42,53,'2019-04-11 07:10:20','2019-04-11 07:10:20'),(17,44,53,'2019-04-11 07:10:20','2019-04-11 07:10:20'),(18,43,53,'2019-04-11 07:10:20','2019-04-11 07:10:20'),(19,57,68,'2019-04-11 13:26:09','2019-04-11 13:26:09'),(20,63,76,'2019-04-15 06:46:59','2019-04-15 06:46:59'),(21,76,76,'2019-04-15 06:46:59','2019-04-15 06:46:59'),(22,95,76,'2019-04-15 06:46:59','2019-04-15 06:46:59'),(23,4,94,'2019-04-15 12:30:11','2019-04-15 12:30:11'),(24,2,115,'2019-04-17 07:37:52','2019-04-17 07:37:52'),(25,2,139,'2019-04-24 06:26:37','2019-04-24 06:26:37'),(26,6,139,'2019-04-24 06:26:37','2019-04-24 06:26:37'),(27,8,139,'2019-04-24 06:26:37','2019-04-24 06:26:37'),(28,139,139,'2019-04-24 06:26:37','2019-04-24 06:26:37'),(29,2,168,'2019-04-25 08:55:52','2019-04-25 08:55:52'),(30,3,168,'2019-04-25 08:55:53','2019-04-25 08:55:53'),(31,4,168,'2019-04-25 08:55:53','2019-04-25 08:55:53'),(32,5,168,'2019-04-25 08:55:53','2019-04-25 08:55:53'),(33,49,168,'2019-04-25 08:55:53','2019-04-25 08:55:53'),(34,57,115,'2019-04-25 09:03:06','2019-04-25 09:03:06'),(35,4,173,'2019-04-25 10:20:31','2019-04-25 10:20:31'),(36,5,173,'2019-04-25 10:20:31','2019-04-25 10:20:31'),(37,31,174,'2019-04-25 11:54:41','2019-04-25 11:54:41'),(38,45,174,'2019-04-25 11:54:41','2019-04-25 11:54:41'),(39,73,175,'2019-04-25 12:02:56','2019-04-25 12:02:56'),(40,67,175,'2019-04-25 12:02:56','2019-04-25 12:02:56'),(41,7,179,'2019-04-27 13:42:19','2019-04-27 13:42:19'),(42,8,179,'2019-04-27 13:42:19','2019-04-27 13:42:19'),(43,9,179,'2019-04-27 13:42:19','2019-04-27 13:42:19'),(44,31,179,'2019-04-27 13:42:19','2019-04-27 13:42:19'),(45,45,179,'2019-04-27 13:42:19','2019-04-27 13:42:19'),(46,6,256,'2019-06-13 12:22:23','2019-06-13 12:22:23'),(47,8,256,'2019-06-13 12:22:23','2019-06-13 12:22:23'),(48,9,256,'2019-06-13 12:22:23','2019-06-13 12:22:23'),(49,2,256,'2019-06-13 12:22:23','2019-06-13 12:22:23'),(50,3,256,'2019-06-13 12:22:23','2019-06-13 12:22:23'),(51,33,266,'2019-06-20 12:11:02','2019-06-20 12:11:02'),(52,34,266,'2019-06-20 12:11:02','2019-06-20 12:11:02'),(53,35,266,'2019-06-20 12:11:02','2019-06-20 12:11:02'),(54,57,266,'2019-06-20 12:11:02','2019-06-20 12:11:02'),(55,58,266,'2019-06-20 12:11:02','2019-06-20 12:11:02'),(56,59,266,'2019-06-20 12:11:02','2019-06-20 12:11:02'),(57,67,266,'2019-06-20 12:11:02','2019-06-20 12:11:02'),(58,7,265,'2019-06-20 12:14:18','2019-06-20 12:14:18'),(59,24,261,'2019-06-20 12:18:36','2019-06-20 12:18:36'),(60,116,253,'2019-06-20 12:24:30','2019-06-20 12:24:30'),(61,152,253,'2019-06-20 12:27:25','2019-06-20 12:27:25'),(62,7,252,'2019-06-20 12:28:16','2019-06-20 12:28:16'),(63,28,250,'2019-06-20 12:32:20','2019-06-20 12:32:20'),(64,123,248,'2019-06-20 12:36:33','2019-06-20 12:36:33'),(65,18,248,'2019-06-20 12:37:32','2019-06-20 12:37:32'),(66,154,248,'2019-06-20 12:41:12','2019-06-20 12:41:12'),(67,153,248,'2019-06-20 12:41:12','2019-06-20 12:41:12'),(68,137,245,'2019-06-20 12:48:43','2019-06-20 12:48:43'),(69,49,244,'2019-06-20 12:49:15','2019-06-20 12:49:15'),(70,43,243,'2019-06-20 12:50:30','2019-06-20 12:50:30'),(71,44,243,'2019-06-20 12:51:00','2019-06-20 12:51:00'),(72,42,243,'2019-06-20 12:51:00','2019-06-20 12:51:00'),(73,21,282,'2019-06-20 13:23:13','2019-06-20 13:23:13'),(74,49,282,'2019-06-20 13:23:13','2019-06-20 13:23:13'),(75,29,128,'2019-08-20 14:11:17','2019-08-20 14:11:17'),(76,135,128,'2019-08-20 14:11:17','2019-08-20 14:11:17'),(77,30,128,'2019-08-20 14:11:17','2019-08-20 14:11:17'),(78,25,128,'2019-08-20 14:11:17','2019-08-20 14:11:17'),(79,26,128,'2019-08-20 14:11:17','2019-08-20 14:11:17'),(80,24,128,'2019-08-20 14:11:17','2019-08-20 14:11:17'),(81,99,287,'2019-08-21 15:11:17','2019-08-21 15:11:17'),(82,37,289,'2019-08-24 05:43:32','2019-08-24 05:43:32'),(83,32,291,'2019-08-24 08:19:16','2019-08-24 08:19:16'),(84,173,293,'2019-08-24 09:06:50','2019-08-24 09:06:50'),(85,4,293,'2019-08-24 09:06:50','2019-08-24 09:06:50'),(86,86,294,'2019-08-24 10:41:03','2019-08-24 10:41:03'),(87,46,294,'2019-08-24 10:41:42','2019-08-24 10:41:42'),(88,31,294,'2019-08-24 10:41:42','2019-08-24 10:41:42'),(89,45,295,'2019-08-25 13:29:48','2019-08-25 13:29:48'),(90,31,295,'2019-08-25 13:29:48','2019-08-25 13:29:48'),(91,135,331,'2019-08-28 06:41:12','2019-08-28 06:41:12'),(92,110,346,'2019-08-28 09:37:25','2019-08-28 09:37:25'),(93,31,346,'2019-08-28 09:37:25','2019-08-28 09:37:25'),(94,57,350,'2019-09-01 11:58:15','2019-09-01 11:58:15'),(95,2,350,'2019-09-01 11:58:15','2019-09-01 11:58:15'),(96,67,352,'2019-09-01 12:17:10','2019-09-01 12:17:10'),(97,73,352,'2019-09-01 12:17:16','2019-09-01 12:17:16'),(98,6,353,'2019-09-01 12:24:52','2019-09-01 12:24:52'),(99,18,360,'2019-09-01 16:02:42','2019-09-01 16:02:42'),(100,123,360,'2019-09-01 16:02:42','2019-09-01 16:02:42'),(101,77,360,'2019-09-01 16:02:42','2019-09-01 16:02:42'),(102,31,360,'2019-09-01 16:02:42','2019-09-01 16:02:42'),(103,16,363,'2019-09-02 09:40:01','2019-09-02 09:40:01'),(104,2,377,'2019-09-02 13:33:31','2019-09-02 13:33:31'),(105,51,379,'2019-09-02 14:47:52','2019-09-02 14:47:52'),(106,49,379,'2019-09-02 14:47:52','2019-09-02 14:47:52'),(107,73,397,'2019-09-03 09:12:47','2019-09-03 09:12:47'),(108,123,397,'2019-09-03 09:12:47','2019-09-03 09:12:47'),(109,2,399,'2019-09-03 09:38:20','2019-09-03 09:38:20'),(110,29,409,'2019-09-04 06:28:13','2019-09-04 06:28:13'),(111,31,424,'2019-09-04 12:37:28','2019-09-04 12:37:28'),(112,29,426,'2019-09-04 13:01:12','2019-09-04 13:01:12'),(113,40,426,'2019-09-04 13:01:12','2019-09-04 13:01:12'),(114,18,430,'2019-09-04 13:33:31','2019-09-04 13:33:31'),(115,32,430,'2019-09-04 13:33:31','2019-09-04 13:33:31'),(116,29,477,'2019-09-05 15:42:23','2019-09-05 15:42:23'),(117,7,488,'2019-09-07 13:25:07','2019-09-07 13:25:07'),(118,82,488,'2019-10-06 10:28:49','2019-10-06 10:28:49'),(119,102,488,'2019-10-06 10:28:49','2019-10-06 10:28:49');
/*!40000 ALTER TABLE `customer_disliked_ingredients` ENABLE KEYS */;
UNLOCK TABLES;

--
-- Table structure for table `customer_excluded_days`
--

DROP TABLE IF EXISTS `customer_excluded_days`;
/*!40101 SET @saved_cs_client     = @@character_set_client */;
/*!40101 SET character_set_client = utf8 */;
CREATE TABLE `customer_excluded_days` (
  `id` int(10) unsigned NOT NULL AUTO_INCREMENT,
  `customer_id` int(10) unsigned NOT NULL,
  `day` smallint(6) NOT NULL,
  `created_at` timestamp NULL DEFAULT NULL,
  `updated_at` timestamp NULL DEFAULT NULL,
  PRIMARY KEY (`id`),
  KEY `customer_excluded_days_customer_id_foreign` (`customer_id`),
  CONSTRAINT `customer_excluded_days_customer_id_foreign` FOREIGN KEY (`customer_id`) REFERENCES `customers` (`id`)
) ENGINE=InnoDB DEFAULT CHARSET=utf8mb4 COLLATE=utf8mb4_unicode_ci;
/*!40101 SET character_set_client = @saved_cs_client */;

--
-- Dumping data for table `customer_excluded_days`
--

LOCK TABLES `customer_excluded_days` WRITE;
/*!40000 ALTER TABLE `customer_excluded_days` DISABLE KEYS */;
/*!40000 ALTER TABLE `customer_excluded_days` ENABLE KEYS */;
UNLOCK TABLES;

--
-- Table structure for table `customer_ingredients_amount`
--

DROP TABLE IF EXISTS `customer_ingredients_amount`;
/*!40101 SET @saved_cs_client     = @@character_set_client */;
/*!40101 SET character_set_client = utf8 */;
CREATE TABLE `customer_ingredients_amount` (
  `id` int(10) unsigned NOT NULL AUTO_INCREMENT,
  `customer_id` int(10) unsigned NOT NULL,
  `ingredient_type_id` int(10) unsigned DEFAULT NULL,
  `amount` int(11) DEFAULT NULL,
  `created_at` timestamp NULL DEFAULT NULL,
  `updated_at` timestamp NULL DEFAULT NULL,
  `meal_type_id` int(10) unsigned DEFAULT NULL,
  PRIMARY KEY (`id`),
  KEY `customer_ingredients_amount_customer_id_foreign` (`customer_id`),
  KEY `customer_ingredients_amount_ingredient_type_id_foreign` (`ingredient_type_id`),
  KEY `customer_ingredients_amount_meal_type_id_foreign` (`meal_type_id`),
  CONSTRAINT `customer_ingredients_amount_customer_id_foreign` FOREIGN KEY (`customer_id`) REFERENCES `customers` (`id`),
  CONSTRAINT `customer_ingredients_amount_ingredient_type_id_foreign` FOREIGN KEY (`ingredient_type_id`) REFERENCES `ingredient_types` (`id`),
  CONSTRAINT `customer_ingredients_amount_meal_type_id_foreign` FOREIGN KEY (`meal_type_id`) REFERENCES `meal_types` (`id`)
) ENGINE=InnoDB AUTO_INCREMENT=6 DEFAULT CHARSET=utf8mb4 COLLATE=utf8mb4_unicode_ci;
/*!40101 SET character_set_client = @saved_cs_client */;

--
-- Dumping data for table `customer_ingredients_amount`
--

LOCK TABLES `customer_ingredients_amount` WRITE;
/*!40000 ALTER TABLE `customer_ingredients_amount` DISABLE KEYS */;
/*!40000 ALTER TABLE `customer_ingredients_amount` ENABLE KEYS */;
UNLOCK TABLES;

--
-- Table structure for table `customer_meal`
--

DROP TABLE IF EXISTS `customer_meal`;
/*!40101 SET @saved_cs_client     = @@character_set_client */;
/*!40101 SET character_set_client = utf8 */;
CREATE TABLE `customer_meal` (
  `customer_id` int(10) unsigned NOT NULL,
  `meal_id` int(10) unsigned NOT NULL,
  `date` date NOT NULL,
  `notes` longtext COLLATE utf8mb4_unicode_ci NOT NULL,
  PRIMARY KEY (`customer_id`,`meal_id`,`date`),
  KEY `customer_meal_customer_id_index` (`customer_id`),
  KEY `customer_meal_meal_id_index` (`meal_id`),
  CONSTRAINT `customer_meal_customer_id_foreign` FOREIGN KEY (`customer_id`) REFERENCES `customers` (`id`) ON DELETE CASCADE,
  CONSTRAINT `customer_meal_meal_id_foreign` FOREIGN KEY (`meal_id`) REFERENCES `meals` (`id`) ON DELETE CASCADE
) ENGINE=InnoDB DEFAULT CHARSET=utf8mb4 COLLATE=utf8mb4_unicode_ci;
/*!40101 SET character_set_client = @saved_cs_client */;

--
-- Dumping data for table `customer_meal`
--

LOCK TABLES `customer_meal` WRITE;
/*!40000 ALTER TABLE `customer_meal` DISABLE KEYS */;
/*!40000 ALTER TABLE `customer_meal` ENABLE KEYS */;
UNLOCK TABLES;

--
-- Table structure for table `customer_meal_amounts`
--

DROP TABLE IF EXISTS `customer_meal_amounts`;
/*!40101 SET @saved_cs_client     = @@character_set_client */;
/*!40101 SET character_set_client = utf8 */;
CREATE TABLE `customer_meal_amounts` (
  `customer_meal_id` int(10) unsigned NOT NULL,
  `ingredient_type_id` int(10) unsigned NOT NULL,
  `amount` int(11) NOT NULL,
  `created_at` timestamp NULL DEFAULT NULL,
  `updated_at` timestamp NULL DEFAULT NULL,
  PRIMARY KEY (`customer_meal_id`,`ingredient_type_id`),
  KEY `cmamounts_it` (`ingredient_type_id`),
  CONSTRAINT `cmamounts_cm` FOREIGN KEY (`customer_meal_id`) REFERENCES `customer_meals` (`id`) ON DELETE CASCADE,
  CONSTRAINT `cmamounts_it` FOREIGN KEY (`ingredient_type_id`) REFERENCES `ingredient_types` (`id`) ON DELETE CASCADE
) ENGINE=InnoDB DEFAULT CHARSET=utf8mb4 COLLATE=utf8mb4_unicode_ci;
/*!40101 SET character_set_client = @saved_cs_client */;

--
-- Dumping data for table `customer_meal_amounts`
--

LOCK TABLES `customer_meal_amounts` WRITE;
/*!40000 ALTER TABLE `customer_meal_amounts` DISABLE KEYS */;
/*!40000 ALTER TABLE `customer_meal_amounts` ENABLE KEYS */;
UNLOCK TABLES;

--
-- Table structure for table `customer_meal_types`
--

DROP TABLE IF EXISTS `customer_meal_types`;
/*!40101 SET @saved_cs_client     = @@character_set_client */;
/*!40101 SET character_set_client = utf8 */;
CREATE TABLE `customer_meal_types` (
  `id` int(10) unsigned NOT NULL AUTO_INCREMENT,
  `customer_id` int(10) unsigned NOT NULL,
  `meal_type_id` int(10) unsigned NOT NULL,
  `created_at` timestamp NULL DEFAULT NULL,
  `updated_at` timestamp NULL DEFAULT NULL,
  PRIMARY KEY (`id`),
  KEY `customer_meal_types_customer_id_foreign` (`customer_id`),
  KEY `customer_meal_types_meal_type_id_foreign` (`meal_type_id`),
  CONSTRAINT `customer_meal_types_customer_id_foreign` FOREIGN KEY (`customer_id`) REFERENCES `customers` (`id`),
  CONSTRAINT `customer_meal_types_meal_type_id_foreign` FOREIGN KEY (`meal_type_id`) REFERENCES `meal_types` (`id`)
) ENGINE=InnoDB AUTO_INCREMENT=798 DEFAULT CHARSET=utf8mb4 COLLATE=utf8mb4_unicode_ci;
/*!40101 SET character_set_client = @saved_cs_client */;

--
-- Dumping data for table `customer_meal_types`
--

LOCK TABLES `customer_meal_types` WRITE;
/*!40000 ALTER TABLE `customer_meal_types` DISABLE KEYS */;
INSERT INTO `customer_meal_types` VALUES (1,283,8,'2019-08-20 13:44:13','2019-08-20 13:44:13'),(2,283,9,'2019-08-20 13:44:14','2019-08-20 13:44:14'),(3,283,10,'2019-08-20 13:44:14','2019-08-20 13:44:14'),(4,283,11,'2019-08-20 13:44:14','2019-08-20 13:44:14'),(5,283,12,'2019-08-20 13:44:15','2019-08-20 13:44:15'),(6,128,8,'2019-08-20 13:58:34','2019-08-20 13:58:34'),(7,128,9,'2019-08-20 13:58:35','2019-08-20 13:58:35'),(8,128,10,'2019-08-20 13:58:35','2019-08-20 13:58:35'),(9,128,11,'2019-08-20 14:08:51','2019-08-20 14:08:51'),(10,128,12,'2019-08-20 14:08:51','2019-08-20 14:08:51'),(11,286,8,'2019-08-21 14:37:57','2019-08-21 14:37:57'),(12,286,9,'2019-08-21 14:37:58','2019-08-21 14:37:58'),(13,286,10,'2019-08-21 14:37:59','2019-08-21 14:37:59'),(14,286,11,'2019-08-21 14:38:00','2019-08-21 14:38:00'),(15,286,12,'2019-08-21 14:38:01','2019-08-21 14:38:01'),(16,287,8,'2019-08-21 15:05:27','2019-08-21 15:05:27'),(17,287,9,'2019-08-21 15:05:28','2019-08-21 15:05:28'),(18,287,10,'2019-08-21 15:05:29','2019-08-21 15:05:29'),(19,287,11,'2019-08-21 15:05:30','2019-08-21 15:05:30'),(20,287,12,'2019-08-21 15:05:31','2019-08-21 15:05:31'),(21,288,9,'2019-08-22 08:32:38','2019-08-22 08:32:38'),(22,288,10,'2019-08-22 08:32:40','2019-08-22 08:32:40'),(23,288,11,'2019-08-22 08:32:52','2019-08-22 08:32:52'),(24,289,8,'2019-08-22 08:48:56','2019-08-22 08:48:56'),(25,289,9,'2019-08-22 08:48:58','2019-08-22 08:48:58'),(26,289,10,'2019-08-22 08:48:58','2019-08-22 08:48:58'),(27,289,11,'2019-08-22 08:48:59','2019-08-22 08:48:59'),(28,289,12,'2019-08-22 08:49:00','2019-08-22 08:49:00'),(29,291,8,'2019-08-24 08:17:11','2019-08-24 08:17:11'),(30,291,9,'2019-08-24 08:17:13','2019-08-24 08:17:13'),(31,291,10,'2019-08-24 08:17:14','2019-08-24 08:17:14'),(32,291,11,'2019-08-24 08:17:14','2019-08-24 08:17:14'),(33,291,12,'2019-08-24 08:17:15','2019-08-24 08:17:15'),(34,293,9,'2019-08-24 09:02:31','2019-08-24 09:02:31'),(35,293,10,'2019-08-24 09:02:33','2019-08-24 09:02:33'),(36,293,11,'2019-08-24 09:02:34','2019-08-24 09:02:34'),(37,293,12,'2019-08-24 09:02:34','2019-08-24 09:02:34'),(38,294,9,'2019-08-24 10:39:44','2019-08-24 10:39:44'),(39,294,8,'2019-08-24 10:39:47','2019-08-24 10:39:47'),(40,294,10,'2019-08-24 10:39:48','2019-08-24 10:39:48'),(41,294,11,'2019-08-24 10:39:48','2019-08-24 10:39:48'),(42,294,12,'2019-08-24 10:39:49','2019-08-24 10:39:49'),(43,295,8,'2019-08-25 13:28:25','2019-08-25 13:28:25'),(44,295,9,'2019-08-25 13:28:27','2019-08-25 13:28:27'),(45,295,10,'2019-08-25 13:28:28','2019-08-25 13:28:28'),(46,295,11,'2019-08-25 13:28:28','2019-08-25 13:28:28'),(47,295,12,'2019-08-25 13:28:29','2019-08-25 13:28:29'),(48,296,8,'2019-08-25 13:37:29','2019-08-25 13:37:29'),(49,296,9,'2019-08-25 13:37:30','2019-08-25 13:37:30'),(50,296,10,'2019-08-25 13:37:31','2019-08-25 13:37:31'),(51,296,11,'2019-08-25 13:37:32','2019-08-25 13:37:32'),(52,296,12,'2019-08-25 13:37:32','2019-08-25 13:37:32'),(53,301,8,'2019-08-25 14:29:04','2019-08-25 14:29:04'),(54,301,9,'2019-08-25 14:29:05','2019-08-25 14:29:05'),(55,301,10,'2019-08-25 14:29:06','2019-08-25 14:29:06'),(56,301,11,'2019-08-25 14:29:07','2019-08-25 14:29:07'),(57,301,12,'2019-08-25 14:29:07','2019-08-25 14:29:07'),(58,302,8,'2019-08-25 14:37:49','2019-08-25 14:37:49'),(59,302,9,'2019-08-25 14:37:50','2019-08-25 14:37:50'),(60,302,10,'2019-08-25 14:37:51','2019-08-25 14:37:51'),(61,302,11,'2019-08-25 14:37:51','2019-08-25 14:37:51'),(62,302,12,'2019-08-25 14:37:52','2019-08-25 14:37:52'),(63,303,8,'2019-08-25 14:54:38','2019-08-25 14:54:38'),(64,303,9,'2019-08-25 14:54:40','2019-08-25 14:54:40'),(65,303,10,'2019-08-25 14:54:40','2019-08-25 14:54:40'),(66,303,11,'2019-08-25 14:54:41','2019-08-25 14:54:41'),(67,303,12,'2019-08-25 14:54:41','2019-08-25 14:54:41'),(68,305,8,'2019-08-25 15:59:31','2019-08-25 15:59:31'),(69,305,9,'2019-08-25 15:59:32','2019-08-25 15:59:32'),(70,305,10,'2019-08-25 15:59:33','2019-08-25 15:59:33'),(71,305,11,'2019-08-25 15:59:34','2019-08-25 15:59:34'),(72,305,12,'2019-08-25 15:59:34','2019-08-25 15:59:34'),(73,306,12,'2019-08-25 16:06:06','2019-08-25 16:06:06'),(74,306,11,'2019-08-25 16:06:07','2019-08-25 16:06:07'),(75,306,10,'2019-08-25 16:06:08','2019-08-25 16:06:08'),(76,306,9,'2019-08-25 16:06:08','2019-08-25 16:06:08'),(77,306,8,'2019-08-25 16:06:09','2019-08-25 16:06:09'),(78,309,8,'2019-08-25 16:18:50','2019-08-25 16:18:50'),(79,309,9,'2019-08-25 16:18:52','2019-08-25 16:18:52'),(80,309,10,'2019-08-25 16:18:53','2019-08-25 16:18:53'),(81,309,11,'2019-08-25 16:18:53','2019-08-25 16:18:53'),(82,309,12,'2019-08-25 16:18:54','2019-08-25 16:18:54'),(83,311,8,'2019-08-26 05:29:47','2019-08-26 05:29:47'),(84,311,9,'2019-08-26 05:29:49','2019-08-26 05:29:49'),(85,311,10,'2019-08-26 05:29:49','2019-08-26 05:29:49'),(86,311,11,'2019-08-26 05:29:50','2019-08-26 05:29:50'),(87,311,12,'2019-08-26 05:29:51','2019-08-26 05:29:51'),(88,312,8,'2019-08-26 05:39:57','2019-08-26 05:39:57'),(89,312,9,'2019-08-26 05:39:58','2019-08-26 05:39:58'),(90,312,10,'2019-08-26 05:39:59','2019-08-26 05:39:59'),(91,312,11,'2019-08-26 05:40:00','2019-08-26 05:40:00'),(92,312,12,'2019-08-26 05:40:00','2019-08-26 05:40:00'),(93,313,8,'2019-08-26 05:51:53','2019-08-26 05:51:53'),(94,313,9,'2019-08-26 05:51:54','2019-08-26 05:51:54'),(95,313,10,'2019-08-26 05:51:55','2019-08-26 05:51:55'),(96,313,11,'2019-08-26 05:51:56','2019-08-26 05:51:56'),(97,313,12,'2019-08-26 05:51:56','2019-08-26 05:51:56'),(98,314,8,'2019-08-26 06:08:19','2019-08-26 06:08:19'),(99,314,9,'2019-08-26 06:08:20','2019-08-26 06:08:20'),(100,314,10,'2019-08-26 06:08:21','2019-08-26 06:08:21'),(101,314,11,'2019-08-26 06:08:23','2019-08-26 06:08:23'),(102,314,12,'2019-08-26 06:08:23','2019-08-26 06:08:23'),(103,315,8,'2019-08-26 06:17:16','2019-08-26 06:17:16'),(104,315,9,'2019-08-26 06:17:18','2019-08-26 06:17:18'),(105,315,10,'2019-08-26 06:17:19','2019-08-26 06:17:19'),(106,315,11,'2019-08-26 06:17:20','2019-08-26 06:17:20'),(107,315,12,'2019-08-26 06:17:21','2019-08-26 06:17:21'),(108,316,8,'2019-08-26 06:28:35','2019-08-26 06:28:35'),(109,316,9,'2019-08-26 06:28:37','2019-08-26 06:28:37'),(110,316,10,'2019-08-26 06:28:38','2019-08-26 06:28:38'),(111,316,11,'2019-08-26 06:28:38','2019-08-26 06:28:38'),(112,316,12,'2019-08-26 06:28:39','2019-08-26 06:28:39'),(113,317,8,'2019-08-26 06:37:53','2019-08-26 06:37:53'),(114,317,9,'2019-08-26 06:37:54','2019-08-26 06:37:54'),(115,317,10,'2019-08-26 06:37:55','2019-08-26 06:37:55'),(116,317,11,'2019-08-26 06:37:56','2019-08-26 06:37:56'),(117,317,12,'2019-08-26 06:37:57','2019-08-26 06:37:57'),(118,318,8,'2019-08-26 11:14:13','2019-08-26 11:14:13'),(119,318,9,'2019-08-26 11:14:15','2019-08-26 11:14:15'),(120,318,10,'2019-08-26 11:14:15','2019-08-26 11:14:15'),(121,318,11,'2019-08-26 11:14:16','2019-08-26 11:14:16'),(122,318,12,'2019-08-26 11:14:16','2019-08-26 11:14:16'),(123,325,8,'2019-08-27 05:40:57','2019-08-27 05:40:57'),(124,325,9,'2019-08-27 05:40:58','2019-08-27 05:40:58'),(125,325,10,'2019-08-27 05:40:59','2019-08-27 05:40:59'),(126,325,11,'2019-08-27 05:40:59','2019-08-27 05:40:59'),(127,325,12,'2019-08-27 05:41:00','2019-08-27 05:41:00'),(128,326,8,'2019-08-27 07:32:55','2019-08-27 07:32:55'),(129,326,9,'2019-08-27 07:32:56','2019-08-27 07:32:56'),(130,326,10,'2019-08-27 07:32:57','2019-08-27 07:32:57'),(131,326,11,'2019-08-27 07:32:58','2019-08-27 07:32:58'),(132,326,12,'2019-08-27 07:32:59','2019-08-27 07:32:59'),(133,328,8,'2019-08-27 08:37:36','2019-08-27 08:37:36'),(134,328,9,'2019-08-27 08:37:38','2019-08-27 08:37:38'),(135,328,10,'2019-08-27 08:37:38','2019-08-27 08:37:38'),(136,328,11,'2019-08-27 08:37:39','2019-08-27 08:37:39'),(137,328,12,'2019-08-27 08:37:39','2019-08-27 08:37:39'),(138,329,8,'2019-08-27 08:49:32','2019-08-27 08:49:32'),(139,329,9,'2019-08-27 08:49:35','2019-08-27 08:49:35'),(140,329,10,'2019-08-27 08:49:36','2019-08-27 08:49:36'),(141,329,11,'2019-08-27 08:49:37','2019-08-27 08:49:37'),(142,329,12,'2019-08-27 08:49:37','2019-08-27 08:49:37'),(143,330,8,'2019-08-27 09:05:31','2019-08-27 09:05:31'),(144,330,9,'2019-08-27 09:05:32','2019-08-27 09:05:32'),(145,330,10,'2019-08-27 09:05:33','2019-08-27 09:05:33'),(146,330,11,'2019-08-27 09:05:33','2019-08-27 09:05:33'),(147,330,12,'2019-08-27 09:05:34','2019-08-27 09:05:34'),(148,331,8,'2019-08-28 06:40:10','2019-08-28 06:40:10'),(149,331,9,'2019-08-28 06:40:13','2019-08-28 06:40:13'),(150,331,10,'2019-08-28 06:40:13','2019-08-28 06:40:13'),(151,331,11,'2019-08-28 06:40:14','2019-08-28 06:40:14'),(152,331,12,'2019-08-28 06:40:15','2019-08-28 06:40:15'),(153,332,8,'2019-08-28 06:54:21','2019-08-28 06:54:21'),(154,332,9,'2019-08-28 06:54:22','2019-08-28 06:54:22'),(155,332,10,'2019-08-28 06:54:22','2019-08-28 06:54:22'),(156,332,11,'2019-08-28 06:54:23','2019-08-28 06:54:23'),(157,332,12,'2019-08-28 06:54:23','2019-08-28 06:54:23'),(158,333,8,'2019-08-28 07:00:48','2019-08-28 07:00:48'),(159,333,9,'2019-08-28 07:00:50','2019-08-28 07:00:50'),(160,333,10,'2019-08-28 07:00:50','2019-08-28 07:00:50'),(161,333,11,'2019-08-28 07:00:51','2019-08-28 07:00:51'),(162,333,12,'2019-08-28 07:00:51','2019-08-28 07:00:51'),(163,334,8,'2019-08-28 07:11:31','2019-08-28 07:11:31'),(164,334,9,'2019-08-28 07:11:32','2019-08-28 07:11:32'),(165,334,10,'2019-08-28 07:11:33','2019-08-28 07:11:33'),(166,334,11,'2019-08-28 07:11:33','2019-08-28 07:11:33'),(167,334,12,'2019-08-28 07:11:34','2019-08-28 07:11:34'),(168,335,8,'2019-08-28 07:18:38','2019-08-28 07:18:38'),(169,335,9,'2019-08-28 07:18:41','2019-08-28 07:18:41'),(170,335,10,'2019-08-28 07:18:42','2019-08-28 07:18:42'),(171,335,11,'2019-08-28 07:18:43','2019-08-28 07:18:43'),(172,335,12,'2019-08-28 07:18:44','2019-08-28 07:18:44'),(173,337,8,'2019-08-28 07:34:44','2019-08-28 07:34:44'),(174,337,9,'2019-08-28 07:34:46','2019-08-28 07:34:46'),(175,337,10,'2019-08-28 07:34:46','2019-08-28 07:34:46'),(176,337,11,'2019-08-28 07:34:47','2019-08-28 07:34:47'),(177,337,12,'2019-08-28 07:34:47','2019-08-28 07:34:47'),(178,338,8,'2019-08-28 08:07:33','2019-08-28 08:07:33'),(179,338,9,'2019-08-28 08:07:35','2019-08-28 08:07:35'),(180,338,10,'2019-08-28 08:07:35','2019-08-28 08:07:35'),(181,338,11,'2019-08-28 08:07:37','2019-08-28 08:07:37'),(182,338,12,'2019-08-28 08:07:37','2019-08-28 08:07:37'),(183,339,8,'2019-08-28 08:13:59','2019-08-28 08:13:59'),(184,339,9,'2019-08-28 08:14:01','2019-08-28 08:14:01'),(185,339,10,'2019-08-28 08:14:02','2019-08-28 08:14:02'),(186,339,11,'2019-08-28 08:14:03','2019-08-28 08:14:03'),(187,339,12,'2019-08-28 08:14:03','2019-08-28 08:14:03'),(188,340,8,'2019-08-28 08:27:35','2019-08-28 08:27:35'),(189,340,9,'2019-08-28 08:27:36','2019-08-28 08:27:36'),(190,340,10,'2019-08-28 08:27:37','2019-08-28 08:27:37'),(191,340,11,'2019-08-28 08:27:38','2019-08-28 08:27:38'),(192,340,12,'2019-08-28 08:27:38','2019-08-28 08:27:38'),(193,341,8,'2019-08-28 08:35:44','2019-08-28 08:35:44'),(194,341,9,'2019-08-28 08:35:47','2019-08-28 08:35:47'),(195,341,10,'2019-08-28 08:35:47','2019-08-28 08:35:47'),(196,341,11,'2019-08-28 08:35:48','2019-08-28 08:35:48'),(197,341,12,'2019-08-28 08:35:49','2019-08-28 08:35:49'),(198,342,8,'2019-08-28 08:40:33','2019-08-28 08:40:33'),(199,342,9,'2019-08-28 08:40:35','2019-08-28 08:40:35'),(200,342,10,'2019-08-28 08:40:36','2019-08-28 08:40:36'),(201,342,11,'2019-08-28 08:40:36','2019-08-28 08:40:36'),(202,342,12,'2019-08-28 08:40:37','2019-08-28 08:40:37'),(203,343,8,'2019-08-28 08:53:19','2019-08-28 08:53:19'),(204,343,9,'2019-08-28 08:53:20','2019-08-28 08:53:20'),(205,343,10,'2019-08-28 08:53:21','2019-08-28 08:53:21'),(206,343,11,'2019-08-28 08:53:21','2019-08-28 08:53:21'),(207,343,12,'2019-08-28 08:53:22','2019-08-28 08:53:22'),(208,344,8,'2019-08-28 09:05:29','2019-08-28 09:05:29'),(209,344,9,'2019-08-28 09:05:30','2019-08-28 09:05:30'),(210,344,10,'2019-08-28 09:05:31','2019-08-28 09:05:31'),(211,344,11,'2019-08-28 09:05:31','2019-08-28 09:05:31'),(212,344,12,'2019-08-28 09:05:32','2019-08-28 09:05:32'),(213,345,8,'2019-08-28 09:21:00','2019-08-28 09:21:00'),(214,345,9,'2019-08-28 09:21:01','2019-08-28 09:21:01'),(215,345,10,'2019-08-28 09:21:02','2019-08-28 09:21:02'),(216,345,11,'2019-08-28 09:21:03','2019-08-28 09:21:03'),(217,345,12,'2019-08-28 09:21:03','2019-08-28 09:21:03'),(218,346,8,'2019-08-28 09:34:56','2019-08-28 09:34:56'),(219,346,9,'2019-08-28 09:34:57','2019-08-28 09:34:57'),(220,346,10,'2019-08-28 09:34:58','2019-08-28 09:34:58'),(221,346,11,'2019-08-28 09:34:59','2019-08-28 09:34:59'),(222,346,12,'2019-08-28 09:35:00','2019-08-28 09:35:00'),(223,347,8,'2019-08-28 10:34:28','2019-08-28 10:34:28'),(224,347,9,'2019-08-28 10:34:29','2019-08-28 10:34:29'),(225,347,10,'2019-08-28 10:34:30','2019-08-28 10:34:30'),(226,347,11,'2019-08-28 10:34:32','2019-08-28 10:34:32'),(227,347,12,'2019-08-28 10:34:33','2019-08-28 10:34:33'),(228,348,8,'2019-08-28 10:51:24','2019-08-28 10:51:24'),(229,348,9,'2019-08-28 10:51:25','2019-08-28 10:51:25'),(230,348,10,'2019-08-28 10:51:26','2019-08-28 10:51:26'),(231,348,11,'2019-08-28 10:51:26','2019-08-28 10:51:26'),(232,348,12,'2019-08-28 10:51:27','2019-08-28 10:51:27'),(233,349,8,'2019-09-01 11:51:16','2019-09-01 11:51:16'),(234,349,9,'2019-09-01 11:51:17','2019-09-01 11:51:17'),(235,349,10,'2019-09-01 11:51:18','2019-09-01 11:51:18'),(236,349,11,'2019-09-01 11:51:19','2019-09-01 11:51:19'),(237,349,12,'2019-09-01 11:51:19','2019-09-01 11:51:19'),(238,350,8,'2019-09-01 11:57:03','2019-09-01 11:57:03'),(239,350,9,'2019-09-01 11:57:04','2019-09-01 11:57:04'),(240,350,10,'2019-09-01 11:57:05','2019-09-01 11:57:05'),(241,350,11,'2019-09-01 11:57:05','2019-09-01 11:57:05'),(242,350,12,'2019-09-01 11:57:06','2019-09-01 11:57:06'),(243,351,8,'2019-09-01 12:07:57','2019-09-01 12:07:57'),(244,351,9,'2019-09-01 12:07:59','2019-09-01 12:07:59'),(245,351,10,'2019-09-01 12:08:00','2019-09-01 12:08:00'),(246,351,11,'2019-09-01 12:08:00','2019-09-01 12:08:00'),(247,351,12,'2019-09-01 12:08:01','2019-09-01 12:08:01'),(248,352,8,'2019-09-01 12:16:25','2019-09-01 12:16:25'),(249,352,9,'2019-09-01 12:16:27','2019-09-01 12:16:27'),(250,352,10,'2019-09-01 12:16:27','2019-09-01 12:16:27'),(251,352,11,'2019-09-01 12:16:28','2019-09-01 12:16:28'),(252,352,12,'2019-09-01 12:16:28','2019-09-01 12:16:28'),(253,353,8,'2019-09-01 12:24:08','2019-09-01 12:24:08'),(254,353,9,'2019-09-01 12:24:09','2019-09-01 12:24:09'),(255,353,10,'2019-09-01 12:24:10','2019-09-01 12:24:10'),(256,353,11,'2019-09-01 12:24:11','2019-09-01 12:24:11'),(257,353,12,'2019-09-01 12:24:11','2019-09-01 12:24:11'),(258,354,8,'2019-09-01 12:31:09','2019-09-01 12:31:09'),(259,354,9,'2019-09-01 12:31:10','2019-09-01 12:31:10'),(260,354,10,'2019-09-01 12:31:10','2019-09-01 12:31:10'),(261,354,11,'2019-09-01 12:31:11','2019-09-01 12:31:11'),(262,354,12,'2019-09-01 12:31:12','2019-09-01 12:31:12'),(263,355,8,'2019-09-01 12:39:19','2019-09-01 12:39:19'),(264,355,9,'2019-09-01 12:39:20','2019-09-01 12:39:20'),(265,355,10,'2019-09-01 12:39:21','2019-09-01 12:39:21'),(266,355,11,'2019-09-01 12:39:22','2019-09-01 12:39:22'),(267,355,12,'2019-09-01 12:39:23','2019-09-01 12:39:23'),(268,356,8,'2019-09-01 12:49:16','2019-09-01 12:49:16'),(269,356,9,'2019-09-01 12:49:18','2019-09-01 12:49:18'),(270,356,10,'2019-09-01 12:49:19','2019-09-01 12:49:19'),(271,356,11,'2019-09-01 12:49:20','2019-09-01 12:49:20'),(272,356,12,'2019-09-01 12:49:20','2019-09-01 12:49:20'),(273,357,8,'2019-09-01 12:53:57','2019-09-01 12:53:57'),(274,357,9,'2019-09-01 12:53:59','2019-09-01 12:53:59'),(275,357,10,'2019-09-01 12:53:59','2019-09-01 12:53:59'),(276,357,11,'2019-09-01 12:54:00','2019-09-01 12:54:00'),(277,357,12,'2019-09-01 12:54:00','2019-09-01 12:54:00'),(278,358,8,'2019-09-01 13:01:50','2019-09-01 13:01:50'),(279,358,9,'2019-09-01 13:01:51','2019-09-01 13:01:51'),(280,358,10,'2019-09-01 13:01:52','2019-09-01 13:01:52'),(281,358,11,'2019-09-01 13:01:52','2019-09-01 13:01:52'),(282,358,12,'2019-09-01 13:01:53','2019-09-01 13:01:53'),(283,359,8,'2019-09-01 13:12:15','2019-09-01 13:12:15'),(284,359,9,'2019-09-01 13:12:17','2019-09-01 13:12:17'),(285,359,10,'2019-09-01 13:12:18','2019-09-01 13:12:18'),(286,359,11,'2019-09-01 13:12:19','2019-09-01 13:12:19'),(287,359,12,'2019-09-01 13:12:19','2019-09-01 13:12:19'),(288,360,8,'2019-09-01 15:55:59','2019-09-01 15:55:59'),(289,360,9,'2019-09-01 15:56:00','2019-09-01 15:56:00'),(290,360,10,'2019-09-01 15:56:01','2019-09-01 15:56:01'),(291,360,11,'2019-09-01 15:56:02','2019-09-01 15:56:02'),(292,360,12,'2019-09-01 15:56:02','2019-09-01 15:56:02'),(293,361,8,'2019-09-01 16:18:13','2019-09-01 16:18:13'),(294,361,9,'2019-09-01 16:18:15','2019-09-01 16:18:15'),(295,361,10,'2019-09-01 16:18:16','2019-09-01 16:18:16'),(296,361,11,'2019-09-01 16:18:17','2019-09-01 16:18:17'),(297,361,12,'2019-09-01 16:18:18','2019-09-01 16:18:18'),(298,363,8,'2019-09-02 09:39:12','2019-09-02 09:39:12'),(299,363,9,'2019-09-02 09:39:13','2019-09-02 09:39:13'),(300,363,10,'2019-09-02 09:39:13','2019-09-02 09:39:13'),(301,363,11,'2019-09-02 09:39:14','2019-09-02 09:39:14'),(302,363,12,'2019-09-02 09:39:14','2019-09-02 09:39:14'),(303,364,8,'2019-09-02 10:05:35','2019-09-02 10:05:35'),(304,364,9,'2019-09-02 10:05:36','2019-09-02 10:05:36'),(305,364,10,'2019-09-02 10:05:37','2019-09-02 10:05:37'),(306,364,11,'2019-09-02 10:05:38','2019-09-02 10:05:38'),(307,364,12,'2019-09-02 10:05:38','2019-09-02 10:05:38'),(308,365,8,'2019-09-02 10:22:28','2019-09-02 10:22:28'),(309,365,9,'2019-09-02 10:22:29','2019-09-02 10:22:29'),(310,365,10,'2019-09-02 10:22:30','2019-09-02 10:22:30'),(311,365,11,'2019-09-02 10:22:30','2019-09-02 10:22:30'),(312,365,12,'2019-09-02 10:22:31','2019-09-02 10:22:31'),(313,366,8,'2019-09-02 10:57:21','2019-09-02 10:57:21'),(314,366,9,'2019-09-02 10:57:22','2019-09-02 10:57:22'),(315,366,10,'2019-09-02 10:57:23','2019-09-02 10:57:23'),(316,366,11,'2019-09-02 10:57:23','2019-09-02 10:57:23'),(317,366,12,'2019-09-02 10:57:24','2019-09-02 10:57:24'),(318,368,8,'2019-09-02 11:13:48','2019-09-02 11:13:48'),(319,368,9,'2019-09-02 11:13:49','2019-09-02 11:13:49'),(320,368,10,'2019-09-02 11:13:50','2019-09-02 11:13:50'),(321,368,11,'2019-09-02 11:13:51','2019-09-02 11:13:51'),(322,368,12,'2019-09-02 11:13:51','2019-09-02 11:13:51'),(323,369,8,'2019-09-02 11:23:43','2019-09-02 11:23:43'),(324,369,9,'2019-09-02 11:23:44','2019-09-02 11:23:44'),(325,369,10,'2019-09-02 11:23:45','2019-09-02 11:23:45'),(326,369,11,'2019-09-02 11:23:46','2019-09-02 11:23:46'),(327,369,12,'2019-09-02 11:23:46','2019-09-02 11:23:46'),(328,370,8,'2019-09-02 11:31:17','2019-09-02 11:31:17'),(329,370,9,'2019-09-02 11:31:18','2019-09-02 11:31:18'),(330,370,10,'2019-09-02 11:31:19','2019-09-02 11:31:19'),(331,370,11,'2019-09-02 11:31:19','2019-09-02 11:31:19'),(332,370,12,'2019-09-02 11:31:20','2019-09-02 11:31:20'),(333,371,8,'2019-09-02 11:36:37','2019-09-02 11:36:37'),(334,371,9,'2019-09-02 11:36:39','2019-09-02 11:36:39'),(335,371,10,'2019-09-02 11:36:39','2019-09-02 11:36:39'),(336,371,11,'2019-09-02 11:36:40','2019-09-02 11:36:40'),(337,371,12,'2019-09-02 11:36:40','2019-09-02 11:36:40'),(338,374,8,'2019-09-02 12:27:25','2019-09-02 12:27:25'),(339,374,9,'2019-09-02 12:27:27','2019-09-02 12:27:27'),(340,374,10,'2019-09-02 12:27:28','2019-09-02 12:27:28'),(341,374,11,'2019-09-02 12:27:28','2019-09-02 12:27:28'),(342,374,12,'2019-09-02 12:27:29','2019-09-02 12:27:29'),(343,376,8,'2019-09-02 13:24:58','2019-09-02 13:24:58'),(344,376,9,'2019-09-02 13:25:01','2019-09-02 13:25:01'),(345,376,10,'2019-09-02 13:25:01','2019-09-02 13:25:01'),(346,376,11,'2019-09-02 13:25:02','2019-09-02 13:25:02'),(347,376,12,'2019-09-02 13:25:02','2019-09-02 13:25:02'),(348,377,8,'2019-09-02 13:33:15','2019-09-02 13:33:15'),(349,377,9,'2019-09-02 13:33:16','2019-09-02 13:33:16'),(350,377,10,'2019-09-02 13:33:17','2019-09-02 13:33:17'),(351,377,11,'2019-09-02 13:33:17','2019-09-02 13:33:17'),(352,377,12,'2019-09-02 13:33:18','2019-09-02 13:33:18'),(353,379,8,'2019-09-02 14:45:08','2019-09-02 14:45:08'),(354,379,9,'2019-09-02 14:45:11','2019-09-02 14:45:11'),(355,379,10,'2019-09-02 14:45:12','2019-09-02 14:45:12'),(356,379,11,'2019-09-02 14:45:12','2019-09-02 14:45:12'),(357,379,12,'2019-09-02 14:45:13','2019-09-02 14:45:13'),(358,383,8,'2019-09-02 15:17:42','2019-09-02 15:17:42'),(359,383,9,'2019-09-02 15:17:43','2019-09-02 15:17:43'),(360,383,10,'2019-09-02 15:17:44','2019-09-02 15:17:44'),(361,383,11,'2019-09-02 15:17:44','2019-09-02 15:17:44'),(362,383,12,'2019-09-02 15:17:45','2019-09-02 15:17:45'),(363,384,8,'2019-09-02 15:28:38','2019-09-02 15:28:38'),(364,384,10,'2019-09-02 15:28:41','2019-09-02 15:28:41'),(365,384,9,'2019-09-02 15:28:41','2019-09-02 15:28:41'),(366,384,11,'2019-09-02 15:28:41','2019-09-02 15:28:41'),(367,384,12,'2019-09-02 15:28:42','2019-09-02 15:28:42'),(368,387,8,'2019-09-02 15:49:06','2019-09-02 15:49:06'),(369,387,9,'2019-09-02 15:49:07','2019-09-02 15:49:07'),(370,387,10,'2019-09-02 15:49:08','2019-09-02 15:49:08'),(371,387,11,'2019-09-02 15:49:08','2019-09-02 15:49:08'),(372,387,12,'2019-09-02 15:49:09','2019-09-02 15:49:09'),(373,388,8,'2019-09-03 07:03:53','2019-09-03 07:03:53'),(374,388,9,'2019-09-03 07:03:54','2019-09-03 07:03:54'),(375,388,10,'2019-09-03 07:03:55','2019-09-03 07:03:55'),(376,388,11,'2019-09-03 07:03:55','2019-09-03 07:03:55'),(377,388,12,'2019-09-03 07:03:56','2019-09-03 07:03:56'),(378,389,8,'2019-09-03 07:21:51','2019-09-03 07:21:51'),(379,389,9,'2019-09-03 07:21:52','2019-09-03 07:21:52'),(380,389,10,'2019-09-03 07:21:53','2019-09-03 07:21:53'),(381,389,11,'2019-09-03 07:21:53','2019-09-03 07:21:53'),(382,389,12,'2019-09-03 07:21:54','2019-09-03 07:21:54'),(383,390,8,'2019-09-03 07:34:24','2019-09-03 07:34:24'),(384,390,9,'2019-09-03 07:34:27','2019-09-03 07:34:27'),(385,390,10,'2019-09-03 07:34:28','2019-09-03 07:34:28'),(386,390,11,'2019-09-03 07:34:28','2019-09-03 07:34:28'),(387,390,12,'2019-09-03 07:34:29','2019-09-03 07:34:29'),(388,391,8,'2019-09-03 07:42:28','2019-09-03 07:42:28'),(390,391,9,'2019-09-03 07:42:29','2019-09-03 07:42:29'),(391,391,10,'2019-09-03 07:42:30','2019-09-03 07:42:30'),(392,391,11,'2019-09-03 07:42:30','2019-09-03 07:42:30'),(393,391,12,'2019-09-03 07:42:31','2019-09-03 07:42:31'),(394,392,8,'2019-09-03 07:55:59','2019-09-03 07:55:59'),(395,392,9,'2019-09-03 07:56:01','2019-09-03 07:56:01'),(396,392,10,'2019-09-03 07:56:02','2019-09-03 07:56:02'),(397,392,11,'2019-09-03 07:56:03','2019-09-03 07:56:03'),(398,392,12,'2019-09-03 07:56:03','2019-09-03 07:56:03'),(399,394,8,'2019-09-03 08:09:41','2019-09-03 08:09:41'),(400,394,9,'2019-09-03 08:09:42','2019-09-03 08:09:42'),(401,394,10,'2019-09-03 08:09:43','2019-09-03 08:09:43'),(402,394,11,'2019-09-03 08:09:44','2019-09-03 08:09:44'),(403,394,12,'2019-09-03 08:09:44','2019-09-03 08:09:44'),(404,397,8,'2019-09-03 09:12:14','2019-09-03 09:12:14'),(405,397,9,'2019-09-03 09:12:16','2019-09-03 09:12:16'),(406,397,10,'2019-09-03 09:12:16','2019-09-03 09:12:16'),(407,397,11,'2019-09-03 09:12:17','2019-09-03 09:12:17'),(408,397,12,'2019-09-03 09:12:17','2019-09-03 09:12:17'),(409,398,8,'2019-09-03 09:19:15','2019-09-03 09:19:15'),(410,398,9,'2019-09-03 09:19:16','2019-09-03 09:19:16'),(411,398,10,'2019-09-03 09:19:17','2019-09-03 09:19:17'),(412,398,11,'2019-09-03 09:19:18','2019-09-03 09:19:18'),(413,398,12,'2019-09-03 09:19:18','2019-09-03 09:19:18'),(414,399,8,'2019-09-03 09:37:14','2019-09-03 09:37:14'),(415,399,9,'2019-09-03 09:37:16','2019-09-03 09:37:16'),(416,399,10,'2019-09-03 09:37:17','2019-09-03 09:37:17'),(417,399,11,'2019-09-03 09:37:17','2019-09-03 09:37:17'),(418,399,12,'2019-09-03 09:37:18','2019-09-03 09:37:18'),(419,401,8,'2019-09-03 09:53:45','2019-09-03 09:53:45'),(420,401,9,'2019-09-03 09:53:46','2019-09-03 09:53:46'),(421,401,10,'2019-09-03 09:53:46','2019-09-03 09:53:46'),(422,401,11,'2019-09-03 09:53:47','2019-09-03 09:53:47'),(423,401,12,'2019-09-03 09:53:48','2019-09-03 09:53:48'),(424,402,8,'2019-09-03 09:59:37','2019-09-03 09:59:37'),(425,402,9,'2019-09-03 09:59:39','2019-09-03 09:59:39'),(426,402,10,'2019-09-03 09:59:40','2019-09-03 09:59:40'),(427,402,11,'2019-09-03 09:59:40','2019-09-03 09:59:40'),(428,402,12,'2019-09-03 09:59:42','2019-09-03 09:59:42'),(429,405,8,'2019-09-03 12:37:57','2019-09-03 12:37:57'),(430,405,9,'2019-09-03 12:37:58','2019-09-03 12:37:58'),(431,405,10,'2019-09-03 12:37:59','2019-09-03 12:37:59'),(432,405,11,'2019-09-03 12:38:00','2019-09-03 12:38:00'),(433,405,12,'2019-09-03 12:38:00','2019-09-03 12:38:00'),(434,406,8,'2019-09-03 12:50:11','2019-09-03 12:50:11'),(435,406,9,'2019-09-03 12:50:13','2019-09-03 12:50:13'),(436,406,10,'2019-09-03 12:50:14','2019-09-03 12:50:14'),(437,406,11,'2019-09-03 12:50:15','2019-09-03 12:50:15'),(438,406,12,'2019-09-03 12:50:15','2019-09-03 12:50:15'),(439,407,8,'2019-09-03 12:55:01','2019-09-03 12:55:01'),(440,407,9,'2019-09-03 12:55:04','2019-09-03 12:55:04'),(441,407,10,'2019-09-03 12:55:04','2019-09-03 12:55:04'),(442,407,11,'2019-09-03 12:55:05','2019-09-03 12:55:05'),(443,407,12,'2019-09-03 12:55:06','2019-09-03 12:55:06'),(444,409,8,'2019-09-04 06:27:47','2019-09-04 06:27:47'),(445,409,9,'2019-09-04 06:27:49','2019-09-04 06:27:49'),(446,409,10,'2019-09-04 06:27:50','2019-09-04 06:27:50'),(447,409,11,'2019-09-04 06:27:50','2019-09-04 06:27:50'),(448,409,12,'2019-09-04 06:27:51','2019-09-04 06:27:51'),(449,410,8,'2019-09-04 06:32:24','2019-09-04 06:32:24'),(450,410,9,'2019-09-04 06:32:26','2019-09-04 06:32:26'),(451,410,10,'2019-09-04 06:32:26','2019-09-04 06:32:26'),(452,410,11,'2019-09-04 06:32:27','2019-09-04 06:32:27'),(453,410,12,'2019-09-04 06:32:28','2019-09-04 06:32:28'),(454,411,8,'2019-09-04 06:42:34','2019-09-04 06:42:34'),(455,411,9,'2019-09-04 06:42:37','2019-09-04 06:42:37'),(456,411,10,'2019-09-04 06:42:37','2019-09-04 06:42:37'),(457,411,11,'2019-09-04 06:42:38','2019-09-04 06:42:38'),(458,411,12,'2019-09-04 06:42:38','2019-09-04 06:42:38'),(459,412,8,'2019-09-04 06:47:01','2019-09-04 06:47:01'),(460,412,9,'2019-09-04 06:47:02','2019-09-04 06:47:02'),(461,412,10,'2019-09-04 06:47:03','2019-09-04 06:47:03'),(462,412,11,'2019-09-04 06:47:04','2019-09-04 06:47:04'),(463,412,12,'2019-09-04 06:47:04','2019-09-04 06:47:04'),(464,413,8,'2019-09-04 06:51:41','2019-09-04 06:51:41'),(465,413,9,'2019-09-04 06:51:43','2019-09-04 06:51:43'),(466,413,10,'2019-09-04 06:51:43','2019-09-04 06:51:43'),(467,413,11,'2019-09-04 06:51:44','2019-09-04 06:51:44'),(468,413,12,'2019-09-04 06:51:45','2019-09-04 06:51:45'),(469,414,8,'2019-09-04 06:56:37','2019-09-04 06:56:37'),(470,414,9,'2019-09-04 06:56:39','2019-09-04 06:56:39'),(471,414,10,'2019-09-04 06:56:40','2019-09-04 06:56:40'),(472,414,11,'2019-09-04 06:56:41','2019-09-04 06:56:41'),(473,414,12,'2019-09-04 06:56:41','2019-09-04 06:56:41'),(474,415,8,'2019-09-04 07:16:20','2019-09-04 07:16:20'),(475,415,9,'2019-09-04 07:16:21','2019-09-04 07:16:21'),(476,415,10,'2019-09-04 07:16:21','2019-09-04 07:16:21'),(477,415,11,'2019-09-04 07:16:22','2019-09-04 07:16:22'),(478,415,12,'2019-09-04 07:16:23','2019-09-04 07:16:23'),(479,416,8,'2019-09-04 07:21:30','2019-09-04 07:21:30'),(480,416,9,'2019-09-04 07:21:32','2019-09-04 07:21:32'),(481,416,10,'2019-09-04 07:21:32','2019-09-04 07:21:32'),(482,416,11,'2019-09-04 07:21:33','2019-09-04 07:21:33'),(483,416,12,'2019-09-04 07:21:34','2019-09-04 07:21:34'),(484,417,8,'2019-09-04 08:11:09','2019-09-04 08:11:09'),(485,417,9,'2019-09-04 08:11:10','2019-09-04 08:11:10'),(486,417,10,'2019-09-04 08:11:11','2019-09-04 08:11:11'),(487,417,11,'2019-09-04 08:11:12','2019-09-04 08:11:12'),(488,417,12,'2019-09-04 08:11:13','2019-09-04 08:11:13'),(489,418,8,'2019-09-04 08:22:34','2019-09-04 08:22:34'),(490,418,9,'2019-09-04 08:22:36','2019-09-04 08:22:36'),(491,418,10,'2019-09-04 08:22:36','2019-09-04 08:22:36'),(492,418,11,'2019-09-04 08:22:37','2019-09-04 08:22:37'),(493,418,12,'2019-09-04 08:22:38','2019-09-04 08:22:38'),(494,419,8,'2019-09-04 12:04:41','2019-09-04 12:04:41'),(495,419,9,'2019-09-04 12:04:43','2019-09-04 12:04:43'),(496,419,10,'2019-09-04 12:04:43','2019-09-04 12:04:43'),(497,419,11,'2019-09-04 12:04:44','2019-09-04 12:04:44'),(498,419,12,'2019-09-04 12:04:45','2019-09-04 12:04:45'),(499,420,8,'2019-09-04 12:09:33','2019-09-04 12:09:33'),(500,420,9,'2019-09-04 12:09:34','2019-09-04 12:09:34'),(501,420,10,'2019-09-04 12:09:35','2019-09-04 12:09:35'),(502,420,11,'2019-09-04 12:09:35','2019-09-04 12:09:35'),(503,420,12,'2019-09-04 12:09:36','2019-09-04 12:09:36'),(504,422,8,'2019-09-04 12:24:31','2019-09-04 12:24:31'),(505,422,9,'2019-09-04 12:24:32','2019-09-04 12:24:32'),(506,422,10,'2019-09-04 12:24:33','2019-09-04 12:24:33'),(507,422,11,'2019-09-04 12:24:34','2019-09-04 12:24:34'),(508,422,12,'2019-09-04 12:24:34','2019-09-04 12:24:34'),(509,423,8,'2019-09-04 12:28:58','2019-09-04 12:28:58'),(510,423,9,'2019-09-04 12:28:59','2019-09-04 12:28:59'),(511,423,10,'2019-09-04 12:29:00','2019-09-04 12:29:00'),(512,423,11,'2019-09-04 12:29:00','2019-09-04 12:29:00'),(513,423,12,'2019-09-04 12:29:01','2019-09-04 12:29:01'),(514,424,8,'2019-09-04 12:37:02','2019-09-04 12:37:02'),(515,424,9,'2019-09-04 12:37:03','2019-09-04 12:37:03'),(516,424,10,'2019-09-04 12:37:04','2019-09-04 12:37:04'),(517,424,11,'2019-09-04 12:37:04','2019-09-04 12:37:04'),(518,424,12,'2019-09-04 12:37:05','2019-09-04 12:37:05'),(519,425,8,'2019-09-04 12:42:22','2019-09-04 12:42:22'),(520,425,9,'2019-09-04 12:42:23','2019-09-04 12:42:23'),(521,425,10,'2019-09-04 12:42:24','2019-09-04 12:42:24'),(522,425,11,'2019-09-04 12:42:24','2019-09-04 12:42:24'),(523,425,12,'2019-09-04 12:42:25','2019-09-04 12:42:25'),(524,426,8,'2019-09-04 12:59:43','2019-09-04 12:59:43'),(525,426,9,'2019-09-04 12:59:44','2019-09-04 12:59:44'),(526,426,10,'2019-09-04 12:59:45','2019-09-04 12:59:45'),(527,426,11,'2019-09-04 12:59:46','2019-09-04 12:59:46'),(528,426,12,'2019-09-04 12:59:47','2019-09-04 12:59:47'),(529,427,8,'2019-09-04 13:13:39','2019-09-04 13:13:39'),(530,427,9,'2019-09-04 13:13:41','2019-09-04 13:13:41'),(531,427,10,'2019-09-04 13:13:41','2019-09-04 13:13:41'),(532,427,11,'2019-09-04 13:13:42','2019-09-04 13:13:42'),(533,427,12,'2019-09-04 13:13:42','2019-09-04 13:13:42'),(534,428,8,'2019-09-04 13:21:07','2019-09-04 13:21:07'),(535,428,9,'2019-09-04 13:21:08','2019-09-04 13:21:08'),(536,428,10,'2019-09-04 13:21:09','2019-09-04 13:21:09'),(537,428,11,'2019-09-04 13:21:10','2019-09-04 13:21:10'),(538,428,12,'2019-09-04 13:21:10','2019-09-04 13:21:10'),(539,429,8,'2019-09-04 13:24:39','2019-09-04 13:24:39'),(540,429,9,'2019-09-04 13:24:40','2019-09-04 13:24:40'),(541,429,10,'2019-09-04 13:24:40','2019-09-04 13:24:40'),(542,429,11,'2019-09-04 13:24:41','2019-09-04 13:24:41'),(543,429,12,'2019-09-04 13:24:42','2019-09-04 13:24:42'),(544,430,8,'2019-09-04 13:31:37','2019-09-04 13:31:37'),(545,430,9,'2019-09-04 13:31:38','2019-09-04 13:31:38'),(546,430,10,'2019-09-04 13:31:39','2019-09-04 13:31:39'),(547,430,11,'2019-09-04 13:31:39','2019-09-04 13:31:39'),(548,430,12,'2019-09-04 13:31:40','2019-09-04 13:31:40'),(549,431,8,'2019-09-04 13:37:18','2019-09-04 13:37:18'),(550,431,9,'2019-09-04 13:37:20','2019-09-04 13:37:20'),(551,431,10,'2019-09-04 13:37:21','2019-09-04 13:37:21'),(552,431,11,'2019-09-04 13:37:22','2019-09-04 13:37:22'),(553,431,12,'2019-09-04 13:37:22','2019-09-04 13:37:22'),(554,432,8,'2019-09-04 13:43:36','2019-09-04 13:43:36'),(555,432,9,'2019-09-04 13:43:38','2019-09-04 13:43:38'),(556,432,10,'2019-09-04 13:43:38','2019-09-04 13:43:38'),(557,432,11,'2019-09-04 13:43:39','2019-09-04 13:43:39'),(558,432,12,'2019-09-04 13:43:40','2019-09-04 13:43:40'),(559,433,8,'2019-09-04 13:50:02','2019-09-04 13:50:02'),(560,433,9,'2019-09-04 13:50:04','2019-09-04 13:50:04'),(561,433,10,'2019-09-04 13:50:04','2019-09-04 13:50:04'),(562,433,11,'2019-09-04 13:50:05','2019-09-04 13:50:05'),(563,433,12,'2019-09-04 13:50:05','2019-09-04 13:50:05'),(564,434,8,'2019-09-04 14:07:29','2019-09-04 14:07:29'),(565,434,9,'2019-09-04 14:07:30','2019-09-04 14:07:30'),(566,434,10,'2019-09-04 14:07:32','2019-09-04 14:07:32'),(567,434,11,'2019-09-04 14:07:32','2019-09-04 14:07:32'),(568,434,12,'2019-09-04 14:07:33','2019-09-04 14:07:33'),(569,437,8,'2019-09-04 15:06:55','2019-09-04 15:06:55'),(570,437,9,'2019-09-04 15:06:56','2019-09-04 15:06:56'),(571,437,10,'2019-09-04 15:06:57','2019-09-04 15:06:57'),(572,437,11,'2019-09-04 15:06:58','2019-09-04 15:06:58'),(573,437,12,'2019-09-04 15:06:58','2019-09-04 15:06:58'),(574,439,8,'2019-09-04 15:27:11','2019-09-04 15:27:11'),(575,439,9,'2019-09-04 15:27:13','2019-09-04 15:27:13'),(576,439,10,'2019-09-04 15:27:13','2019-09-04 15:27:13'),(577,439,11,'2019-09-04 15:27:14','2019-09-04 15:27:14'),(578,439,12,'2019-09-04 15:27:15','2019-09-04 15:27:15'),(579,440,8,'2019-09-04 15:31:27','2019-09-04 15:31:27'),(580,440,9,'2019-09-04 15:31:28','2019-09-04 15:31:28'),(581,440,10,'2019-09-04 15:31:28','2019-09-04 15:31:28'),(582,440,11,'2019-09-04 15:31:29','2019-09-04 15:31:29'),(583,440,12,'2019-09-04 15:31:30','2019-09-04 15:31:30'),(584,441,8,'2019-09-04 15:41:00','2019-09-04 15:41:00'),(585,441,9,'2019-09-04 15:41:01','2019-09-04 15:41:01'),(586,441,10,'2019-09-04 15:41:02','2019-09-04 15:41:02'),(587,441,11,'2019-09-04 15:41:02','2019-09-04 15:41:02'),(588,441,12,'2019-09-04 15:41:03','2019-09-04 15:41:03'),(589,443,8,'2019-09-05 06:06:07','2019-09-05 06:06:07'),(590,443,9,'2019-09-05 06:06:09','2019-09-05 06:06:09'),(591,443,10,'2019-09-05 06:06:09','2019-09-05 06:06:09'),(592,443,11,'2019-09-05 06:06:10','2019-09-05 06:06:10'),(593,443,12,'2019-09-05 06:06:11','2019-09-05 06:06:11'),(594,444,8,'2019-09-05 06:16:04','2019-09-05 06:16:04'),(595,444,9,'2019-09-05 06:16:05','2019-09-05 06:16:05'),(596,444,10,'2019-09-05 06:16:05','2019-09-05 06:16:05'),(597,444,11,'2019-09-05 06:16:06','2019-09-05 06:16:06'),(598,444,12,'2019-09-05 06:16:06','2019-09-05 06:16:06'),(599,445,8,'2019-09-05 06:19:58','2019-09-05 06:19:58'),(600,445,9,'2019-09-05 06:19:59','2019-09-05 06:19:59'),(601,445,10,'2019-09-05 06:19:59','2019-09-05 06:19:59'),(602,445,11,'2019-09-05 06:20:00','2019-09-05 06:20:00'),(603,445,12,'2019-09-05 06:20:01','2019-09-05 06:20:01'),(604,447,8,'2019-09-05 06:41:23','2019-09-05 06:41:23'),(605,447,9,'2019-09-05 06:41:24','2019-09-05 06:41:24'),(606,447,10,'2019-09-05 06:41:25','2019-09-05 06:41:25'),(607,447,11,'2019-09-05 06:41:25','2019-09-05 06:41:25'),(608,447,12,'2019-09-05 06:41:26','2019-09-05 06:41:26'),(609,449,8,'2019-09-05 07:12:55','2019-09-05 07:12:55'),(610,449,9,'2019-09-05 07:12:56','2019-09-05 07:12:56'),(611,449,10,'2019-09-05 07:12:57','2019-09-05 07:12:57'),(612,449,11,'2019-09-05 07:12:57','2019-09-05 07:12:57'),(613,449,12,'2019-09-05 07:12:58','2019-09-05 07:12:58'),(614,450,8,'2019-09-05 07:21:58','2019-09-05 07:21:58'),(615,450,9,'2019-09-05 07:21:59','2019-09-05 07:21:59'),(616,450,10,'2019-09-05 07:22:00','2019-09-05 07:22:00'),(617,450,11,'2019-09-05 07:22:00','2019-09-05 07:22:00'),(618,450,12,'2019-09-05 07:22:01','2019-09-05 07:22:01'),(619,451,8,'2019-09-05 07:42:53','2019-09-05 07:42:53'),(620,451,9,'2019-09-05 07:42:56','2019-09-05 07:42:56'),(621,451,10,'2019-09-05 07:42:56','2019-09-05 07:42:56'),(622,451,11,'2019-09-05 07:42:57','2019-09-05 07:42:57'),(623,451,12,'2019-09-05 07:42:58','2019-09-05 07:42:58'),(624,452,8,'2019-09-05 07:53:35','2019-09-05 07:53:35'),(625,452,9,'2019-09-05 07:53:36','2019-09-05 07:53:36'),(626,452,10,'2019-09-05 07:53:37','2019-09-05 07:53:37'),(627,452,11,'2019-09-05 07:53:38','2019-09-05 07:53:38'),(628,452,12,'2019-09-05 07:53:38','2019-09-05 07:53:38'),(629,453,8,'2019-09-05 07:59:39','2019-09-05 07:59:39'),(630,453,9,'2019-09-05 07:59:40','2019-09-05 07:59:40'),(631,453,10,'2019-09-05 07:59:41','2019-09-05 07:59:41'),(632,453,11,'2019-09-05 07:59:41','2019-09-05 07:59:41'),(633,453,12,'2019-09-05 07:59:42','2019-09-05 07:59:42'),(634,455,8,'2019-09-05 08:11:41','2019-09-05 08:11:41'),(635,455,9,'2019-09-05 08:11:43','2019-09-05 08:11:43'),(636,455,10,'2019-09-05 08:11:44','2019-09-05 08:11:44'),(637,455,11,'2019-09-05 08:11:44','2019-09-05 08:11:44'),(638,455,12,'2019-09-05 08:11:45','2019-09-05 08:11:45'),(639,461,8,'2019-09-05 11:02:26','2019-09-05 11:02:26'),(640,461,9,'2019-09-05 11:02:28','2019-09-05 11:02:28'),(641,461,10,'2019-09-05 11:02:28','2019-09-05 11:02:28'),(642,461,11,'2019-09-05 11:02:29','2019-09-05 11:02:29'),(643,461,12,'2019-09-05 11:02:29','2019-09-05 11:02:29'),(645,462,8,'2019-09-05 11:13:41','2019-09-05 11:13:41'),(646,462,9,'2019-09-05 11:13:42','2019-09-05 11:13:42'),(647,462,10,'2019-09-05 11:13:43','2019-09-05 11:13:43'),(648,462,11,'2019-09-05 11:13:44','2019-09-05 11:13:44'),(649,462,12,'2019-09-05 11:13:45','2019-09-05 11:13:45'),(650,463,8,'2019-09-05 11:55:02','2019-09-05 11:55:02'),(651,463,9,'2019-09-05 11:55:03','2019-09-05 11:55:03'),(652,463,10,'2019-09-05 11:55:04','2019-09-05 11:55:04'),(653,463,11,'2019-09-05 11:55:04','2019-09-05 11:55:04'),(654,463,12,'2019-09-05 11:55:05','2019-09-05 11:55:05'),(655,464,8,'2019-09-05 12:03:45','2019-09-05 12:03:45'),(656,464,9,'2019-09-05 12:03:46','2019-09-05 12:03:46'),(657,464,10,'2019-09-05 12:03:47','2019-09-05 12:03:47'),(658,464,11,'2019-09-05 12:03:47','2019-09-05 12:03:47'),(659,464,12,'2019-09-05 12:03:48','2019-09-05 12:03:48'),(660,465,8,'2019-09-05 12:09:18','2019-09-05 12:09:18'),(661,465,9,'2019-09-05 12:09:19','2019-09-05 12:09:19'),(662,465,10,'2019-09-05 12:09:20','2019-09-05 12:09:20'),(663,465,11,'2019-09-05 12:09:21','2019-09-05 12:09:21'),(664,465,12,'2019-09-05 12:09:21','2019-09-05 12:09:21'),(665,467,8,'2019-09-05 12:21:08','2019-09-05 12:21:08'),(666,467,9,'2019-09-05 12:21:10','2019-09-05 12:21:10'),(667,467,10,'2019-09-05 12:21:10','2019-09-05 12:21:10'),(668,467,11,'2019-09-05 12:21:11','2019-09-05 12:21:11'),(669,467,12,'2019-09-05 12:21:12','2019-09-05 12:21:12'),(670,468,8,'2019-09-05 12:27:21','2019-09-05 12:27:21'),(671,468,9,'2019-09-05 12:27:22','2019-09-05 12:27:22'),(672,468,10,'2019-09-05 12:27:22','2019-09-05 12:27:22'),(673,468,11,'2019-09-05 12:27:23','2019-09-05 12:27:23'),(674,468,12,'2019-09-05 12:27:23','2019-09-05 12:27:23'),(675,469,8,'2019-09-05 12:32:01','2019-09-05 12:32:01'),(676,469,9,'2019-09-05 12:32:02','2019-09-05 12:32:02'),(677,469,10,'2019-09-05 12:32:03','2019-09-05 12:32:03'),(678,469,11,'2019-09-05 12:32:03','2019-09-05 12:32:03'),(679,469,12,'2019-09-05 12:32:04','2019-09-05 12:32:04'),(680,470,8,'2019-09-05 12:43:17','2019-09-05 12:43:17'),(681,470,9,'2019-09-05 12:43:18','2019-09-05 12:43:18'),(682,470,10,'2019-09-05 12:43:18','2019-09-05 12:43:18'),(683,470,11,'2019-09-05 12:43:19','2019-09-05 12:43:19'),(684,470,12,'2019-09-05 12:43:19','2019-09-05 12:43:19'),(685,471,8,'2019-09-05 12:52:48','2019-09-05 12:52:48'),(686,471,9,'2019-09-05 12:52:49','2019-09-05 12:52:49'),(687,471,10,'2019-09-05 12:52:50','2019-09-05 12:52:50'),(688,471,11,'2019-09-05 12:52:50','2019-09-05 12:52:50'),(689,471,12,'2019-09-05 12:52:51','2019-09-05 12:52:51'),(690,472,8,'2019-09-05 12:57:36','2019-09-05 12:57:36'),(691,472,9,'2019-09-05 12:57:37','2019-09-05 12:57:37'),(692,472,10,'2019-09-05 12:57:38','2019-09-05 12:57:38'),(693,472,11,'2019-09-05 12:57:39','2019-09-05 12:57:39'),(694,472,12,'2019-09-05 12:57:39','2019-09-05 12:57:39'),(695,473,8,'2019-09-05 13:04:14','2019-09-05 13:04:14'),(696,473,9,'2019-09-05 13:04:16','2019-09-05 13:04:16'),(697,473,10,'2019-09-05 13:04:16','2019-09-05 13:04:16'),(698,473,11,'2019-09-05 13:04:17','2019-09-05 13:04:17'),(699,473,12,'2019-09-05 13:04:17','2019-09-05 13:04:17'),(701,474,9,'2019-09-05 13:12:36','2019-09-05 13:12:36'),(703,474,11,'2019-09-05 13:12:38','2019-09-05 13:12:38'),(704,474,12,'2019-09-05 13:12:38','2019-09-05 13:12:38'),(705,475,8,'2019-09-05 14:36:40','2019-09-05 14:36:40'),(706,475,9,'2019-09-05 14:36:41','2019-09-05 14:36:41'),(707,475,10,'2019-09-05 14:36:42','2019-09-05 14:36:42'),(708,475,11,'2019-09-05 14:36:43','2019-09-05 14:36:43'),(709,475,12,'2019-09-05 14:36:44','2019-09-05 14:36:44'),(711,476,9,'2019-09-05 14:44:53','2019-09-05 14:44:53'),(714,476,12,'2019-09-05 14:44:56','2019-09-05 14:44:56'),(715,477,8,'2019-09-05 14:51:05','2019-09-05 14:51:05'),(716,477,9,'2019-09-05 14:51:06','2019-09-05 14:51:06'),(717,477,10,'2019-09-05 14:51:07','2019-09-05 14:51:07'),(718,477,11,'2019-09-05 14:51:08','2019-09-05 14:51:08'),(719,477,12,'2019-09-05 14:51:08','2019-09-05 14:51:08'),(720,7,9,'2019-09-05 15:52:19','2019-09-05 15:52:19'),(721,7,11,'2019-09-05 15:52:20','2019-09-05 15:52:20'),(722,7,12,'2019-09-05 15:52:21','2019-09-05 15:52:21'),(723,8,9,'2019-09-05 15:53:10','2019-09-05 15:53:10'),(724,8,11,'2019-09-05 15:53:11','2019-09-05 15:53:11'),(725,8,12,'2019-09-05 15:53:12','2019-09-05 15:53:12'),(726,9,8,'2019-09-05 15:53:56','2019-09-05 15:53:56'),(727,9,12,'2019-09-05 15:53:56','2019-09-05 15:53:56'),(728,9,11,'2019-09-05 15:53:57','2019-09-05 15:53:57'),(729,9,10,'2019-09-05 15:53:58','2019-09-05 15:53:58'),(730,9,9,'2019-09-05 15:53:58','2019-09-05 15:53:58'),(732,4,9,'2019-09-05 16:02:48','2019-09-05 16:02:48'),(733,4,11,'2019-09-05 16:02:49','2019-09-05 16:02:49'),(734,4,12,'2019-09-05 16:02:49','2019-09-05 16:02:49'),(735,478,8,'2019-09-07 08:39:38','2019-09-07 08:39:38'),(736,478,9,'2019-09-07 08:39:39','2019-09-07 08:39:39'),(737,478,10,'2019-09-07 08:39:39','2019-09-07 08:39:39'),(738,478,11,'2019-09-07 08:39:40','2019-09-07 08:39:40'),(739,478,12,'2019-09-07 08:39:41','2019-09-07 08:39:41'),(740,479,8,'2019-09-07 08:45:05','2019-09-07 08:45:05'),(741,479,9,'2019-09-07 08:45:06','2019-09-07 08:45:06'),(742,479,10,'2019-09-07 08:45:07','2019-09-07 08:45:07'),(743,479,11,'2019-09-07 08:45:07','2019-09-07 08:45:07'),(744,479,12,'2019-09-07 08:45:08','2019-09-07 08:45:08'),(745,480,8,'2019-09-07 11:31:35','2019-09-07 11:31:35'),(746,480,9,'2019-09-07 11:31:37','2019-09-07 11:31:37'),(747,480,10,'2019-09-07 11:31:37','2019-09-07 11:31:37'),(748,480,11,'2019-09-07 11:31:37','2019-09-07 11:31:37'),(749,480,12,'2019-09-07 11:31:38','2019-09-07 11:31:38'),(750,481,8,'2019-09-07 11:49:04','2019-09-07 11:49:04'),(751,481,9,'2019-09-07 11:49:05','2019-09-07 11:49:05'),(752,481,10,'2019-09-07 11:49:06','2019-09-07 11:49:06'),(753,481,11,'2019-09-07 11:49:07','2019-09-07 11:49:07'),(754,481,12,'2019-09-07 11:49:07','2019-09-07 11:49:07'),(755,482,8,'2019-09-07 12:44:13','2019-09-07 12:44:13'),(756,482,9,'2019-09-07 12:44:15','2019-09-07 12:44:15'),(757,482,10,'2019-09-07 12:44:16','2019-09-07 12:44:16'),(758,482,11,'2019-09-07 12:44:16','2019-09-07 12:44:16'),(759,482,12,'2019-09-07 12:44:17','2019-09-07 12:44:17'),(760,483,8,'2019-09-07 12:49:18','2019-09-07 12:49:18'),(761,483,9,'2019-09-07 12:49:19','2019-09-07 12:49:19'),(762,483,10,'2019-09-07 12:49:20','2019-09-07 12:49:20'),(763,483,11,'2019-09-07 12:49:21','2019-09-07 12:49:21'),(764,483,12,'2019-09-07 12:49:21','2019-09-07 12:49:21'),(765,484,8,'2019-09-07 13:02:00','2019-09-07 13:02:00'),(766,484,9,'2019-09-07 13:02:01','2019-09-07 13:02:01'),(767,484,10,'2019-09-07 13:02:01','2019-09-07 13:02:01'),(768,484,11,'2019-09-07 13:02:02','2019-09-07 13:02:02'),(769,484,12,'2019-09-07 13:02:02','2019-09-07 13:02:02'),(770,485,8,'2019-09-07 13:09:56','2019-09-07 13:09:56'),(771,485,9,'2019-09-07 13:09:57','2019-09-07 13:09:57'),(772,485,10,'2019-09-07 13:09:57','2019-09-07 13:09:57'),(773,485,11,'2019-09-07 13:09:58','2019-09-07 13:09:58'),(774,485,12,'2019-09-07 13:09:59','2019-09-07 13:09:59'),(775,486,8,'2019-09-07 13:14:12','2019-09-07 13:14:12'),(776,486,9,'2019-09-07 13:14:13','2019-09-07 13:14:13'),(777,486,10,'2019-09-07 13:14:14','2019-09-07 13:14:14'),(778,486,11,'2019-09-07 13:14:14','2019-09-07 13:14:14'),(779,486,12,'2019-09-07 13:14:15','2019-09-07 13:14:15'),(780,487,8,'2019-09-07 13:18:49','2019-09-07 13:18:49'),(781,487,9,'2019-09-07 13:18:50','2019-09-07 13:18:50'),(782,487,10,'2019-09-07 13:18:51','2019-09-07 13:18:51'),(783,487,11,'2019-09-07 13:18:51','2019-09-07 13:18:51'),(784,487,12,'2019-09-07 13:18:52','2019-09-07 13:18:52'),(786,488,9,'2019-09-07 13:24:30','2019-09-07 13:24:30'),(788,488,11,'2019-09-07 13:24:32','2019-09-07 13:24:32'),(789,488,12,'2019-09-07 13:24:32','2019-09-07 13:24:32'),(791,489,9,'2019-09-07 13:42:31','2019-09-07 13:42:31'),(793,489,11,'2019-09-07 13:42:32','2019-09-07 13:42:32'),(794,489,12,'2019-09-07 13:42:33','2019-09-07 13:42:33'),(795,476,11,'2019-10-06 10:12:02','2019-10-06 10:12:02'),(796,489,10,'2019-10-29 09:34:48','2019-10-29 09:34:48'),(797,489,8,'2019-10-29 09:34:49','2019-10-29 09:34:49');
/*!40000 ALTER TABLE `customer_meal_types` ENABLE KEYS */;
UNLOCK TABLES;

--
-- Table structure for table `customer_meals`
--

DROP TABLE IF EXISTS `customer_meals`;
/*!40101 SET @saved_cs_client     = @@character_set_client */;
/*!40101 SET character_set_client = utf8 */;
CREATE TABLE `customer_meals` (
  `id` int(10) unsigned NOT NULL AUTO_INCREMENT,
  `customer_id` int(10) unsigned NOT NULL,
  `week_meal_id` int(10) unsigned NOT NULL,
  `created_at` timestamp NULL DEFAULT NULL,
  `updated_at` timestamp NULL DEFAULT NULL,
  `total_calories` int(11) NOT NULL,
  `cooked` tinyint(4) NOT NULL DEFAULT 0,
  `total_fats` int(11) NOT NULL DEFAULT 0,
  `total_proteins` int(11) NOT NULL DEFAULT 0,
  `total_carbs` int(11) NOT NULL DEFAULT 0,
  `notes` longtext COLLATE utf8mb4_unicode_ci NOT NULL,
  PRIMARY KEY (`id`),
  KEY `customer_meals_customer_id_foreign` (`customer_id`),
  KEY `customer_meals_week_meal_id_foreign` (`week_meal_id`),
  CONSTRAINT `customer_meals_customer_id_foreign` FOREIGN KEY (`customer_id`) REFERENCES `customers` (`id`) ON DELETE CASCADE,
  CONSTRAINT `customer_meals_week_meal_id_foreign` FOREIGN KEY (`week_meal_id`) REFERENCES `week_meals` (`id`) ON DELETE CASCADE
) ENGINE=InnoDB AUTO_INCREMENT=7373 DEFAULT CHARSET=utf8mb4 COLLATE=utf8mb4_unicode_ci;
/*!40101 SET character_set_client = @saved_cs_client */;

--
-- Dumping data for table `customer_meals`
--

LOCK TABLES `customer_meals` WRITE;
/*!40000 ALTER TABLE `customer_meals` DISABLE KEYS */;
INSERT INTO `customer_meals` VALUES (7140,489,2204,'2019-10-06 10:22:14','2019-10-06 10:22:14',236,0,0,0,0,''),(7141,489,2865,'2019-10-06 10:22:14','2019-10-06 10:22:14',1936,0,0,0,0,''),(7142,489,3524,'2019-10-06 10:22:14','2019-10-06 10:22:14',236,0,0,0,0,''),(7143,489,3303,'2019-10-06 10:22:14','2019-10-06 10:22:14',356,0,0,0,0,''),(7144,489,3084,'2019-10-06 10:22:14','2019-10-06 10:22:14',236,0,0,0,0,''),(7145,489,2645,'2019-10-06 10:22:14','2019-10-06 10:22:14',1936,0,0,0,0,''),(7146,489,2423,'2019-10-06 10:22:14','2019-10-06 10:22:14',356,0,0,0,0,''),(7147,489,2209,'2019-10-06 10:22:14','2019-10-06 10:22:14',174,0,0,0,0,''),(7148,489,2429,'2019-10-06 10:22:14','2019-10-06 10:22:14',174,0,0,0,0,''),(7149,489,2649,'2019-10-06 10:22:14','2019-10-06 10:22:14',174,0,0,0,0,''),(7150,489,2869,'2019-10-06 10:22:14','2019-10-06 10:22:14',174,0,0,0,0,''),(7151,489,3089,'2019-10-06 10:22:14','2019-10-06 10:22:14',174,0,0,0,0,''),(7152,489,3309,'2019-10-06 10:22:14','2019-10-06 10:22:14',174,0,0,0,0,''),(7153,489,3529,'2019-10-06 10:22:14','2019-10-06 10:22:14',174,0,0,0,0,''),(7238,476,2109,'2019-10-06 10:31:44','2019-10-06 10:31:44',340,0,0,0,0,''),(7239,476,3019,'2019-10-06 10:31:44','2019-10-06 10:31:44',431,0,0,0,0,''),(7240,476,3259,'2019-10-06 10:31:44','2019-10-06 10:31:44',467,0,0,0,0,''),(7241,476,2819,'2019-10-06 10:31:44','2019-10-06 10:31:44',467,0,0,0,0,''),(7242,476,3456,'2019-10-06 10:31:44','2019-10-06 10:31:44',301,0,0,0,0,''),(7243,476,2360,'2019-10-06 10:31:44','2019-10-06 10:31:44',64,0,0,0,0,''),(7244,476,2576,'2019-10-06 10:31:44','2019-10-06 10:31:44',301,0,0,0,0,''),(7245,476,2209,'2019-10-06 10:31:44','2019-10-06 10:31:44',174,0,0,0,0,''),(7246,476,2429,'2019-10-06 10:31:44','2019-10-06 10:31:44',174,0,0,0,0,''),(7247,476,2649,'2019-10-06 10:31:44','2019-10-06 10:31:44',174,0,0,0,0,''),(7248,476,2869,'2019-10-06 10:31:44','2019-10-06 10:31:44',174,0,0,0,0,''),(7249,476,3089,'2019-10-06 10:31:44','2019-10-06 10:31:44',174,0,0,0,0,''),(7250,476,3309,'2019-10-06 10:31:44','2019-10-06 10:31:44',174,0,0,0,0,''),(7251,476,3529,'2019-10-06 10:31:44','2019-10-06 10:31:44',174,0,0,0,0,''),(7252,476,2203,'2019-10-06 10:31:44','2019-10-06 10:31:44',356,0,0,0,0,''),(7253,476,2864,'2019-10-06 10:31:44','2019-10-06 10:31:44',236,0,0,0,0,''),(7254,476,3525,'2019-10-06 10:31:44','2019-10-06 10:31:44',1936,0,0,0,0,''),(7255,476,3303,'2019-10-06 10:31:44','2019-10-06 10:31:44',356,0,0,0,0,''),(7256,476,3084,'2019-10-06 10:31:44','2019-10-06 10:31:44',236,0,0,0,0,''),(7257,476,2645,'2019-10-06 10:31:44','2019-10-06 10:31:44',1936,0,0,0,0,''),(7258,476,2423,'2019-10-06 10:31:44','2019-10-06 10:31:44',356,0,0,0,0,''),(7352,488,2090,'2019-10-06 10:52:42','2019-10-06 10:52:42',445,0,0,0,0,''),(7353,488,3000,'2019-10-06 10:52:42','2019-10-06 10:52:42',323,0,0,0,0,''),(7354,488,3252,'2019-10-06 10:52:42','2019-10-06 10:52:42',308,0,0,0,0,''),(7355,488,2812,'2019-10-06 10:52:42','2019-10-06 10:52:42',308,0,0,0,0,''),(7356,488,3445,'2019-10-06 10:52:42','2019-10-06 10:52:42',301,0,0,0,0,''),(7357,488,2333,'2019-10-06 10:52:42','2019-10-06 10:52:42',521,0,0,0,0,''),(7358,488,2540,'2019-10-06 10:52:42','2019-10-06 10:52:42',280,0,0,0,0,''),(7359,488,2203,'2019-10-06 10:52:42','2019-10-06 10:52:42',356,0,0,0,0,''),(7360,488,2864,'2019-10-06 10:52:42','2019-10-06 10:52:42',236,0,0,0,0,''),(7361,488,3524,'2019-10-06 10:52:42','2019-10-06 10:52:42',236,0,0,0,0,''),(7362,488,3304,'2019-10-06 10:52:42','2019-10-06 10:52:42',236,0,0,0,0,''),(7363,488,3083,'2019-10-06 10:52:42','2019-10-06 10:52:42',356,0,0,0,0,''),(7364,488,2644,'2019-10-06 10:52:42','2019-10-06 10:52:42',236,0,0,0,0,''),(7365,488,2423,'2019-10-06 10:52:42','2019-10-06 10:52:42',356,0,0,0,0,''),(7366,488,2209,'2019-10-06 10:52:42','2019-10-06 10:52:42',174,0,0,0,0,''),(7367,488,2429,'2019-10-06 10:52:42','2019-10-06 10:52:42',174,0,0,0,0,''),(7368,488,2649,'2019-10-06 10:52:42','2019-10-06 10:52:42',174,0,0,0,0,''),(7369,488,2869,'2019-10-06 10:52:42','2019-10-06 10:52:42',174,0,0,0,0,''),(7370,488,3089,'2019-10-06 10:52:42','2019-10-06 10:52:42',174,0,0,0,0,''),(7371,488,3309,'2019-10-06 10:52:42','2019-10-06 10:52:42',174,0,0,0,0,''),(7372,488,3529,'2019-10-06 10:52:42','2019-10-06 10:52:42',174,0,0,0,0,'');
/*!40000 ALTER TABLE `customer_meals` ENABLE KEYS */;
UNLOCK TABLES;

--
-- Table structure for table `customer_programs`
--

DROP TABLE IF EXISTS `customer_programs`;
/*!40101 SET @saved_cs_client     = @@character_set_client */;
/*!40101 SET character_set_client = utf8 */;
CREATE TABLE `customer_programs` (
  `id` int(10) unsigned NOT NULL AUTO_INCREMENT,
  `customer_id` int(10) unsigned NOT NULL,
  `meal_type_id` int(10) unsigned NOT NULL,
  `options` longtext CHARACTER SET utf8mb4 COLLATE utf8mb4_bin DEFAULT NULL,
  `created_at` timestamp NULL DEFAULT NULL,
  `updated_at` timestamp NULL DEFAULT NULL,
  PRIMARY KEY (`id`),
  KEY `customer_programs_customer_id_foreign` (`customer_id`),
  KEY `customer_programs_meal_type_id_foreign` (`meal_type_id`),
  CONSTRAINT `customer_programs_customer_id_foreign` FOREIGN KEY (`customer_id`) REFERENCES `customers` (`id`),
  CONSTRAINT `customer_programs_meal_type_id_foreign` FOREIGN KEY (`meal_type_id`) REFERENCES `meal_types` (`id`)
) ENGINE=InnoDB AUTO_INCREMENT=14 DEFAULT CHARSET=utf8mb4 COLLATE=utf8mb4_unicode_ci;
/*!40101 SET character_set_client = @saved_cs_client */;

--
-- Dumping data for table `customer_programs`
--

LOCK TABLES `customer_programs` WRITE;
/*!40000 ALTER TABLE `customer_programs` DISABLE KEYS */;
INSERT INTO `customer_programs` VALUES (1,135,8,'[{\"data\":[{\"ingredient_type_id\":\"1\",\"amount\":\"100\"},{\"ingredient_type_id\":\"5\",\"amount\":\"100\"}]}]','2019-04-21 11:45:29','2019-04-21 11:45:35'),(2,5,8,'[{\"data\":[{\"ingredient_type_id\":\"15\",\"amount\":\"76\"},{\"ingredient_type_id\":\"5\",\"amount\":\"51\"}],\"kitchen_id\":\"5\"},{\"data\":[{\"ingredient_type_id\":\"17\",\"amount\":\"62\"},{\"ingredient_type_id\":\"5\",\"amount\":\"49\"}],\"kitchen_id\":\"5\"},{\"data\":[{\"ingredient_type_id\":\"19\",\"amount\":\"59\"},{\"ingredient_type_id\":\"5\",\"amount\":\"83\"}],\"kitchen_id\":\"5\"},{\"data\":[{\"ingredient_type_id\":\"20\",\"amount\":\"70\"},{\"ingredient_type_id\":\"5\",\"amount\":\"55\"}],\"kitchen_id\":\"5\"},{\"data\":[{\"ingredient_type_id\":\"4\",\"amount\":\"180\"},{\"ingredient_type_id\":\"5\",\"amount\":\"123\"}],\"kitchen_id\":\"5\"}]','2019-04-21 12:04:26','2019-04-21 13:31:38'),(4,5,9,'[{\"data\":[{\"ingredient_type_id\":\"15\",\"amount\":\"126\"},{\"ingredient_type_id\":\"5\",\"amount\":\"114\"}],\"kitchen_id\":\"5\"},{\"data\":[{\"ingredient_type_id\":\"17\",\"amount\":\"117\"}],\"kitchen_id\":\"5\"},{\"data\":[{\"ingredient_type_id\":\"16\",\"amount\":\"120\"},{\"ingredient_type_id\":\"5\",\"amount\":\"120\"}],\"kitchen_id\":\"5\"},{\"data\":[{\"ingredient_type_id\":\"14\",\"amount\":\"115\"},{\"ingredient_type_id\":\"5\",\"amount\":\"125\"}],\"kitchen_id\":\"5\"},{\"data\":[{\"ingredient_type_id\":\"19\",\"amount\":\"70\"},{\"ingredient_type_id\":\"5\",\"amount\":\"121\"}],\"kitchen_id\":\"5\"},{\"data\":[{\"ingredient_type_id\":\"20\",\"amount\":\"129\"},{\"ingredient_type_id\":\"5\",\"amount\":\"111\"}],\"kitchen_id\":\"5\"},{\"data\":[{\"ingredient_type_id\":\"18\",\"amount\":\"66\"},{\"ingredient_type_id\":\"5\",\"amount\":\"124\"}],\"kitchen_id\":\"5\"}]','2019-04-21 12:08:25','2019-04-21 13:31:59'),(5,5,10,'[{\"data\":[{\"ingredient_type_id\":\"15\",\"amount\":\"133\"},{\"ingredient_type_id\":\"5\",\"amount\":\"107\"}],\"kitchen_id\":\"5\"},{\"data\":[{\"ingredient_type_id\":\"17\",\"amount\":\"128\"},{\"ingredient_type_id\":\"5\",\"amount\":\"112\"}],\"kitchen_id\":\"5\"},{\"data\":[{\"ingredient_type_id\":\"16\",\"amount\":\"115\"},{\"ingredient_type_id\":\"16\",\"amount\":\"125\"}],\"kitchen_id\":\"5\"},{\"data\":[{\"ingredient_type_id\":\"14\",\"amount\":\"120\"},{\"ingredient_type_id\":\"5\",\"amount\":\"120\"}],\"kitchen_id\":\"5\"},{\"data\":[{\"ingredient_type_id\":\"20\",\"amount\":\"135\"},{\"ingredient_type_id\":\"5\",\"amount\":\"105\"}],\"kitchen_id\":\"5\"}]','2019-04-21 12:16:36','2019-04-21 13:32:13'),(7,4,9,'[{\"data\":[{\"ingredient_type_id\":\"16\",\"amount\":\"100\"}],\"kitchen_id\":\"5\"}]','2019-06-23 10:19:06','2019-06-23 10:21:04'),(9,283,8,'[{\"data\":[{\"ingredient_type_id\":\"22\",\"amount\":\"100\"},{\"ingredient_type_id\":\"5\",\"amount\":\"73\"}]},{\"data\":[{\"ingredient_type_id\":\"19\",\"amount\":\"59\"},{\"ingredient_type_id\":\"5\",\"amount\":\"65\"}]},{\"data\":[{\"ingredient_type_id\":\"20\",\"amount\":\"55\"},{\"ingredient_type_id\":\"5\",\"amount\":\"68\"}]}]','2019-08-20 13:47:44','2019-08-20 13:52:43'),(10,283,9,'[{\"data\":[{\"ingredient_type_id\":\"15\",\"amount\":\"112\"},{\"ingredient_type_id\":\"5\",\"amount\":\"108\"}]}]','2019-08-20 13:53:10','2019-08-20 13:53:24');
/*!40000 ALTER TABLE `customer_programs` ENABLE KEYS */;
UNLOCK TABLES;

--
-- Table structure for table `customer_weeks`
--

DROP TABLE IF EXISTS `customer_weeks`;
/*!40101 SET @saved_cs_client     = @@character_set_client */;
/*!40101 SET character_set_client = utf8 */;
CREATE TABLE `customer_weeks` (
  `id` int(10) unsigned NOT NULL AUTO_INCREMENT,
  `customer_id` int(10) unsigned NOT NULL,
  `week_id` int(10) unsigned NOT NULL,
  `subscribed` tinyint(4) NOT NULL DEFAULT 1,
  `created_at` timestamp NULL DEFAULT NULL,
  `updated_at` timestamp NULL DEFAULT NULL,
  PRIMARY KEY (`id`),
  KEY `customer_weeks_customer_id_foreign` (`customer_id`),
  KEY `customer_weeks_week_id_foreign` (`week_id`),
  CONSTRAINT `customer_weeks_customer_id_foreign` FOREIGN KEY (`customer_id`) REFERENCES `customers` (`id`),
  CONSTRAINT `customer_weeks_week_id_foreign` FOREIGN KEY (`week_id`) REFERENCES `weeks` (`id`) ON DELETE CASCADE
) ENGINE=InnoDB AUTO_INCREMENT=11 DEFAULT CHARSET=utf8mb4 COLLATE=utf8mb4_unicode_ci;
/*!40101 SET character_set_client = @saved_cs_client */;

--
-- Dumping data for table `customer_weeks`
--

LOCK TABLES `customer_weeks` WRITE;
/*!40000 ALTER TABLE `customer_weeks` DISABLE KEYS */;
INSERT INTO `customer_weeks` VALUES (6,476,10,1,'2019-10-06 10:07:11','2019-10-06 10:07:11'),(7,488,10,1,'2019-10-06 10:07:33','2019-10-06 10:07:33');
/*!40000 ALTER TABLE `customer_weeks` ENABLE KEYS */;
UNLOCK TABLES;

--
-- Table structure for table `customers`
--

DROP TABLE IF EXISTS `customers`;
/*!40101 SET @saved_cs_client     = @@character_set_client */;
/*!40101 SET character_set_client = utf8 */;
CREATE TABLE `customers` (
  `id` int(10) unsigned NOT NULL AUTO_INCREMENT,
  `customer_id` int(11) DEFAULT NULL,
  `fullname` varchar(255) COLLATE utf8mb4_unicode_ci NOT NULL,
  `title` varchar(255) COLLATE utf8mb4_unicode_ci NOT NULL,
  `age` int(11) NOT NULL,
  `birthdate` date NOT NULL,
  `gender` tinyint(4) NOT NULL,
  `height` double NOT NULL,
  `weight` double NOT NULL,
  `waist_measurements` double NOT NULL,
  `hip_measurements` double NOT NULL,
  `blood_type` varchar(255) COLLATE utf8mb4_unicode_ci NOT NULL,
  `address` text COLLATE utf8mb4_unicode_ci NOT NULL,
  `mobile` varchar(255) COLLATE utf8mb4_unicode_ci NOT NULL,
  `telephone` varchar(255) COLLATE utf8mb4_unicode_ci NOT NULL,
  `email` varchar(255) COLLATE utf8mb4_unicode_ci NOT NULL,
  `medical_history` text COLLATE utf8mb4_unicode_ci NOT NULL,
  `present_medication` text COLLATE utf8mb4_unicode_ci NOT NULL,
  `exercise_frequency` text COLLATE utf8mb4_unicode_ci NOT NULL,
  `alchohol` tinyint(4) NOT NULL,
  `smoke` tinyint(4) NOT NULL,
  `pregnancy` tinyint(4) NOT NULL,
  `breastfeeding` tinyint(4) NOT NULL,
  `vaccinations` text COLLATE utf8mb4_unicode_ci NOT NULL,
  `worktype` varchar(255) COLLATE utf8mb4_unicode_ci NOT NULL,
  `weightchange` tinyint(4) NOT NULL,
  `created_at` timestamp NULL DEFAULT NULL,
  `updated_at` timestamp NULL DEFAULT NULL,
  `plan_id` int(10) unsigned NOT NULL,
  `status` tinyint(4) NOT NULL,
  `consider_calories` tinyint(4) NOT NULL,
  `daily_calories` int(11) NOT NULL,
  `excluded_days` longtext CHARACTER SET utf8mb4 COLLATE utf8mb4_bin DEFAULT NULL,
  PRIMARY KEY (`id`),
  UNIQUE KEY `customers_email_unique` (`email`),
  UNIQUE KEY `customers_customer_id_unique` (`customer_id`),
  KEY `customers_plan_id_foreign` (`plan_id`),
  CONSTRAINT `customers_plan_id_foreign` FOREIGN KEY (`plan_id`) REFERENCES `plans` (`id`) ON DELETE CASCADE
) ENGINE=InnoDB AUTO_INCREMENT=490 DEFAULT CHARSET=utf8mb4 COLLATE=utf8mb4_unicode_ci;
/*!40101 SET character_set_client = @saved_cs_client */;

--
-- Dumping data for table `customers`
--

LOCK TABLES `customers` WRITE;
/*!40000 ALTER TABLE `customers` DISABLE KEYS */;
INSERT INTO `customers` VALUES (2,1707,'Bassam Al Ali','Mr',37,'1981-09-26',1,175,81,79,82,'O+','BLDG 2495,RD 2832,SEEF 428, AHLI UNITED BANK','36733777','36733777','bas.alali@gmail.com','NONE','NONE','1',0,0,0,0,'0','Mental',2,'2019-03-30 08:48:47','2019-09-05 15:50:39',1,0,1,2637,'[]'),(4,3,'Laila Al-Beiti','MS.',35,'1983-08-17',0,167,84,112,112,'0','House 25, Granada Garden Road 2251,Jidhafs 442','39977832','39977832','laila.albeiti@gmail.com','NONE','NONE','1',0,0,0,0,'0','MENTAL',0,'2019-03-30 09:40:31','2019-09-05 16:03:05',1,0,1,0,'[]'),(5,1708,'Humood Almuhanna','Mr.',28,'1990-07-28',1,190,103,109,69,'O+','House 215, RD 90, BLK 945, Awali','3831001','3831001','humood.almuhanna@gmail.com','Mixed connective tissue disease','Adalat, Imuran, Nuxium','1',0,0,0,0,'0','Mental',0,'2019-03-30 10:01:25','2019-09-05 15:51:16',2,0,1,2186,'[]'),(6,1709,'Najlaa Salman Alkhalifa','Sh.',27,'1991-10-19',0,158,88,95,121,'O+','House 174\r\nSh. Khalifa Bin Mohd Ave.\r\nBusaiteen\r\nBlock 221','33505505','33505505','niyalalkhalifa@gmail.com','NONE','NONE\r\n\r\n\r\n\r\nNote : minced meat only no to steaks','1',0,0,0,0,'0','MENTAL',0,'2019-04-01 15:52:43','2019-09-05 15:51:37',2,0,1,1404,'[]'),(7,1710,'Saleh Nass','Mr.',34,'1985-03-08',1,172,79,90,90,'0','Villa 429\r\nElements Production \r\nRd 1212\r\nGufool 312','39973337','39973337','smnass@mac.com','0','0','1',0,0,0,0,'0','Physical',2,'2019-04-06 07:39:23','2019-09-05 15:52:26',1,0,1,2601,'[]'),(8,1711,'Sarah Abdulmajeed Mohammed','Mrs.',31,'1988-02-20',0,167,71,78,67,'B+','House 99\r\nRd 2702\r\nBLK 927\r\nBukwarah','38889883','39912223','saramohd88@hotmail.com','NONE','NONE','0',0,0,0,0,'0','Mental',2,'2019-04-06 07:44:01','2019-09-05 15:53:33',1,0,1,1740,'[]'),(9,1712,'Sara Al Dallal','Mrs.',31,'1987-12-22',0,172,91,109,120,'A+','v23\r\nHuda Palms\r\nAl Nakheel Higway Gate 1129\r\nRoad 60 Barbar 528','36704999','36704999','sara.aldallal@gmail.com','none','none','1',0,0,0,1,'0','both',0,'2019-04-06 13:44:53','2019-09-05 15:54:18',3,0,1,1554,'[]'),(10,1713,'Mohamed Raees','Mr.',37,'1982-03-04',1,180,88,130,190,'0','Kuwait Finance House Bahrain\r\nWord Trade Center Ground Floor\r\nKFH Branch next to Maki Restaurant','39885522','39885522','m.raees@gmail.com','none','none','1',0,1,0,0,'0','mental',2,'2019-04-06 14:09:35','2019-09-05 15:55:03',3,0,1,2792,'[]'),(11,1714,'Dalal Essa Najibi','Ms',25,'1994-02-15',0,166,58,67,75,'B+','House No. 989 Road 2520\r\nBlock 525 \r\nSaar','39722002','39722002','dalalnajibi@gmail.com','none','none','1',0,0,0,0,'0','both',2,'2019-04-07 07:41:02','2019-09-05 15:57:07',2,0,1,2037,'[]'),(12,1720,'Mehrunissa Anis','Dr.',30,'1988-06-11',0,172,60,71,91,'B+','Flat 83,8th flr. Bldg.2450,\r\nRoad 2835 Block 228\r\nBusaiteen','38816472','38816472','mehrunissa.anis@gmail.com','none','none','1',0,0,0,0,'0','both',2,'2019-04-07 08:44:15','2019-09-05 16:03:33',3,0,1,2087,'[]'),(14,1721,'Ahmed Ishaq','Mr.',36,'1983-08-18',1,190,91,34,20,'AB+','House no. 1100, Road 1518\r\nBlock 915 East Riffa','39412414','39412414','aishaq1983@gmail.com','none','none','1',0,1,0,0,'0','mental',0,'2019-04-07 12:20:50','2019-09-05 16:04:00',2,0,1,1941,'[]'),(15,1764,'Habib Ali Gowhary','Mr.',28,'1990-08-30',1,192,75,81,20,'0','Flat 11, Bldg. 3551\r\nRoad 7552 Block 575\r\nJanabiya','36676701','36676701','habib.ali90@hotmail.com','none','none','0',0,0,0,0,'0','mental',1,'2019-04-08 05:41:02','2019-09-13 10:24:41',3,0,1,3196,'[]'),(16,1804,'Maryam Hamad','Ms.',39,'1979-05-23',0,162,60.5,20,20,'0+','Villa 589 Road 1619\r\nBlock 916 West Riffa','36766661','36766661','riffa.events@gmail.com','high cholesterol','none','1',0,0,0,0,'0','both',0,'2019-04-08 06:16:16','2019-09-16 05:53:31',2,0,1,930,'[]'),(17,1805,'Ahmed Salahuddin','Mr.',32,'1986-08-01',1,172,92,120,109,'0+','House no. 1077,Road \r\n2521, Block 525\r\nSaar','34454445','39416600','salahaldeen.a@gmail.com','none','multi vitamins supplements\r\n\r\n\r\nNote : no to spciy','0',0,1,0,0,'0','both',0,'2019-04-08 06:38:11','2019-09-16 05:55:37',2,0,1,1226,'[]'),(18,1806,'Sara Davies','Mrs.',32,'1986-12-24',0,157,83,50,50,'0+','Villa 682, Hani Gardens\r\nRoad 2033 Block 520\r\nBarbar','33324120','33324120','saradavies86@hotmail.com','none','none','1',0,0,0,0,'0','mental',0,'2019-04-08 06:46:09','2019-09-16 05:56:21',2,0,1,1280,'[]'),(19,1807,'James Davies','Mr.',32,'1986-10-23',1,160,82,20,20,'0','Villa 682, Hani Gardens\r\nRoad 2033, Block 520\r\nBarbar','32121448','32121448','jamesdavies0@hotmail.com','none','none','1',1,0,0,0,'0','mental',0,'2019-04-08 06:48:37','2019-09-16 05:57:04',2,0,1,1547,'[]'),(20,1722,'Stephanie Hsu','Dr.',29,'1989-09-14',0,163,58,71,91,'B+','No.57,ar Al Ezz 1\r\nBldg.2372 Road 2834 Block 228\r\nBusaiteen','39926958','39926958','steph.hsu89@gmail.com','none\r\n\r\nNote : less salt','none','0',0,0,0,0,'0','both',2,'2019-04-08 06:52:44','2019-09-13 09:27:12',3,0,1,1564,'[]'),(21,1808,'Nahar Ahmed Kamal','Mrs.',30,'1989-04-22',0,159,57,20,20,'A+','Villa 915,Road 1514,\r\nBlock 915 East Riffa','39545995','39545995','nahar.akamal@gmail.com','none','none\r\n\r\n\r\nNote : NO OATMEAL PLS.','1',0,0,0,0,'0','mental',2,'2019-04-08 06:56:23','2019-09-16 06:00:32',3,0,1,1917,'[]'),(22,1809,'Khalid Al Shater','Mr.',17,'2002-01-05',1,132,96,101,20,'0','House 995,Road 7415\r\nBlock 579\r\nHamala','36660066','36660066','khalidalshater@gmai.com','none','none','0',0,0,0,0,'0','both',0,'2019-04-08 07:08:59','2019-09-16 06:01:08',2,0,1,1063,'[]'),(23,1810,'Amina Humood','Ms',30,'1988-07-14',0,150,48,20,20,'A+','Villa 139 Road 29\r\nBlock 242\r\nArad','37766377','37766377','amina.humood@gmail.com','none','none','0',0,0,0,0,'0','mental',0,'2019-04-08 07:12:51','2019-09-16 06:01:42',2,0,1,339,'[]'),(24,1811,'Nadia Haqiqi','Mrs.',31,'1987-04-18',0,158,61,20,20,'0+','Villa no.2 Gate 1007\r\nBlock 332 Bu Ashira','36654455','17170441','nhaqiqi@1stenergybank.com','none','none','0',0,0,0,0,'0','mental',0,'2019-04-08 07:16:14','2019-09-16 06:02:10',2,0,1,551,'[]'),(25,1747,'May Taqi','Ms.',27,'0091-09-26',0,160,95,101,123,'0+','Villa 1117 Road 919\r\nBlock 1209 \r\nMiadinat  Hamad (Roundabout 9)','39722205','17420858','m.f.taqi@gmail.com','none','daily vitamins for hai and skin','2',0,0,0,0,'0','both',0,'2019-04-08 07:29:18','2019-09-13 10:01:44',2,0,1,1911,'[]'),(26,1766,'Fatima Yateem','Ms.',29,'1990-02-07',0,174,78,20,20,'0+','Yateem Gardens Villa 30\r\n2469,Road 2762 \r\nBlock 327, Manama Bahrain','38883828','38883828','fatima.yateem@gmail.com','none','none','2',0,0,0,0,'0','both',0,'2019-04-08 07:43:46','2019-09-13 10:26:51',8,0,1,1748,'[]'),(27,1755,'Shaika May Bit Sulaiman Al Otaibi','Dr.',62,'1957-12-17',0,100,69,97,91,'B+','House no..196, Block 221\r\nRoad Sh.Khalifa Bin Moohd.Avenue','3880011','3880011','maysalute@gmail.com','none\r\n\r\n\r\nNote : NO KIWI & LESS EGGS','none','0',0,0,0,0,'0','both',0,'2019-04-08 08:02:02','2019-09-13 10:09:58',2,0,1,21,'[]'),(28,1767,'Amal Khalil Ismail','Ms.',29,'1989-08-03',0,157,90,20,20,'0+','House no.2613,Road 2966\r\nBlock 729 Jurdab\r\nIsa Town','36626266','36626266','amalkhalil@;live.com','none','none','2',0,0,0,0,'0','mental',0,'2019-04-08 08:09:59','2019-09-13 10:27:45',2,0,1,1772,'[]'),(29,1769,'Fatima Al Hadi','Mrs.',26,'1983-01-24',0,155,56.8,20,20,'A+','Lagoon Gate No.2 Block 943\r\nStreet no. 4317 H GB004\r\nRiffa Views','39993899','39993899','alhadifatima@gmail.com','none','none','0',0,0,0,0,'0','mental',0,'2019-04-08 08:19:44','2019-09-13 10:31:45',2,0,1,507,'[]'),(30,1772,'Fahad Barbar','Mr.',29,'1987-03-12',1,100,182,33,20,'B+','Villa 14, Gate 756,Road 1725\r\nIsa Park Compound\r\nSaar','39050656','33889991','fahadbabar@gmail.com','none\r\n\r\nNote : no sugar, gluten free,low carb high protein meal','none','2',1,1,0,0,'0','mental',2,'2019-04-08 08:46:25','2019-09-13 10:34:55',2,0,1,4057,'[]'),(31,1748,'Lara Elie Semaan','Ms.',25,'1994-09-01',0,166,86,114,114,'0+','House 3228, Road 5770,\r\nBlock 457 Buqowah\r\nSeraya 2','66666056','66666056','lara.elie.semaan@gmail.com','none','accutane for the last 2 months\r\n\r\nNote : no to seafood','0',0,0,0,0,'0','both',2,'2019-04-08 09:21:04','2019-09-13 10:02:10',3,0,1,1950,'[]'),(32,1765,'Nouf Khalfan','Mrs.',34,'1984-12-07',0,150,69.5,93.9,104,'0','Villa 2545, Road 7169\r\nBlock 571 Janabiya','39944994','39944994','noufkhalfan@gmail.com','none','none','0',1,0,0,0,'0','both',2,'2019-04-08 09:29:07','2019-09-13 10:26:06',2,0,1,1575,'[]'),(33,1773,'Sara Jawahery','Ms.',36,'1982-05-31',0,100,53,20,20,'B+','House no.2,Gate 262, Road 7311\r\nBlk. 473,Abu Saiba','39699773','39699773','sara.jawahery@gmail.com','none','none\r\n\r\nnote: no gluten, no dairy,no fish\r\nmore of proteim ,low carb','1',0,0,0,0,'0','both',2,'2019-04-08 11:09:57','2019-09-13 10:35:48',3,0,1,1245,'[]'),(34,1756,'Shaika Methayelle Al Khalifa','Shaika',27,'1992-04-11',0,154,57,65.5,97,'0+','shaikh Isa\'s palace','36977777','36977777','methayelle@gmail.cm','none','none\r\n\r\nNote : no eggs,gluten free,no brown rice','1',0,0,0,0,'0','mental',2,'2019-04-08 13:02:20','2019-09-13 10:10:27',3,0,1,1892,'[]'),(35,1774,'Stephanie Long','Ms',34,'2019-09-13',0,169,79,20,20,'20','Capricorn Gardens, Flat 40\r\n1st Floor Avenue 65,131\r\nBlock 565 Janabiyah','36121122','36121122','stephaniealexlong@gmail.com','none','PCOS','0',0,0,0,0,'0','both',0,'2019-04-08 13:08:52','2019-09-13 10:36:46',3,0,1,833,'[]'),(36,1775,'Mohamed Alsaati','Mr.',28,'1992-04-10',1,171,65,30,20,'AB+','House no. 141,Road 2307\r\nBlock 523\r\nSaar','39988009','39988009','mohamed.alsaati@gmail.com','none','none\r\n\r\nNote : no to ketchup and pickles','1',0,1,0,0,'0','both',2,'2019-04-08 13:13:07','2019-09-13 10:37:24',3,0,1,2423,'[]'),(37,1770,'Ameera Nasralla','Mrs.',35,'1984-04-24',0,157,68,20,20,'B+','House no.1333, Road 5337\r\nBlock 553,\r\nBudaiya','39633327','39633327','nasrallaameera@gmail.com','none','none','0',0,0,0,0,'0','mental',0,'2019-04-08 13:17:51','2019-09-13 10:32:35',3,0,1,604,'[]'),(38,1790,'Sara Abdulla','Ms.',30,'1989-10-29',0,160,54,51,51,'0','House no.1061,Road 1119, \r\nBlock 911\r\nEast Riffa','36330075','36330075','s.abdulla@gmail.com','none','none\r\n\r\nNote : no lentils and no beans','1',0,0,0,0,'0','mental',0,'2019-04-08 13:26:22','2019-09-13 10:47:42',3,0,1,880,'[]'),(47,1799,'Noora Hasan Isa','Ms.',38,'1980-08-24',0,167,74,51,51,'0','Villa no.993, Road 1626, \r\nBlock 916 \r\nWest Riffa','39444462','39444462','n.h.alghatam@gmail.com','none','Taking Vitamin D & Omega','1',0,0,0,0,'0','both',2,'2019-04-10 05:59:19','2019-09-13 10:54:27',3,0,1,2192,'[]'),(50,1768,'Kumail Al Noaimi','Mr.',36,'1982-01-01',1,179,72,32,20,'0','Compound no 141,Villa no.96\r\nRoad 24, Block 1020\r\nHamad Town','39600874','39600874','kumail.alnoaimi@gmail.com','none\r\n\r\n\r\nNote : into a lot of sports hence need more carbs','none','2',0,0,0,0,'0','both',2,'2019-04-10 11:28:13','2019-09-13 10:28:25',11,0,1,2928,'[]'),(52,1718,'Abdulla Al Aradi','Mr.',35,'0983-06-07',1,197,88,91,102,'A+','Villa 1047,Road 4032\r\nBlock 240 Arad\r\nMuharraq (opposite to arad bay pedestrian bridge)','33335757','33335757','abdulla.aradi@gmail.com','none','mome','0',1,1,0,0,'0','both',0,'2019-04-11 06:57:24','2019-09-13 10:29:16',1,0,1,2349,'[]'),(53,1812,'Fatima Karimi','Ms.',32,'1986-08-05',0,164,72,20,20,'B+','Viva Tower 15, 428 Seef District\r\n17th Floor','39711397','34011393','fkarimi@gmail.com','none','none\r\n\r\nNote : No legumes,gluten Free,quinoa\r\n and beans','1',0,1,0,0,'0','mental',2,'2019-04-11 07:05:37','2019-09-16 06:02:47',1,0,1,2179,'[]'),(54,1820,'Maryam Al Zayani','Ms.',26,'0001-01-01',0,100,50,51,51,'0','Khaleej Commercial Bank  - Financial Harbour \r\n25th Floor','36561666','36561666','malzayyani@khcbonline.com','none','none','0',0,0,0,0,'0','both',2,'2019-04-11 07:54:22','2019-09-16 16:07:56',1,0,1,1009,'[]'),(55,1821,'Alanood Alnoami','Mrs.',38,'0981-09-09',0,169,74,90,105,'AB','House no. 1522, Road 2426\r\nBlock 324, Al Juffair','39402828','39402828','aalnoaimi9@gmail.com','none\r\n\r\n\r\n\r\nNote : With TLC  results','1.Adalat,Imuran, Nexium\r\n2.Mixed connective tissue disease','1',0,0,0,0,'0','both',2,'2019-04-11 08:37:42','2019-09-16 16:08:27',3,0,1,2211,'[]'),(57,1746,'Hamza Saleem','Mr.',34,'1985-03-04',1,170,73,86,99,'B+','Villa no.1 Compound No. 1016-D\r\nRoad 2933,Area 529\'\r\nMarkh,Saar  (Behind Saar Mosque)','39655622','39655622','hmaza_saleemiqbal@hotmail.com','Borderline Cholesterol Level','none','1',1,0,0,0,'0','both',0,'2019-04-11 11:05:25','2019-09-13 10:01:10',3,0,1,1490,'[]'),(58,1822,'Khulood Al Jassim','Ms.',32,'1964-04-19',0,169,65,32,51,'B+','House no.989, Road 2520,\r\nBlock 525 Saar','39698030','39698030','k.aljassim7@gmail.com','none','none','1',0,0,0,0,'0','both',0,'2019-04-11 11:26:14','2019-09-16 16:20:16',2,0,1,1119,'[]'),(61,1826,'Dalal Essa Najibi','Ms.',25,'1994-02-15',0,166,58,26,51,'B+','House 989 Road 2520\r\nBlock 525 Saar','39722002','39722002','dalal.najibi@gmail.com','none','none','0',0,0,0,0,'0','both',2,'2019-04-11 12:04:54','2019-09-16 16:18:09',2,0,1,1611,'[]'),(62,1831,'Amal Al Bader','Mrs.',37,'1981-01-10',0,153,60,51,51,'A+','House 1731, Road 4555\r\nBlock 745 Sanad','66309999','66309999','ahmedakeel@gmail.com','none','Note : Sudden has had a sudden increase in weight gain, and depression.','1',0,0,0,0,'0','mental',0,'2019-04-11 12:09:44','2019-09-16 16:20:46',2,0,1,852,'[]'),(63,1717,'Muna Ali Yateem','Ms.',32,'1986-10-06',0,165,64.6,72,91,'0+','Villa 2469, Road 2762\r\nYateem Graden\r\nAdliya','39988822','39988822','munayateem@gmail.com','none','Taking daily : omega 3 fish oil and some\r\nother supplements\r\n\r\nNote : No to quinoa , no milk,  yogurt and cheese','1',1,1,0,0,'0','both',0,'2019-04-11 12:14:29','2019-09-05 15:59:32',2,0,1,1075,'[]'),(66,1832,'Khaled Al Alawi','Mr.',32,'1987-03-25',1,179,86.5,51,51,'AB+','Apartment 11, Bldg.2116\r\nRoad 1334,Block 513\r\nMaqabah','39400878','39400878','khalilalawi@hotmail.com','none','None\r\n\r\nNote : no shellfish,shrimp,crab etc. but fish is ok','1',0,0,0,0,'0','mental',2,'2019-04-11 13:11:21','2019-09-16 16:21:17',3,0,1,2798,'[]'),(68,1791,'Huda Al Shamlan','Mrs.',31,'1987-10-16',0,158,52,51,51,'B+','Apartment 11,Bldg.2116,\r\nRoad 1334 Block 513\r\nMaqabah Saar','36655533','36655533','huda.alshamlan@gmail.com','none','none','0',1,1,0,0,'0','mental',2,'2019-04-11 13:23:09','2019-09-13 10:48:41',3,0,1,1442,'[]'),(70,1793,'Emad Bader','Mr.',32,'1986-03-26',1,176,76.7,93,101,'0','Compound 177, Road 20\r\nBlock 522 Barbar','39999662','39999662','emadbader@gmail.com','none','none','1',1,1,0,0,'0','both',2,'2019-04-11 13:46:34','2019-09-13 10:49:46',3,0,1,2619,'[]'),(72,1723,'Latifa Salman Flaifel','Mrs.',27,'1990-08-31',0,158,54,80,96,'0+','BIBF OFFICE\r\nBldg.1456, Road 4034,\r\nBlock 340\r\nJuffair','36630161','36630161','latifaflaifel@gmail.com','none','none\r\n\r\nNote : No beef and spicy','1',0,0,0,0,'1','both',2,'2019-04-13 06:22:31','2019-09-13 09:38:55',1,0,1,1884,'[]'),(73,1796,'Asma Alarayyedh','Mrs.',31,'1988-01-07',0,155,50,51,51,'A+','Ahli United Bank  HQ\r\nSeef District \r\nReception only','36066520','36066520','asmaalarrayed@hotmail.com','none','none\r\n\r\n\r\n\r\nNote : no to all types of beans, corn and oats , and sweet potato not white potato','1',0,0,0,0,'0','mental',2,'2019-04-13 06:35:11','2019-09-13 10:52:59',1,0,1,1764,'[]'),(75,1771,'Dalia Al Jurf','Ms.',32,'1986-11-04',0,158,62,20,20,'AB+','Reef Island, Le Reef Bldg.,\r\nEast Tower, 3rd floor\r\nApartment 38','36314397','36314397','daliajurf@gmail.com','none','none\r\n\r\n\r\nNote : prefer almond milk instead of dairy milk','1',0,0,0,0,'0','mental',2,'2019-04-15 06:33:05','2019-09-13 10:34:09',3,0,1,1968,'[]'),(76,1797,'Yasmeen Qaedi','Mrs.',29,'1989-11-21',0,158,73,86,108,'A+','Viva HQ, Al Seef District\r\n16th floor','34444481','34444481','yasmeen.k89@gmail.com','Irritable Bowel Syndrome (IBS)\r\nGERD, but as confirmed  by phone vinegar,lemons are fine with her.','none','1',0,0,0,0,'0','mental',2,'2019-04-15 06:43:46','2019-09-13 10:53:24',1,0,1,2160,'[]'),(77,1798,'Heyam A.Rahman Rad','Ms.',32,'1986-12-02',0,151,67,88,92,'A+','Viva Tower,Al Seef District\r\n16th floor','33011616','33011616','heyamrad844@gmail.com','none','Seroxat \r\nAnxiety disorder\r\n\r\nNote : no cow milk,lentils and barley','1',0,0,0,0,'0','mental',0,'2019-04-15 06:50:43','2019-09-13 10:53:49',1,0,1,978,'[]'),(78,1823,'Reem Kaiksow','Ms.',36,'1982-07-06',0,100,62,21,21,'B+','Villa no.7, Gate 464\r\nRoad 7113, \r\nJanabiyah 571','39451444','39451444','reemkaicksow@gmail.com','none','none','0',0,0,0,1,'0','both',0,'2019-04-15 06:57:13','2019-09-16 16:11:37',5,0,1,94,'[]'),(79,1794,'Nabeel Kazim','Mr.',47,'1971-05-05',1,164,110,40,42,'0+','House no.212, Road 66\r\nBlock 364, Bilad Al Qadeem\r\n(Next to Ram Dental Clinic)','66386638','66386638','nabeelkazim@hotmail.com','none','none','1',0,0,0,0,'0','mental',2,'2019-04-15 07:07:14','2019-09-13 10:51:26',4,0,1,2899,'[]'),(80,1780,'Ameera Alababasi','Mrs.',37,'1981-08-25',0,153,62,20,20,'B+','Villa 2563, road 6238,\r\nBlock 1062 Al Areen','66677760','66677760','alabbasi258@gmail.com','none','none','0',0,0,0,0,'0','mental',2,'2019-04-15 07:15:24','2019-09-13 10:38:24',1,0,1,1489,'[]'),(81,1854,'Nayla Alkaabi','Ms.',30,'1988-07-06',0,162,64,0,0,'0+','Villa 1601 Road 2627\r\nBlock 926 Jari alshaikh\r\nRiffa','36777447','36777447','nayla.alkaabi@gmail.com','none','none','1',0,0,0,0,'0','both',2,'2019-04-15 07:34:15','2019-10-03 13:37:09',1,0,1,2052,NULL),(82,1824,'Mariam Al Nasser','Mrs.',31,'1986-05-23',0,164,84,38,46,'0+','Flat 11, Bldg.1483 A\r\nRoad 2549, Block 925, \r\n1st Floor East Riffa\r\n\r\nDelivery Add : #14123 Road 2926 Block 929 East Riffa','36415555','36415555','asoola.2.star@gmail.com','none\r\n\r\nNote : dpne blood test and NA','none','0',0,0,0,0,'0','mental',0,'2019-04-15 07:43:40','2019-09-16 16:11:54',2,0,1,874,'[]'),(83,1825,'Mai Mattar','Ms.',35,'1982-07-08',0,160,106,103,71,'0+','House 2715,Road 4578\r\nSanad 745','367411110','36741110','maimatter@gmail.com','Acid reflux','Nexium 20 to 40','0',0,0,0,0,'0','mental',0,'2019-04-15 08:25:43','2019-09-16 16:21:37',1,0,1,1086,'[]'),(86,1792,'Amani Alasfoor','Ms.',27,'1992-02-03',0,173,59,51,51,'0','Gate 61, Road 69\r\nBlock 463, Al Hajar 5643','36391231','39391231','amani@shaik.net','none','omega 3, vitamin D','1',0,1,0,0,'0','mental',2,'2019-04-15 11:29:39','2019-09-13 10:49:24',1,0,1,2104,'[]'),(88,1827,'Maryam Fuad Ali','Ms.',25,'1993-07-14',0,156,55,73,99,'0','House no.20 , Road 901\r\nBlock 109,Hidd','36663326','36663326','maryam.fuad.ali@gmail.com','none','none','1',0,0,0,0,'0','mental',0,'2019-04-15 11:39:04','2019-09-16 16:18:28',2,0,1,896,'[]'),(89,1781,'Sarah Ulhaq','Mrs.',33,'1985-11-06',0,164,88,20,20,'0-','Flat 22, Bldg.572\r\nRoad 7510, Block 575\r\nJanabiyah','36267274','36267274','sarahulhaq@gmail.com','Thyroid','eythyrox','1',0,0,0,0,'0','mental',0,'2019-04-15 11:52:47','2019-09-13 10:40:14',2,0,1,1416,'[]'),(90,1757,'Lolwa Al Noaimi','Ms.',27,'1991-05-27',0,168,95.6,93,117,'0+','Riffa Views, GV 27\r\nHouse 971\r\nBlock 943 Road 4308','39777370','39998838','lolwaahmedalnoaimi@gmail.com','none','none\r\n\r\n\r\n\r\n\r\nNote : gluten free and no dairy','0',0,0,0,0,'0','mental',0,'2019-04-15 12:01:29','2019-09-13 10:11:21',2,0,1,1069,'[]'),(92,1783,'Yasmin Al Aswad','Ms.',30,'1988-12-07',0,173,64.5,77,102,'0+','House 190, Um Al Hassam\r\nBlock 337 Road 3703\r\n(Garage Door)','39645046','39645046','yasminalaswad@gmail.com','none','none','1',0,0,0,0,'0','mental',0,'2019-04-15 12:22:46','2019-09-13 10:41:36',2,0,1,1165,'[]'),(93,1784,'Nout Faisal','Ms.',26,'1989-09-15',0,164,67,27,41,'0','GATE 4, House no. C375\r\nRiffa View / House no.L375\r\nHighway 96','39114388','39114388','faisalnout@gmail.com','none','none','1',0,0,0,0,'0','mental',0,'2019-04-15 12:26:09','2019-09-13 10:42:31',2,0,1,1148,'[]'),(94,1787,'Noor Salman Al Khalifa','Sh.',37,'1980-03-13',0,166,180,145,167,'A+','174 Sh.Khalifa Bin Mohammed\r\nAvenue , Block 221\r\nMuharraq','360009963','36009963','noor.alkh@gmail.com','slight elevated blood sugar','Gluccophage','0',0,0,0,0,'0','both',0,'2019-04-15 12:29:35','2019-09-13 10:45:12',2,0,1,2015,'[]'),(95,1789,'Noora Yusuf Al Hadi','Mrs.',31,'1985-05-25',0,156,55,51,51,'A+','House 1099, Road 2521\r\nSaar 525 \r\nOpposite Saar Mall','38448884','38448884','noora.alhadi@gmail.com','High cholesterol','Crestor -10mg every other day','1',0,0,0,0,'0','both',0,'2019-04-15 12:33:31','2019-09-13 10:46:49',2,0,1,850,'[]'),(96,1828,'Eva Hasan','Mrs.',40,'1978-12-29',0,154,62.5,29,44,'0+','House 145, Road 197\r\nBlock 919 \r\nEast riffa','39443944','39443944','eva.hasan@gmail.com','none','none','2',0,0,0,0,'0','mental',0,'2019-04-15 12:35:38','2019-09-16 16:18:45',2,0,1,1159,'[]'),(97,1800,'Kanoo Talal','Mr.',23,'1975-06-23',0,150,60,51,51,'0','Villa 1542, Road 7329\r\nBughazal 373\r\nZinj','36366363','36366363','none','none','none','1',0,0,0,0,'0','mental',0,'2019-04-15 12:39:13','2019-09-13 10:55:30',2,0,1,930,'[]'),(99,1786,'Amna Alkhan','Ms.',35,'1983-11-24',0,163,54,51,51,'0','House 1068, Road 4308\r\nLagoon 417, Block 943 Riffa Views\r\nRiffa Mazrowah','39672882','39672882','amnaalkhan@gmail.com','none','none\r\n\r\n\r\n\r\nNote : fruits not be mixed with other receips','1',1,0,0,0,'0','both',0,'2019-04-15 12:52:25','2019-09-13 10:44:28',2,0,1,871,'[]'),(100,1801,'Mashael Al Awadhi','Mrs.',28,'1990-07-24',0,157,64,51,51,'0+','Block 457m Road 5774\r\nHouse 3662A\r\nBuqowah','33114473','33114473','mashael.alawadhi@live.com','none','none','0',0,1,0,0,'0','mental',0,'2019-04-15 12:55:00','2019-09-13 10:56:04',2,0,1,598,'[]'),(101,1788,'Audrey Al Otaibi','Mrs.',57,'1961-05-30',0,158,110,40,53,'0+','House 1070, Road 7130\r\nArea 571 janabiya','39455725','17793977','quarrayah@yahoo.com','none','concor 5mg for blood pressure and  Lipitor 10mg for cholesterol\r\n\r\n\r\n\r\nNote : no peppercorns','1',1,0,0,0,'0','mental',0,'2019-04-15 13:24:34','2019-09-13 10:45:54',2,0,1,1511,'[]'),(102,1761,'Khalid Kanoo','Mr.',30,'1988-11-20',1,182,92.5,41,39,'0','Villa 1527, Road 7329\r\nBlock 373 Abu Ghazal\r\nZinj','39426426','39426426','kfkanoo@gmail.com','none','none','1',1,1,0,0,'0','mental',0,'2019-04-15 13:31:55','2019-09-13 10:18:00',2,0,1,1934,'[]'),(103,1829,'Jehan Qaedi','Mrs.',31,'1988-02-01',0,176,75,51,51,'B+','Apt. 21, Bldg.1229\r\n2nd Floor, Road 4621\r\nBlock 246 , Arad','33066697','33066697','jehankhalid88@gmail.com','none','none\r\n\r\n\r\n\r\n\r\nNote : limit only dairy and gluten ..intolerance but not allergic','1',0,0,0,0,'0','both',0,'2019-04-16 06:27:52','2019-09-16 16:19:27',2,0,1,1347,'[]'),(104,1830,'Khalid Mattar','Mr.',36,'1982-08-28',1,174,99,92,51,'A+','House no. 195,Road 3605\r\nAdliya 336','39404440','39404440','kmkmattar@hotmail.com','none','none','1',1,0,0,0,'0','both',0,'2019-04-16 06:31:03','2019-09-16 16:19:58',2,0,1,1911,'[]'),(105,1833,'Noor Abdulkarim','Mrs.',35,'1980-07-14',0,164,80,81,51,'B+','House no. 195, Road 3605\r\nAdliya 336','39651144','39651144','nooryboory@gmail.com','none','none','1',0,0,0,0,'0','mental',0,'2019-04-16 06:39:01','2019-09-16 16:22:04',2,0,1,1278,'[]'),(106,1834,'Sameera Al Bitar','Mrs.',29,'1990-02-21',0,175,61,51,51,'A+','Villa no. 674 Road 2033\r\nBlock 520, Hani Garden \r\nBudaiya (Beside Al Osra Supermarket)','36615661','36615661','sameera@rlsbahrain.org','none','none\r\n\r\n\r\n\r\nNote : would like to have chicken and vegetables only but needs 1500 calories','2',0,0,0,0,'0','both',0,'2019-04-16 06:44:10','2019-09-16 16:22:29',4,0,1,1460,'[]'),(107,1835,'Maryam  Mohamed Alkahlifa','Mrs.',27,'1991-05-06',0,170,82.4,51,51,'A','House 862, Road 2419\r\nBlock 924 ,Riffa','33033300','33033300','m.msk@gmail.com','none','none\r\n\r\n\r\n\r\nNote : no seafood','1',0,0,0,0,'0','both',2,'2019-04-16 06:54:11','2019-09-16 16:22:53',2,0,1,2433,'[]'),(108,1836,'Ameena Al Rafaei','Mrs.',32,'1986-03-11',0,156,57.8,51,51,'B+','Villa O-126, Block 943\r\nRoad 4303 Gate 1\r\nRiffa Views','38333200','38333200','ameenalrafai@gmail.com','none','none','1',0,1,0,0,'0','both',2,'2019-04-16 06:58:22','2019-09-16 16:23:19',3,0,1,1885,'[]'),(110,1837,'Mike Smith','Mr.',43,'1975-05-23',1,188,193,87,51,'51','12th Floor Worky Parsons Gulf Executive Office\r\nBldg.15,Road 3801 Blk.338\r\nGulf hotel','36895021','368895021','mike.smith@worleyparsons.com','none\r\n\r\n\r\n\r\nNote : no dairy','none','1',0,0,0,0,'0','both',2,'2019-04-16 08:18:30','2019-09-16 16:23:44',9,0,1,4429,'[]'),(114,1782,'Fatima  Ebrahim AlHashimi','Mrs.',35,'1983-10-01',0,151,55,20,20,'0','House 489B, Road 3419\r\nBlk.934,North Riffa','34343444','34343444','famaalhashimi@gmail.com','none','none\r\n\r\n\r\n\r\nNote : need extra rich iron food','0',0,0,0,0,'0','both',0,'2019-04-17 05:58:57','2019-09-13 10:41:06',2,0,1,401,'[]'),(115,1838,'Layla Shirazi','Mrs.',36,'1983-01-15',0,180,59.5,26,20,'A+','Villa 1242, Road 7139\r\nBlock 571, Janabiya','39698208','39698208','layla.shirazi@gmail.com','none','none','1',1,0,0,0,'0','mental',0,'2019-04-17 07:36:37','2019-09-16 16:24:15',2,0,1,1110,'[]'),(116,1802,'Maha Al Mannai','Ms.',33,'1983-09-07',0,163,57,34,40,'-0','Villa 49, Road 35, \r\nBlock 561,Al Janabiyah Gardens\r\nJanabiya','38888958','38888958','maha.almannai@gmail.com','none','none\r\n\r\n\r\n\r\nNote : Less cheese\r\nNote : less cheese and dairy','0',0,0,0,0,'0','mental',0,'2019-04-17 09:00:58','2019-09-13 10:56:34',2,0,1,528,'[]'),(117,1839,'Sh. Latifa Ebrahim AlKahlifa','Shaika',36,'1982-07-23',0,160,76,51,51,'0+','180 Shaikh Khalifa Road\r\nBlock 906,West Riffa RODHA','39421000','39421000','LATIFA.ALKHALIFA@ICLOUD.COM','NONE','NONE\r\n\r\n\r\n\r\n\r\nNote : no seafood','0',0,0,0,0,'0','mental',0,'2019-04-17 10:44:13','2019-09-16 16:24:51',2,0,1,717,'[]'),(119,1855,'Maha Hamad Alkhalifa','Shaika',28,'1990-08-05',0,161,70,31,44,'0+','House no.589 Road 1619\r\nBlock 916 North Riffa','33333019','33333019','ladymaha990@gmail.com','none','note\r\n\r\n\r\n\r\nNote : allergic to peanuts, no to goat cheese,no seafoods but shrimp is ok','1',0,0,0,0,'0','both',0,'2019-04-18 06:04:17','2019-10-03 13:37:09',2,0,1,1150,NULL),(120,1840,'Wafa Hameed','Ms.',38,'1981-10-13',0,161,72,51,51,'A+','3 Palace Avenue\r\nGIB Diplomatic Area 5th floor \r\n\r\nHouse 809,6525, Block 565\r\nJanabiya','39333393','39333393','wafa.hameed@gmail.com','none','none','2',0,1,0,0,'0','mental',0,'2019-04-18 08:52:08','2019-09-16 16:25:15',2,0,1,1420,'[]'),(121,1841,'Mona Neama','Ms.',27,'1991-06-18',0,176,73,31,51,'0+','House 919, Road 3335\r\nBlock 533 Al mark Saar','39772000','39772000','monanemah@gmail.com','PCOS,IBS','Gimcopixige 1000xR (2xa day)','0',1,0,0,0,'0','mental',0,'2019-04-18 09:00:31','2019-09-16 16:25:38',2,0,1,856,'[]'),(122,1842,'Talal Almoayed','Mr.',31,'1987-01-31',1,168,65,81,94,'0+','Villa 4, Almoayed Homes Compound\r\nRoad 002 Block 1002 Hamala','32211222','17171616','talal@almoayedgeneral.com','none','none','1',1,1,0,0,'0','mental',0,'2019-04-18 10:43:30','2019-09-16 16:26:03',2,0,1,1372,'[]'),(125,1785,'Christina Welsh','Ms.',51,'1968-06-04',0,150,95,51,51,'0','Villa 64, Al Jasser Compoubd Avenue 6\r\nAl Jasra Block 1002','+966503320355','+966503320355','tlaingnleshsh@hotmail.com','Under active thyroid , high cholesterol\r\n\r\n\r\n\r\nNote : no beef or lamb except minced)','euthyrox  and lipitol','0',1,0,0,0,'0','mental',0,'2019-04-18 11:19:30','2019-09-13 10:43:23',2,0,1,781,'[]'),(126,1856,'Sarbeel Jehad','Mrs.',36,'1982-04-13',0,159,66,83,95.5,'0+','Villa 1307, Block 529, Road 2941\r\nSaar Al Markh','39933133','39933133','sarbeel@gmail.com','none','none','2',0,0,0,0,'0','both',0,'2019-04-18 11:31:06','2019-10-03 13:37:09',2,0,1,1310,NULL),(127,1857,'Narmeen Nedham Khonji','Ms.',0,'0001-01-01',0,167,61,0,0,'AB','Road 1512, Block 915\r\nHouse no.811 East Riffa','39619600','39619600','narmeenned@icloud.com','none','nobe','1',1,1,0,0,'0','both',0,'2019-04-18 11:36:44','2019-10-03 13:37:09',2,0,1,1284,NULL),(128,1328,'Layal Saeed','Mrs.',40,'1978-11-07',0,171,65.8,100,90,'0','Villa 54 Sheik Mohd Avenue\r\nRoad 87, Block 912\r\nWest Riffa','39797972','39797972','isaeed711@gmail.com','none','none\r\n\r\n\r\nNote : no spicy, no tomato ,no olives,no avocado','1',0,0,0,0,'0','both',0,'2019-04-18 11:46:54','2019-09-21 09:04:22',3,0,1,1090,'[]'),(129,1763,'Naeema AlBalooshi','Mrs.',67,'1950-11-20',0,151,49,20,20,'0','House 1061, Road 1119\r\nBlock 911, East Riffa','39450571','39450571','n.albalosshi@almawred.org','none','none','0',0,0,0,0,'0','mental',2,'2019-04-20 10:30:54','2019-09-13 10:23:40',1,0,1,1135,'[]'),(130,1795,'Adam Patrick Wilkes','Mr.',42,'1976-09-12',1,192,85,33,51,'51','Villa 38, West Gate Compound\r\nRoad 2957, Block 529, Saar','39925215','39925215','adam@nassasphalt.com','none','none','2',1,1,0,0,'0','mental',2,'2019-04-20 13:13:14','2019-09-13 10:52:20',4,0,1,3247,'[]'),(131,1843,'Maha Al Khalifa','Ms.',33,'1985-09-22',0,157,127,49,51,'0','House 1033, Road 1627\r\nBlock 916, West Riffa','36330063','36366363','mahatiti@gmaill.com','none','none','0',0,0,0,0,'0','both',0,'2019-04-20 13:23:04','2019-09-16 16:28:16',3,0,1,1330,'[]'),(132,1851,'Noor Alwardi','Ms.',23,'1996-01-05',0,153,66,51,51,'0','Gate 860,Villa 8\r\nRoad 4515 Block 545 Wasna Compound','36666555','36666555','noortalwardi@gmail.com','none','none','1',0,0,0,0,'0','mental',2,'2019-04-20 13:29:34','2019-09-16 16:31:22',3,0,1,2051,'[]'),(134,1852,'Zaid Alwardi','Mr.',17,'2002-03-02',1,180,90,51,51,'0','Gate 860, Villa 8, Road 4515\r\nBlock 545 Wasna Garden compound','39611155','39611155','zaidoo-75@hotmail.com','none','none','1',0,0,0,0,'0','both',0,'2019-04-20 13:39:43','2019-09-16 16:31:53',2,0,1,1976,'[]'),(135,1803,'Zainab Khalaf','Mrs.',34,'1985-07-20',0,164,78,51,51,'B+','House no.1049, Block 447\r\nRoad 1726 Al Qadem\r\nBudaiya','36554333','36554333','zainab.abdulshaheed@gmail.com','none','none','0',0,0,0,0,'0','both',2,'2019-04-21 06:40:08','2019-09-13 10:57:16',1,0,1,1784,'[]'),(136,1858,'Muneera Mohamed Alkhalifa','Ms.',38,'1981-01-27',0,167,104,129,122,'0+','House no.2613, Road 2613,\r\nBlock 926, Riffa','39222229','39222229','mmk1313@gmail.com','Note : as per her app.tnk 1332 lots of medication','Type 2 diabetes\r\nHigh cholesterol\r\n\r\nNote : as per her app.tnk 1332 lots of medication','1',0,0,0,0,'0','mental',0,'2019-04-23 06:01:13','2019-10-03 13:37:09',2,0,1,1651,NULL),(137,1859,'Alajmi Noof','Ms.',23,'1995-08-29',0,157,56,20,20,'0','House 144,Road 3403\r\nBlock 934, Riffa','33711217','33711217','noof.alajmi@hotmail.com','none','none','0',0,0,0,0,'0','mental',0,'2019-04-23 06:09:54','2019-10-03 13:37:09',3,0,1,531,NULL),(138,1762,'Aimee Louise Dormer','Ms.',37,'1981-11-25',0,173,78,20,20,'0','Villa 183, Road 5704\r\nFloating City Amwaj','36667559','36667559','aimee.dormer@royalflight.gov.bh','none','none','1',1,0,0,0,'0','both',0,'2019-04-23 11:33:40','2019-09-13 10:21:34',9,0,1,1318,'[]'),(139,1760,'Dahouk Al Aswad','Ms.',35,'1984-02-15',0,173,78,93,113,'0','Road 1419,Block 1014,Al Dar \r\nCompound Villa 2 Hamala','66667444','66667444','dahouk.7a@gmail.com','none','none','1',0,0,0,0,'0','both',0,'2019-04-24 06:25:31','2019-09-13 10:16:19',2,0,1,1334,'[]'),(140,1853,'Sarah Janahi','Ms.',29,'1987-06-23',0,165,72,20,20,'0-','House 3201,Road 5770\r\nBlock 457 Buqowah','39000432','39000432','sarah.janahi@live.com','none','none','1',0,0,0,0,'0','mental',0,'2019-04-24 06:29:38','2019-09-16 16:32:11',2,0,1,1211,'[]'),(141,1751,'Zahra Taher','Mrs.',45,'1973-08-14',0,159,66,20,20,'A+','GATE 685,ROAD 421,BLOCK 1004\r\nVILLA 3 JASRA','39630997','39630997','z.taher@finmarkcoms.com','eyrodine','hypothnoid','1',0,0,0,0,'0','mental',2,'2019-04-24 08:11:58','2019-09-13 10:06:03',2,0,1,1940,'[]'),(142,1745,'Paul Laing','Mr.',34,'1984-09-21',1,148,73,20,20,'0','Flat 6, Palm 1\r\nTala Island ,Block 257,,Amwaj','36455000','36455000','paul.laing@behbehani.com.bh','none','none','1',0,1,0,0,'0','mental',2,'2019-04-24 08:27:15','2019-09-13 09:59:49',3,0,1,2280,'[]'),(143,1844,'Eman Alkooheji','Mrs.',41,'1977-12-30',0,165,64,20,20,'A+','Gate 685, Road 421, \r\nBlock 1004,Villa 3 Jasra','37373377','37373377','eman.kooheji@hotmail.com','none','none','1',0,0,0,0,'0','mental',0,'2019-04-24 08:30:18','2019-09-16 16:28:37',2,0,1,997,'[]'),(144,1752,'Lara Danesh','Ms.',45,'1973-06-24',0,157,65,20,20,'0','Villa 1427,Road 2835\r\nBlock 328, Segaya','39493665','39493665','ldanesh@finmarkcoms.com','none','none','1',0,0,0,0,'0','mental',0,'2019-04-24 08:43:43','2019-09-13 10:07:41',2,0,1,905,'[]'),(145,1860,'Danah Alwardi','Mrs.',29,'1990-01-29',0,164,57,68,100,'B+','House 1671, Road 1734\r\nBlock 1017 Damistan Hamad Town','66676663','66676663','danaalwardi@gmail.com','none','none','0',0,0,0,0,'0','both',0,'2019-04-24 09:28:06','2019-10-03 13:37:09',2,0,1,560,NULL),(146,1845,'Khalifa Al Khalifa','Mr.',32,'1986-10-11',1,179,108,45,44,'0','House 8-232, Road 2008\r\nBlock 920 West Riffa','39660999','39660999','rayaalkhalifa@gmail.com','none','multi vitamins and vitamin c','2',0,1,0,0,'0','both',0,'2019-04-24 09:33:15','2019-09-16 16:28:56',2,0,1,2597,'[]'),(147,1741,'Aseel Alkhalifa','Shaika',45,'1973-04-13',0,160,64,20,20,'0+','Villa 418, Alshahab Avenue\r\nJuffair','36446444','36446444','aseelkk@gmail.com','Thyroidnone','75 mg Thyroxine','1',0,0,0,0,'0','mental',0,'2019-04-24 09:36:46','2019-09-13 09:57:27',3,0,1,919,'[]'),(148,1861,'Nada Salman Habib','Ms.',39,'1979-10-15',0,157,68,20,20,'0','House 1031, Road 1121\r\nBlock 711 Tubli','33308005','33308005','n.salmanhabib@gmail.com','none','none','0',0,0,0,0,'0','both',0,'2019-04-24 09:41:17','2019-10-03 13:37:09',2,0,1,579,NULL),(149,1862,'Shahab Saeed','Mr.',38,'1980-06-08',1,168,84,32,20,'B-','House 797, Road 2525\r\nBlock 925 East Riffa','38881666','38881666','shahabsaeed@gmail.com','none','none','1',0,0,0,0,'0','mental',0,'2019-04-24 09:44:58','2019-10-03 13:37:09',2,0,1,1609,NULL),(150,1863,'Sarah Naseeb','Mrs.',31,'1988-01-28',0,169,100,115,117,'B+','House 2114, Road 4565\r\nSaar Central Compound Al Qurrayah','39488889','39488889','sarah.naseeb@live.com','none','none','0',0,0,0,0,'0','both',0,'2019-04-24 09:50:47','2019-10-03 13:37:09',2,0,1,1106,NULL),(151,1864,'Hussain Sharaf','Mr.',39,'1979-03-21',1,174,94,110,114,'AB+','House 2114, Road 4565\r\nBlock 545 Saar Central compound \r\nAl Qurrayah','39095600','39095600','hussain.sharaf@gmail.com','none','none','1',0,0,0,0,'0','mental',0,'2019-04-24 11:03:07','2019-10-03 13:37:09',2,0,1,1811,NULL),(152,1846,'Fatema Al Aali','Ms.',28,'1991-09-22',0,168,68,20,20,'A+','House 663 Road 1811\r\nBlock 518 Barbar','39963369','39963369','fatema.a.alaali@gmail.com','PCOS','Glucophage\r\n\r\n\r\n\r\nNote : No Tahini','1',0,0,0,0,'0','physical',0,'2019-04-24 11:26:27','2019-09-16 16:29:16',5,0,1,1186,'[]'),(153,1749,'Lubna Fakhro','Ms.',34,'1989-07-12',0,115,78,82,115,'0+','Villa 1,Gate 807,Road 1419, \r\nAl Dar Compound Hamala','39443300','39443300','lubna.fakhro@gmail.com','none','none','1',0,0,0,0,'0','mental',0,'2019-04-24 11:37:22','2019-09-13 10:03:25',2,0,1,787,'[]'),(154,1847,'Nouf Al Gosaibi','Mrs.',37,'1981-07-16',0,162,88,103,115,'B+','Fahad Garden Villa 20 Road 203\r\nBlk.1002 Al Jasra','39673900','39673900','noufgosaibli@gmail.com','Under active thyroid glands','125 thyroxine','1',0,0,0,0,'0','mental',0,'2019-04-24 11:42:24','2019-09-16 16:29:55',2,0,1,1366,'[]'),(155,1865,'Nahla Al Hasan Khalfan','Mrs.',31,'1987-08-30',0,168,87,20,20,'0','House 670, Road 3519\r\nBlock 335,Manama','39638392','39638392','nahla.khalfan@gmail.com','none','none\r\n\r\n\r\n\r\nNote : Vegan','1',0,0,0,0,'0','mental',2,'2019-04-24 12:24:01','2019-10-03 13:37:09',1,0,1,2454,NULL),(156,1866,'Maryam Abdulnaser','Ms.',25,'1998-07-25',0,159,52,63,91,'0+','House 3031, Road 2656\r\nBlock 226, Busaiteen','36232272','36232272','mrymalmahmeed@icloud.com','none','none','1',0,0,0,0,'0','mental',2,'2019-04-24 12:27:55','2019-10-03 13:37:09',1,0,1,1878,NULL),(157,1848,'Arran Fraser Dall','Mr.',39,'0001-01-01',1,100,40,20,20,'0','Villa 1157,Road 5710\r\nBlock 257,Tala Island Amwaj','36555398','36555398','arranfraser@gmail.com','none','none\r\n\r\n\r\n\r\nNote : Gluten free,no tomato sauces','1',0,0,0,0,'0','mental',2,'2019-04-24 12:33:36','2019-09-16 16:30:13',1,0,1,1278,'[]'),(158,1867,'Zahra Akbar','Ms.',27,'1992-05-22',0,157,50,63,84,'A+','Office 2502, Alomoaayed Tower\r\nFloor 25, Seef','33776661','33776661','z.younis@hotmail.com','none','none\r\n\r\n\r\n\r\nNote: no shrimps, flavors of coconut','1',1,0,0,0,'0','both',2,'2019-04-24 12:37:21','2019-10-03 13:37:09',1,0,1,1813,NULL),(159,1849,'Duaa Abdulmohsen','Dr.',28,'1990-03-01',0,163,66,20,20,'B+','Salmaniya Medical Complex\r\nOutpatient clinic Dermatology Clinci No.16','3318161','33318161','Dr_Duaa@icloud.com','none','none','1',0,0,0,0,'0','mental',2,'2019-04-24 13:47:31','2019-09-16 16:30:33',1,0,1,2108,'[]'),(160,1850,'Aysha Almedfa','Ms.',26,'1992-06-01',0,100,40,20,20,'0','Salmaniya Hospital ,Accident and Emergency','39045554','39045554','asyha.almedfa@gmail.com','none','none','0',0,0,0,0,'0','mental',0,'2019-04-24 13:59:12','2019-09-16 16:30:50',1,0,1,-112,'[]'),(161,1868,'Nouf Ali Alkhaja','Mrs.',33,'1985-05-29',0,154,56,20,20,'B+','House 1134, Road 2934\r\nBlock 529 Al Markh Saar','39111511','39111511','noufalkhaja@gmail.com','none','none','0',0,0,0,0,'0','mental',0,'2019-04-24 14:04:14','2019-10-03 13:37:09',1,0,1,448,NULL),(162,1869,'Hesham Moosa Hasan','Mr.',22,'1996-08-14',1,165,65,20,20,'0+','Rmasis Engineering, Entance 2,1st Floor IT Dept.\r\nBldg.1305, Road 5136, Block 951 Askar','36180064','36180064','syedhisham242@gmail.com','Have G6PD-','none\r\n\r\n\r\n\r\nNote : no beans please','0',0,1,0,0,'0','mental',2,'2019-04-24 14:40:26','2019-10-03 13:37:09',1,0,1,1907,NULL),(163,1870,'Jacqueline Bunce','Mrs.',62,'1957-01-01',0,168,78,20,20,'0','Villa 682, Hani Gradens \r\nRoad 2033 Block 520 Barbar','33324120','33324120','saradavies86@outlook.com','none','none','1',1,0,0,0,'0','mental',0,'2019-04-25 06:14:54','2019-10-03 13:37:09',2,0,1,1079,NULL),(164,1871,'Trichard Astria','Ms.',35,'1983-11-28',0,167,62,84,75,'0','Flat 41, Palm 2 Road 5710\r\nBlock 257 Tala Amwaj','39909262','39909262','astrid@gctbahrain.com','none','none','0',0,0,0,0,'0','both',0,'2019-04-25 08:35:36','2019-10-03 13:37:09',2,0,1,607,NULL),(165,1872,'Layla Janahi','Mrs.',28,'1962-10-28',0,160,69,20,20,'0','Villa 109, Road 2302, \r\nBlock 923, East Riffa','330011331','33011331','ljanahi@viva.com.bh','BP','none','0',0,0,0,0,'0','both',0,'2019-04-25 08:38:24','2019-10-03 13:37:09',2,0,1,681,NULL),(167,1873,'Samra Alaal','Mrs.',55,'0001-10-01',0,156,85,20,20,'0','House 2109, Bldg. 1002\r\nRoad 277 Jasra','39671198','39671198','no@mail','none','none','0',0,0,0,0,'0','both',0,'2019-04-25 08:50:51','2019-10-03 13:37:09',2,0,1,681,NULL),(168,1874,'Mahmood Janahi','Mr.',35,'1983-05-20',1,178,105,38,20,'0','House 1059, Road 4326\r\nBlock 243 Arad Muharraq (Behind Al zayani motors)','39203030','39203030','mahmoodjanahicakes@gmail.com','none','none','1',0,0,0,0,'0','both',0,'2019-04-25 08:54:14','2019-10-03 13:37:09',2,0,1,2049,NULL),(169,1819,'Maryam  Mohamed Alkahlifa','Mrs.',27,'1991-05-06',0,170,83,20,20,'A','House 862, Road 2419\r\nBlock 924 Riffa','33033300','33033300','m_msk@hotmail.com','none','none','1',0,0,0,0,'0','both',0,'2019-04-25 09:13:41','2019-09-16 06:06:05',2,0,1,1443,'[]'),(173,1758,'Mona Abdulla Fenaish','Mrs.',54,'1964-12-06',0,154,61,20,20,'AB+','Villa 179, Road 1103, Block 711\r\nKhaleej Tubli','39661090','39661090','mona.feniash@batelco.com.bh','none','none','0',0,0,0,0,'0','both',2,'2019-04-25 10:18:47','2019-09-13 10:12:29',1,0,1,1381,'[]'),(174,1742,'Muneera Alhammadi','Dr.',27,'1992-01-01',0,168,68,27.5,38.5,'0+','Salmaniya Medical Complex Dermatology\r\nOutpatient Clinic 21','38330066','38330066','muneera.alhammdai@gmail.com','none','none','1',0,0,0,0,'0','mental',2,'2019-04-25 11:51:43','2019-09-13 09:58:14',1,0,1,2194,'[]'),(175,1744,'Sarah Shobber','Dr.',36,'1983-03-10',0,165,57,20,20,'o+','Flat 501, 2nd Flr. Amani Tower, Bldg.964\r\nRoad 3620, Bock 436 Seef Area','33133732','33133732','sshobber@globemedbahrain.com','Multiple sclerosis, gastritis','Tecfidera,Sirdalud, Vitamin D, Zantac','1',0,0,0,0,'0','mental',2,'2019-04-25 12:00:57','2019-09-13 09:59:18',1,0,1,1928,'[]'),(176,1732,'Sabeeka Engineer','Mrs.',26,'1993-02-07',0,160,54,67,93,'0+','BCCI Tower,Bldg.519\r\nRoad 1010,Sanabis','39079075','39079075','sabeeka.engineer@gmail.com','none','none','1',0,0,0,0,'0','mental',2,'2019-04-25 12:08:26','2019-09-13 09:49:03',1,0,1,1911,'[]'),(177,1875,'Fatema Alansari','Ms.',32,'1987-06-17',0,100,40,20,20,'000','BCCI Tower, Bldg.519, Road 1010\r\nSanabis \r\n17th Floor TAMKEEN','39795979','39795979','falansari176@gmail.com','none','none','0',0,0,0,0,'0','mental',2,'2019-04-25 12:11:54','2019-10-03 13:37:09',1,0,1,852,NULL),(178,1876,'Yara Ishaq','Ms.',26,'1992-05-20',0,155,50,20,20,'b+','Ahli Unted Banck Bldg.2495\r\nRoad 2832, Al Seef District 428','39478766','39478766','yaraa205@hotmail.com','none','none','0',0,0,0,0,'0','mental',2,'2019-04-25 12:17:20','2019-10-03 13:37:09',1,0,1,1425,NULL),(179,1753,'Sh.Jawaher','Shaika',45,'1974-07-18',0,100,75,38,44,'AB','Road 638,House no. 1181\r\nBlock 906,West Riffa','39144374','39144374','sgtarin75@gmail.com','none','none\r\n\r\n\r\n\r\nNote : no onion.garlic and any kinds of seafood, only organic eggs,','1',0,0,0,0,'0','mental',0,'2019-04-27 13:40:11','2019-09-13 10:08:14',3,0,1,513,'[]'),(180,1738,'Faisal Engineer','Mr.',31,'1987-12-26',1,175,82,20,20,'0','Villa 469,Road 3308,Block 333\r\nUm Al Hassam','39623535','38811771','faisal@foosco.com','none','none','0',0,0,0,0,'0','mental',0,'2019-04-28 08:12:36','2019-09-13 09:55:44',2,0,1,1134,'[]'),(181,1818,'Haneen Ishaq','Mrs.',43,'1975-09-13',0,162,90,20,20,'0','House 535, Road 4609\r\nBlock 946, Awali','39669719','39729993','haneen.ishaq@gmail.com','none','none','0',0,0,0,0,'0','mental',2,'2019-04-29 08:27:43','2019-09-16 06:05:53',1,0,1,1859,'[]'),(182,1724,'Areej Al Noaimi','Mrs.',29,'1989-11-17',0,166,78,31,45,'0+','House 269,Road 1503\r\nBlock 915 Riffa','34506144','17773222','areej.alnoaimi@gmail.com','none','Thyroid 50 mg','0',0,0,0,0,'0','mental',0,'2019-04-29 08:34:14','2019-09-13 09:43:03',3,0,1,829,'[]'),(184,1817,'Eman Ali Qudrat','Ms.',37,'1982-01-17',0,165,73,20,20,'0','Seef Tower, Commercial Banking Seef Area','37777090','37777090','eman.qudrat@hotmail.co.uk','none','none','1',0,0,0,0,'0','mental',0,'2019-04-29 09:29:23','2019-09-16 06:05:40',1,0,1,1165,'[]'),(185,1743,'Ranya AlHashimi','Mrs.',23,'1995-08-03',0,160,60,35,38,'0+','House no. 1971,Blk. 732\r\nRoad 3245, A ali','39991250','39456438','alhashimi.r@gmail.com','none','Metaformin','0',0,0,0,0,'0','mental',0,'2019-04-29 09:33:24','2019-09-13 09:58:48',3,0,1,602,'[]'),(187,1816,'Ahmed al-Qaed','Mr.',22,'1997-04-04',1,100,40,20,20,'0','House no.2408, Road 2437\r\nBlock 324, Al Fateh Juffair','39611260','39611260','ahmedqaed60@hotmail.com','none','none','2',0,0,0,0,'0','both',0,'2019-05-01 06:51:56','2019-09-16 06:05:18',5,0,1,619,'[]'),(188,1739,'Samar Hasan Matar','Ms.',22,'1996-10-24',0,100,40,20,20,'0','House no.2370, Block 507,\r\nRoad 740 Maghaba Saraiya','39458844','39458844','samarmattar96@gmail.com','none','none','1',0,0,0,0,'0','both',0,'2019-05-01 06:54:19','2019-09-13 09:56:23',5,0,1,154,'[]'),(189,1815,'Kim Claassen','Ms.',26,'1992-11-30',0,182,110,20,20,'0','Office : IBN Khuldoon National School, Bldg.161,Road 4111, Block 841, Isa Town\r\nHouse : Park Lane Tower,Block 324,Road 2445,Bldg.3156 ,2nd Flr. Juffair','33094491','33459091','k.claassen@yahoo.com','none','none\r\n\r\n\r\nNote : Paleo meal','1',1,0,0,0,'0','both',2,'2019-05-02 08:48:05','2019-09-16 06:05:04',1,0,1,2978,'[]'),(190,1731,'Banan Yaquby','Ms.',33,'1985-06-21',0,161,67,20,20,'0','Villa 429, Block 525\r\nRoad 2511, Saar','39442486','39442486','banan@qubygroup.com','none','none\r\n\r\nNote : no bananas, if posssible less dairy and gluten.','1',0,0,0,0,'0','mental',0,'2019-05-04 14:03:48','2019-09-13 09:48:18',2,0,1,1066,'[]'),(191,1877,'Hesa Ali Jaber Al Khalifa','Mrs.',29,'1989-06-19',0,160,80,20,20,'A+','Villa 323 ,Road 411\r\nBlock 904 West Riffa','39994666','39994666','alkhalifahessa@gmail.com','asthma, eczema','seritide inhaler','1',0,0,0,0,'0','mental',0,'2019-05-09 14:43:03','2019-10-03 13:37:09',2,0,1,1286,NULL),(192,1878,'Eirini Karanitsou','Mrs.',42,'1977-10-31',1,168,63,80,100,'0','Suk Villa Compound 1452\r\nVilla # 5 Road 7732 Block 577 Janabiya','39754754','39754754','ikaranitsu@gmail.com','none','none','1',1,1,0,0,'0','both',0,'2019-05-09 14:47:49','2019-10-03 13:37:09',2,0,1,1257,NULL),(193,1879,'Sara Abul','Mrs.',37,'1981-08-06',0,158,70,20,20,'0','Villa 1 Gate 1227\r\nRoad 3228 Block 733','36787116','36787116','sarahamadabul@gmail.com','none','multivitamins & Vit D & Iron','1',0,1,0,0,'0','both',0,'2019-05-11 09:08:12','2019-10-03 13:37:09',2,0,1,1052,NULL),(194,1880,'Sayed Mohammed Naser','Mr.',36,'1982-07-18',1,172,76,46,50,'0+','Flat 96, Bldg.123\r\nRoad 3306, Um Al Hassam 333','39628666','39628666','snasaer82@gmail.com','none','omega 3 fish oils,Proxeed Plus','1',0,0,0,0,'1','mental',0,'2019-05-11 09:12:46','2019-10-03 13:37:09',2,0,1,1540,NULL),(195,1881,'Faten Al Haddad','Ms.',34,'1984-08-06',0,154,68,93,110,'0+','Villa 10,1007,Road 3221\r\nBlock 332 Mahooz','36596593','36596593','alhaddad.faten@gmail.com','none','none','1',1,0,0,0,'0','mental',0,'2019-05-11 09:16:40','2019-10-03 13:37:09',2,0,1,1007,NULL),(196,1882,'Fadia Talal Al Zain','Mrs.',32,'1986-03-22',0,165,62,73,100,'A+','Villa 12,Saha 152 Zone 67\r\nDoha Qatar','00974 55491166','0974 55491166','fadiatalzain@gmail.com','none','none','2',0,0,0,0,'0','both',0,'2019-05-11 09:24:57','2019-10-03 13:37:09',2,0,1,1341,NULL),(197,1883,'Alyaa Aljeeb','Ms.',20,'1991-01-20',0,155,51,20,20,'A+','House 2728, Road 7172\r\nBlock 571 Janabiya','39915158','39915158','alyaa.aljeeb\"gmail.com','none','none','0',0,0,0,0,'0','both',0,'2019-05-11 09:27:12','2019-10-03 13:37:09',2,0,1,473,NULL),(198,1884,'Shayma Nurruddin','Ms.',33,'1984-04-13',0,170,65,88,105,'0','Riffa Views','39476464','39476464','snurruddin\"gmail.com','none','none','1',0,0,0,0,'0','both',0,'2019-05-11 09:32:34','2019-10-03 13:37:09',2,0,1,1121,NULL),(199,1885,'Junaid Usman','Mr.',34,'1984-11-04',1,165,87.5,109,107,'0','gate 1 Riffa Views','66686886','66686886','junaid@bfginternational.com','Crestor','High Cholesterol','1',0,0,0,0,'0','mental',0,'2019-05-11 09:36:40','2019-10-03 13:37:09',2,0,1,1664,NULL),(200,1886,'Aisha Al Bastaki','Mrs.',33,'1985-05-05',0,168,79,20,20,'B+','BBK Head office,43 Govt.Avenue\r\nManama','38888191','38888191','aisha.albastaki.5@gmail.com','none','none','1',0,0,0,0,'0','both',2,'2019-05-11 09:38:49','2019-10-03 13:37:09',1,0,1,2316,NULL),(201,1750,'Lora Hase','Mrs.',49,'1969-09-14',0,170,90,20,20,'0','Worley - Gulf Hotel Executive Office\r\n12th Floor','34317811','34317811','ihase@live.com','none','none\r\n\r\n\r\n\r\nNote : Low carb options','1',0,0,0,0,'0','mental',0,'2019-05-12 07:05:28','2019-09-13 10:05:21',1,0,1,1381,'[]'),(202,1735,'Hashim Karimi','Mr.',33,'1986-06-17',1,182,87,20,20,'0+','Flat 42F Capricorn Gardens\r\nGate 347 Block 565 Avenue 65\r\nJanabiyah','39637667','33377723','hashimkarimi@gmail.com','none','none','1',1,0,0,0,'0','mental',0,'2019-05-13 14:01:16','2019-09-13 09:54:35',2,0,1,1827,'[]'),(203,1725,'Shaika Salah Al Qaed','Mrs.',31,'1988-06-01',0,164,90,20,20,'0','House no. 2408, Road 2437\r\nBlock 324, Juffair','39952330','3952330','shaikhasalah88@gmail.com','none','none','0',0,0,0,0,'0','mental',0,'2019-05-13 14:06:07','2019-09-13 09:43:33',5,0,1,947,'[]'),(204,1736,'Lora Hase','Mrs.',49,'1969-09-14',0,170,90,20,20,'0','Worley - Gulf Hotel Executive Offices\r\n12th Floor','34317811','34317811','lhase@live.com','none','none','0',0,0,0,0,'0','mental',0,'2019-05-13 14:18:01','2019-09-13 09:55:00',1,0,1,883,'[]'),(205,1814,'Naela Al Binali (yousif mufeez)','Mrs.',71,'1948-07-16',0,155,68,20,20,'A+','Bldg.94,Road 30, Block 330\r\nAbu Ghazal Avenue Zinj','36999311','39456753','yousifmufeez@gmail.com','diabetes, high blood pressure,rheumatoid arthritis','high cholesterol, minor heart condition\r\n\r\n\r\n\r\nNote : low to no sugar diet','0',0,0,0,0,'0','mental',0,'2019-05-14 07:19:05','2019-09-16 06:04:52',3,0,1,371,'[]'),(206,1887,'Safa Al Sairafi','Ms.',31,'1987-08-27',0,165,40,20,20,'0','BCCI Bldg.Road 1010\r\nBlock 410,7th Floor Tamkeen','39200680','39200680','safa.alsairi87@gmail.com','none','none','0',0,0,0,0,'0','mental',0,'2019-05-14 08:43:31','2019-10-03 13:37:09',1,0,1,349,NULL),(207,1813,'Nouf Yateem','Ms.',27,'1990-12-24',0,160,52,68,20,'A+','House 479, Block 340, Road 4011 Juffair','37330330','37330330','nouf.yateem@gmail.com','none','Melatonin Supplements','0',0,0,0,0,'0','both',0,'2019-05-14 11:08:48','2019-09-16 06:04:36',3,0,1,481,'[]'),(208,1733,'Laura Bale','Ms.',35,'1983-08-14',0,170,63,71,91,'0','Palm 1 Apartment 6\r\nRoad 5710 Block 257 Tala Island Amwaj','36397370','3639370','l.bale@hotmail.co.uk','none','none\r\n\r\nnote: no naan','1',0,0,0,0,'0','physical',2,'2019-05-14 12:04:26','2019-09-13 09:53:29',2,0,1,2075,'[]'),(210,1734,'Najla AlKhalifa','Ms.',22,'1995-11-27',0,168,66,64,100,'0+','Block 910, Road 1015\r\nHouse no.454 West Riffa','36118882','33505505','nkas1495@gmail.com','none','none','1',0,0,0,0,'0','mental',0,'2019-05-14 12:25:14','2019-09-13 09:54:03',3,0,1,1202,'[]'),(212,1888,'Nayla Alkahlifa','Ms.',33,'1985-09-09',0,158,67,30,43,'0','House 1711,Road 4647\r\nBlock 946, Awali','36363699','36363699','nayla9@gmail.com','Hypothyrodism - Anemia','Euthyrox','0',0,0,0,0,'0','mental',2,'2019-05-16 06:42:56','2019-10-03 13:37:09',4,0,1,1611,NULL),(217,1716,'Martel Fabrice','Mr.',36,'0001-01-01',1,183,82,20,20,'0','Juffair Heights (South Tower) Appt 1405 \r\nBuilding 1101 Road 4022  Juffair','33646901','33646401','mar.fabrice@gmail.com','none','none','1',0,0,0,0,'0','mental',0,'2019-05-21 10:56:14','2019-09-05 15:58:59',2,0,1,1737,'[]'),(218,1889,'Muneera Adel Aldoseri','Mrs.',29,'1989-09-20',0,156,68,20,20,'0+','House no. 1773, Road 7736\r\nBlock 577 Janabiyah','38830033','38830033','ummashael2012@gmail.com','none','Seroxat , contraception pills','0',0,0,0,0,'0','mental',0,'2019-05-21 11:03:06','2019-10-03 13:37:09',2,0,1,632,NULL),(219,1890,'Abdulla Adel','Mr.',26,'1992-06-11',1,167,65,32,20,'AB+','Flat 11, Bldg.1676\r\nRoad 3033,Block 430 Kabbabad','39752567','39752567','abdulla.adel.abdulla@gmail.com','none','supplements,whey protein,multi vitamins & fish oil','1',0,0,0,0,'0','mental',0,'2019-05-21 11:12:36','2019-10-03 13:37:09',2,0,1,1400,NULL),(220,1729,'Hela Al Khalifa','Mrs.',35,'1984-03-27',0,172,52,20,20,'0','Block 221, House 178 Sh.Khalifa Road Avenue Busaiteen','38820803','38820803','hela327@gmail.com','none','none','1',0,0,0,1,'0','mental',0,'2019-05-25 10:12:00','2019-09-13 09:46:23',3,0,1,926,'[]'),(221,1730,'Anna Marie Dowling','Ms.',54,'1965-03-07',0,100,40,20,20,'0','Reception Area-estin Hotel City Centre','38885829','38885829','viktorijia.butenaite@marriot.com','none','none','1',0,0,0,0,'0','mental',2,'2019-05-26 14:14:51','2019-09-13 09:46:59',5,0,1,909,'[]'),(222,1754,'Hala Almoayyed','Mrs.',39,'1979-12-18',0,167,77,20,20,'0+','House no.16, Bldg.140 Block No.517\r\nRoad no. 25, Saar','39335555','39335555','hala@almoayyedcg.com','none','none\r\n\r\n\r\nNote: no nuts to be mixed with her food, but nuts alone will be ok. no arabic sweets i.e. baklava or Mamoul and no shrimps','1',0,0,0,0,'0','mental',0,'2019-05-29 07:44:04','2019-09-13 10:09:00',2,0,1,1230,'[]'),(223,1704,'Etaf Youssef Chehade','Mrs.',35,'1982-01-24',0,168,94,38,47,'0','455 Essi Garden Villa 2 Road 4418\r\nBlock 441, North Sehla','36996676','36996676','etafchehade@gmail.com','hypothyroidism - hashimotos','eltroxin 200 mg','0',0,1,0,0,'0','mental',0,'2019-05-29 07:57:33','2019-09-05 15:48:48',2,0,1,1001,'[]'),(224,1891,'Nariman Alkhan','Mrs.',51,'1968-01-18',0,152,94,42,49,'0','Villa 2757, Road 338, Block 1203\r\nHamad Town','39411149','39411149','narimanalkkhan@gmail.com','high cholesterol','none\r\n\r\nCalories requested : 1200\r\nNO to milk,turkey,murtadella and liver','0',0,0,0,0,'0','both',2,'2019-05-29 08:01:10','2019-10-03 13:37:09',2,0,1,1784,NULL),(225,1726,'Ameena AlJishi','Mrs.',37,'1981-07-01',0,160,60,20,20,'0+','House 1604,Road 5713, Block 257\r\nAmwaj Island','39309993','39309993','amooon.j@gmail.com','none','none','2',0,0,0,0,'0','mental',2,'2019-05-29 08:08:48','2019-09-13 09:44:11',2,0,1,2207,'[]'),(226,1892,'Yara Alawadhi','Ms.',25,'1994-03-19',0,171,75,30,42,'0','Villa 2757, Road 338,\r\nBlock 1203 Hamad Town','39227007','39227007','yaralawadhi@gmail.com','high cholesterol','none\r\n\r\n\r\nNote : requested calories 1400','1',0,0,0,0,'0','mental',0,'2019-05-29 08:13:13','2019-10-03 13:37:09',2,0,1,1345,NULL),(229,1727,'Mariam Mahri','Ms.',31,'1987-09-25',0,159,66,73,75,'0+','Office :Arcapita Bldg.,5th Floor Bahrain Bay\r\nHouse :no. 151 Road 2512,Block 225 Busaiteen','37797900','37797900','maryammahri87@gmail.com','none','none\r\n\r\nNote : no cinnamon','0',0,0,0,0,'0','mental',0,'2019-05-29 08:23:15','2019-09-13 09:44:49',2,0,1,619,'[]'),(230,1719,'Manal Al Zayani','Mrs.',40,'1978-12-18',0,161,70,20,20,'A+','House 4704,Road 2863,Block 228\r\nBusaiteen, Next to Blue Mosque','36633225','36633225','manal.alzayani@fitology-bh.com','none','marveloun\r\n\r\n\r\nNote : NO cauliflower,mustard,lentils and tamarind','1',1,1,0,0,'0','physical',0,'2019-05-29 08:30:25','2019-09-05 16:01:48',3,0,1,2058,'[]'),(231,1759,'Fawzi Al Gosaibi','Mr.',75,'1944-01-01',1,152,42,20,20,'0','House no.6, Road 813,\r\nBlock 577,Hamad Town','39466366','39466366','ralgosaibi@gmail.com','osteoporosis\r\n\r\n\r\nNote : ONLY LOW FAT','none','0',0,0,0,0,'0','mental',2,'2019-06-11 13:11:41','2019-09-13 10:15:46',3,0,1,1210,'[]'),(232,1728,'Muneera Alkuwari','Mrs.',29,'1990-02-23',0,156,59.5,74,100,'B','House 782, Block 921 \r\nRoad 2116, East Riffa','33338806','33338806','muneerasmk@gmail.com','none','none\r\n\r\n\r\nNote : No cabbage,paprika, onions,garlic,\r\nLOW CARD , DAIRY FREE','1',0,0,0,0,'0','mental',0,'2019-06-11 13:15:59','2019-09-13 09:45:43',3,0,1,934,'[]'),(233,1705,'Mariam Alkuwari','Mrs.',31,'1988-04-13',0,165,79,76,99,'AB','House 1046, Road 1028, Block 9110\r\nWest Riffa','33133137','33133137','mskalkuwari@gmail.com','none\r\n\r\nNote: No onion,garlic,cabbage\r\nLow Carb','none','0',0,0,0,0,'0','mental',2,'2019-06-11 13:28:17','2019-09-05 15:49:10',1,0,1,1821,'[]'),(234,1706,'Pakiza Abdulrahman','Ms.',37,'1981-08-28',0,164,118,20,20,'B+','EDB Office 3rd Floor\r\nArcapita Bldg.,\r\nBahrain Bay','66668068','66668068','paczie@gmail.com','none\r\n\r\n\r\n\r\nNote : No pickles,ketchup,no olives\r\nLOW CARB','none','1',0,0,0,0,'0','mental',2,'2019-06-11 13:32:11','2019-09-05 15:49:26',1,0,1,2844,'[]'),(235,1715,'Dina Jamal','Mrs.',30,'1989-05-07',0,152,42,20,20,'0','Batelco Hamala -Opposite the British School','39394344','39394344','dinajamal.89@gmail.com','none','none','1',0,0,0,0,'0','mental',2,'2019-06-11 13:42:43','2019-09-05 15:58:09',1,0,1,1620,'[]'),(236,1893,'Amal Ali Shams','Ms.',40,'1978-12-17',0,157,56,20,20,'0+','Villa 804, Road 3325\r\nBlock 733 Sanad','66600067','66600067','amal.shams@me.com','migraine\r\n\r\n\r\nNote : no raw cabbage,no raw broccoli,no raw sweet pepper,dairy free,no papaya ,no rocca leaf, no beef and no chicken','migraine medication','0',0,0,0,0,'0','both',2,'2019-06-12 06:37:02','2019-10-03 13:37:09',3,0,1,1428,NULL),(237,1703,'Hend Ali Alkhalifa','Ms.',48,'1970-10-11',0,167,88,35,48,'0+','Villa 1169, Road 2426\r\nBlock 924, West Riffa','36633366','36633366','hend.ali1@gmail.com','n.a.\r\n\r\nNote : Gluten,Dairy and wheat FREE','n.a.','1',0,0,0,0,'0','both',0,'2019-06-12 06:45:12','2019-09-05 15:47:11',3,0,1,1330,'[]'),(239,1894,'Shireen Zulaikh','Mrs.',26,'1991-06-23',0,156,66,20,20,'0+','House 2266, Block 1203, Road 331\r\nHamad Town Rundabout 1 (House)\r\n\r\n9th Floor Al Zamil Tower Manama (Office)','39399669','39399669','shireen.zulaikh@gmail.com','G6PD Deficient\r\n\r\n\r\nNote : No beans,lentils and chickpeas','none','1',0,0,0,0,'0','mental',2,'2019-06-12 07:11:30','2019-10-03 13:37:09',1,0,1,2056,NULL),(240,1895,'Mirela Micic','Ms.',38,'1980-11-05',0,159,59,20,20,'B','Road 344, Block 2444,Flat 21\r\n21st Floor Juffar','34066910','34066910','mirelamicic@gmail.com','none\r\n\r\n\r\n\r\nNote: Gluten FREE','none','1',0,0,0,0,'0','both',0,'2019-06-12 07:16:40','2019-10-03 13:37:09',2,0,1,886,NULL),(241,1896,'Sharifa Almahmeed','Mrs.',25,'1992-12-31',0,160,54,20,20,'A+','Office : Al Zamil Tower\r\n9th Floor Manama','33308800','33308800','sharifa.khalifa@gmail.com','none','none','0',0,0,0,0,'0','mental',2,'2019-06-12 07:21:32','2019-10-03 13:37:09',1,0,1,1517,NULL),(242,1897,'Mohamed Juma','Mr.',31,'1987-04-16',1,168,67,86,90,'A+','Villa 451,Road 2514\r\nBlock 25 Busaiteen','39977797','39977797','mkjuma87@gmail.com','none','none','1',0,0,0,0,'0','mental',2,'2019-06-12 07:25:38','2019-10-03 13:37:09',3,0,1,2402,NULL),(243,1898,'Reem Salman Aabed','Mrs.',32,'1987-05-06',0,161,65,88,105,'A+','House 3930, Road 917 Block 809\r\nIsa Town','38380339','38380339','raabed87@gmail.com','G6PD deficiency\r\n\r\n\r\nNote : NO beans, no seafood except Fish','none','1',0,0,0,0,'0','mental',2,'2019-06-12 07:30:52','2019-10-03 13:37:09',3,0,1,2043,NULL),(244,1899,'Noor Maher Abul','Mrs.',25,'1994-04-12',0,162,62,28,20,'A+','House no. 3405A Road 752\r\nBlock 507 Maqabah','33000880','33000880','nour.abul4@gmail.com','None\r\n\r\n\r\nNote : Feta Cheese , no corn','none','1',0,0,0,0,'0','both',0,'2019-06-12 13:46:44','2019-10-03 13:37:09',3,0,1,1060,NULL),(245,1900,'Andrew Ridgeway','Mr.',40,'1978-09-22',1,180,78,34,35,'0+','Flat 41, Palm 2 Tala Island\r\nRoad 5710 Blk. 257','38789190','38789190','ridgy666@msn.com','none\r\n\r\n\r\nNote : No seafood and mushroom','none','1',1,1,0,0,'0','both',2,'2019-06-12 14:20:17','2019-10-03 13:37:09',2,0,1,2616,NULL),(246,1901,'Huda AlKooheji','Mrs.',36,'1983-02-24',0,166,72,20,20,'A+','Villa 3053, Block 934\r\nAvenue 34, West Riffa','66363666','66369666','huda_kooheji@hotmail.com','none','none','1',0,0,0,0,'0','both',0,'2019-06-12 14:25:50','2019-10-03 13:37:09',2,0,1,1167,NULL),(247,1902,'Sara Faraj','Mrs.',27,'1991-10-31',1,159,56,85,90,'0','Villa 451. Road 2514\r\nBlok 225, Busaiteen','36319916','36319916','sarafaraj19911@gmail.com','none','none','1',0,0,0,0,'0','mental',2,'2019-06-12 14:29:51','2019-10-03 13:37:09',3,0,1,2178,NULL),(248,1903,'Maricris Constantino','Ms.',40,'1979-03-03',0,156,68,20,20,'0+','House no. 2429, Road 4053,\r\nBlock 740 A aali','66337772','66337772','maricris_constantino@yahoo.com','Hypertension\r\n\r\nNote : no milk,cauliflower,cabbage,brocolli','Fertility Vitamins','1',0,0,0,0,'0','both',0,'2019-06-12 14:35:54','2019-10-03 13:37:09',2,0,1,980,NULL),(250,1904,'Ahmed Al Rayes','Mr.',26,'1993-01-02',1,172,70,20,20,'B+','Villa 539, Road 5707,\r\nBlock 257 Amwaj','39817171','39817171','afareedalrayes@gmail.om','none\r\n\r\n\r\n\r\nNOTE : NO BEANS','NONE','1',0,0,0,0,'0','mental',0,'2019-06-13 10:21:54','2019-10-03 13:37:09',2,0,1,1524,NULL),(251,1905,'Sameera Al Bitar','Mrs.',29,'1990-02-21',0,175,62,20,20,'A+','Office no.102,10th Floor \r\nAl Zamil Tower Manama','36615661','36615661','albitar@gmail.com','Stomach infection\r\n\r\n\r\n\r\nNote : Vegetarian Meal','Nexium','2',0,0,0,0,'0','both',2,'2019-06-13 12:01:50','2019-10-03 13:37:09',13,0,1,2478,NULL),(252,1906,'Mariam Abdulrahman Alkhalifa','Mrs.',28,'1990-08-19',0,161,65,81,112,'A+','Villa 6, Bldg.224\r\nRoad 2207 Block 922\r\nNorth Riffa','32200222','32200222','mariam.a.alkhalifa@gmail.com','under active thyroid\r\n9 MONTHS POST PARTUM\r\n\r\n\r\nNO SHRIMPS','EUTHYROX 50 mg','0',0,0,0,0,'0','none',2,'2019-06-13 12:07:24','2019-10-03 13:37:09',1,0,1,1640,NULL),(253,1907,'Rica Mae Macaraeg','Ms.',30,'1989-01-05',0,175,77,85,104,'0','Block 324, 2468 St.,\r\n5th Floor Flat no.53\r\nRiviera Plaza 2 Juffair','35459605','35459605','rica.macaraeg@ymail.com','none\r\n\r\nNote : No cumin and cardamon','none','0',0,0,0,0,'0','both',2,'2019-06-13 12:10:46','2019-10-03 13:37:09',1,0,1,1879,NULL),(254,1908,'Fatima Buasally','Ms.',27,'1992-05-06',0,160,58,73,98,'A+','House no. 1907 Road 2642\r\nBlock 226 Busaiteen','39975530','39975530','f.buasally@gmail.com','none','none','1',0,0,0,0,'0','both',2,'2019-06-13 12:15:38','2019-10-03 13:37:09',3,0,1,1965,NULL),(256,1909,'Maryam Mohamed Al Khalifa','Mrs.',27,'1991-05-06',0,170,83,20,20,'A','House no. 862, Road 2419, Block 924 Riffa','33033300','33033300','m_msk@gmail.com','none\r\n\r\n\r\n\r\nNote : No eggs no fish','none','1',0,0,0,0,'0','none',0,'2019-06-13 12:21:23','2019-10-03 13:37:09',2,0,1,1443,NULL),(258,1910,'Noof Alghatam','Mrs.',35,'1984-02-14',0,165,58,20,20,'0+','House 1210, Road 5221 Block 1052 Zallaq','33771117','33771117','n.alghattam@hotmail.com','none','none','0',0,0,0,0,'0','none',0,'2019-06-13 15:12:28','2019-10-03 13:37:09',5,0,1,543,NULL),(259,1911,'Fadia Algosaibi','Mrs.',70,'1948-01-01',0,164,75.5,20,20,'0+','Reef Island, House 54, Farouk Almoaayed\r\nHouse no. 3000','39404000','39404000','falgosaibi@gmail.com','Type 2 Diabetic\r\n\r\nNO SEAFOOD,NO RICE CRACKER ,NO SUGAR','Glucophage tablet for sugar','0',0,1,0,0,'0','none',0,'2019-06-13 15:16:58','2019-10-03 13:37:09',3,0,1,535,NULL),(260,1912,'Latifa AlKhalifa','Mrs.',18,'2001-04-23',0,163,76,163,80,'112','House 252,Road 2008\r\nBlock 920 Riffa','36568888','36568888','latifa.alkhalifa5@gmail.com','none\r\n\r\n\r\nNote : no seafood, but OJK WITH SALMON','none','1',0,0,0,0,'0','none',0,'2019-06-15 11:55:58','2019-10-03 13:37:09',2,0,1,1337,NULL),(261,1913,'Fatima Alkhalifa','Shaikha',35,'1984-04-25',0,157,77,82,106,'A+','House 447, Road 1009 West Riffa','39610222','39610222','tima254@gmail.com','none\r\n\r\n\r\nNote : NO AVOCADO,NO BEEF/NO LAMB/NO FISH\r\nLOW CARB','NONE','1',0,0,0,0,'0','none',0,'2019-06-15 12:27:16','2019-10-03 13:37:09',12,0,1,1165,NULL),(262,1914,'Duaa Alaali','Ms.',23,'1995-09-03',0,169,60,69,99,'AB','House 163, Road 4603\r\nBlock 746 Al Aali','37733371','37733371','duaa.alaali@gmail.com','none','none','1',0,0,0,0,'0','none',2,'2019-06-18 08:28:27','2019-10-03 13:37:09',5,0,1,2112,NULL),(263,1915,'Amal Khalaf Jameel','Mrs.',40,'1978-12-06',0,158,66,20,20,'0+','Viva Building  Seef Area\r\n9th Floor','33011135','33011135','amalj11@hotmail.com','none\r\n\r\n\r\nNote : No Chinese and Japanese flavors\r\n Vegan meal but OK with Fish','none','1',0,0,0,0,'0','both',2,'2019-06-19 07:46:25','2019-10-03 13:37:09',1,0,1,1968,NULL),(264,1916,'Karim Haroun','Mr.',37,'1982-03-21',1,180,83,20,20,'A+','Flat 2210,22th Flr. EWA Towers,Bldg.3381\r\nBlock 428,Road 2845 Seef Area','35068600','35068600','alharoun@gmail.com','none\r\n\r\nNote : no milk','Ulcerative Colitis','1',1,1,0,0,'0','both',2,'2019-06-19 08:12:30','2019-10-03 13:37:09',4,0,1,2716,NULL),(265,1917,'Sylvia Moreta','Ms.',37,'1982-04-24',0,168,78.5,31,43,'0','Apr.no.23,Bldg.2793\r\nThe Flagship Amwaj','39421068','39421068','syldawg@gmail.com','none\r\n\r\nNote : No shellfish','none','1',1,0,0,0,'0','mental',0,'2019-06-19 08:45:37','2019-10-03 13:37:09',2,0,1,1278,NULL),(266,1918,'Yasmeen Abdul','Mrs.',27,'1992-02-22',0,168,72.5,20,20,'A+','Villa no.4,Gate 1227 Road 3228\r\nBlock 732 Aaali Venus Compound','3393929','33993929','yasmeen.abul@gmail.com','Cancer Survivor','none','1',0,0,0,0,'0','mental',0,'2019-06-19 08:55:54','2019-10-03 13:37:09',2,0,1,1263,NULL),(267,1919,'Asyha Kooheji','Ms.',28,'1991-01-31',0,162,50,20,20,'B+','Bldg.551,Road 4612 Block 346\r\nOffice no. 301 Arcapita Bldg., EDB','33377744','33377744','ayshakooheji.31@gmail.com','none\r\n\r\n\r\n\r\nNote : NO TOFU','none','1',0,0,0,0,'0','none',2,'2019-06-19 09:05:07','2019-10-03 13:37:09',1,0,1,1854,NULL),(268,1920,'Fajer Alpachachi','Ms.',33,'1986-08-18',0,179,75,20,20,'0+','Arcapita Bldg.\r\n3rd floor Bahrain Bay','66333339','66333339','fajer.alpachachi@bahrainedb.com','none','none','0',0,0,0,0,'0','mental',2,'2019-06-19 09:10:10','2019-10-03 13:37:09',1,0,1,1867,NULL),(269,1921,'Bayan Abdulla Ishaq','Ms.',24,'1994-12-03',0,170,41,20,20,'B+','Bahrain TV Main Gate\r\nBlock 840, Al Esteglal Highway Isa Town','39468820','39468820','bayan.abdulla@gmail.com','none\r\n\r\n\r\nNote : no chicken','none','1',0,0,0,0,'0','none',2,'2019-06-19 09:29:13','2019-10-03 13:37:09',1,0,1,1823,NULL),(270,1922,'Jehan Jalal','Ms.',34,'1984-07-18',0,170,70,20,20,'0+','Road 3621,Bldg.1042,Block 436\r\nAl Saffar Bldg.','36638995','36638995','jehan.jalal182717@gmail.com','none','none','0',0,0,0,0,'0','both',0,'2019-06-19 09:39:07','2019-10-03 13:37:09',1,0,1,732,NULL),(271,1923,'Suha Al Hazeem','Ms.',49,'0001-01-01',0,165,61,74,98,'AB','Viva Tower,Block 428\r\nSeef Area , 5th Floor','33011262','33011262','suha.alhazeem@gmail.com','none\r\n\r\n\r\nNote : no tomato, no coconut, salmon fish ok but NO SHRIMP','none','1',0,0,0,0,'0','both',0,'2019-06-19 09:45:06','2019-10-03 13:37:09',1,0,1,890,NULL),(272,1924,'Marwa Alawi','Ms.',26,'1992-10-23',0,158,55,20,20,'O','British Council  AMA Bldg.,\r\n146 Sh.Salman Highway Salmaniya','33393130','33393130','m.alawi@live.com','none','none','1',0,0,0,0,'0','mental',2,'2019-06-19 10:19:11','2019-10-03 13:37:09',1,0,1,1907,NULL),(273,1925,'Nada Tarada','Ms.',31,'2019-06-16',0,163,84,32,20,'B+','House no. 3213, Road 2182,\r\nBlock 721 Jid Ali','39770799','39770799','nada.tarradah@gmail.com','none\r\n\r\n\r\nNote : No seafood , No cauliflower','none','1',0,0,0,0,'0','mental',0,'2019-06-19 12:23:55','2019-10-03 13:37:09',2,0,1,1360,NULL),(274,1926,'Mayas Baluch','Ms.',39,'1980-08-07',0,155,57,78,100,'0','Gate 1 , Oasis .,Road 4303,\r\nBlock 943, Villa0-76 Riffa Views','36180666','36180666','mayas.bal@gmail.com','none\r\n\r\n\r\nNote : No bellpepper (capsicum) , no spicy','none','1',0,0,0,0,'0','both',0,'2019-06-20 09:25:02','2019-10-03 13:37:09',2,0,1,810,NULL),(277,1927,'Nayla Abdulla Alnoami','Mrs.',36,'1982-09-18',0,158,88,20,20,'0','Villa 2241, Road 1048,\r\nBlock 910 West Riffa','39996667','39996667','nayla.abdulla@gmail.com','none','none','1',0,0,0,0,'0','both',0,'2019-06-20 10:17:35','2019-10-03 13:37:09',2,0,1,1336,NULL),(279,1928,'Hamad Alkhalifa','Mr.',22,'1997-02-07',1,172,165,20,20,'0+','House 252, Road 2008 Block 920\r\nJary Al Shaikh Riffa','36567777','36567777','hamad@alkhalifa.me','none','none','1',0,0,0,0,'0','both',0,'2019-06-20 12:28:39','2019-10-03 13:37:09',3,0,1,3009,NULL),(280,1929,'Abraham Madrid','Mr.',35,'1983-10-26',1,170,190,20,91,'0+','The Flagship Amwaj, Apr.23,Bldg.2793,\r\nRoad 5722 Amwaj 0257','38885160','38885160','abemadrid99@gmail.com','none','none','1',0,0,0,0,'0','both',2,'2019-06-20 13:10:48','2019-10-03 13:37:09',3,0,1,4273,NULL),(281,1930,'Hisham Al Kooheji','Mr.',32,'1986-11-14',1,174,79,31,20,'0+','House no.1324, Road 2527,\r\nBlock 525 Saar','36266000','36266000','hishamyk@gmail.com','none','blood pressure pill,aspirin and for cholesterol','1',0,0,0,0,'0','mental',0,'2019-06-20 13:13:36','2019-10-03 13:37:09',3,0,1,1635,NULL),(282,1931,'Amal Al Aali','Mrs.',39,'1980-07-27',0,175,74,29,43,'B+','House 1784 Road 4042\r\nBlock 740 Aaali','39442728','39442728','aaalaali@gmail.com','IBS','probiotics','1',0,0,0,0,'0','both',0,'2019-06-20 13:17:48','2019-10-03 13:37:09',12,0,1,1261,NULL),(283,1539,'Dalal Ali Safar','Mrs.',35,'1983-08-17',0,168,83,104,112,'B-','House 620, Road 3819\r\nBlock 338 Adliya','39777987','39777987','dalalsafar@gmail.com','none','none','0',0,0,0,0,'0','both',0,'2019-06-20 14:21:18','2019-09-03 13:22:24',2,0,1,868,'[\"1\"]'),(284,1642,'Marwa Al Khurasi','none',38,'1981-06-15',0,150,68,20,20,'x','House 973 road 1415 block 314,Manama','36474448','36474448','marwarredha@gmail.com','Betaferon injection every 2 days\r\nmultiple sclerosis','Multiple Sclerosis','1',1,0,0,0,'0','none',0,'2019-08-21 10:05:52','2019-08-21 10:05:52',3,0,1,0,'0'),(285,1099,'Maram T urki','Dental',27,'1991-03-29',0,163,57,20,20,'A+','House 1914 A,Road 4357,Block 743,Sanad,Bahrain','39955945','39955945','maram.turki@gmail.com','none','none','1',0,0,0,0,'0','Dental',0,'2019-08-21 10:20:59','2019-09-03 13:22:24',3,0,0,0,'[\"5\"]'),(286,1159,'Salaam Zeid','none',36,'1982-10-13',1,152,41,20,20,'o','Villa 10 Yateem Gardens Building 2607 Road 2766 Block 327 Manama,Adliyah','39454778','39454778','zeid_s@yahoo.com','none','none','1',1,0,0,0,'0','mental',0,'2019-08-21 14:32:51','2019-08-21 14:32:51',3,0,1,0,'0'),(287,1091,'Alsaleh Wasan','mental',42,'1972-11-26',0,156,54,20,20,'AB','House 576 Road 2910 Block 329 Salmaniya','39338833','39338833','walsaleh@gmail.com','THYROXINE','HYPOTHYROIDISM','1',0,0,0,0,'0','mental',0,'2019-08-21 15:04:51','2019-08-21 15:04:51',3,0,1,0,'0'),(288,1149,'O\'Rourke aishlia','mental',24,'1994-04-14',0,152,59,20,20,'o','Jana 315 Al Janabiyah Block 575 Building 291 Floor 1 app 11 Saar','38941332','38941332','aishlia.o.pourke12@gmail.com','none','none','1',0,0,0,0,'0','mental',0,'2019-08-21 15:23:32','2019-08-21 15:23:32',3,0,1,0,'0'),(289,1148,'Heaty Gregory','none',25,'1993-09-13',1,180,90,34,20,'o','Block 547 Street 4746 Building 1202 Apartment 15','39989600','39989600','greg@standbyconsulting.com','Supplement-Proten- Creatine-BCAA','NONE','1',1,0,0,0,'0','mental',0,'2019-08-22 08:48:11','2019-08-22 08:48:11',3,0,1,0,'0'),(290,1154,'Sara M ansouri','none',35,'1983-03-15',0,155,57,67,98,'o','House 2266 AAA Road 5755 Building 457 Buquwa (Friday/Sunday)','39924344','39924344','s.mansouri@gmai.com','none','none','1',0,0,0,0,'0','mental',0,'2019-08-24 05:53:13','2019-08-24 05:53:13',2,0,1,0,'0'),(291,1156,'Ahlam Alshawi','none',36,'1981-12-04',0,159,55,59.5,62.5,'o','Villa 364 Road 1322 Block 13 Isa Town','39400016','39400016','ahlam.alshawi@gmail.com','none','none','1',0,0,0,0,'0','none',0,'2019-08-24 08:16:48','2019-08-24 08:16:48',2,0,1,0,'0'),(292,1157,'Aseel Hameed Karimi','none',26,'1992-05-19',0,150,58,81.28,99.6,'A+','Janabiya Road 7552 B.lock 575 Building 3550 Leen House Apartment 33 3rd Floor','36112294','36112294','aseelkarimi@gmail.com','GLUCOPHAGE (PCOS)','NONE','1',1,0,0,0,'0','mental',0,'2019-08-24 08:30:06','2019-08-24 08:50:35',2,0,1,0,'0'),(293,1169,'Dandy Julia','none',36,'1982-02-09',0,170,60,80,90,'0','Villa 1157 Road 5710 Block 257 Tala Island Amwaj Island','39660598','39660598','hrhjulia@gmail.com','none','none','1',1,0,0,0,'0','mental/physical',0,'2019-08-24 09:02:01','2019-08-24 09:02:01',2,0,1,0,'0'),(294,1188,'Hassan Adel Khalaf','none',16,'2003-05-21',1,180,74,20,20,'0+','Villa 998 Block 332 Road 3321 Mahooz  Manama','36374456','37775966','khadijakhalaf87@gmail.com','none','none','1',0,1,0,0,'0','student',0,'2019-08-24 10:39:22','2019-08-25 12:38:23',3,0,1,0,'0'),(295,1090,'Razan Alsaleh','none',45,'1973-12-08',0,172,65,81.5,101.5,'AB','House 27, Blue Jurdab Compound,Road 2948,Jurdab 729','39636611','39636611','razan8@gmail.com','HYPHOTHYROID','EUTHYROX(THYROXINE)50mg/day','1',0,1,0,0,'0','Mental',0,'2019-08-25 13:28:02','2019-08-25 13:28:02',3,0,1,0,'0'),(296,1484,'Alkhalifa Muneera','none',29,'1989-06-25',0,172,77,20,20,'A+','House 155 Road 26 Block 926','39947770','39947770','mneera.k13@gmail.com','none','none','1',0,0,0,0,'0','none',0,'2019-08-25 13:37:09','2019-08-25 13:37:09',2,0,1,0,'0'),(301,1170,'Alaseeri Amel','none',25,'1983-12-25',0,100,100,20,20,'none','Budaiya Highway Tariq Pastries Building 3rd Floor Apartment 22 (namaste)','38455566','38455566','ml.alaseeri@gmail.com','none','none','1',0,0,0,0,'0','none',0,'2019-08-25 14:28:34','2019-08-25 14:28:34',9,0,1,0,'0'),(302,1147,'Alsairafi Noor','none',38,'1980-04-24',0,173,90,20,20,'A+','House 267Road 4618 AALI 746','38883553','38883553','noor@diyabahrain.com','none','none','1',0,0,0,0,'0','mental',0,'2019-08-25 14:37:29','2019-08-25 14:37:29',4,0,1,0,'0'),(303,1189,'Mohammed Reem','none',33,'1984-12-11',0,100,100,20,20,'0','House 1976 Road 5866 Block 758 Buri Bahrain','36361717','36361717','aljawaher2001@hotmail.com','none','none','1',0,0,0,0,'0','mental',0,'2019-08-25 14:54:09','2019-08-25 14:54:09',5,0,1,0,'0'),(304,1446,'Kazem Nabeel','none',47,'1971-05-05',1,168,110,40,42,'0+','H 212 Road 68 Block 364 Bilad Al Kadeem (next to rain Dental Clicnic)','66386638','66386638','nabeelkarim@hotmail,com','none','none','1',0,0,0,0,'0','mental',0,'2019-08-25 15:07:09','2019-08-25 15:07:09',3,0,1,0,'0'),(305,1129,'Alfeeb Reem','none',29,'1989-10-14',0,168,61,20,20,'0','Block 315,RBuilding Road 383,Building 180 Manama','39323100','39323100','reem.aljeeb@sc.com','IRON DEFICIENCY','IRON+DAILY VITAMINS','1',0,0,0,0,'0','Mental',1,'2019-08-25 15:58:56','2019-08-25 15:58:56',1,0,1,0,'0'),(306,1651,'Maryam Isa Alkhalifa','none',25,'1993-12-04',0,164,84,94.5,119,'A+','House 1604 Road 847 Block 908 West Riffa','33333717','33333717','mariam.al.khalifa@hotmail.com','none','none','1',0,0,0,0,'0','mental',0,'2019-08-25 16:05:47','2019-08-25 16:05:47',4,0,1,0,'0'),(309,1397,'Mike Smith','none',43,'1975-05-23',1,135,87.5,87,20,'0','12 Floor Worley Parson Gulf Executive Office Building 15,Road 3801,Block 338,PO Box 75728','36895021','36895021','mike.smith@worlyparson.com','none','none','1',0,0,0,0,'0','none',0,'2019-08-25 16:18:29','2019-08-25 16:18:29',9,0,1,0,'0'),(310,1144,'Al Sairafi Safa','none',27,'1987-08-27',0,136,100,20,20,'0','BCCI Building Road 1010 Block 410 7th Floor Tamkeen','39200680','17551716','safa.alsairafi87@gmail.com','NEUROBIN','FOR HAIR','1',0,0,0,0,'0','mental',0,'2019-08-25 16:32:21','2019-08-25 16:32:21',2,0,1,0,'0'),(311,1153,'Mohammed Alqari','office',30,'1987-12-07',1,173,86,92,102,'0','Arcapita Building Bharain Bay','39332622','17561248','mohammed.alqari@gmail.com','SEROXAT','SEROXAT','1',0,0,0,0,'0','mental',0,'2019-08-26 05:29:31','2019-08-26 05:29:31',1,0,1,0,'0'),(312,1160,'Alzari Fajer','none',39,'1984-08-17',0,157,59,20,20,'0+','Saudi National Commercial Bank World Trade Floor 28 East Tower','36562626','36562626','fajer.alzari@gmail.com','none','none','1',0,0,0,0,'0','mental',0,'2019-08-26 05:39:35','2019-08-26 05:39:35',1,0,1,0,'0'),(313,1161,'Reem Alamed','Mental',35,'1982-12-10',0,153,57,20,20,'B+','Bahrain World Trade Center East Tower 28 Floor','39770770','17549794','reemalmajid@gmail.com','none','PREGNANT','1',0,0,1,0,'0','mental',0,'2019-08-26 05:51:33','2019-08-26 05:51:33',1,0,1,0,'0'),(314,1164,'Eman Zubari','none',60,'1957-07-17',1,173,78,20,20,'0','Hala Tower,Building 4687,Road 2468 Alfateh 324 Juffair Apartment 67','39911081','39911081','khalidzubari@gmail.com','none','none','1',1,1,0,0,'0','mental',0,'2019-08-26 06:07:59','2019-08-26 06:07:59',2,0,1,0,'0'),(315,1165,'Ameena Khaled Bindayna','none',25,'1993-11-01',0,153.5,57.9,82,100,'A+','House 2621,Road 2652,Block 226,Muharraq,Busaiteen','39425212','39425212','a.bindayna@gmail.com','none','none','1',0,0,0,0,'0','mental',0,'2019-08-26 06:16:47','2019-08-26 06:16:47',1,0,1,0,'0'),(316,1168,'Abdulla Hamad Al Mannai','none',38,'1980-03-18',1,176,88,33,20,'0+','House 158,Road 2152 Block 225 Busaiteen','36366677','36366677','a.h,almannai@gmail.com','none','none','1',0,0,0,0,'0','mental',0,'2019-08-26 06:28:13','2019-08-26 06:28:13',1,0,1,0,'0'),(317,1171,'Ahlam Zainal','none',38,'1981-02-19',0,168,52,20,20,'0+','Arcapita Building, First Floor Bahrain Bay Amlak Company','32238887','17516466','ahlamzainal@yahoo.com','Just taking Supplements/Vitamins(i.e Iron Vitamins)','C,D@B12','0',0,0,0,0,'0','mental',0,'2019-08-26 06:37:27','2019-08-26 06:37:27',1,0,1,0,'0'),(318,1236,'Ebrahim Abdulkharim','none',40,'1972-08-06',1,175,80,100,100,'B+','Building 540, Road 1706 Block 317  Arad Bank Diplomatic Area,Bahrain','36666166','17549023','eabdulkarim@gmail.com','SUPPLEMENTS','Multi vitamins&complex&Omega','2',1,1,0,0,'0','mental',0,'2019-08-26 11:13:47','2019-08-26 11:13:47',1,0,1,0,'0'),(325,1241,'Latifa Alkhalifa','none',43,'1975-09-12',0,158,76.6,93,110,'0','PO Box 20055','33106888','17662424','lala.ebrahim@gmail.com','none','none','1',0,0,0,0,'0','mental',0,'2019-08-27 05:40:32','2019-08-27 05:40:32',3,0,1,0,'0'),(326,1488,'Mai Jasim Alkhaja','none',37,'1981-07-16',0,166,78,100,100,'0','House 389 Road 2013 Block 920 West Fiffa','35666655','35666655','mjalkhaja@gmail.com','none','none','1',0,0,0,0,'0','mental',0,'2019-08-27 07:32:24','2019-08-27 07:32:24',2,0,1,0,'0'),(328,1671,'Maryam KAMESKI','none',28,'1981-07-30',0,163.5,54,20,20,'0','Villa 2673 Road 2841Block 228 Busaiteen','36619100','17866992','mkamashki@gmail.com','CROHNS DEASEASE','PENTASA','1',0,0,0,0,'0','mental',0,'2019-08-27 08:37:14','2019-08-27 08:37:14',3,0,1,0,'0'),(329,1664,'Sharifa Sanad','none',33,'1986-02-09',0,165,74,88.9,106,'A+','Villa 84 Road 5503 Block 255 Galaly','39586363','39586363','s.sanad@hotmail.com','none','none','1',0,0,0,0,'0','mental',0,'2019-08-27 08:49:10','2019-08-27 08:49:10',3,0,1,0,'0'),(330,1660,'Karim Ghorayeb','none',44,'1974-12-10',1,176,84,20,20,'0+','House 27 Blue Jurdab Compound Road 2948 Jurdab 729','36377777','39636611','rozan8@gmail.com','none','none','1',0,0,0,0,'0','mental',0,'2019-08-27 09:05:01','2019-08-27 09:05:01',3,0,1,0,'0'),(331,1146,'Linda Janahi','none',40,'1973-08-20',1,165,63,36,104,'B+','House 109 Room 2302 Block 923 East Riffa','30636300','30636300','linda@janahi@gmail.com','none','none','1',0,0,0,0,'0','mental',0,'2019-08-28 06:39:31','2019-08-28 06:39:31',2,0,1,0,'0'),(332,1638,'Saliba Jinane','none',36,'1982-10-08',0,170,62,20,20,'A+','Reef Island Capis Building Block 346 Street 4642 Ground floor Flat #5','33011055','33011055','jinanesaliba@gmail.com','none','none','1',1,1,0,0,'0','mental',0,'2019-08-28 06:53:56','2019-08-28 06:53:56',3,0,1,0,'0'),(333,1647,'Farah Almajed','none',24,'1983-10-24',0,160,59,73,101,'A-','893 Road 4323 Block 243 Arad','36900402','17675674','sarahmajed@gmail.com','none','none','1',0,0,0,0,'0','mental',0,'2019-08-28 07:00:19','2019-08-28 07:00:19',3,0,1,0,'0'),(334,1644,'Sara Khalid Juma','none',35,'1984-04-21',0,160,60,20,20,'A+','House 540 Road 5707 Block 257 Amwaj Najm','39408800','39408800','sara.juma1@gmail.com','none','none','1',0,0,0,0,'0','mental',0,'2019-08-28 07:11:13','2019-08-28 07:11:13',2,0,1,0,'0'),(335,1640,'Alaa Sabt Radhi','none',32,'1987-08-05',0,164,80,20,20,'0','Jeera (111) Tower Building 657 Road 2811 Block 428 Floor 7 Office 71 Seef District /\r\nHouse 470 Block 813 Road 1331 Isa Town','66707001','36489890','asabt@globalits.bh','none','none','1',0,0,0,0,'0','mental',0,'2019-08-28 07:16:44','2019-08-28 07:18:50',3,0,1,0,'0'),(337,1633,'Aysha Aquod','none',30,'1989-05-09',0,169,109,104,130,'126','House 1936 Block 244 Street 4439 Arad\r\n(OFFICE ADDRESS)\r\n AHLI UNITED BANK','33121412','33121412','aalquod@hotmail.com','none','PCOS','1',0,0,0,0,'0','Mental',0,'2019-08-28 07:34:28','2019-08-28 07:34:28',3,0,1,0,'0'),(338,1632,'Walaa Sami Alaabed','none',26,'1992-11-26',0,165,85,20,20,'0','(WEEKEND) Villa 1434 Road 4542Block 745 Sanad\r\n(WEEKDAY)  Building 572 Road 16  Block 616 OM Alsaad Avenue Sitra','39344490','39344490','walaa.alaabed@gmail.com','none','OVARIAN CYST & THYROID NOCHILE','0',0,0,0,0,'0','mental',0,'2019-08-28 08:06:51','2019-08-28 08:06:51',6,0,1,0,'0'),(339,1162,'Alya Aljeeb','none',28,'1991-01-20',0,154,52.2,20,20,'0','House 2728 Room 7172  Block 571 Aljanabiya','39915158','39915158','alyaa_aljeeb@hotmail.com','none','none','1',0,0,0,0,'0','mental',0,'2019-08-28 08:13:37','2019-08-28 08:13:37',3,0,1,0,'0'),(340,1256,'Trichard Astria','none',35,'1983-11-28',0,167,62,84,75,'0','Flat 41 Palom-2 Road 5710 Block 257 Tala Amwaj','39909262','39909262','astrid@getbharain.com','none','none','1',0,0,0,0,'0','mental',0,'2019-08-28 08:26:52','2019-08-28 08:26:52',2,0,1,0,'0'),(341,1630,'Fatema Abdulelah Alqasimi','none',33,'1986-08-30',0,165,52,20,20,'0','House 2030 Road 627 Block 1206 Hamad Town (Round about 5)','39336226','39336226','f.alqassimi@gmail.com','none','none','1',0,0,0,0,'0','mental',0,'2019-08-28 08:35:17','2019-08-28 08:35:17',1,0,1,0,'0'),(342,1627,'Noora Khalid Alkhalifa','none',24,'1995-06-04',0,154,65,75,106,'A+','House 1119 Road 2629  Block 926 West riffa','39888666','39888666','nkk6495@gmail.com','none','none','1',0,0,0,0,'0','mental',0,'2019-08-28 08:40:13','2019-08-28 08:40:13',3,0,1,0,'0'),(343,1626,'Alnood Khalid ALkhalifa','none',20,'1998-08-08',0,156,64,20,20,'0','House 119 Road 2629 Block 926 Jary Alshaikh West Riffa','39533335','39533335','alanood.alk@gmail.com','none','ASTHMA','1',0,0,0,0,'0','mental',0,'2019-08-28 08:52:29','2019-08-28 08:54:17',3,0,1,0,'0'),(344,1624,'Mohammed Ali Saffy','none',28,'1990-09-26',1,171,110,20,20,'B+','House 382 Road 4505 Block 245','38433303','38433303','mohd.saffy@gmail.com','HYPER TENSION','COVERAN  5mg','1',0,0,0,0,'0','mental',0,'2019-08-28 09:05:13','2019-08-28 09:05:13',3,0,1,0,'0'),(345,1623,'Ammar Radhi','none',32,'1987-07-15',1,178,93,20,20,'A+','Flat 42 Building 1222 Road 3026 Block 430 Danai Al Seef\r\nOffice Address: 10 Floor West Tower Bahrain Financial  Harbour','38888079','38888079','radhi@line.com','none','none','1',0,0,0,0,'0','mental',0,'2019-08-28 09:20:26','2019-08-28 09:20:26',7,0,1,0,'0'),(346,1622,'Ebaa Aqoud','none',36,'1983-07-27',0,160,56,20,20,'B+','House 1474 Road 3330 Block 333 Um Alhassam','38355777','38355777','ebaa.alquod@gmail.com','none','none','1',0,0,0,0,'0','mental',0,'2019-08-28 09:34:36','2019-08-28 09:34:36',3,0,1,0,'0'),(347,1608,'Mai Showaiter','Mai Showaiter',45,'1974-06-20',0,165,81,34,46,'B+','House 859  Road 1418 Isa Town 814','388 72337','17533722','mayshowaiter@gmail.com','DIABETES','Glucophagex 500mg, Forxiga10mg ,cog 10mg,folab fish oil','1',0,0,0,0,'0','mental',0,'2019-08-28 10:12:33','2019-08-28 10:12:33',3,0,1,0,'0'),(348,1603,'Sara Merza Ahmed','none',26,'1992-03-30',0,169,74,20,20,'0+','Tatweer Petroleum Building 202 Road 53 Block 981 Al Rumamain  (SAKHIR)\r\nHOME ADDRESS: Flat 21 Building 2494 Road 1134 Block 111 Al Hidd','36220031','36220031','saramirza30@gmail.com','none','none','1',0,0,0,0,'0','none',0,'2019-08-28 10:51:06','2019-08-28 10:51:06',1,0,1,0,'0'),(349,1601,'Ann Danchoe','none',52,'1967-01-21',0,135,64,20,20,'o-','Apartment 22 Al Rimal Building Reef Island ,Manama','34560506','34560506','anndanachoe2012icloud.com','none','none','1',0,0,0,0,'0','mental',0,'2019-09-01 11:50:42','2019-09-01 11:50:42',2,0,1,0,'0'),(350,1600,'Fatema Al Sharif','none',28,'1991-01-28',0,167,67.5,75,105.5,'A+','House 66,Road 5203,Block 382,Nabi Saleh','38823882','38823882','fatema.s.alsharif@gmail.com','none','none','1',0,0,0,0,'0','mental',0,'2019-09-01 11:56:37','2019-09-01 11:56:37',3,0,1,0,'0'),(351,1599,'Abdulla Almarki','none',27,'1992-05-19',1,176,72,20,20,'0','(Osool) 1st Floor Arcapita Bilding Bahrain Bay','39797945','39797945','abdulla-al-marki@hotmail.com','none','none','1',0,0,0,0,'0','mental',0,'2019-09-01 12:06:39','2019-09-01 12:06:39',3,0,1,0,'0'),(352,1597,'May Almoayed','none',36,'1983-09-22',0,152,53,72,91,'A+','Arcapita Building 4th Floor (Edamah)Block 346Road 4612Bahrain Bay','39940888','39940888','malmoayed@gmail.com','none','none','1',0,0,0,0,'0','mental',0,'2019-09-01 12:15:59','2019-09-01 12:15:59',3,0,1,0,'0'),(353,1596,'Amal Almurbati','none',42,'1978-01-11',0,161,94,93,119,'A+','House 702 Road 2621 Block 526 Barbar','36116644','36116644','aalmurbati@gmail.com','none','none','1',0,0,0,0,'0','mental',0,'2019-09-01 12:23:47','2019-09-01 12:23:47',2,0,1,0,'0'),(354,1591,'Fatima Khalifa Alkhalifa','none',14,'2004-08-18',0,161,141,46,65,'o+','House 218 Road 407 Block 904 West Riffa','36788788','17667177','toomz1804@gmail.com','none','none','1',0,0,0,0,'0','mental',0,'2019-09-01 12:30:44','2019-09-01 12:30:44',3,0,1,0,'0'),(355,1590,'Ali Hassan Alawadhi','none',37,'1991-08-08',1,173,82,20,20,'0','Flat 24 Building G-2150 Road 5541 Block 255  Galali Amwaj Kingdom of Bahrain','39945399','39945399','ali881@yahoo.com','none','none','1',0,0,0,0,'0','mental',0,'2019-09-01 12:38:54','2019-09-01 12:38:54',1,0,1,0,'0'),(356,1589,'Mariam Fakhroo','none',70,'1949-11-13',0,157,68,32,20,'A+','House 416 Road 205 Block 1006 Jasra Mariam Village Compound (close to Batelco)','39616390','39616390','mariam.fakhroo@gmail.com','Globage','Globage xr x2 750mg& cristor 5 litrizol 25g+multi vitamins','1',0,0,0,0,'0','mental',0,'2019-09-01 12:48:50','2019-09-01 12:48:50',3,0,1,0,'0'),(357,1588,'Fatema Ahmed Kamal','none',23,'1996-06-13',0,160,55.8,20,20,'A+','Arad House 1199 Block 240 Road 4036','32288766','39699314','fatimaakamal13@gmail.com','none','none','1',0,0,0,0,'0','mental',0,'2019-09-01 12:53:36','2019-09-01 12:53:36',3,0,1,0,'0'),(358,1572,'Hatim Alzubi','none',35,'1984-02-12',1,179,93,20,20,'B+','Villa 2646 Road 742 Block 507 Maqaba Bahrain','38838886','38838886','hqzubi@gmail.com','Cholesterol + uric acid','CRESTOR (ROSURASTATON) 5mg zyloric ( allopurmol)100mg','1',0,0,0,0,'0','mental',0,'2019-09-01 13:01:35','2019-09-01 13:01:35',3,0,1,0,'0'),(359,1585,'Elyana Jaffar','none',26,'1977-02-06',0,152,87,20,20,'0+','Block 1006 Road 601 Real Gardens Entrance 79 Villa 8 Al Jasra','39459444','39459444','elyana.m.e.j@gmail.com','vit d Defeciency','vit D + collagen+ multi vitamins    Magnisium + calcium','1',0,0,0,0,'0','mental',0,'2019-09-01 13:11:57','2019-09-01 13:11:57',2,0,1,0,'0'),(360,1570,'Ameena Mahmood Hussain','none',27,'1992-04-16',0,164,71,82,106,'B+','Hamad Town House 3720 Road 457  Block 1204 ( Back door on the main road opposite to school and bus stop)','33664224','33664224','a_m_1992@hotmail.com','none','none','1',0,0,0,0,'0','mental',0,'2019-09-01 15:55:34','2019-09-01 15:55:34',3,0,1,0,'0'),(361,1564,'Hannan Mahmoud A. Zaid','none',25,'1994-06-17',0,158,58.9,20,20,'0','Riffa Building 1257Road 1632 Block 916','38055255','38055255','hannan.mahmoud17@gmail.com','PCOS(NOT SEVERE)','mitformin','1',0,0,0,0,'0','mental',0,'2019-09-01 16:17:54','2019-09-01 16:17:54',3,0,1,0,'0'),(362,1557,'KARIM ABDULLA','none',27,'2002-02-27',1,170,97,38,20,'A+','2896 Road 6467 Block 364 Glad Al Qadeem','36612211','36612211','alexboxonegaming@gmail.com','none','none','1',0,0,0,0,'0','mental',0,'2019-09-02 08:00:42','2019-09-02 08:00:42',3,0,1,0,'0'),(363,1549,'Allan Phelan','none',38,'1981-04-21',1,155.44,90,20,20,'0','Block 228 Road 2834 Building 2375 3rd Floor Apartment 33 Busaiteen','34205516','34205516','aphelan@resi.com','none','none','1',0,0,0,0,'0','mental',0,'2019-09-02 09:38:50','2019-09-02 09:38:50',3,0,1,0,'0'),(364,1545,'Fatema Alrumaikhi','none',30,'1989-08-06',0,164,80,20,20,'o-','House 4045 Road 2861 Block 928 Wadi Asail  Hamad Town','34205516','34205516','fatemaalmuraikhi@gmail.com','none','none','1',0,0,0,0,'0','mental',0,'2019-09-02 10:02:12','2019-09-02 10:06:08',3,0,1,0,'0'),(365,1548,'Andrea Phelan','none',39,'1984-07-30',0,176.78,81,20,20,'0','Block 228 Road 2834  Building 2375 Floor 3 Apartment 23 Busaiteen','33835686','34205565','aduyer@resi.com','none','none','1',0,0,0,0,'0','mental',0,'2019-09-02 10:22:10','2019-09-02 10:22:10',3,0,1,0,'0'),(366,1547,'Jordan Screen','none',42,'1976-11-16',1,175,71,20,20,'B+','none','35460907','35460907','saffarandco@gmail.com','none','none','1',0,0,0,0,'0','mental',0,'2019-09-02 10:57:01','2019-09-02 10:57:01',3,0,1,0,'0'),(368,1542,'Noora Ali Saffar','none',29,'1989-11-24',0,163,54,51,51,'o+','House 51 A Road 30 Block 732 Aali','38838383','38838383','noora.a.safar@gmail.com','none','none','1',0,0,0,0,'0','mental',0,'2019-09-02 11:13:16','2019-09-02 11:13:16',3,0,1,0,'0'),(369,1537,'Nada Tarada','none',31,'2019-06-16',0,163,84,32,51,'B+','House 3213 Road 2182 Block 721 Jid Ali','39770799','39770799','nada.tara@gmail.com','none','none','1',0,0,0,0,'0','mental',0,'2019-09-02 11:23:21','2019-09-02 11:23:21',2,0,1,0,'0'),(370,1536,'Abraham Madrid','35',35,'1983-10-26',1,170,86,91,91,'0+','The Flagship Amwaj Apartment 23 Building 2793Road 5722 Amwaj 0257 Kingdom of Bahrain','38885160','38885160','abmadrid99@gmail.com','none','none','1',0,0,0,0,'0','mental',0,'2019-09-02 11:29:41','2019-09-02 11:29:41',3,0,1,0,'0'),(371,1532,'Maryam Bastaki','none',29,'1990-04-17',0,108,83,51,51,'A+','House 207 Road 3200 Block 732','35550350','35550350','maryam.rb90@yahoo.com','none','none','1',0,0,0,0,'0','mental',0,'2019-09-02 11:36:23','2019-09-02 11:36:23',2,0,1,0,'0'),(374,1489,'Hela Alkhalifa','none',35,'1984-03-27',0,172,152,51,143,'0+','House 178 Shk Khalifa Gamond Avenue Block 221 Busaiteen Bahrain','38820803','38820803','hela.327@gmail.com','none','none','1',0,0,0,0,'0','mental',0,'2019-09-02 12:26:55','2019-09-02 12:26:55',3,0,1,0,'0'),(376,1240,'Lobna Al Amin','none',60,'1958-11-05',0,171,76,85,107,'B+','Road 3240 Block 732 Gate 1709 Villa 9 Mohammed Fakhroo Compound A ali','39641991','39674747','reemjakhroo@gmail.com','thyroxine 100','thryroxin-hypo','1',1,0,0,0,'0','none',0,'2019-09-02 13:24:05','2019-09-02 13:24:05',3,0,1,0,'0'),(377,1474,'Areej Al Naoimi','none',24,'1989-11-17',0,166,78,51,51,'o+','House 269 Road 1503 Block 915 Riffa','34506144','17773222','areej.alnaoimi@gmail.com','thyroid (stable)','thyroid 50mg','1',0,0,0,1,'0','none',1,'2019-09-02 13:32:58','2019-09-02 13:32:58',2,0,1,0,'0'),(379,1356,'Deena Saqer Alzayani','none',37,'1981-11-29',0,160,57,51,51,'0+','Al Shawi Compound Gate 2950 Road 4635 Block 646 Sanad','39799799','39799799','d.alzayani@gmail.com','none','none','1',0,0,0,0,'0','Mental',0,'2019-09-02 14:44:33','2019-09-02 14:44:33',3,0,1,0,'0'),(383,1274,'Latifa Mohammed','none',31,'1987-07-12',0,159,66.9,51,51,'0+','House 849 Road 2419 block 924 Riffa   Juvy Al Shaikh','39383933','39383933','latifa3.m@gmail.com','none','none','1',0,0,0,0,'0','mental/physical',0,'2019-09-02 15:12:12','2019-09-02 15:12:12',2,0,1,0,'0'),(384,1413,'Mohammed Alsaati','none',27,'1992-04-10',1,171,65,51,51,'AB+','House 141 Road 2307 Block 523 Saar','39988009','39988009','mohammedalsaati@gmail.com','none','none','1',0,1,0,0,'0','mental',0,'2019-09-02 15:28:20','2019-09-02 15:28:20',3,0,1,0,'0'),(387,1387,'Rakan Hussain Al Otaibi','none',30,'1988-05-14',1,177,95,86,91,'0+','House 1070 Road 7130 Block 571 Janabiyah','38418841','17793977','rax269006@gmail.com','none','none','1',0,0,0,0,'0','mental',0,'2019-09-02 15:48:40','2019-09-03 06:12:54',9,0,1,0,'0'),(388,1019,'Nouf Yateem','none',29,'1990-12-24',0,152.4,50,51,51,'A+','House 479 Road 4011, Block 340 Juffair  Bahrain','37330330','37330330','nouf.yareem@gmail.com','none','none','1',0,0,0,0,'0','mental',0,'2019-09-03 07:03:29','2019-09-03 07:03:29',2,0,1,0,'0'),(389,1381,'Sara Al Otaibi','none',27,'1991-05-26',0,165,59,70,95,'0+','House 1070 Road 7130 Area 571 Janabiyah Bahrain','38381535','38381535','sara.a.design@gmail.com','Good Physical Condition','Slight Anemia (Dates Iron is good)','1',1,0,0,0,'0','mental',0,'2019-09-03 07:21:29','2019-09-03 07:21:29',3,0,1,0,'0'),(390,1365,'Kim Hijris','none',60,'1951-04-21',0,152,98,110,128,'0+','house 107 Jid Al Haj Highway Block 502 Jannusan','39460208','39460208','kimhijris@hotmail.com','STROKE HIGH BLOOD PRESSURE','atacand 16mg/crestor 10mg/concor 2.5mg/Asarin 7.5mg/eltronin50mg','1',0,0,0,0,'0','none',0,'2019-09-03 07:34:07','2019-09-03 07:34:07',3,0,1,0,'0'),(391,1364,'Neeraj Karani','none',27,'1992-01-03',1,154,70,54,57,'0','Villa 1126Saar visto1 compound roas 3545Block 523 Al HADAD','39747306','39747306','karanineeraj@gmail.com','FREE DIABETIC','none','1',0,0,0,0,'0','mental',0,'2019-09-03 07:42:08','2019-09-03 07:42:08',3,0,1,0,'0'),(392,1346,'Nouf Alkhalifa','none',27,'1982-10-27',0,160,40,51,51,'0','Villa 11,Gate 2298 Road 7533 Block 575 Janabiyah','39522222','39522222','nouf.alkhalifa@gmail.com','none','none','1',0,0,0,0,'0','none',0,'2019-09-03 07:55:31','2019-09-03 07:55:31',3,0,1,0,'0'),(394,1345,'May Mahmood','May Mahmoud',35,'1983-08-19',0,150,60,51,51,'0','House 579,Road 7510 Block 575 Janabiyah','39903221','39903221','may.mahmood@gmail.com','none','none','1',0,0,0,0,'0','mental/physical',0,'2019-09-03 08:09:17','2019-09-03 08:09:17',3,0,1,0,'0'),(397,1226,'Muneera Hamad Alkhalifa','none',26,'1992-10-15',0,164,55,66,96,'0','House 589,Block 916,Road 1619,Riffa','33333130','33333130','muneera.alkhalifa@gmail.com','high cholesterol','none','1',0,0,0,0,'0','mental',0,'2019-09-03 09:11:57','2019-09-03 09:11:57',3,0,1,0,'0'),(398,1334,'Bader Duaij Buachala','none',17,'2002-10-16',1,186,98,51,51,'0','Basma Kanoo Address','00000000','0000000','bader.duaij32@gmail.com','none','none','1',0,0,0,0,'0','student',0,'2019-09-03 09:18:48','2019-09-03 09:18:48',7,0,1,0,'0'),(399,1333,'Basma Kanoo','none',0,'0001-01-01',0,168,67,51,51,'0','Villa 1510,Road 5647, Block 356,Sahlia','0000000','0000000','basmafkanoo@gmail.com','none','none','1',0,0,0,0,'0','mental',0,'2019-09-03 09:36:56','2019-09-03 09:36:56',3,0,1,0,'0'),(401,1195,'Maryam Abdulmalik','none',24,'1994-12-09',0,165,55,51,51,'0+','Block 228,Villa 794,Road 2813,Busaiteen, Bahrain','36345345','36345345','maryam.abdulmalik@gmail.com','none','none','1',0,0,0,0,'0','mental',0,'2019-09-03 09:53:16','2019-09-03 09:53:16',6,0,1,0,'0'),(402,1179,'Reem Alawi','none',33,'1985-03-08',0,157,70,51,51,'B+','House 295,Road 4317, Block 943 Riffa Views','39400757','39400757','reemalawi@gmail.com','none','Pregnant','1',0,0,0,0,'0','mental',0,'2019-09-03 09:59:17','2019-09-03 09:59:17',1,0,1,0,'0'),(404,1180,'Eman Abdulla Al Shamlan','none',32,'1986-05-20',0,1158,55,51,51,'0+','Tatweer Petroleum Building 202,Road 53, Block 981Rumamin (SAKHIR)\r\nHOME:House 856,Road 1512, Block 915,East Riffa','3888969','3888969','eman.alshamlan@gmail.com','none','none','1',0,0,0,0,'0','mental',0,'2019-09-03 10:18:43','2019-09-03 10:18:43',1,0,1,0,NULL),(405,1145,'Shereen Busherhi','none',37,'1981-02-25',0,156,68,79,104,'B+','House 40 Gate 714 Road 7325 Block 473 Budaiya','39444885','39444885','sbusherhi@gmail.com','none','none','1',0,0,0,0,'0','mental',0,'2019-09-03 12:37:36','2019-09-03 12:37:36',3,0,1,0,'0'),(406,1142,'Waleed Assad','none',28,'1990-12-09',1,150,60,51,51,'0','Villa 1256,Road 3227,Block 332,Bu Ashera','37775080','37775080','waleed.ali.asad@gmail.com','none','none','1',0,1,0,0,'0','mental',0,'2019-09-03 12:49:52','2019-09-03 12:49:52',3,0,1,0,'0'),(407,1141,'Saud Abdulla','none',28,'1990-08-18',1,167,108,51,51,'0','Villa 512,Road 2511,Block 525 SAAR','66366336','66366336','saudabdulla1@gmail.com','none','none','1',0,1,0,0,'0','mental',0,'2019-09-03 12:54:40','2019-09-03 12:55:29',3,0,1,0,'0'),(408,1658,'Maryam Yaqoob Bucheeri','none',26,'1993-02-01',0,160,72,51,51,'0+','House 343 G,Road 4407,Block 244,Arad Bahrain','33533577','33533577','mrym.yb@ghotmail.com','Medium high cholesterol+ skin condition ( sesitive oily skin)','none','1',0,0,0,0,'0','mental',0,'2019-09-03 14:23:35','2019-09-03 14:23:35',2,0,1,0,'[]'),(409,1702,'Mohammed Ishaq','none',32,'1986-12-31',1,183,140,130,51,'B+','Office:Bahrain World Trade Center East Tower 27 Floor\r\nHome: House 2869 Road 4580 Block 745 Sanad','39201204','17549830','bizz131@gmail.com','none','none','1',0,0,0,0,'0','mental',0,'2019-09-04 06:27:31','2019-09-04 06:27:31',2,0,1,0,'[]'),(410,1701,'Yasmeen Kamal','none',31,'1988-02-11',0,160,57,70,95,'AB+','House 1801, Road 3439,Mahooz 334','39965953','39965953','yasmeen kamal@btea.bh','noe','none','1',0,0,0,0,'0','none',0,'2019-09-04 06:32:05','2019-09-04 06:32:05',2,0,1,0,'[]'),(411,1700,'Jawaher Faizal Hamad Alswidi','none',35,'1983-08-28',0,168,77,51,51,'A-','Villa 656 Road 1827 Block 918 West Riffa Bahrain','38885888','17660601','jawaher83@icloud.com','none','none','1',0,0,0,0,'0','mental',0,'2019-09-04 06:42:14','2019-09-04 06:42:14',2,0,1,0,'[]'),(412,1693,'Yusuf Ameen','none',24,'1985-02-07',1,174,94,51,51,'0','Villa 4 Gate 6 Avenue 1 Block 202 Muharraq Bahrain','36677766','17331000','yousif.n.ameen@gmail.co','none','none','1',0,0,0,0,'0','none',0,'2019-09-04 06:46:46','2019-09-04 06:46:46',2,0,1,0,'[]'),(413,1691,'Noora Yousif Mohammed','none',27,'1992-09-15',0,165,65,71,51,'A-','Road 2629,Block 926,Com 1175 H24  Jar Al Shif Riffa','33336259','33336259','noora.yosif@gmail.com','none','none','1',0,0,0,0,'0','none',0,'2019-09-04 06:51:14','2019-09-04 06:51:14',2,0,1,0,'[]'),(414,1695,'Suhair Ahmed Yassin','none',53,'1966-02-01',0,156,78.3,51,51,'B+','Villa 1758,Road 2427,Block 324 Manama Juffair','39626886','17826886','suhairay@hotmail.com','none','none','1',0,0,0,0,'0','none',0,'2019-09-04 06:56:24','2019-09-04 06:56:24',2,0,1,0,'[]'),(415,1692,'Hamad Al Burshaid','none',33,'1986-01-11',0,178,85,51,51,'0','Office Address: Building 128,Road 2403,Block 224, Muharraq ( next to gulfair Headquarters)\r\nHouse add: Building 3696 Road 014 Block 809 Isa Town','33377900','17357741','hamad.alburshaid@gaa.aero','none','none','1',0,0,0,0,'0','mental',0,'2019-09-04 07:16:05','2019-09-04 07:16:05',2,0,1,0,'[]'),(416,1227,'Muneera Abdulla Abunajma','none',37,'1981-07-02',0,162,83,105,57,'B+','Villa 636 Road 1720 Block 517 Saar Bahrain','36476766','17003713','muneera.abdulla@hotmail.com','none','none','1',0,0,0,0,'0','mental/physical',0,'2019-09-04 07:21:09','2019-09-04 07:21:09',2,0,1,0,'[]'),(417,1663,'Haya  Alkhalifa','none',22,'1997-03-13',0,167,70,79,167,'o+','House 1169,Road 2416,Block 924, Jary Al Shaikh Riffa','66979797','66979797','haya.alk35@gmail.com','none','none','1',0,0,0,0,'0','mental',0,'2019-09-04 08:10:42','2019-09-04 08:10:42',2,0,1,0,'[]'),(418,1657,'Mryam Yaqoob Bucheeri','none',26,'1993-02-01',0,160,72,51,51,'0+','House 343G Road 4407, Block 244 Arad Bahrain','33533577','33533577','mry.y.b@hotmail.com','Medium High Cholesterol + Skin Condition Sensitive Oily Skin','none','1',0,0,0,0,'0','mental',0,'2019-09-04 08:20:45','2019-09-04 08:20:45',2,0,1,0,'[]'),(419,1246,'Mahmood Janahi','none',35,'1983-05-20',1,178,43,38,51,'0','House 1059,Road 4326,Block 243, Arad Muharraq (behind Alzayani Motors)','39203030','39203030','mahmoodjanahicakas@gmail.com','none','none','1',0,0,0,0,'0','mental/physical',0,'2019-09-04 12:04:19','2019-09-04 12:04:19',2,0,1,0,'[]'),(420,1645,'Amina  Janahi','none',31,'0001-01-01',0,164,52,66,51,'0+','House 1059,Road 4326,Block 243,Arad','66660550','66660550','janahi87@rocketmail.com','none','none','1',0,0,0,0,'0','none',0,'2019-09-04 12:09:12','2019-09-04 12:09:12',2,0,1,0,'[]'),(421,1677,'Fatema Fakhroo','none',38,'1981-04-05',0,165,65,74,95,'0+','House 1005,Road 4308,Block 943 Riffa Views','39778778','39778778','ffakhroo@gmail.com','none','none','1',0,0,0,0,'0','mental/physical',0,'2019-09-04 12:16:18','2019-09-04 12:16:18',2,0,1,0,'[]'),(422,1606,'Muneera Al Musallam','none',32,'1987-08-29',0,155,67,51,51,'0','House  28,Road 34, Block 933 Riffa','36362141','36362141','mneeranm@gmail.com','none','none','1',0,0,0,0,'0','none',0,'2019-09-04 12:24:09','2019-09-04 12:24:09',2,0,1,0,'[]'),(423,1550,'NadaAli','none',40,'1978-11-23',0,176,73,51,51,'0+','House 1474,Road 7732,Janabiyah 577','39451814','17611612','hayateem@yahoo.com','Thyroid','euthyrex 150mg','1',0,0,0,0,'0','none',0,'2019-09-04 12:28:39','2019-09-04 12:28:39',2,0,1,0,'[]'),(424,1635,'Marwa Aljasim','none',29,'1990-05-21',0,154,110,51,51,'0+','Weekday:Office 103,1st Floor Amlak Arcapita Building \r\nRoad 4612 Block 346 Manama Bahrain\r\nWeekend:( House 577 Road 7510 Block 575 Janabiya Bahrain','66336661','66336661','maljassim@hotmail.com','none','none','1',0,0,0,0,'0','mental',0,'2019-09-04 12:36:47','2019-09-04 12:36:47',2,0,1,0,'[]'),(425,1616,'Eman Qudrat','none',36,'1982-11-07',1,165,75,51,51,'0+','1382 Road 2822, Block 228,Busaiteen','37777090','37777090','emanqudrat@hotmail.co.uk','none','none','1',0,1,0,0,'0','mental',0,'2019-09-04 12:41:37','2019-09-04 12:42:29',2,0,1,0,'[]'),(426,1561,'Lulwa Taqui','none',30,'1989-07-08',0,165,80,51,51,'B+','House 1369,Road 3231, Block 732, Al AALI','66624242','66624242','lulwa.taqi@gmail.com','none','none','1',0,0,0,0,'0','none',0,'2019-09-04 12:59:15','2019-09-04 12:59:15',2,0,1,0,'[]'),(427,1348,'Tahera Al Alawi','none',38,'1981-04-06',0,150,69,81,104,'0+','Road 7128,block 571,Janabiya Villa 2','39686767','39686767','taheraalawi@aol.com','none','none','1',1,0,0,0,'0','none',0,'2019-09-04 13:13:21','2019-09-04 13:13:21',3,0,1,0,'[]'),(428,1546,'Luawine Catora','none',46,'1973-05-22',0,168,62,51,51,'B+','Villa 5,Fort Garden Hilat Abdul Saleh Avenue 44Block 444','38146765','38146765','ludicatora@gmail.com','none','none','1',0,0,0,0,'0','mental',0,'2019-09-04 13:20:49','2019-09-04 13:20:49',3,0,1,0,'[]'),(429,1582,'Balqees Janahi','none',32,'1987-02-18',0,160,63,51,51,'0','House 158,Road 602, Block 1206,Hamad Town','39320211','39320211','balqeesjanahi@gmail,com','none','none','1',0,0,0,0,'0','none',0,'2019-09-04 13:24:25','2019-09-04 13:24:25',2,0,1,0,'[]'),(430,1569,'Maryam  Janahi','none',26,'1992-04-02',0,167,73,76,108,'A','Flat 1207,12 Floor,Zawia Building Road 5716,Block 257 Amwaj','3909999','39300360','meemoo992@gmail.com','none','none','1',0,0,0,0,'0','mental',0,'2019-09-04 13:31:22','2019-09-04 13:31:22',2,0,1,0,'[]'),(431,1562,'Alia Murad','none',41,'1978-04-06',0,147,52,51,51,'0+','House 242.Raod 7912, Block 579,Janabiya','39320211','39320211','alia.murad2gmail.com','none','none','1',0,0,0,0,'0','none',0,'2019-09-04 13:36:55','2019-09-04 13:36:55',2,0,1,0,'[]'),(432,1558,'Zain Salahuddin','none',42,'1977-04-01',0,160,58,51,51,'A+','Villa 64, Road 2042,Block 920, West Riffa','39444744','39444744','zain1477@gmail.com','THYROID HYPO','Thyroxine','1',0,0,0,0,'0','mental',0,'2019-09-04 13:43:09','2019-09-04 13:43:09',2,0,1,0,'[]'),(433,1555,'Nada Albastaki','none',33,'1986-04-18',0,166,72,81,109,'AB+','House 1673,Road 3338,Block 933,Riffa','39667966','39667966','nadaalbastaki@gmail.com','none','none','1',0,0,0,0,'0','none',0,'2019-09-04 13:49:41','2019-09-04 13:49:41',2,0,1,0,'[]'),(434,1535,'Sylvia Madrano','none',37,'1982-04-24',0,167,86,51,51,'0','The Flagship Amwaj Apatment 23, Building 2793 Amwaj 0257','39421068','39421068','slydawg@gmail.com','none','none','1',0,0,0,0,'0','none',0,'2019-09-04 14:06:20','2019-09-04 14:06:20',2,0,1,0,'[]'),(437,1516,'Safa Al Alawi','none',33,'1996-05-10',0,164,56,68,83,'0+','154 Block 746  Road 4603 Aali','30300901','30300901','safooov@gmail.com','none','none','1',0,0,0,0,'0','mental',0,'2019-09-04 15:06:32','2019-09-04 15:06:32',2,0,1,0,'[]'),(439,1479,'Noof yousif Khonji','none',35,'1984-12-09',0,164,99,51,51,'0','Villa 58 Delmun AvenueBlock 327 Adliya','39454465','39454465','noofkhonji@gmail.com','THYROXENE 75MG','Hashimotos ( i am currently looking to help reduce my symptoms)','1',0,0,0,0,'0','none',0,'2019-09-04 15:26:52','2019-09-04 15:26:52',3,0,1,0,'[]'),(440,1465,'Sarah Janahi','none',29,'1989-06-23',0,165,72,51,51,'0+','House 3201 Road 5770 Block 457 Bu Quwah','39000432','39000432','sarah.jamahi@live.com','none','none','1',0,0,0,0,'0','mental',0,'2019-09-04 15:31:10','2019-09-04 15:31:10',2,0,1,0,'[]'),(441,1410,'Alia Alalawi','none',30,'1989-03-05',0,169,58,83,97,'A+','House 1077, Road 2521,Block 525,SAAR Bahrain','39416600','39741114','alia..alalawi@gmail.com','Pregnant','none','1',0,0,0,0,'0','mental/physical',0,'2019-09-04 15:40:38','2019-09-04 15:40:38',1,0,1,0,'[]'),(443,1243,'Sara Hussain','none',28,'1990-07-10',0,165,64,51,51,'0+','Flat 96,Building 923,Road 3306,Um Al Hassam 333','66695559','17547336','sarah.alyamani@hotmail.com','none','none','1',0,0,0,0,'0','mental',0,'2019-09-05 06:05:43','2019-09-05 06:05:43',3,0,1,0,'[]'),(444,1223,'Layla Alhusainni','none',41,'1977-11-07',0,170,69,73.66,111.76,'0+','House 369,Road 4808,Block     Aali Bahrain','39333423','39333423','laylosha2gmail.com','High Blood Pressure','none','1',0,0,0,0,'0','none',0,'2019-09-05 06:15:46','2019-09-05 06:15:46',2,0,1,0,'[]'),(445,1242,'Sogat Alghatam','none',18,'2000-04-24',0,162,95,51,51,'0','House 1122,Block 924,Road 2425,Jair Alshaikh','33120122','17643958','sogatalghatam@gmail.com','none','none','1',0,0,0,0,'0','student',0,'2019-09-05 06:19:42','2019-09-05 06:19:42',2,0,1,0,'[]'),(447,1222,'Maryam Hashem','none',31,'1987-04-12',0,167,71,81,101,'0+','Villa 1853,Road 3343, Block 933 Riffa','38877778','38877778','maryam.nabel@gmail.com','none','none','1',0,0,0,0,'0','none',0,'2019-09-05 06:41:08','2019-09-05 06:41:08',2,0,1,0,'[]'),(449,1214,'Fatima Al Kamal','none',35,'1983-06-09',0,161,82,51,51,'0+','House 575,Road 8112, Block 481shakhora','39908808','39908808','fatima.alkamal@gmail.com','ACNE Treatment','Roaccutane 20mg /Isotretinoin','1',0,0,0,0,'0','mental',0,'2019-09-05 07:12:36','2019-09-05 07:12:36',2,0,1,0,'[]'),(450,1209,'Rose Murad','none',26,'1992-09-20',0,158,57,67,102,'0+','Arcapita Building 3rd Floor Road 4612 Block 346  Bahrain Bay','39977447','39977447','rosemurad20@gmail..com','ECZEMA','NONE','1',0,0,0,0,'0','mental',0,'2019-09-05 07:21:42','2019-09-05 07:21:42',1,0,1,0,'[]'),(451,1205,'Nora Mohammed Abdulmalik','none',36,'1982-03-12',0,160,71,51,51,'0+','House 2102, Road 2432, Block 324,Juffair Bahrain','39457878','17728892','noora1@gmail.com','none','none','1',0,0,0,0,'0','mental',0,'2019-09-05 07:42:31','2019-09-05 07:42:31',1,0,1,0,'[]'),(452,1204,'Deema Al Mahasheer','none',34,'1985-02-05',0,156,73,51,51,'0','House 1709,Road 4647,Block 946 West Riffa','33343355','33343355','n.alkhalifa@live.com','none','none','1',0,0,0,0,'0','mental',0,'2019-09-05 07:53:21','2019-09-05 07:53:21',3,0,1,0,'[]'),(453,1199,'Maram Alkhalifa','none',43,'1975-10-25',1,163,75,94,106,'0+','House 936 Road 3220,Block 332 Manama','39689688','39689688','maram-ebrahim@gmail.com','none','none','1',0,0,0,0,'0','mental/physical',0,'2019-09-05 07:59:18','2019-09-05 07:59:18',2,0,1,0,'[]'),(454,1197,'Aisha Khonjie','none',60,'1959-01-01',0,176,65,86,50,'0+','House 1520,Road 2531,Block 525 Juffair','39469977','77009977','aishakhunjie@gmail.com','Blood Pressure','none','1',0,0,0,0,'0','none',0,'2019-09-05 08:06:13','2019-09-05 08:06:13',3,0,1,0,'[]'),(455,1198,'Mohamed Alkhooheji','none',35,'1984-12-05',1,176,106,101,51,'A','Villa 6,Gate 174 Avenue 25 Block 517 ALfaris Park 2','38877998','17701711','mokhooheji@gmail.com','nonne','none','1',0,0,0,0,'0','mental/physical',0,'2019-09-05 08:11:27','2019-09-05 08:11:27',3,0,1,0,'[]'),(461,1187,'Mariam Fatim','none',32,'1986-10-22',0,158,51,69,96,'B+','GRAVITY NOOR SKYDIVING','39294464','39294464','mariam.m.fathi@gmail.com','MILD ASTHMA','NONE','1',0,0,0,0,'0','mental',0,'2019-09-05 11:02:11','2019-09-05 11:02:11',1,0,1,0,'[]'),(462,1186,'SHK Haya Isa Alkhalifa','none',37,'1979-07-24',0,165,83,88,115,'0','Villa 476 Road 4503,Block 943,Riffa Views','36663456','17000225','alkhalifa@gmail.com','none','none','1',0,0,0,0,'0','none',0,'2019-09-05 11:13:24','2019-09-05 11:13:24',3,0,1,0,'[]'),(463,1239,'Ebrahim Rasheed Al Awadhi','none',31,'1987-02-07',1,177,86,83,51,'B+','House 1239Road 2534 Block 925  Riffa Bahrain','33344999','33344999','ebrahimsharif72@gmail.com','none','none','1',0,0,0,0,'0','mental/physical',0,'2019-09-05 11:54:35','2019-09-05 11:54:35',3,0,1,0,'[]'),(464,1654,'Ahmed Kareem Baqer','none',32,'1987-05-30',1,170,68,81,51,'0','Bahrain International Circuit  Gulf Of Bahrain  Avenue  Sakhir','39889886','39889886','ahmedy@gmail.com','none','none','1',0,0,0,0,'0','mental/physical',0,'2019-09-05 12:03:30','2019-09-05 12:03:30',3,0,1,0,'[]'),(465,1699,'Zainab Mearaj','none',29,'1989-08-25',0,161,86,107,92,'0','Floor 24, Building 113,Road 3830,Block 16 Manama Center (NBB TOWER MANAMA)','363631556','363631556','zk.mearaj@gmail.com','none','none','1',0,0,0,0,'0','mental',0,'2019-09-05 12:08:59','2019-09-05 12:08:59',1,0,1,0,'[]'),(467,1477,'Kim Classeen','none',26,'1992-12-03',0,182,80,51,51,'0','Block 321 Road 2123 Building 1374 Floor 25 Flat 2502','33094491','33094491','kimclaassen@gmail.com','none','none','1',0,0,0,0,'0','mental/physical',0,'2019-09-05 12:20:46','2019-09-05 12:20:46',2,0,1,0,'[]'),(468,1687,'Mohammed Adham Bardodi','none',26,'1993-03-11',1,176,80,51,51,'0','Osoo Asset 1st Floor Arcapita  Building 551 Road 4618 Bahrain Bay Block 346  Manama','66656660','66656660','mbardodi@osool.com.bh','none','none','1',0,0,0,0,'0','mental',0,'2019-09-05 12:27:06','2019-09-05 12:27:06',7,0,1,0,'[]'),(469,1688,'Khaled Nasser  Ameen','none',26,'1993-03-22',1,176,73,51,51,'0','Manama Center Sheraton South Tower Block 316 Floor 13','36889986','36889986','khalid.nasser.93@hotmail.com','none','none','1',0,0,0,0,'0','none',0,'2019-09-05 12:31:44','2019-09-05 12:31:44',1,0,1,0,'[]'),(470,1689,'Bianca Jordan','none',29,'1989-09-15',0,174,84,80,105,'A+','IBN  Khuldoon National School Road 4111 Isa Town Educational Area Isa Town KIngdom of Bahrain','35509709','17687073','biajordaan@gmail.com','none','none','1',0,0,0,0,'0','mental/physical',0,'2019-09-05 12:42:48','2019-09-05 12:42:48',1,0,1,0,'[]'),(471,1675,'Layla Abdulghani Asadalla','none',37,'1982-06-26',0,170,85,51,51,'AB+','The Family Office  9th Floor  AL Zamil Tower  Manama Bahrain','39666973','17578006','l.abdulghani@tfoco.com','none','none','1',0,0,0,0,'0','mental',0,'2019-09-05 12:52:33','2019-09-05 12:52:33',1,0,1,0,'[]'),(472,1679,'Elham Adel Almajed','none',30,'1989-03-14',0,158,67,51,51,'0+','Arcapita Building Bahrain Bay 1st Floor OSOOL Asset Management','39555977','39555977','elham.almajed@osool.com.bh','none','none','1',0,0,0,0,'0','none',0,'2019-09-05 12:57:17','2019-09-05 12:57:17',1,0,1,0,'[]'),(473,1674,'Maryam Ali Al Moosa','none',28,'1994-07-24',0,151,48,51,51,'0+','World Trade Center South Tower 13th Floor (National Beareue of Revenue)','39742221','17502391','maryamalmoosa@gmail.com','none','none','1',0,0,0,0,'0','none',0,'2019-09-05 13:03:47','2019-09-05 13:03:47',2,0,1,0,'[]'),(474,1672,'Yousif Yaqoob Alshoomeli','none',27,'1982-04-11',1,185,86,76,86,'o-','Arcapita Building 1st Floor Osool Asset Management  Building 551Road 4612 Block 346','37776870','17516761','yousifalshomeli@gmail.com','none','none','1',0,0,0,0,'0','mental',0,'2019-09-05 13:12:15','2019-09-05 15:47:27',1,0,1,0,'[]'),(475,1670,'Claire   Louise Howie','none',36,'1983-02-01',0,179,73,51,51,'o-','South Sheraton Tower 8th Floor WTC Building 3 Road 365 Block 316 Manama','37366682','37366682','clairehowie.bh@gmail.com','none','none','1',0,0,0,0,'0','mental',0,'2019-09-05 14:36:22','2019-10-03 13:48:56',2,0,1,1200,'[]'),(476,1669,'Nadeen Ahmed Zulaikh','none',44,'1975-04-11',0,152,65,78.74,106,'A+','United Gulf Bank Diplomatic Area Building 440 Road 17053rd Floor','39188877','17520149','nadeen.zulaikh@gmail.com','none','none','1',0,0,0,0,'0','mental',0,'2019-09-05 14:42:46','2019-10-06 10:12:09',1,1,0,1200,'[]'),(477,1668,'Caroline Parker','none',34,'1985-04-08',0,170,80,51,51,'0','South Sheraton Tower 8th Floor WTC ,Building 3 Road 365 Block 316 Government Avenue','36484439','36484439','carolineparker85@hotmail.com','none','none','1',0,0,0,0,'0','mental',0,'2019-09-05 14:50:33','2019-09-21 09:30:21',3,0,1,900,'[]'),(478,1667,'Ahmed Burshaid','none',33,'1985-11-13',1,150,50,51,51,'0','Khaleej Comm.BFH  East Tower','39444650','39444650','ahmedburshid@gmail.com','CHROHNS DESEASE','NONE','1',0,0,0,0,'0','none',0,'2019-09-07 08:36:13','2019-09-07 08:36:13',3,0,1,0,'[]'),(479,1665,'ShareedaNoora','none',32,'1987-01-01',0,159,58,51,51,'0','Khaleeji Commercial Bank Financial Harbour  East Tower','33933910','33933910','noorah.shareeda@gmail.com','none','none','1',0,0,0,0,'0','none',0,'2019-09-07 08:44:49','2019-09-07 08:44:49',3,0,1,0,'[]'),(480,1656,'Zain Almer','none',31,'1987-08-22',0,150,51,51,51,'0','c/o shaheen','36230030','36230030','zain.alamer@gmail.com','none','none','1',0,0,0,0,'0','none',0,'2019-09-07 11:31:19','2019-09-07 11:31:19',7,0,1,0,'[]'),(481,1649,'Ahmed Alsaadi','none',29,'1990-11-29',1,173,95,51,51,'0','Osool Asset Management','37773331','37773331','ahmed alsaadi@osool.com.bh','none','none','1',0,0,0,0,'0','none',0,'2019-09-07 11:48:06','2019-09-07 11:48:06',1,0,1,0,'[]'),(482,1634,'Mohammed Bukamal','none',33,'1986-07-24',1,193,91,51,51,'B+','ist Floor Arcapita Building,Building 551 Road 4612 Bahrain Bay Block 346 Mnama Sea Front','39923334','39923334','mbukamal@me.com','none','none','1',0,0,0,0,'0','mental',0,'2019-09-07 12:43:58','2019-09-07 12:43:58',3,0,1,0,'[]'),(483,1625,'Mohamed Salahuddin','none',24,'1994-10-08',1,155.75,61,51,51,'0+','Building 96,Block 317 Road 1702 Diplomatic Area,King Faisal Highway Manama Bahrain','36272222','36272222','mohammedsalahuddin@gmail.com','none','none','1',0,0,0,0,'0','mental',0,'2019-09-07 12:49:02','2019-09-07 12:49:02',1,0,1,0,'[]'),(484,1517,'Noor Maher Abul','none',25,'1994-04-12',0,150,62,71,51,'A+','House 3465A Road 752 Block 507 Magaba','33000830','33000830','nourabul4@gmail.com','none','none','1',0,0,0,0,'0','mental',0,'2019-09-07 13:01:45','2019-09-07 13:01:45',1,0,1,0,'[]'),(485,1620,'Adam Abdulrhaman','none',28,'1997-03-27',1,174,91,51,51,'0','Villa 2559 Road 7169 Block 571 Jenabi','39037227','39037227','adam.abdulrahman@gmail.com','none','none','1',0,0,0,0,'0','mental',0,'2019-09-07 13:09:42','2019-09-07 13:09:42',1,0,1,0,'[]'),(486,1619,'Eyad Abdulrahman','none',39,'1979-10-02',1,167,70,51,51,'0+','Villa 2559,Road 7169, Block 571 Al Janabiya','36555596','36555596','abdulrahman.eyad@gmail.com','none','none','1',1,1,0,0,'0','none',0,'2019-09-07 13:13:52','2019-09-07 13:13:52',1,0,1,0,'[]'),(487,1612,'Reem Khoori','none',19,'1999-09-28',0,170,75,51,51,'0+','VIVA HQ Tower Building 15 Road 68 Seef 428 Floor 17','36591000','36591000','khoori@gmail.com','none','none','1',0,0,0,0,'0','mental',0,'2019-09-07 13:18:32','2019-09-07 13:18:32',6,0,1,0,'[]'),(488,1613,'Mishal Alhellow','none',42,'1977-05-17',1,175,120,51,51,'B+','Arcapita Building 5th Floor','39458804','17718333','mhellow@arcapita.com','HIGH BLOOD PRESURE','NONE','1',0,1,0,0,'0','none',0,'2019-09-07 13:24:07','2019-10-06 10:05:14',1,1,1,0,'[]'),(489,1594,'Noor Janahi','none',24,'1994-08-01',0,157,63,51,51,'B+','Building 551 Road 4612 Block 346 Arcapita Bank 5th Floor Bahrain  Bay','33151717','17218469','njanahi@arcapita','none','none','1',0,0,0,0,'0','none',0,'2019-09-07 13:42:14','2019-10-29 09:34:57',1,0,1,1500,'[]');
/*!40000 ALTER TABLE `customers` ENABLE KEYS */;
UNLOCK TABLES;

--
-- Table structure for table `customers_allergic_ingredient_types`
--

DROP TABLE IF EXISTS `customers_allergic_ingredient_types`;
/*!40101 SET @saved_cs_client     = @@character_set_client */;
/*!40101 SET character_set_client = utf8 */;
CREATE TABLE `customers_allergic_ingredient_types` (
  `id` int(10) unsigned NOT NULL AUTO_INCREMENT,
  `ingredient_type_id` int(10) unsigned NOT NULL,
  `customer_id` int(10) unsigned NOT NULL,
  `created_at` timestamp NULL DEFAULT NULL,
  `updated_at` timestamp NULL DEFAULT NULL,
  PRIMARY KEY (`id`),
  KEY `customers_allergic_ingredient_types_ingredient_type_id_foreign` (`ingredient_type_id`),
  KEY `customers_allergic_ingredient_types_customer_id_foreign` (`customer_id`),
  CONSTRAINT `customers_allergic_ingredient_types_customer_id_foreign` FOREIGN KEY (`customer_id`) REFERENCES `customers` (`id`),
  CONSTRAINT `customers_allergic_ingredient_types_ingredient_type_id_foreign` FOREIGN KEY (`ingredient_type_id`) REFERENCES `ingredient_types` (`id`)
) ENGINE=InnoDB AUTO_INCREMENT=138 DEFAULT CHARSET=utf8mb4 COLLATE=utf8mb4_unicode_ci;
/*!40101 SET character_set_client = @saved_cs_client */;

--
-- Dumping data for table `customers_allergic_ingredient_types`
--

LOCK TABLES `customers_allergic_ingredient_types` WRITE;
/*!40000 ALTER TABLE `customers_allergic_ingredient_types` DISABLE KEYS */;
INSERT INTO `customers_allergic_ingredient_types` VALUES (2,4,152,'2019-04-24 11:26:39','2019-04-24 11:26:39'),(3,21,168,'2019-04-25 08:55:56','2019-04-25 08:55:56'),(4,17,168,'2019-04-25 08:56:09','2019-04-25 08:56:09'),(5,14,168,'2019-04-25 08:56:49','2019-04-25 08:56:49'),(6,22,168,'2019-04-25 08:56:58','2019-04-25 08:56:58'),(8,22,115,'2019-04-25 09:01:10','2019-04-25 09:01:10'),(9,17,169,'2019-04-25 09:14:17','2019-04-25 09:14:17'),(10,16,88,'2019-04-25 09:18:35','2019-04-25 09:18:35'),(11,14,173,'2019-04-25 10:19:16','2019-04-25 10:19:16'),(12,16,173,'2019-04-25 10:19:26','2019-04-25 10:19:26'),(13,21,173,'2019-04-25 10:19:30','2019-04-25 10:19:30'),(15,4,175,'2019-04-25 12:01:36','2019-04-25 12:01:36'),(16,14,178,'2019-04-25 12:18:19','2019-04-25 12:18:19'),(17,21,178,'2019-04-25 12:18:25','2019-04-25 12:18:25'),(18,17,179,'2019-04-27 13:40:35','2019-04-27 13:40:35'),(19,15,179,'2019-04-27 13:41:33','2019-04-27 13:41:33'),(20,4,182,'2019-04-29 08:44:40','2019-04-29 08:44:40'),(21,22,182,'2019-04-29 08:44:45','2019-04-29 08:44:45'),(22,4,185,'2019-04-29 09:33:50','2019-04-29 09:33:50'),(23,7,189,'2019-05-02 08:48:53','2019-05-02 08:48:53'),(24,4,190,'2019-05-04 14:04:04','2019-05-04 14:04:04'),(25,24,193,'2019-05-11 09:08:51','2019-05-11 09:08:51'),(26,7,193,'2019-05-11 09:09:08','2019-05-11 09:09:08'),(27,17,194,'2019-05-11 09:13:20','2019-05-11 09:13:20'),(28,4,208,'2019-05-14 12:04:43','2019-05-14 12:04:43'),(29,4,210,'2019-05-14 12:25:37','2019-05-14 12:25:37'),(30,17,212,'2019-05-16 06:43:17','2019-05-16 06:43:17'),(31,17,219,'2019-05-21 11:12:58','2019-05-21 11:12:58'),(32,15,220,'2019-05-25 10:12:14','2019-05-25 10:12:14'),(33,13,222,'2019-05-29 07:44:29','2019-05-29 07:44:29'),(34,22,229,'2019-05-29 08:25:03','2019-05-29 08:25:03'),(35,16,236,'2019-06-12 06:39:45','2019-06-12 06:39:45'),(36,4,237,'2019-06-12 06:45:26','2019-06-12 06:45:26'),(37,24,237,'2019-06-12 06:45:38','2019-06-12 06:45:38'),(38,24,240,'2019-06-12 07:17:05','2019-06-12 07:17:05'),(39,17,243,'2019-06-12 07:31:40','2019-06-12 07:31:40'),(40,18,244,'2019-06-12 14:14:31','2019-06-12 14:14:31'),(41,17,245,'2019-06-12 14:20:38','2019-06-12 14:20:38'),(43,17,259,'2019-06-13 15:17:14','2019-06-13 15:17:14'),(45,17,260,'2019-06-15 11:56:15','2019-06-15 11:56:15'),(46,14,261,'2019-06-15 12:27:48','2019-06-15 12:27:48'),(47,15,261,'2019-06-15 12:27:50','2019-06-15 12:27:50'),(48,21,261,'2019-06-15 12:27:56','2019-06-15 12:27:56'),(49,21,263,'2019-06-19 07:47:02','2019-06-19 07:47:02'),(50,22,263,'2019-06-19 07:47:06','2019-06-19 07:47:06'),(51,24,263,'2019-06-19 07:47:07','2019-06-19 07:47:07'),(52,15,266,'2019-06-19 08:56:25','2019-06-19 08:56:25'),(53,20,267,'2019-06-19 09:05:24','2019-06-19 09:05:24'),(54,17,272,'2019-06-19 10:23:38','2019-06-19 10:23:38'),(55,17,273,'2019-06-19 12:24:21','2019-06-19 12:24:21'),(56,16,269,'2019-06-20 12:01:27','2019-06-20 12:01:27'),(58,17,265,'2019-06-20 12:14:04','2019-06-20 12:14:04'),(59,22,256,'2019-06-20 12:21:45','2019-06-20 12:21:45'),(60,15,256,'2019-06-20 12:21:49','2019-06-20 12:21:49'),(62,4,282,'2019-06-20 13:32:33','2019-06-20 13:32:33'),(63,19,119,'2019-06-20 14:08:25','2019-06-20 14:08:25'),(64,15,128,'2019-08-20 14:09:39','2019-08-20 14:09:39'),(65,17,128,'2019-08-20 14:09:42','2019-08-20 14:09:42'),(66,5,286,'2019-08-21 14:39:27','2019-08-21 14:39:27'),(67,17,286,'2019-08-21 14:39:39','2019-08-21 14:39:39'),(69,4,286,'2019-08-21 14:40:52','2019-08-21 14:40:52'),(70,18,288,'2019-08-22 08:33:11','2019-08-22 08:33:11'),(71,19,288,'2019-08-22 08:33:15','2019-08-22 08:33:15'),(72,14,291,'2019-08-24 08:17:38','2019-08-24 08:17:38'),(73,21,291,'2019-08-24 08:17:44','2019-08-24 08:17:44'),(74,16,291,'2019-08-24 08:17:49','2019-08-24 08:17:49'),(75,5,291,'2019-08-24 08:18:01','2019-08-24 08:18:01'),(76,9,293,'2019-08-24 09:03:25','2019-08-24 09:03:25'),(77,14,293,'2019-08-24 09:03:30','2019-08-24 09:03:30'),(78,15,293,'2019-08-24 09:03:33','2019-08-24 09:03:33'),(79,21,293,'2019-08-24 09:03:46','2019-08-24 09:03:46'),(81,16,295,'2019-08-25 13:29:01','2019-08-25 13:29:01'),(82,6,296,'2019-08-25 13:37:45','2019-08-25 13:37:45'),(83,4,301,'2019-08-25 14:29:18','2019-08-25 14:29:18'),(84,4,302,'2019-08-25 14:38:06','2019-08-25 14:38:06'),(85,4,309,'2019-08-25 16:18:58','2019-08-25 16:18:58'),(86,13,311,'2019-08-26 05:30:28','2019-08-26 05:30:28'),(87,19,313,'2019-08-26 05:53:03','2019-08-26 05:53:03'),(88,4,313,'2019-08-26 05:53:10','2019-08-26 05:53:10'),(89,4,315,'2019-08-26 06:17:25','2019-08-26 06:17:25'),(92,4,325,'2019-08-27 05:41:22','2019-08-27 05:41:22'),(93,9,325,'2019-08-27 05:41:31','2019-08-27 05:41:31'),(94,16,331,'2019-08-28 06:40:29','2019-08-28 06:40:29'),(95,22,333,'2019-08-28 07:01:07','2019-08-28 07:01:07'),(96,22,337,'2019-08-28 07:36:30','2019-08-28 07:36:30'),(97,17,342,'2019-08-28 08:40:58','2019-08-28 08:40:58'),(99,4,343,'2019-08-28 08:54:09','2019-08-28 08:54:09'),(100,17,344,'2019-08-28 09:05:40','2019-08-28 09:05:40'),(101,15,344,'2019-08-28 09:05:43','2019-08-28 09:05:43'),(102,17,349,'2019-09-01 11:51:27','2019-09-01 11:51:27'),(103,15,350,'2019-09-01 11:57:21','2019-09-01 11:57:21'),(104,17,352,'2019-09-01 12:16:39','2019-09-01 12:16:39'),(105,16,353,'2019-09-01 12:24:36','2019-09-01 12:24:36'),(107,17,359,'2019-09-01 13:13:37','2019-09-01 13:13:37'),(108,4,364,'2019-09-02 10:05:51','2019-09-02 10:05:51'),(109,19,364,'2019-09-02 10:05:58','2019-09-02 10:05:58'),(110,15,365,'2019-09-02 10:22:40','2019-09-02 10:22:40'),(111,17,366,'2019-09-02 10:57:33','2019-09-02 10:57:33'),(112,17,369,'2019-09-02 11:23:59','2019-09-02 11:23:59'),(113,17,371,'2019-09-02 11:36:49','2019-09-02 11:36:49'),(114,15,374,'2019-09-02 12:27:37','2019-09-02 12:27:37'),(115,16,376,'2019-09-02 13:25:24','2019-09-02 13:25:24'),(116,4,379,'2019-09-02 14:45:54','2019-09-02 14:45:54'),(117,17,383,'2019-09-02 15:19:10','2019-09-02 15:19:10'),(118,4,388,'2019-09-03 07:04:16','2019-09-03 07:04:16'),(119,4,389,'2019-09-03 07:22:37','2019-09-03 07:22:37'),(120,22,389,'2019-09-03 07:22:59','2019-09-03 07:22:59'),(121,22,399,'2019-09-03 09:38:02','2019-09-03 09:38:02'),(122,16,399,'2019-09-03 09:38:06','2019-09-03 09:38:06'),(123,16,414,'2019-09-04 06:57:38','2019-09-04 06:57:38'),(125,4,427,'2019-09-04 13:14:35','2019-09-04 13:14:35'),(126,15,432,'2019-09-04 13:45:01','2019-09-04 13:45:01'),(127,17,434,'2019-09-04 14:08:10','2019-09-04 14:08:10'),(128,22,441,'2019-09-04 15:41:13','2019-09-04 15:41:13'),(129,17,453,'2019-09-05 07:59:47','2019-09-05 07:59:47'),(130,17,472,'2019-09-05 12:58:16','2019-09-05 12:58:16'),(132,4,487,'2019-09-07 13:19:55','2019-09-07 13:19:55');
/*!40000 ALTER TABLE `customers_allergic_ingredient_types` ENABLE KEYS */;
UNLOCK TABLES;

--
-- Table structure for table `customers_allergic_ingredients`
--

DROP TABLE IF EXISTS `customers_allergic_ingredients`;
/*!40101 SET @saved_cs_client     = @@character_set_client */;
/*!40101 SET character_set_client = utf8 */;
CREATE TABLE `customers_allergic_ingredients` (
  `id` int(10) unsigned NOT NULL AUTO_INCREMENT,
  `customer_id` int(10) unsigned NOT NULL,
  `ingredient_id` int(10) unsigned NOT NULL,
  `created_at` timestamp NULL DEFAULT NULL,
  `updated_at` timestamp NULL DEFAULT NULL,
  PRIMARY KEY (`id`),
  KEY `customers_allergic_ingredients_customer_id_foreign` (`customer_id`),
  KEY `customers_allergic_ingredients_ingredient_id_foreign` (`ingredient_id`),
  CONSTRAINT `customers_allergic_ingredients_customer_id_foreign` FOREIGN KEY (`customer_id`) REFERENCES `customers` (`id`) ON DELETE CASCADE,
  CONSTRAINT `customers_allergic_ingredients_ingredient_id_foreign` FOREIGN KEY (`ingredient_id`) REFERENCES `ingredients` (`id`) ON DELETE CASCADE
) ENGINE=InnoDB AUTO_INCREMENT=70 DEFAULT CHARSET=utf8mb4 COLLATE=utf8mb4_unicode_ci;
/*!40101 SET character_set_client = @saved_cs_client */;

--
-- Dumping data for table `customers_allergic_ingredients`
--

LOCK TABLES `customers_allergic_ingredients` WRITE;
/*!40000 ALTER TABLE `customers_allergic_ingredients` DISABLE KEYS */;
INSERT INTO `customers_allergic_ingredients` VALUES (5,9,43,'2019-04-06 13:50:26','2019-04-06 13:50:26'),(6,9,42,'2019-04-06 13:50:26','2019-04-06 13:50:26'),(7,9,44,'2019-04-06 13:50:26','2019-04-06 13:50:26'),(8,9,7,'2019-04-06 13:50:26','2019-04-06 13:50:26'),(10,33,8,'2019-04-08 12:15:38','2019-04-08 12:15:38'),(11,33,6,'2019-04-08 12:15:38','2019-04-08 12:15:38'),(12,33,9,'2019-04-08 12:15:38','2019-04-08 12:15:38'),(13,34,2,'2019-04-08 13:03:21','2019-04-08 13:03:21'),(14,70,4,'2019-04-11 13:47:24','2019-04-11 13:47:24'),(15,70,5,'2019-04-11 13:47:24','2019-04-11 13:47:24'),(16,70,119,'2019-04-11 13:47:24','2019-04-11 13:47:24'),(17,73,50,'2019-04-13 06:40:31','2019-04-13 06:40:31'),(18,73,49,'2019-04-13 06:40:31','2019-04-13 06:40:31'),(19,76,75,'2019-04-15 06:45:31','2019-04-15 06:45:31'),(20,76,76,'2019-04-15 06:45:31','2019-04-15 06:45:31'),(21,76,95,'2019-04-15 06:45:31','2019-04-15 06:45:31'),(22,101,75,'2019-04-15 13:27:02','2019-04-15 13:27:02'),(23,149,7,'2019-04-24 09:46:23','2019-04-24 09:46:23'),(24,168,49,'2019-04-25 08:56:30','2019-04-25 08:56:30'),(26,115,57,'2019-04-25 08:59:30','2019-04-25 08:59:30'),(27,115,3,'2019-04-25 08:59:58','2019-04-25 08:59:58'),(28,88,1,'2019-04-25 09:18:16','2019-04-25 09:18:16'),(29,174,31,'2019-04-25 11:52:14','2019-04-25 11:52:14'),(30,175,73,'2019-04-25 12:01:21','2019-04-25 12:01:21'),(31,175,67,'2019-04-25 12:01:24','2019-04-25 12:01:24'),(32,179,31,'2019-04-27 13:40:58','2019-04-27 13:40:58'),(33,189,70,'2019-05-02 08:48:39','2019-05-02 08:48:39'),(34,195,6,'2019-05-11 09:16:56','2019-05-11 09:16:56'),(35,207,62,'2019-05-14 11:09:55','2019-05-14 11:09:55'),(36,207,97,'2019-05-14 11:10:36','2019-05-14 11:10:36'),(37,208,37,'2019-05-14 12:04:56','2019-05-14 12:04:56'),(38,229,30,'2019-05-29 08:23:45','2019-05-29 08:23:45'),(40,229,110,'2019-05-29 08:24:04','2019-05-29 08:24:04'),(41,229,29,'2019-05-29 08:24:11','2019-05-29 08:24:11'),(42,229,79,'2019-05-29 08:24:38','2019-05-29 08:24:38'),(43,230,123,'2019-05-29 08:31:11','2019-05-29 08:31:11'),(44,230,44,'2019-05-29 08:31:25','2019-05-29 08:31:25'),(45,230,43,'2019-05-29 08:31:26','2019-05-29 08:31:26'),(46,232,45,'2019-06-11 13:18:21','2019-06-11 13:18:21'),(47,233,45,'2019-06-11 13:28:51','2019-06-11 13:28:51'),(48,234,130,'2019-06-11 13:32:43','2019-06-11 13:32:43'),(49,236,4,'2019-06-12 06:39:38','2019-06-12 06:39:38'),(50,236,18,'2019-06-12 06:40:08','2019-06-12 06:40:08'),(51,236,33,'2019-06-12 06:40:13','2019-06-12 06:40:13'),(52,236,34,'2019-06-12 06:40:14','2019-06-12 06:40:14'),(53,236,35,'2019-06-12 06:40:17','2019-06-12 06:40:17'),(54,236,64,'2019-06-12 06:40:46','2019-06-12 06:40:46'),(56,27,73,'2019-06-15 11:59:00','2019-06-15 11:59:00'),(57,271,29,'2019-06-19 10:10:19','2019-06-19 10:10:19'),(58,271,135,'2019-06-19 10:10:32','2019-06-19 10:10:32'),(60,273,123,'2019-06-19 12:24:40','2019-06-19 12:24:40'),(61,274,33,'2019-06-20 09:25:33','2019-06-20 09:25:33'),(62,274,34,'2019-06-20 09:25:34','2019-06-20 09:25:34'),(63,274,35,'2019-06-20 09:25:35','2019-06-20 09:25:35'),(64,119,80,'2019-06-20 14:08:10','2019-06-20 14:08:10');
/*!40000 ALTER TABLE `customers_allergic_ingredients` ENABLE KEYS */;
UNLOCK TABLES;

--
-- Table structure for table `data_rows`
--

DROP TABLE IF EXISTS `data_rows`;
/*!40101 SET @saved_cs_client     = @@character_set_client */;
/*!40101 SET character_set_client = utf8 */;
CREATE TABLE `data_rows` (
  `id` int(10) unsigned NOT NULL AUTO_INCREMENT,
  `data_type_id` int(10) unsigned NOT NULL,
  `field` varchar(255) COLLATE utf8mb4_unicode_ci NOT NULL,
  `type` varchar(255) COLLATE utf8mb4_unicode_ci NOT NULL,
  `display_name` varchar(255) COLLATE utf8mb4_unicode_ci NOT NULL,
  `required` tinyint(1) NOT NULL DEFAULT 0,
  `browse` tinyint(1) NOT NULL DEFAULT 1,
  `read` tinyint(1) NOT NULL DEFAULT 1,
  `edit` tinyint(1) NOT NULL DEFAULT 1,
  `add` tinyint(1) NOT NULL DEFAULT 1,
  `delete` tinyint(1) NOT NULL DEFAULT 1,
  `details` text COLLATE utf8mb4_unicode_ci DEFAULT NULL,
  `order` int(11) NOT NULL DEFAULT 1,
  PRIMARY KEY (`id`),
  KEY `data_rows_data_type_id_foreign` (`data_type_id`),
  CONSTRAINT `data_rows_data_type_id_foreign` FOREIGN KEY (`data_type_id`) REFERENCES `data_types` (`id`) ON DELETE CASCADE ON UPDATE CASCADE
) ENGINE=InnoDB AUTO_INCREMENT=128 DEFAULT CHARSET=utf8mb4 COLLATE=utf8mb4_unicode_ci;
/*!40101 SET character_set_client = @saved_cs_client */;

--
-- Dumping data for table `data_rows`
--

LOCK TABLES `data_rows` WRITE;
/*!40000 ALTER TABLE `data_rows` DISABLE KEYS */;
INSERT INTO `data_rows` VALUES (1,1,'id','number','ID',1,0,0,0,0,0,NULL,1),(2,1,'name','text','Name',1,1,1,1,1,1,NULL,2),(3,1,'email','text','Email',1,1,1,1,1,1,NULL,3),(4,1,'password','password','Password',1,0,0,1,1,0,NULL,4),(5,1,'remember_token','text','Remember Token',0,0,0,0,0,0,NULL,5),(6,1,'created_at','timestamp','Created At',0,0,1,0,0,0,NULL,6),(7,1,'updated_at','timestamp','Updated At',0,0,0,0,0,0,NULL,7),(8,1,'avatar','image','Avatar',0,1,1,1,1,1,NULL,8),(9,1,'user_belongsto_role_relationship','relationship','Role',0,1,1,1,1,0,'{\"model\":\"TCG\\\\Voyager\\\\Models\\\\Role\",\"table\":\"roles\",\"type\":\"belongsTo\",\"column\":\"role_id\",\"key\":\"id\",\"label\":\"display_name\",\"pivot_table\":\"roles\",\"pivot\":0}',10),(10,1,'user_belongstomany_role_relationship','relationship','Roles',0,1,1,1,1,0,'{\"model\":\"TCG\\\\Voyager\\\\Models\\\\Role\",\"table\":\"roles\",\"type\":\"belongsToMany\",\"column\":\"id\",\"key\":\"id\",\"label\":\"display_name\",\"pivot_table\":\"user_roles\",\"pivot\":\"1\",\"taggable\":\"0\"}',11),(11,1,'locale','text','Locale',0,1,1,1,1,0,NULL,12),(12,1,'settings','hidden','Settings',0,0,0,0,0,0,NULL,12),(13,2,'id','number','ID',1,0,0,0,0,0,NULL,1),(14,2,'name','text','Name',1,1,1,1,1,1,NULL,2),(15,2,'created_at','timestamp','Created At',0,0,0,0,0,0,NULL,3),(16,2,'updated_at','timestamp','Updated At',0,0,0,0,0,0,NULL,4),(17,3,'id','number','ID',1,0,0,0,0,0,NULL,1),(18,3,'name','text','Name',1,1,1,1,1,1,NULL,2),(19,3,'created_at','timestamp','Created At',0,0,0,0,0,0,NULL,3),(20,3,'updated_at','timestamp','Updated At',0,0,0,0,0,0,NULL,4),(21,3,'display_name','text','Display Name',1,1,1,1,1,1,NULL,5),(22,1,'role_id','text','Role',1,1,1,1,1,1,NULL,9),(23,4,'id','text','Id',1,0,0,0,0,0,'{}',1),(24,4,'name','text','Name',1,1,1,1,1,1,'{}',2),(25,4,'protein','text','Protein',1,1,1,1,1,1,'{\"validation\":{\"rule\":\"required|numeric\"}}',3),(26,4,'fat','text','Fat',1,1,1,1,1,1,'{\"validation\":{\"rule\":\"required|numeric\"}}',4),(27,4,'carbohydrates','text','Carbohydrates',1,1,1,1,1,1,'{\"validation\":{\"rule\":\"required|numeric\"}}',5),(28,4,'calories','text','Calories',1,1,1,1,1,1,'{\"validation\":{\"rule\":\"required|numeric\"}}',6),(29,4,'created_at','timestamp','Created At',0,0,1,0,0,1,'{}',8),(30,4,'updated_at','timestamp','Updated At',0,0,0,0,0,0,'{}',9),(31,5,'id','text','Id',1,0,0,0,0,0,'{}',1),(32,5,'name','text','Name',1,1,1,1,1,1,'{}',2),(33,5,'created_at','timestamp','Created At',0,0,1,0,0,1,'{}',3),(34,5,'updated_at','timestamp','Updated At',0,0,0,0,0,0,'{}',4),(35,6,'id','text','Id',1,0,0,0,0,0,'{}',1),(36,6,'name','text','Name',1,1,1,1,1,1,'{}',3),(37,6,'kitchen_id','select_dropdown','Kitchen Id',1,1,1,1,1,1,'{}',2),(38,6,'created_at','timestamp','Created At',0,0,0,0,0,0,'{}',5),(39,6,'updated_at','timestamp','Updated At',0,0,0,0,0,0,'{}',6),(40,6,'meal_belongsto_kitchen_relationship','relationship','Kitchen',0,1,1,1,1,1,'{\"model\":\"App\\\\Kitchen\",\"table\":\"kitchens\",\"type\":\"belongsTo\",\"column\":\"kitchen_id\",\"key\":\"id\",\"label\":\"name\",\"pivot_table\":\"customer_meals\",\"pivot\":\"0\",\"taggable\":\"0\"}',7),(41,7,'id','text','Id',1,0,0,0,0,0,'{}',1),(42,7,'startdate','date','Start date',1,1,1,1,1,1,'{\"format\":\"%d-%m-%Y\"}',3),(43,7,'enddate','date','End date',1,1,1,1,1,1,'{\"format\":\"%d-%m-%Y\"}',4),(44,7,'created_at','timestamp','Created At',0,0,1,0,0,1,'{}',5),(45,7,'updated_at','timestamp','Updated At',0,0,0,0,0,0,'{}',6),(46,8,'id','text','Id',1,0,0,0,0,0,'{}',1),(47,8,'name','text','Name',1,1,1,1,1,1,'{}',2),(48,8,'created_at','timestamp','Created At',0,0,1,0,0,1,'{}',3),(49,8,'updated_at','timestamp','Updated At',0,0,0,0,0,0,'{}',4),(50,10,'id','text','Id',1,0,0,0,0,0,'{}',1),(51,10,'fullname','text','Fullname',1,1,1,1,1,1,'{}',4),(52,10,'title','text','Title',1,1,1,1,1,1,'{}',5),(53,10,'age','number','Age',1,1,1,1,1,1,'{}',6),(54,10,'birthdate','date','Birthdate',1,1,1,1,1,1,'{}',7),(55,10,'gender','select_dropdown','Gender',1,1,1,1,1,1,'{\"default\":\"1\",\"options\":{\"0\":\"Female\",\"1\":\"Male\"}}',8),(56,10,'height','number','Height',1,1,1,1,1,1,'{\"validation\":{\"rule\":\"required|numeric|min:100\"}}',9),(57,10,'weight','number','Weight',1,1,1,1,1,1,'{\"validation\":{\"rule\":\"required|numeric|min:40\"}}',10),(58,10,'waist_measurements','number','Waist Measurements',1,1,1,1,1,1,'{\"validation\":{\"rule\":\"required|numeric|min:20\"}}',11),(59,10,'hip_measurements','number','Hip Measurements',1,1,1,1,1,1,'{\"validation\":{\"rule\":\"required|numeric|min:20\"}}',12),(60,10,'blood_type','text','Blood Type',1,1,1,1,1,1,'{}',13),(61,10,'address','text_area','Address',1,0,1,1,1,1,'{}',14),(62,10,'mobile','text','Mobile',1,1,1,1,1,1,'{}',15),(63,10,'telephone','text','Telephone',1,1,1,1,1,1,'{}',16),(64,10,'email','text','Email',1,1,1,1,1,1,'{}',17),(65,10,'medical_history','text_area','Medical History',1,0,1,1,1,1,'{}',18),(66,10,'present_medication','text_area','Present Medication',1,0,1,1,1,1,'{}',19),(67,10,'exercise_frequency','select_dropdown','Exercise Frequency',1,1,1,1,1,1,'{\"default\":\"1\",\"options\":{\"0\":\"Sedentary or light activity\",\"1\":\"Active or moderately active\",\"2\":\"Vigorously active\"}}',20),(68,10,'alchohol','select_dropdown','Alchohol',1,1,1,1,1,1,'{\"default\":\"0\",\"options\":{\"0\":\"No\",\"1\":\"Yes\"}}',21),(69,10,'smoke','select_dropdown','Smoke',1,1,1,1,1,1,'{\"default\":\"0\",\"options\":{\"0\":\"No\",\"1\":\"Yes\"}}',22),(70,10,'pregnancy','select_dropdown','Pregnancy',1,1,1,1,1,1,'{\"default\":\"0\",\"options\":{\"0\":\"No\",\"1\":\"Yes\"}}',23),(71,10,'breastfeeding','select_dropdown','Breastfeeding',1,1,1,1,1,1,'{\"default\":\"0\",\"options\":{\"0\":\"No\",\"1\":\"Yes\"}}',24),(72,10,'vaccinations','select_dropdown','Vaccinations',1,1,1,1,1,1,'{\"default\":\"0\",\"options\":{\"0\":\"No\",\"1\":\"Yes\"}}',25),(73,10,'worktype','text','Worktype',1,1,1,1,1,1,'{}',26),(74,10,'weightchange','select_dropdown','Weightchange',1,1,1,1,1,1,'{\"default\":\"0\",\"options\":{\"0\":\"Need to Lose Weight\",\"1\":\"Need to Gain Weight\",\"2\":\"Maintain\"}}',27),(75,10,'created_at','timestamp','Created At',0,0,1,0,0,1,'{}',28),(76,10,'updated_at','timestamp','Updated At',0,0,0,0,0,0,'{}',29),(77,10,'plan_id','text','Plan Id',1,1,1,1,1,1,'{}',3),(78,10,'status','select_dropdown','Status',1,1,1,1,1,1,'{\"default\":\"0\",\"options\":{\"0\":\"Deactived\",\"1\":\"Activated\"}}',30),(79,10,'customer_belongsto_plan_relationship','relationship','Plan',0,1,1,1,1,1,'{\"model\":\"App\\\\Plan\",\"table\":\"plans\",\"type\":\"belongsTo\",\"column\":\"plan_id\",\"key\":\"id\",\"label\":\"name\",\"pivot_table\":\"customer_meals\",\"pivot\":\"0\",\"taggable\":\"0\"}',31),(80,11,'id','text','Id',1,0,0,0,0,0,'{}',1),(81,11,'name','text','Name',1,1,1,1,1,1,'{}',2),(82,11,'created_at','timestamp','Created At',0,0,1,1,0,1,'{}',3),(83,11,'updated_at','timestamp','Updated At',0,0,0,0,0,0,'{}',4),(89,13,'id','text','Id',1,0,0,0,0,0,'{}',1),(90,13,'name','text','Name',1,1,1,1,1,1,'{}',2),(91,13,'calories_percentage','number','Calories Percentage %',1,1,1,1,1,1,'{}',3),(92,13,'created_at','timestamp','Created At',0,0,1,0,0,1,'{}',4),(93,13,'updated_at','timestamp','Updated At',0,0,0,0,0,0,'{}',5),(94,6,'meal_belongsto_meal_type_relationship','relationship','Meal Type',0,1,1,1,1,1,'{\"model\":\"App\\\\MealType\",\"table\":\"meal_types\",\"type\":\"belongsTo\",\"column\":\"meal_type_id\",\"key\":\"id\",\"label\":\"name\",\"pivot_table\":\"customer_meals\",\"pivot\":\"0\",\"taggable\":\"0\"}',8),(95,6,'meal_type_id','select_dropdown','Meal Type Id',1,1,1,1,1,1,'{}',4),(96,7,'name','text','Name',1,1,1,1,1,1,'{}',2),(97,14,'id','text','Id',1,0,0,0,0,0,'{}',1),(98,14,'customer_id','text','Customer Id',1,1,1,1,1,1,'{}',2),(99,14,'week_meal_id','text','Week Meal Id',1,1,1,1,1,1,'{}',3),(100,14,'created_at','timestamp','Created At',0,0,1,0,0,1,'{}',4),(101,14,'updated_at','timestamp','Updated At',0,0,0,0,0,0,'{}',5),(102,6,'total_calories','number','Total Calories',1,1,1,0,0,1,'{}',9),(103,4,'ingredient_belongsto_ingredient_type_relationship','relationship','Ingredient Type',0,1,1,1,1,1,'{\"model\":\"App\\\\IngredientType\",\"table\":\"ingredient_types\",\"type\":\"belongsTo\",\"column\":\"ingredient_type_id\",\"key\":\"id\",\"label\":\"name\",\"pivot_table\":\"additional_ingredients\",\"pivot\":\"0\",\"taggable\":\"0\"}',10),(104,4,'ingredient_type_id','text','Ingredient Type Id',0,1,1,1,1,1,'{}',7),(105,15,'id','text','Id',1,0,0,0,0,0,'{}',1),(106,15,'name','text','Name',1,1,1,1,1,1,'{}',2),(107,15,'created_at','timestamp','Created At',0,0,1,0,0,1,'{}',3),(108,15,'updated_at','timestamp','Updated At',0,0,0,0,0,0,'{}',4),(109,15,'kitchen_id','select_dropdown','Kitchen',0,1,1,1,1,1,'{}',2),(110,15,'ingredient_type_belongsto_kitchen_relationship','relationship','kitchens',0,1,1,1,1,1,'{\"model\":\"App\\\\Kitchen\",\"table\":\"kitchens\",\"type\":\"belongsTo\",\"column\":\"kitchen_id\",\"key\":\"id\",\"label\":\"name\",\"pivot_table\":\"additional_ingredients\",\"pivot\":\"0\",\"taggable\":null}',5),(111,14,'total_calories','text','Total Calories',0,1,1,1,1,1,'{}',6),(112,14,'cooked','number','Cooked',1,1,1,1,1,1,'{}',10),(113,14,'total_fats','number','Total Fats',1,1,1,1,1,1,'{}',7),(114,14,'total_proteins','number','Total Proteins',1,1,1,1,1,1,'{}',9),(115,14,'total_carbs','number','Total Carbs',1,1,1,1,1,1,'{}',8),(116,6,'custom','select_dropdown','Custom',1,0,0,0,0,0,'{\"default\":\"0\",\"options\":{\"0\":\"Normal\",\"1\":\"Custom Recipes Meal\"}}',13),(117,6,'total_fats','number','Total Fats',1,1,1,0,0,1,'{}',10),(118,6,'total_proteins','number','Total Proteins',1,1,1,0,0,1,'{}',12),(119,6,'total_carbs','number','Total Carbs',1,1,1,0,0,1,'{}',11),(120,6,'meal_belongstomany_plan_relationship','relationship','Plans',0,1,1,1,1,1,'{\"model\":\"App\\\\Plan\",\"table\":\"plans\",\"type\":\"belongsToMany\",\"column\":\"id\",\"key\":\"id\",\"label\":\"name\",\"pivot_table\":\"plan_meals\",\"pivot\":\"1\",\"taggable\":\"0\"}',14),(121,6,'notes','text','Notes',0,1,1,1,1,1,'{}',12),(122,8,'plan_belongstomany_meal_relationship','relationship','Meals',0,1,1,1,1,1,'{\"model\":\"App\\\\Meal\",\"table\":\"meals\",\"type\":\"belongsToMany\",\"column\":\"id\",\"key\":\"id\",\"label\":\"name\",\"pivot_table\":\"plan_meals\",\"pivot\":\"1\",\"taggable\":\"0\"}',5),(123,10,'customer_id','number','Customer ID',0,1,1,1,1,1,'{\"validation\":{\"rule\":\"nullable|numeric|unique:customers,customer_id\"}}',2),(124,10,'consider_calories','select_dropdown','Consider Calories',1,1,1,0,1,1,'{\"default\":\"1\",\"options\":{\"0\":\"No\",\"1\":\"Yes\"}}',32),(125,10,'daily_calories','number','Daily Calories',0,1,1,0,1,1,'{}',33),(126,10,'excluded_days','select_multiple','Excluded Days',0,1,1,1,1,1,'{\"default\":null,\"options\":{\"0\":\"Sunday\",\"1\":\"Monday\",\"2\":\"Tuesday\",\"3\":\"Wednesday\",\"4\":\"Thursday\",\"5\":\"Friday\",\"6\":\"Saturday\"}}',34),(127,13,'extra','text','Extra',1,0,0,0,0,0,'{}',6);
/*!40000 ALTER TABLE `data_rows` ENABLE KEYS */;
UNLOCK TABLES;

--
-- Table structure for table `data_types`
--

DROP TABLE IF EXISTS `data_types`;
/*!40101 SET @saved_cs_client     = @@character_set_client */;
/*!40101 SET character_set_client = utf8 */;
CREATE TABLE `data_types` (
  `id` int(10) unsigned NOT NULL AUTO_INCREMENT,
  `name` varchar(255) COLLATE utf8mb4_unicode_ci NOT NULL,
  `slug` varchar(255) COLLATE utf8mb4_unicode_ci NOT NULL,
  `display_name_singular` varchar(255) COLLATE utf8mb4_unicode_ci NOT NULL,
  `display_name_plural` varchar(255) COLLATE utf8mb4_unicode_ci NOT NULL,
  `icon` varchar(255) COLLATE utf8mb4_unicode_ci DEFAULT NULL,
  `model_name` varchar(255) COLLATE utf8mb4_unicode_ci DEFAULT NULL,
  `policy_name` varchar(255) COLLATE utf8mb4_unicode_ci DEFAULT NULL,
  `controller` varchar(255) COLLATE utf8mb4_unicode_ci DEFAULT NULL,
  `description` varchar(255) COLLATE utf8mb4_unicode_ci DEFAULT NULL,
  `generate_permissions` tinyint(1) NOT NULL DEFAULT 0,
  `server_side` tinyint(4) NOT NULL DEFAULT 0,
  `details` text COLLATE utf8mb4_unicode_ci DEFAULT NULL,
  `created_at` timestamp NULL DEFAULT NULL,
  `updated_at` timestamp NULL DEFAULT NULL,
  PRIMARY KEY (`id`),
  UNIQUE KEY `data_types_name_unique` (`name`),
  UNIQUE KEY `data_types_slug_unique` (`slug`)
) ENGINE=InnoDB AUTO_INCREMENT=16 DEFAULT CHARSET=utf8mb4 COLLATE=utf8mb4_unicode_ci;
/*!40101 SET character_set_client = @saved_cs_client */;

--
-- Dumping data for table `data_types`
--

LOCK TABLES `data_types` WRITE;
/*!40000 ALTER TABLE `data_types` DISABLE KEYS */;
INSERT INTO `data_types` VALUES (1,'users','users','User','Users','voyager-person','TCG\\Voyager\\Models\\User','TCG\\Voyager\\Policies\\UserPolicy','','',1,0,NULL,'2019-01-10 07:25:28','2019-01-10 07:25:28'),(2,'menus','menus','Menu','Menus','voyager-list','TCG\\Voyager\\Models\\Menu',NULL,'','',1,0,NULL,'2019-01-10 07:25:28','2019-01-10 07:25:28'),(3,'roles','roles','Role','Roles','voyager-lock','TCG\\Voyager\\Models\\Role',NULL,'','',1,0,NULL,'2019-01-10 07:25:28','2019-01-10 07:25:28'),(4,'ingredients','ingredients','Ingredient','Ingredients',NULL,'App\\Ingredient',NULL,NULL,NULL,1,0,'{\"order_column\":null,\"order_display_column\":null,\"order_direction\":\"asc\",\"default_search_key\":null}','2019-01-09 12:14:49','2019-02-13 06:43:21'),(5,'kitchens','kitchens','Kitchen','Kitchens',NULL,'App\\Kitchen',NULL,NULL,NULL,1,0,'{\"order_column\":null,\"order_display_column\":null,\"order_direction\":\"asc\",\"default_search_key\":null}','2019-01-09 12:16:46','2019-01-14 09:54:01'),(6,'meals','meals','Meal','Meals',NULL,'App\\Meal',NULL,NULL,NULL,1,0,'{\"order_column\":null,\"order_display_column\":null,\"order_direction\":\"asc\",\"default_search_key\":null}','2019-01-09 12:17:08','2019-08-19 09:11:18'),(7,'weeks','weeks','Week','Weeks',NULL,'App\\Week',NULL,NULL,NULL,1,0,'{\"order_column\":null,\"order_display_column\":null,\"order_direction\":\"asc\",\"default_search_key\":null}','2019-01-09 12:19:29','2019-01-16 09:25:50'),(8,'plans','plans','Plan','Plans',NULL,'App\\Plan',NULL,NULL,NULL,1,0,'{\"order_column\":null,\"order_display_column\":null,\"order_direction\":\"asc\",\"default_search_key\":null}','2019-01-09 12:19:41','2019-08-19 08:12:32'),(9,'meal_category','meal-category','Meal Category','Meal Categories',NULL,'App\\MealCategory',NULL,NULL,NULL,1,0,'{\"order_column\":null,\"order_display_column\":null,\"order_direction\":\"asc\",\"default_search_key\":null}','2019-01-09 12:19:57','2019-01-09 12:19:57'),(10,'customers','customers','Customer','Customers',NULL,'App\\Customer',NULL,NULL,NULL,1,1,'{\"order_column\":null,\"order_display_column\":null,\"order_direction\":\"asc\",\"default_search_key\":null,\"scope\":null}','2019-01-09 12:34:55','2019-09-03 13:22:05'),(11,'meal_categories','meal-categories','Meal Category','Meal Categories',NULL,'App\\MealCategory',NULL,NULL,NULL,1,0,'{\"order_column\":null,\"order_display_column\":null,\"order_direction\":\"asc\",\"default_search_key\":null}','2019-01-09 13:11:33','2019-01-09 13:11:33'),(13,'meal_types','meal-types','Meal Type','Meal Types','voyager-backpack','App\\MealType',NULL,NULL,NULL,1,0,'{\"order_column\":null,\"order_display_column\":null,\"order_direction\":\"asc\",\"default_search_key\":null}','2019-01-15 12:19:42','2019-08-19 08:14:40'),(14,'customer_meals','customer-meals','Customer Meal','Customer Meals',NULL,'App\\CustomerMeal',NULL,NULL,'Customers Meals List',1,0,'{\"order_column\":null,\"order_display_column\":null,\"order_direction\":\"asc\",\"default_search_key\":null}','2019-01-22 05:42:21','2019-03-14 07:08:29'),(15,'ingredient_types','ingredient-types','Ingredient Type','Ingredient Types',NULL,'App\\IngredientType',NULL,NULL,NULL,1,0,'{\"order_column\":null,\"order_display_column\":null,\"order_direction\":\"asc\",\"default_search_key\":null}','2019-02-13 06:39:58','2019-03-04 08:15:10');
/*!40000 ALTER TABLE `data_types` ENABLE KEYS */;
UNLOCK TABLES;

--
-- Table structure for table `ingredient_meal`
--

DROP TABLE IF EXISTS `ingredient_meal`;
/*!40101 SET @saved_cs_client     = @@character_set_client */;
/*!40101 SET character_set_client = utf8 */;
CREATE TABLE `ingredient_meal` (
  `ingredient_id` int(10) unsigned NOT NULL,
  `meal_id` int(10) unsigned NOT NULL,
  `amount` double NOT NULL,
  `removable` tinyint(4) NOT NULL DEFAULT 0,
  `editable` tinyint(4) NOT NULL DEFAULT 0,
  PRIMARY KEY (`ingredient_id`,`meal_id`),
  KEY `ingredient_meal_ingredient_id_index` (`ingredient_id`),
  KEY `ingredient_meal_meal_id_index` (`meal_id`),
  CONSTRAINT `ingredient_meal_ingredient_id_foreign` FOREIGN KEY (`ingredient_id`) REFERENCES `ingredients` (`id`) ON DELETE CASCADE,
  CONSTRAINT `ingredient_meal_meal_id_foreign` FOREIGN KEY (`meal_id`) REFERENCES `meals` (`id`) ON DELETE CASCADE
) ENGINE=InnoDB DEFAULT CHARSET=utf8mb4 COLLATE=utf8mb4_unicode_ci;
/*!40101 SET character_set_client = @saved_cs_client */;

--
-- Dumping data for table `ingredient_meal`
--

LOCK TABLES `ingredient_meal` WRITE;
/*!40000 ALTER TABLE `ingredient_meal` DISABLE KEYS */;
INSERT INTO `ingredient_meal` VALUES (1,497,150,0,0),(1,502,120,1,0),(1,507,150,0,0),(1,508,150,0,0),(1,513,150,0,0),(1,521,150,0,0),(1,522,150,0,0),(1,529,150,0,0),(1,531,150,0,0),(1,536,100,0,0),(1,541,130,0,0),(1,545,100,0,0),(1,546,100,0,0),(1,554,150,0,0),(1,558,150,0,0),(1,560,150,0,0),(1,562,150,0,0),(1,566,150,0,0),(1,568,150,0,0),(1,576,110,0,0),(1,587,150,0,0),(1,588,150,0,0),(1,590,120,0,0),(1,593,150,0,0),(1,595,150,0,0),(1,596,150,0,0),(1,597,150,0,0),(1,599,150,0,0),(1,600,150,0,0),(1,601,150,0,0),(1,622,150,0,0),(1,631,150,0,0),(1,662,150,0,0),(1,675,200,0,0),(1,679,150,0,0),(1,681,150,0,0),(1,691,150,0,0),(1,692,150,0,0),(1,701,150,0,0),(1,710,120,0,0),(1,712,150,0,0),(1,722,150,0,1),(1,730,150,0,0),(1,734,150,0,0),(1,759,150,0,0),(1,764,150,0,0),(1,766,150,0,0),(2,505,200,0,0),(2,514,17,0,0),(2,543,1,0,0),(2,571,200,0,0),(2,610,200,0,0),(2,615,200,0,0),(2,626,200,0,0),(2,642,200,0,0),(2,643,200,0,0),(2,658,200,0,0),(2,659,200,0,0),(2,682,200,0,0),(2,689,200,0,0),(2,719,50,0,0),(2,737,50,0,0),(2,762,1000,0,0),(2,763,200,0,0),(2,773,200,0,0),(2,783,50,0,0),(2,784,50,0,0),(2,785,50,0,0),(4,528,150,0,0),(4,550,120,0,0),(4,569,150,0,0),(4,577,150,0,0),(4,581,150,0,0),(4,620,150,0,0),(4,639,150,0,0),(4,640,150,0,0),(4,647,150,0,0),(4,652,150,0,0),(4,655,150,0,0),(4,657,150,0,0),(4,697,150,0,0),(4,700,150,0,0),(4,702,150,0,0),(4,706,150,0,0),(4,717,150,0,0),(5,500,100,0,0),(5,511,150,0,0),(5,551,150,0,0),(5,552,150,0,0),(6,512,150,0,0),(6,533,150,0,0),(6,582,150,0,0),(6,584,150,0,0),(6,585,150,0,0),(6,586,150,0,0),(6,632,150,0,0),(6,633,150,0,0),(6,664,150,0,0),(6,715,150,0,0),(6,716,150,0,0),(6,726,150,0,0),(6,727,150,0,0),(6,748,200,0,0),(7,670,150,0,0),(7,680,150,0,0),(7,684,150,0,0),(7,685,150,0,0),(7,699,150,0,0),(7,708,150,0,0),(7,723,150,0,0),(7,724,150,0,0),(7,745,150,0,0),(7,750,150,0,0),(7,751,150,0,0),(8,544,130,0,0),(8,561,150,0,0),(8,606,150,0,0),(8,646,150,0,0),(8,695,150,0,0),(8,732,150,0,0),(10,583,100,0,0),(10,621,120,0,0),(10,641,120,0,0),(10,665,150,0,0),(10,672,100,0,0),(10,704,120,0,0),(10,721,120,0,0),(10,733,120,0,0),(11,515,180,0,0),(11,516,180,0,0),(11,635,180,0,0),(11,651,180,0,0),(12,499,100,0,0),(12,546,100,0,0),(12,566,100,1,0),(12,567,100,0,0),(12,592,100,0,0),(12,599,100,0,0),(12,634,10,0,0),(12,646,60,0,0),(12,650,60,0,0),(12,708,100,0,0),(12,709,100,0,0),(12,742,100,0,0),(12,751,100,0,0),(12,753,100,0,0),(12,766,50,0,0),(13,498,100,0,0),(13,501,40,1,0),(13,509,50,0,0),(13,523,100,0,0),(13,601,20,0,0),(13,629,20,0,0),(13,631,20,0,0),(13,646,40,0,0),(13,650,40,0,0),(13,673,100,0,0),(13,693,50,0,0),(13,714,70,0,0),(13,749,20,0,0),(13,766,50,0,0),(14,511,70,0,0),(14,521,70,0,0),(14,533,50,0,0),(14,534,70,0,0),(14,541,50,0,1),(14,553,20,0,0),(14,561,50,0,0),(14,578,20,0,0),(14,579,50,0,0),(14,580,50,0,0),(14,582,50,0,0),(14,589,30,0,0),(14,590,50,0,0),(14,598,100,0,0),(14,632,60,0,0),(14,642,50,0,0),(14,706,100,0,0),(14,707,100,0,0),(14,718,20,0,0),(14,732,20,0,0),(14,733,40,0,0),(14,737,20,0,0),(14,738,70,0,0),(14,746,10,0,0),(14,747,100,0,0),(14,758,100,0,0),(15,558,75,0,0),(15,559,50,0,0),(15,560,75,0,0),(15,583,50,0,0),(15,586,50,0,0),(15,601,50,0,0),(15,629,20,0,0),(15,631,20,0,0),(15,681,20,0,0),(15,683,50,0,0),(15,749,50,0,0),(16,497,10,0,0),(16,498,10,0,0),(16,499,10,0,0),(16,500,10,0,0),(16,501,10,0,0),(16,502,5,0,0),(16,506,10,0,0),(16,507,10,0,0),(16,508,10,0,0),(16,509,10,0,0),(16,511,10,0,0),(16,512,15,0,0),(16,513,15,0,0),(16,521,10,0,0),(16,522,15,0,0),(16,523,15,0,0),(16,528,15,0,0),(16,529,10,0,0),(16,530,10,0,0),(16,531,15,0,0),(16,532,10,0,0),(16,533,15,0,0),(16,534,15,0,0),(16,535,5,0,0),(16,536,15,0,0),(16,537,10,0,0),(16,538,5,0,0),(16,539,5,0,0),(16,540,5,0,0),(16,541,15,0,0),(16,542,15,0,0),(16,544,15,0,0),(16,545,10,0,0),(16,546,10,0,0),(16,547,10,0,0),(16,548,10,0,0),(16,549,10,0,0),(16,550,10,0,0),(16,551,10,0,0),(16,552,10,0,0),(16,553,5,0,0),(16,554,10,0,0),(16,555,5,0,0),(16,556,10,0,0),(16,558,15,0,0),(16,559,15,0,0),(16,560,15,0,0),(16,561,15,0,0),(16,562,15,0,0),(16,566,15,0,0),(16,567,15,0,0),(16,568,10,0,0),(16,569,15,0,0),(16,570,20,0,0),(16,571,5,0,0),(16,575,10,0,0),(16,576,15,0,0),(16,577,5,0,0),(16,578,10,0,0),(16,579,10,0,0),(16,580,12,0,0),(16,581,15,0,0),(16,582,15,0,0),(16,583,15,0,0),(16,584,15,0,0),(16,585,15,0,0),(16,586,15,0,0),(16,587,15,0,0),(16,588,15,0,0),(16,589,15,0,0),(16,590,20,0,0),(16,592,10,0,0),(16,594,5,0,0),(16,595,10,0,0),(16,596,5,0,0),(16,597,10,0,0),(16,598,10,0,0),(16,599,5,0,0),(16,600,10,0,0),(16,601,10,0,0),(16,602,5,0,0),(16,604,10,0,0),(16,605,5,0,0),(16,606,10,0,0),(16,607,5,0,0),(16,609,5,0,0),(16,610,10,0,0),(16,612,10,0,0),(16,615,10,0,0),(16,616,5,0,0),(16,617,15,0,0),(16,618,5,0,0),(16,619,15,0,0),(16,620,10,0,0),(16,621,10,0,0),(16,626,5,0,0),(16,627,5,0,0),(16,628,3,0,0),(16,629,5,0,0),(16,630,3,0,0),(16,631,10,0,0),(16,632,10,0,0),(16,633,10,0,0),(16,634,10,0,0),(16,639,8,0,0),(16,640,8,0,0),(16,641,8,0,0),(16,642,10,0,0),(16,643,10,0,0),(16,644,4,0,0),(16,645,5,0,0),(16,646,5,0,0),(16,647,5,0,0),(16,648,2,0,0),(16,649,2,0,0),(16,650,5,0,0),(16,652,10,0,0),(16,653,5,0,0),(16,654,10,0,0),(16,655,10,0,0),(16,656,10,0,0),(16,657,15,0,0),(16,658,10,0,0),(16,659,10,0,0),(16,660,10,0,0),(16,661,5,0,0),(16,662,10,0,0),(16,663,5,0,0),(16,664,13,0,0),(16,665,10,0,0),(16,672,10,0,0),(16,673,10,0,0),(16,675,5,0,0),(16,677,10,0,0),(16,678,3,0,0),(16,679,15,0,0),(16,680,10,0,0),(16,682,10,0,0),(16,687,5,0,0),(16,689,10,0,0),(16,690,10,0,0),(16,691,15,0,0),(16,692,10,0,0),(16,693,5,0,0),(16,694,5,0,0),(16,695,15,0,0),(16,696,5,0,0),(16,697,10,0,0),(16,699,10,0,0),(16,700,5,0,0),(16,701,10,0,0),(16,702,15,0,0),(16,703,5,0,0),(16,704,10,0,0),(16,706,15,0,0),(16,707,12,0,0),(16,708,15,0,0),(16,709,15,0,0),(16,710,15,0,0),(16,711,5,0,0),(16,712,20,0,0),(16,714,5,0,0),(16,715,5,0,0),(16,716,10,0,0),(16,717,10,0,0),(16,718,10,0,0),(16,719,10,0,0),(16,720,5,0,0),(16,721,10,0,0),(16,722,10,0,0),(16,723,10,0,0),(16,724,10,0,0),(16,726,10,0,0),(16,727,15,0,0),(16,728,10,0,0),(16,729,15,0,0),(16,730,10,0,0),(16,731,5,0,0),(16,732,15,0,0),(16,733,10,0,0),(16,734,10,0,0),(16,735,2,0,0),(16,736,3,0,0),(16,737,10,0,0),(16,742,5,0,0),(16,743,5,0,0),(16,745,15,0,0),(16,746,10,0,0),(16,747,12,0,0),(16,748,10,0,0),(16,750,15,0,0),(16,754,5,0,0),(16,756,5,0,0),(16,757,3,0,0),(16,758,15,0,0),(16,759,10,0,0),(16,761,3,0,0),(16,764,10,0,0),(16,766,10,0,0),(16,783,2,0,0),(16,784,2,0,0),(16,785,2,0,0),(17,521,3,0,0),(17,592,5,0,0),(17,597,3,0,0),(17,598,3,0,0),(17,751,5,0,0),(17,753,5,0,0),(17,764,5,0,0),(18,499,25,0,0),(18,502,60,0,0),(18,507,100,0,0),(18,521,20,0,0),(18,531,20,0,0),(18,532,40,0,0),(18,533,20,0,0),(18,534,30,0,0),(18,561,40,0,0),(18,562,40,0,0),(18,567,20,0,0),(18,576,40,0,0),(18,597,20,0,0),(18,598,20,0,0),(18,604,30,0,0),(18,612,50,0,0),(18,616,25,0,0),(18,620,10,0,0),(18,621,10,0,0),(18,629,20,0,0),(18,639,40,0,0),(18,640,40,0,0),(18,641,40,0,0),(18,673,20,0,0),(18,677,20,0,0),(18,680,30,0,0),(18,691,20,0,0),(18,695,40,0,0),(18,697,40,0,0),(18,702,40,0,0),(18,704,50,0,0),(18,708,20,0,0),(18,709,20,0,0),(18,710,20,0,0),(18,716,30,0,0),(18,746,15,0,0),(18,748,20,0,0),(18,751,10,0,0),(18,753,10,0,0),(19,502,40,0,0),(19,656,50,0,0),(20,556,50,0,0),(20,577,50,0,0),(20,652,50,0,0),(20,654,50,0,0),(20,718,50,0,0),(20,745,50,0,0),(20,746,50,0,0),(22,655,50,0,0),(22,764,50,0,0),(23,654,20,0,0),(23,656,20,0,0),(23,667,40,0,0),(23,744,400,0,0),(23,767,300,0,0),(23,781,230,0,0),(24,497,50,0,0),(24,498,50,0,0),(24,501,50,0,0),(24,505,50,0,0),(24,508,50,0,0),(24,509,50,0,0),(24,513,70,0,0),(24,528,20,0,0),(24,529,50,0,0),(24,530,20,0,0),(24,535,50,0,0),(24,536,30,0,0),(24,537,50,0,0),(24,550,20,0,0),(24,554,30,0,0),(24,555,50,0,0),(24,566,50,0,0),(24,567,40,0,0),(24,581,30,0,0),(24,596,30,0,0),(24,599,20,0,0),(24,609,30,0,0),(24,629,20,0,0),(24,661,40,0,0),(24,674,50,0,0),(24,680,30,0,0),(24,687,20,0,0),(24,690,40,0,0),(24,692,70,0,0),(24,693,50,0,0),(24,730,30,0,0),(24,731,50,0,0),(24,734,50,0,0),(25,578,20,0,0),(25,579,20,0,0),(25,580,20,0,0),(25,750,10,0,0),(26,522,10,0,0),(26,523,10,0,0),(26,556,20,0,0),(26,576,20,0,0),(26,595,20,0,0),(26,674,10,0,0),(26,721,20,0,0),(26,722,20,0,0),(26,739,20,0,0),(27,666,10,0,0),(27,669,3,0,0),(27,768,10,0,0),(27,769,3,0,0),(28,553,10,0,0),(28,562,40,0,0),(28,589,30,0,0),(28,650,30,0,0),(28,690,40,0,0),(28,709,30,0,0),(28,737,20,0,0),(28,738,40,0,0),(29,500,50,0,0),(29,508,20,0,0),(29,509,20,0,0),(29,511,30,0,0),(29,513,40,0,0),(29,535,30,0,0),(29,536,20,0,0),(29,537,20,0,0),(29,538,30,0,0),(29,539,30,0,0),(29,540,30,0,0),(29,542,30,0,0),(29,544,20,0,0),(29,547,30,0,0),(29,556,70,0,0),(29,575,30,0,0),(29,578,100,0,0),(29,579,100,0,0),(29,580,100,0,0),(29,587,30,0,0),(29,588,30,0,0),(29,589,30,0,0),(29,600,20,0,0),(29,604,30,0,0),(29,608,10,0,0),(29,610,30,0,0),(29,611,10,0,0),(29,615,10,0,0),(29,616,10,0,0),(29,626,20,0,0),(29,627,20,0,0),(29,642,1,0,0),(29,643,10,0,0),(29,646,20,0,0),(29,647,20,0,0),(29,650,20,0,0),(29,653,20,0,0),(29,658,50,0,0),(29,660,50,0,0),(29,672,10,0,0),(29,680,20,0,0),(29,682,10,0,0),(29,690,20,0,0),(29,699,40,0,0),(29,700,20,0,0),(29,707,80,0,0),(29,713,20,0,0),(29,719,20,0,0),(29,728,30,0,0),(29,729,30,0,0),(29,735,10,0,0),(29,736,10,0,0),(29,740,10,0,0),(29,741,20,0,0),(29,745,50,0,0),(29,746,50,0,0),(29,750,70,0,0),(29,757,20,0,0),(29,760,20,0,0),(29,766,40,0,0),(30,499,25,0,0),(30,542,50,0,0),(30,549,50,0,0),(30,567,20,0,0),(30,602,30,0,0),(30,657,100,0,0),(30,673,20,0,0),(30,689,15,0,0),(30,712,15,0,0),(30,717,100,0,0),(30,719,120,0,0),(30,726,30,0,0),(30,727,30,0,0),(31,500,10,0,0),(31,506,10,0,0),(31,507,10,0,0),(31,508,10,0,0),(31,509,10,0,0),(31,510,10,0,0),(31,511,10,0,0),(31,512,0,0,0),(31,513,15,0,0),(31,521,10,0,0),(31,528,20,0,0),(31,529,20,0,0),(31,530,10,0,0),(31,531,5,0,0),(31,532,10,0,0),(31,536,10,0,0),(31,537,15,0,0),(31,538,30,0,0),(31,539,20,0,0),(31,540,30,0,0),(31,542,30,0,0),(31,544,15,0,0),(31,546,10,0,0),(31,547,30,0,0),(31,551,30,0,0),(31,552,30,0,0),(31,553,20,0,0),(31,556,10,0,0),(31,558,30,0,0),(31,559,30,0,0),(31,561,10,0,0),(31,562,10,0,0),(31,566,20,0,0),(31,567,20,0,0),(31,569,35,0,0),(31,570,35,0,0),(31,571,15,0,0),(31,576,10,0,0),(31,577,10,0,0),(31,578,20,0,0),(31,581,30,0,0),(31,587,30,0,0),(31,588,30,0,0),(31,589,30,0,0),(31,590,15,0,0),(31,596,5,0,0),(31,597,10,0,0),(31,598,10,0,0),(31,600,10,0,0),(31,604,20,0,0),(31,606,10,0,0),(31,609,20,0,0),(31,617,10,0,0),(31,619,30,0,0),(31,620,10,0,0),(31,621,10,0,0),(31,626,5,0,0),(31,627,5,0,0),(31,634,10,0,0),(31,639,1,0,0),(31,640,1,0,0),(31,641,1,0,0),(31,642,20,0,0),(31,643,20,0,0),(31,644,20,0,0),(31,646,20,0,0),(31,647,20,0,0),(31,648,10,0,0),(31,650,20,0,0),(31,652,10,0,0),(31,653,5,0,0),(31,654,10,0,0),(31,655,10,0,0),(31,656,10,0,0),(31,657,10,0,0),(31,658,5,0,0),(31,659,5,0,0),(31,660,5,0,0),(31,661,5,0,0),(31,666,10,0,0),(31,674,5,0,0),(31,679,10,0,0),(31,680,15,0,0),(31,684,30,0,0),(31,685,30,0,0),(31,686,30,0,0),(31,689,10,0,0),(31,690,20,0,0),(31,695,10,0,0),(31,697,10,0,0),(31,699,10,0,0),(31,700,10,0,0),(31,701,20,0,0),(31,707,10,0,0),(31,708,20,0,0),(31,709,20,0,0),(31,710,20,0,0),(31,712,20,0,0),(31,713,20,0,0),(31,715,10,0,0),(31,716,5,0,0),(31,717,10,0,0),(31,718,10,0,0),(31,723,10,0,0),(31,724,10,0,0),(31,725,10,0,0),(31,727,10,0,0),(31,728,10,0,0),(31,729,10,0,0),(31,739,10,0,0),(31,742,5,0,0),(31,743,10,0,0),(31,745,10,0,0),(31,746,10,0,0),(31,750,10,0,0),(31,751,20,0,0),(31,753,20,0,0),(31,755,5,0,0),(31,757,5,0,0),(31,761,5,0,0),(31,764,10,0,0),(32,499,25,0,0),(32,501,40,1,0),(32,521,20,0,0),(32,531,5,0,0),(32,532,10,0,0),(32,536,25,0,0),(32,537,100,0,0),(32,553,10,0,0),(32,555,20,0,0),(32,567,20,0,0),(32,579,30,0,0),(32,580,40,0,0),(32,589,30,0,0),(32,597,20,0,0),(32,598,20,0,0),(32,603,30,0,0),(32,620,5,0,0),(32,621,5,0,0),(32,622,20,0,0),(32,624,40,0,0),(32,650,30,0,0),(32,670,20,0,0),(32,681,10,0,0),(32,699,30,0,0),(32,700,20,0,0),(32,701,20,0,0),(32,707,80,0,0),(32,709,10,0,0),(32,717,20,0,0),(32,718,20,0,0),(32,726,30,0,0),(32,727,30,0,0),(32,732,20,0,0),(32,733,20,0,0),(32,746,5,0,0),(32,751,10,0,0),(32,753,10,0,0),(33,502,20,1,0),(33,512,10,0,0),(33,521,10,0,0),(33,522,10,0,0),(33,523,10,0,0),(33,528,10,0,0),(33,529,10,0,0),(33,530,20,0,0),(33,531,10,0,0),(33,532,15,0,0),(33,541,10,0,1),(33,542,20,0,0),(33,549,30,0,0),(33,566,10,0,0),(33,567,10,0,0),(33,578,15,0,0),(33,579,15,0,0),(33,580,20,0,0),(33,597,10,0,0),(33,598,10,0,0),(33,604,15,0,0),(33,609,10,0,0),(33,615,10,0,0),(33,620,10,0,0),(33,621,10,0,0),(33,622,10,0,0),(33,624,15,0,0),(33,639,10,0,0),(33,640,10,0,0),(33,641,10,0,0),(33,642,10,0,0),(33,643,10,0,0),(33,650,10,0,0),(33,672,10,0,0),(33,677,10,0,0),(33,678,10,0,0),(33,680,10,0,0),(33,681,10,0,0),(33,682,10,0,0),(33,683,20,0,0),(33,686,10,0,0),(33,690,10,0,0),(33,691,10,0,0),(33,703,3,0,0),(33,726,5,0,0),(33,727,5,0,0),(33,729,5,0,0),(33,739,10,0,0),(33,743,10,0,0),(33,745,5,0,0),(33,746,5,0,0),(33,747,10,0,0),(33,748,10,0,0),(33,750,15,0,0),(34,512,10,0,0),(34,521,10,0,0),(34,522,10,0,0),(34,523,10,0,0),(34,528,10,0,0),(34,529,10,0,0),(34,530,20,0,0),(34,531,10,0,0),(34,532,15,0,0),(34,541,10,0,1),(34,542,20,0,0),(34,549,30,0,0),(34,566,10,0,0),(34,567,10,0,0),(34,578,15,0,0),(34,579,15,0,0),(34,580,20,0,0),(34,597,10,0,0),(34,598,10,0,0),(34,604,15,0,0),(34,609,10,0,0),(34,620,10,0,0),(34,621,10,0,0),(34,639,10,0,0),(34,640,10,0,0),(34,641,10,0,0),(34,648,10,0,0),(34,650,10,0,0),(34,677,10,0,0),(34,678,10,0,0),(34,680,10,0,0),(34,686,10,0,0),(34,690,10,0,0),(34,691,10,0,0),(34,703,3,0,0),(34,708,10,0,0),(34,709,10,0,0),(34,713,20,0,0),(34,726,5,0,0),(34,727,5,0,0),(34,729,5,0,0),(34,739,10,0,0),(34,743,10,0,0),(34,745,5,0,0),(34,746,5,0,0),(34,747,10,0,0),(34,748,10,0,0),(35,512,10,0,0),(35,521,10,0,0),(35,522,10,0,0),(35,523,10,0,0),(35,528,10,0,0),(35,529,10,0,0),(35,530,20,0,0),(35,531,10,0,0),(35,532,15,0,0),(35,541,10,0,1),(35,542,20,0,0),(35,549,30,0,0),(35,566,10,0,0),(35,567,10,0,0),(35,578,15,0,0),(35,579,15,0,0),(35,580,20,0,0),(35,597,10,0,0),(35,598,10,0,0),(35,604,15,0,0),(35,609,10,0,0),(35,615,10,0,0),(35,620,10,0,0),(35,621,10,0,0),(35,622,10,0,0),(35,624,15,0,0),(35,639,10,0,0),(35,640,10,0,0),(35,641,10,0,0),(35,642,10,0,0),(35,643,10,0,0),(35,650,10,0,0),(35,672,10,0,0),(35,677,10,0,0),(35,678,10,0,0),(35,680,10,0,0),(35,681,10,0,0),(35,682,10,0,0),(35,683,20,0,0),(35,686,10,0,0),(35,690,10,0,0),(35,703,3,0,0),(35,726,5,0,0),(35,727,5,0,0),(35,729,5,0,0),(35,739,10,0,0),(35,743,10,0,0),(35,745,5,0,0),(35,746,5,0,0),(35,747,10,0,0),(35,748,10,0,0),(35,750,15,0,0),(36,534,100,0,0),(36,553,10,0,0),(36,590,20,0,0),(36,748,20,0,0),(37,497,40,0,0),(37,498,40,0,0),(37,499,40,0,0),(37,501,40,1,0),(37,510,10,0,0),(37,522,30,0,0),(37,523,30,0,0),(37,529,30,0,0),(37,530,50,0,0),(37,535,40,0,0),(37,536,25,0,0),(37,537,100,0,0),(37,544,50,0,0),(37,550,50,0,0),(37,554,50,0,0),(37,555,30,0,0),(37,581,50,0,0),(37,605,10,0,0),(37,606,30,0,0),(37,608,10,0,0),(37,609,20,0,0),(37,611,1,0,0),(37,645,10,0,0),(37,648,10,0,0),(37,662,30,0,0),(37,666,100,0,0),(37,670,30,0,0),(37,671,50,0,0),(37,700,20,0,0),(37,719,20,0,0),(37,723,20,0,0),(37,724,20,0,0),(37,725,50,0,0),(37,735,10,0,0),(37,736,10,0,0),(37,737,20,0,0),(37,738,40,0,0),(37,739,30,0,0),(37,740,10,0,0),(37,741,20,0,0),(37,759,40,0,0),(37,760,30,0,0),(38,521,3,0,0),(38,542,20,0,0),(38,556,5,0,0),(38,592,5,0,0),(38,597,3,0,0),(38,598,3,0,0),(38,662,20,0,0),(38,666,80,0,0),(38,714,10,0,0),(38,751,5,0,0),(38,753,5,0,0),(38,764,5,0,0),(40,546,20,0,0),(40,548,10,0,0),(40,549,10,0,0),(40,551,50,0,0),(40,552,30,0,0),(40,553,30,0,0),(40,575,20,0,0),(40,600,30,0,0),(40,602,20,0,0),(40,606,40,0,0),(40,608,5,0,0),(40,610,5,0,0),(40,611,5,0,0),(40,615,5,0,0),(40,626,10,0,0),(40,627,10,0,0),(40,642,5,0,0),(40,643,5,0,0),(40,644,5,0,0),(40,673,15,0,0),(40,674,50,0,0),(40,679,20,0,0),(40,689,20,0,0),(40,712,20,0,0),(40,716,20,0,0),(40,735,5,0,0),(41,497,50,0,0),(41,499,40,0,0),(41,501,30,0,0),(41,508,50,0,0),(41,509,50,0,0),(41,522,50,0,0),(41,523,50,0,0),(41,528,50,0,0),(41,529,50,0,0),(41,530,50,0,0),(41,535,50,0,0),(41,536,40,0,0),(41,537,50,0,0),(41,544,50,0,0),(41,548,50,0,0),(41,550,50,0,0),(41,554,50,0,0),(41,555,50,0,0),(41,566,50,0,0),(41,567,50,0,0),(41,575,40,0,0),(41,576,50,0,0),(41,581,50,0,0),(41,593,50,0,0),(41,594,50,0,0),(41,596,50,0,0),(41,599,50,0,0),(41,605,50,0,0),(41,609,50,0,0),(41,617,30,0,0),(41,619,50,0,0),(41,622,10,0,0),(41,629,40,0,0),(41,645,50,0,0),(41,661,50,0,0),(41,671,50,0,0),(41,677,50,0,0),(41,678,50,0,0),(41,680,30,0,0),(41,690,50,0,0),(41,692,50,0,0),(41,693,50,0,0),(41,699,50,0,0),(41,701,40,0,0),(41,719,20,0,0),(41,723,50,0,0),(41,724,50,0,0),(41,725,50,0,0),(41,730,50,0,0),(41,731,50,0,0),(41,734,50,0,0),(41,737,50,0,0),(41,738,50,0,0),(41,739,50,0,0),(41,740,50,0,0),(41,741,50,0,0),(41,754,50,0,0),(41,755,50,0,0),(41,756,50,0,0),(41,759,50,0,0),(42,508,50,0,0),(42,509,50,0,0),(42,553,50,0,0),(42,555,20,0,0),(42,567,30,0,0),(42,579,40,0,0),(42,580,40,0,0),(42,609,40,0,0),(42,627,100,0,0),(42,644,90,0,0),(42,654,75,0,0),(42,656,75,0,0),(42,660,100,0,0),(42,666,80,0,0),(42,730,20,0,0),(42,731,20,0,0),(44,547,100,0,0),(44,559,75,0,0),(44,570,100,0,0),(44,715,40,0,0),(45,499,5,0,0),(45,500,5,0,0),(45,507,10,0,0),(45,511,5,0,0),(45,512,10,0,0),(45,513,10,0,0),(45,521,5,0,0),(45,522,15,0,0),(45,523,20,0,0),(45,528,20,0,0),(45,529,5,0,0),(45,530,10,0,0),(45,533,10,0,0),(45,534,15,0,0),(45,535,3,0,0),(45,536,5,0,0),(45,537,5,0,0),(45,538,5,0,0),(45,539,5,0,0),(45,540,5,0,0),(45,541,10,0,0),(45,542,10,0,0),(45,544,10,0,0),(45,547,5,0,0),(45,550,5,0,0),(45,551,10,0,0),(45,552,10,0,0),(45,553,5,0,0),(45,556,5,0,0),(45,558,10,0,0),(45,559,15,0,0),(45,560,20,0,0),(45,561,5,0,0),(45,562,3,0,0),(45,566,10,0,0),(45,567,10,0,0),(45,568,10,0,0),(45,569,15,0,0),(45,570,15,0,0),(45,575,5,0,0),(45,576,5,0,0),(45,577,10,0,0),(45,578,10,0,0),(45,579,10,0,0),(45,580,10,0,0),(45,581,5,0,0),(45,582,7,0,0),(45,583,5,0,0),(45,584,7,0,0),(45,585,5,0,0),(45,587,5,0,0),(45,588,5,0,0),(45,589,5,0,0),(45,590,10,0,0),(45,592,5,0,0),(45,593,3,0,0),(45,595,3,0,0),(45,596,3,0,0),(45,597,5,0,0),(45,598,5,0,0),(45,600,2,0,0),(45,606,3,0,0),(45,609,5,0,0),(45,612,7,0,0),(45,617,1,0,0),(45,620,5,0,0),(45,621,5,0,0),(45,628,2,0,0),(45,632,5,0,0),(45,633,3,0,0),(45,634,10,0,0),(45,639,11,0,0),(45,640,11,0,0),(45,641,10,0,0),(45,644,3,0,0),(45,646,5,0,0),(45,647,5,0,0),(45,650,5,0,0),(45,652,5,0,0),(45,653,1,0,0),(45,654,5,0,0),(45,655,5,0,0),(45,656,5,0,0),(45,657,5,0,0),(45,658,2,0,0),(45,659,2,0,0),(45,660,2,0,0),(45,661,3,0,0),(45,664,3,0,0),(45,665,3,0,0),(45,677,2,0,0),(45,678,2,0,0),(45,680,2,0,0),(45,684,10,0,0),(45,685,10,0,0),(45,686,10,0,0),(45,689,3,0,0),(45,691,3,0,0),(45,694,2,0,0),(45,695,3,0,0),(45,696,2,0,0),(45,697,3,0,0),(45,701,3,0,0),(45,703,2,0,0),(45,705,2,0,0),(45,707,5,0,0),(45,708,20,0,0),(45,709,20,0,0),(45,711,1,0,0),(45,712,2,0,0),(45,713,10,0,0),(45,715,1,0,0),(45,716,2,0,0),(45,717,10,0,0),(45,718,10,0,0),(45,721,3,0,0),(45,722,3,0,0),(45,728,3,0,0),(45,729,3,0,0),(45,742,2,0,0),(45,743,2,0,0),(45,745,5,0,0),(45,746,5,0,0),(45,750,5,0,0),(45,751,5,0,0),(45,753,5,0,0),(45,758,5,0,0),(45,761,1,0,0),(45,764,5,0,0),(45,766,15,0,0),(46,499,5,0,0),(46,507,10,0,0),(46,538,5,0,0),(46,539,5,0,0),(46,540,5,0,0),(46,547,5,0,0),(46,552,5,0,0),(46,553,2,0,0),(46,587,5,0,0),(46,588,5,0,0),(46,589,5,0,0),(46,593,3,0,0),(46,646,5,0,0),(46,647,5,0,0),(46,650,5,0,0),(46,664,3,0,0),(46,665,3,0,0),(46,705,2,0,0),(46,708,5,0,0),(46,709,5,0,0),(46,712,5,0,0),(46,766,10,0,0),(47,506,2,0,0),(47,542,5,0,0),(47,547,2,0,0),(47,571,2,0,0),(47,588,2,0,0),(47,589,2,0,0),(48,501,80,0,0),(48,509,50,0,0),(48,593,50,0,0),(48,594,120,0,0),(48,599,20,0,0),(48,693,50,0,0),(48,730,20,0,0),(48,731,20,0,0),(49,506,60,0,0),(49,566,20,1,0),(49,567,20,0,0),(49,571,40,0,0),(49,599,10,0,0),(49,602,20,0,0),(49,609,40,0,0),(49,673,30,0,0),(49,690,50,0,0),(49,693,20,0,0),(49,712,10,0,0),(49,730,20,0,0),(49,731,20,0,0),(49,737,20,0,0),(49,738,70,0,0),(49,756,20,0,0),(50,553,10,0,0),(50,582,50,0,0),(50,583,50,0,0),(50,585,50,0,0),(50,589,60,0,0),(50,592,20,0,0),(50,634,50,0,0),(50,650,50,0,0),(50,707,50,0,0),(50,708,20,0,0),(50,709,20,0,0),(50,751,20,0,0),(50,753,20,0,0),(50,758,50,0,0),(51,499,5,0,0),(51,506,10,0,0),(51,512,5,0,0),(51,513,10,0,0),(51,536,3,0,0),(51,537,3,0,0),(51,542,20,0,0),(51,551,10,0,0),(51,552,10,0,0),(51,553,5,0,0),(51,554,5,0,0),(51,555,5,0,0),(51,556,5,0,0),(51,560,10,0,0),(51,561,10,0,0),(51,562,3,0,0),(51,571,5,0,0),(51,575,5,0,0),(51,577,5,0,0),(51,578,15,0,0),(51,579,15,0,0),(51,580,20,0,0),(51,599,10,0,0),(51,602,10,0,0),(51,606,5,0,0),(51,607,2,0,0),(51,615,5,0,0),(51,642,7,0,0),(51,643,7,0,0),(51,644,20,0,0),(51,646,20,0,0),(51,647,20,0,0),(51,657,5,0,0),(51,658,5,0,0),(51,659,5,0,0),(51,660,5,0,0),(51,672,5,0,0),(51,673,5,0,0),(51,682,5,0,0),(51,689,5,0,0),(51,693,10,0,0),(51,694,30,0,0),(51,695,10,0,0),(51,696,10,0,0),(51,697,10,0,0),(51,705,1,0,0),(51,711,2,0,0),(51,712,5,0,0),(51,713,10,0,0),(51,714,5,0,0),(51,715,5,0,0),(51,717,5,0,0),(51,718,5,0,0),(51,719,5,0,0),(51,728,5,0,0),(51,729,5,0,0),(51,742,5,0,0),(51,743,5,0,0),(51,745,10,0,0),(51,746,10,0,0),(51,751,5,0,0),(51,753,5,0,0),(52,499,25,0,0),(52,531,20,0,0),(52,532,30,0,0),(52,533,15,0,0),(52,534,30,0,0),(52,561,20,0,0),(52,592,20,0,0),(52,612,50,0,0),(52,615,20,0,0),(52,616,25,0,0),(52,620,10,0,0),(52,621,10,0,0),(52,632,60,0,0),(52,633,60,0,0),(52,634,50,0,0),(52,642,20,0,0),(52,643,20,0,0),(52,672,20,0,0),(52,689,15,0,0),(52,691,30,0,0),(52,695,40,0,0),(52,697,40,0,0),(52,702,40,0,0),(52,704,50,0,0),(52,706,20,0,0),(52,708,10,0,0),(52,709,10,0,0),(52,710,20,0,0),(52,732,30,0,0),(52,733,30,0,0),(52,748,20,0,0),(52,751,20,0,0),(52,753,20,0,0),(53,499,5,0,0),(53,522,10,0,0),(53,523,10,0,0),(53,528,20,0,0),(53,529,10,0,0),(53,538,5,0,0),(53,539,5,0,0),(53,540,5,0,0),(53,542,10,0,0),(53,547,5,0,0),(53,551,10,0,0),(53,552,10,0,0),(53,553,5,0,0),(53,560,10,0,0),(53,561,10,0,0),(53,562,2,0,0),(53,566,20,0,0),(53,567,20,0,0),(53,578,3,0,0),(53,579,3,0,0),(53,584,10,0,0),(53,586,10,0,0),(53,587,10,0,0),(53,588,5,0,0),(53,589,5,0,0),(53,593,5,0,0),(53,609,10,0,0),(53,620,3,0,0),(53,621,5,0,0),(53,622,10,0,0),(53,623,1,0,0),(53,624,10,0,0),(53,626,0,0,0),(53,627,1,0,0),(53,629,5,0,0),(53,644,10,0,0),(53,646,20,0,0),(53,647,20,0,0),(53,662,1,0,0),(53,666,1,0,0),(53,670,1,0,0),(53,671,5,0,0),(53,680,2,0,0),(53,681,5,0,0),(53,683,5,0,0),(53,684,20,0,0),(53,685,20,0,0),(53,686,20,0,0),(53,690,10,0,0),(53,694,5,0,0),(53,695,10,0,0),(53,697,10,0,0),(53,727,5,0,0),(53,729,5,0,0),(53,757,1,0,0),(53,766,10,0,0),(54,602,20,0,0),(54,673,10,0,0),(54,699,100,0,0),(54,712,10,0,0),(56,513,5,0,0),(56,554,5,0,0),(56,555,5,0,0),(56,603,5,0,0),(56,605,5,0,0),(56,617,5,0,0),(56,619,10,0,0),(56,622,5,0,0),(56,624,5,0,0),(56,645,5,0,0),(56,662,2,0,0),(56,666,5,0,0),(56,681,5,0,0),(56,683,5,0,0),(56,694,10,0,0),(56,766,5,0,0),(57,517,30,0,0),(57,779,180,0,0),(58,667,40,0,0),(58,668,40,0,0),(58,714,20,0,0),(58,774,180,0,0),(58,783,40,0,0),(58,784,40,0,0),(60,515,15,0,0),(60,557,20,0,0),(60,636,20,0,0),(60,651,10,0,0),(60,676,15,0,0),(60,688,10,0,0),(60,698,10,0,0),(60,772,40,0,0),(60,776,10,0,0),(60,785,10,0,0),(61,520,20,0,0),(61,613,30,0,0),(61,636,20,0,0),(61,651,10,0,0),(61,688,10,0,0),(61,698,10,0,0),(61,756,5,0,0),(61,776,10,0,0),(61,785,10,0,0),(62,519,100,0,0),(62,557,35,0,0),(62,635,50,0,0),(62,670,40,0,0),(62,770,50,0,0),(62,775,180,0,0),(63,497,10,0,0),(63,498,10,0,0),(63,499,10,0,0),(63,501,10,0,0),(63,505,10,0,0),(63,508,10,0,0),(63,509,10,0,0),(63,578,10,0,0),(63,579,10,0,0),(63,580,10,0,0),(63,581,10,0,0),(63,623,2,0,0),(63,624,5,0,0),(64,557,30,0,0),(65,520,50,0,0),(65,557,25,0,0),(66,520,50,0,0),(66,557,35,0,0),(66,605,50,0,0),(66,645,50,0,0),(67,520,50,0,0),(68,499,3,0,0),(68,520,10,0,0),(68,548,20,0,0),(68,549,30,0,0),(68,601,10,0,0),(68,605,20,0,0),(68,629,10,0,0),(68,631,10,0,0),(68,645,20,0,0),(68,661,20,0,0),(68,678,40,0,0),(68,749,10,0,0),(69,518,180,0,0),(71,520,50,0,0),(71,522,0,0,0),(71,557,20,0,0),(71,699,40,0,0),(71,777,180,0,0),(72,780,180,0,0),(73,520,50,0,0),(73,557,25,0,0),(74,497,3,0,0),(74,498,3,0,0),(74,499,5,0,0),(74,500,2,0,0),(74,501,2,0,0),(74,507,2,0,0),(74,508,2,0,0),(74,511,2,0,0),(74,512,2,0,0),(74,513,2,0,0),(74,514,0.1,0,0),(74,521,2,0,0),(74,522,5,0,0),(74,523,5,0,0),(74,528,2,0,0),(74,529,2,0,0),(74,531,2,0,0),(74,532,2,0,0),(74,533,5,0,0),(74,534,5,0,0),(74,535,2,0,0),(74,536,2,0,0),(74,542,2,0,0),(74,545,2,0,0),(74,546,2,0,0),(74,551,2,0,0),(74,552,2,0,0),(74,553,2,0,0),(74,554,2,0,0),(74,555,2,0,0),(74,556,2,0,0),(74,558,0,0,0),(74,560,0,0,0),(74,561,0,0,0),(74,562,2,0,0),(74,566,3,0,0),(74,567,2,0,0),(74,568,2,0,0),(74,569,4,0,0),(74,570,3,0,0),(74,571,2,0,0),(74,578,3,0,0),(74,579,3,0,0),(74,580,3,0,0),(74,582,5,0,0),(74,583,3,0,0),(74,584,3,0,0),(74,585,4,0,0),(74,586,3,0,0),(74,590,4,0,0),(74,592,2,0,0),(74,593,3,0,0),(74,594,2,0,0),(74,595,2,0,0),(74,596,2,0,0),(74,597,2,0,0),(74,598,2,0,0),(74,599,2,0,0),(74,600,2,0,0),(74,601,2,0,0),(74,602,2,0,0),(74,604,0,0,0),(74,605,0,0,0),(74,606,0,0,0),(74,607,0,0,0),(74,608,0,0,0),(74,609,2,0,0),(74,610,2,0,0),(74,611,2,0,0),(74,612,3,0,0),(74,614,2,0,0),(74,615,2,0,0),(74,616,2,0,0),(74,617,2,0,0),(74,618,2,0,0),(74,619,2,0,0),(74,620,2,0,0),(74,621,2,0,0),(74,622,0,0,0),(74,623,0,0,0),(74,624,0,0,0),(74,626,1,0,0),(74,627,1,0,0),(74,628,1,0,0),(74,630,1,0,0),(74,631,2,0,0),(74,632,2,0,0),(74,633,2,0,0),(74,634,2,0,0),(74,639,2,0,0),(74,640,2,0,0),(74,641,2,0,0),(74,642,2,0,0),(74,643,3,0,0),(74,644,1,0,0),(74,646,3,0,0),(74,647,3,0,0),(74,648,1,0,0),(74,649,1,0,0),(74,650,3,0,0),(74,652,2,0,0),(74,653,1,0,0),(74,654,2,0,0),(74,655,2,0,0),(74,656,2,0,0),(74,657,2,0,0),(74,658,2,0,0),(74,659,1,0,0),(74,660,2,0,0),(74,661,2,0,0),(74,662,2,0,0),(74,663,1,0,0),(74,666,2,0,0),(74,669,1,0,0),(74,670,2,0,0),(74,671,2,0,0),(74,672,2,0,0),(74,673,2,0,0),(74,677,1,0,0),(74,678,1,0,0),(74,679,2,0,0),(74,680,2,0,0),(74,682,2,0,0),(74,684,2,0,0),(74,685,2,0,0),(74,686,2,0,0),(74,690,2,0,0),(74,692,2,0,0),(74,693,2,0,0),(74,694,1,0,0),(74,695,2,0,0),(74,696,1,0,0),(74,697,2,0,0),(74,700,2,0,0),(74,702,2,0,0),(74,704,2,0,0),(74,706,2,0,0),(74,707,2,0,0),(74,708,2,0,0),(74,709,2,0,0),(74,710,2,0,0),(74,711,1,0,0),(74,712,2,0,0),(74,713,2,0,0),(74,714,2,0,0),(74,715,2,0,0),(74,716,2,0,0),(74,719,2,0,0),(74,720,1,0,0),(74,721,2,0,0),(74,722,2,0,0),(74,723,1,0,0),(74,724,1,0,0),(74,726,1,0,0),(74,727,2,0,0),(74,728,2,0,0),(74,729,2,0,0),(74,731,2,0,0),(74,732,1,0,0),(74,735,1,0,0),(74,736,2,0,0),(74,737,1,0,0),(74,739,2,0,0),(74,742,1,0,0),(74,743,1,0,0),(74,748,2,0,0),(74,749,2,0,0),(74,750,2,0,0),(74,751,2,0,0),(74,753,2,0,0),(74,754,1,0,0),(74,755,1,0,0),(74,756,1,0,0),(74,757,1,0,0),(74,758,2,0,0),(74,761,1,0,0),(74,762,4,0,0),(74,763,2,0,0),(74,764,1,0,0),(74,765,2,0,0),(74,766,2,0,0),(74,768,5,0,0),(74,769,2,0,0),(74,778,1,0,0),(74,781,2,0,0),(74,783,0,0,0),(74,784,0,0,0),(74,785,0,0,0),(75,497,2,0,0),(75,498,2,0,0),(75,499,5,0,0),(75,500,2,0,0),(75,501,2,0,0),(75,507,2,0,0),(75,508,2,0,0),(75,511,2,0,0),(75,512,2,0,0),(75,513,2,0,0),(75,521,2,0,0),(75,522,5,0,0),(75,523,5,0,0),(75,529,2,0,0),(75,531,2,0,0),(75,532,2,0,0),(75,533,5,0,0),(75,534,5,0,0),(75,535,2,0,0),(75,536,2,0,0),(75,542,1,0,0),(75,545,2,0,0),(75,546,2,0,0),(75,551,2,0,0),(75,552,2,0,0),(75,553,2,0,0),(75,554,2,0,0),(75,555,2,0,0),(75,556,2,0,0),(75,558,0,0,0),(75,560,4,0,0),(75,561,4,0,0),(75,562,4,0,0),(75,568,2,0,0),(75,569,4,0,0),(75,570,3,0,0),(75,571,2,0,0),(75,582,5,0,0),(75,583,3,0,0),(75,584,3,0,0),(75,585,4,0,0),(75,586,3,0,0),(75,590,4,0,0),(75,592,2,0,0),(75,593,3,0,0),(75,594,2,0,0),(75,595,2,0,0),(75,596,2,0,0),(75,597,2,0,0),(75,598,2,0,0),(75,599,3,0,0),(75,600,2,0,0),(75,601,2,0,0),(75,602,4,0,0),(75,604,2,0,0),(75,606,4,0,0),(75,607,2,0,0),(75,609,2,0,0),(75,610,2,0,0),(75,612,3,0,0),(75,615,2,0,0),(75,616,2,0,0),(75,617,2,0,0),(75,618,2,0,0),(75,619,2,0,0),(75,620,2,0,0),(75,621,2,0,0),(75,622,0,0,0),(75,623,0,0,0),(75,624,0,0,0),(75,626,1,0,0),(75,627,1,0,0),(75,628,1,0,0),(75,630,1,0,0),(75,631,2,0,0),(75,632,2,0,0),(75,633,2,0,0),(75,634,2,0,0),(75,639,2,0,0),(75,640,2,0,0),(75,641,2,0,0),(75,642,2,0,0),(75,643,3,0,0),(75,652,2,0,0),(75,653,1,0,0),(75,654,2,0,0),(75,655,2,0,0),(75,656,2,0,0),(75,657,2,0,0),(75,658,2,0,0),(75,659,2,0,0),(75,660,2,0,0),(75,661,2,0,0),(75,662,1,0,0),(75,663,1,0,0),(75,666,1,0,0),(75,670,2,0,0),(75,671,2,0,0),(75,672,2,0,0),(75,673,2,0,0),(75,679,2,0,0),(75,680,2,0,0),(75,682,2,0,0),(75,684,2,0,0),(75,685,2,0,0),(75,690,2,0,0),(75,692,2,0,0),(75,693,2,0,0),(75,694,1,0,0),(75,695,3,0,0),(75,696,2,0,0),(75,697,2,0,0),(75,700,2,0,0),(75,702,2,0,0),(75,704,2,0,0),(75,706,2,0,0),(75,707,2,0,0),(75,708,2,0,0),(75,709,2,0,0),(75,710,2,0,0),(75,711,1,0,0),(75,712,2,0,0),(75,714,2,0,0),(75,715,2,0,0),(75,716,2,0,0),(75,719,2,0,0),(75,720,1,0,0),(75,721,2,0,0),(75,722,2,0,0),(75,723,1,0,0),(75,724,1,0,0),(75,726,1,0,0),(75,727,2,0,0),(75,728,2,0,0),(75,729,2,0,0),(75,731,2,0,0),(75,732,1,0,0),(75,737,1,0,0),(75,742,1,0,0),(75,743,2,0,0),(75,748,2,0,0),(75,749,2,0,0),(75,750,2,0,0),(75,751,2,0,0),(75,753,2,0,0),(75,754,1,0,0),(75,755,1,0,0),(75,756,1,0,0),(75,757,1,0,0),(75,758,4,0,0),(75,764,2,0,0),(76,508,10,0,0),(76,509,10,0,0),(76,513,10,0,0),(76,522,20,0,0),(76,523,20,0,0),(76,528,5,0,0),(76,529,10,0,0),(76,530,10,0,0),(76,533,20,0,0),(76,534,15,0,0),(76,536,10,0,0),(76,537,10,0,0),(76,544,10,0,0),(76,545,10,0,0),(76,546,10,0,0),(76,548,10,0,0),(76,549,10,0,0),(76,551,10,0,0),(76,552,10,0,0),(76,553,5,0,0),(76,554,5,0,0),(76,555,5,0,0),(76,560,10,0,0),(76,561,10,0,0),(76,562,20,0,0),(76,566,10,0,0),(76,567,10,0,0),(76,569,10,0,0),(76,575,5,0,0),(76,582,20,0,0),(76,583,10,0,0),(76,584,20,0,0),(76,585,10,0,0),(76,586,20,0,0),(76,596,5,0,0),(76,599,5,0,0),(76,600,10,0,0),(76,602,5,0,0),(76,604,5,0,0),(76,606,10,0,0),(76,607,10,0,0),(76,609,10,0,0),(76,612,10,0,0),(76,617,5,0,0),(76,619,5,0,0),(76,622,5,0,0),(76,626,2,0,0),(76,627,2,0,0),(76,628,5,0,0),(76,630,3,0,0),(76,646,5,0,0),(76,647,5,0,0),(76,649,2,0,0),(76,650,5,0,0),(76,661,5,0,0),(76,663,5,0,0),(76,670,10,0,0),(76,671,10,0,0),(76,673,5,0,0),(76,677,5,0,0),(76,678,5,0,0),(76,679,10,0,0),(76,680,5,0,0),(76,681,2,0,0),(76,684,10,0,0),(76,685,10,0,0),(76,686,10,0,0),(76,690,5,0,0),(76,691,10,0,0),(76,692,5,0,0),(76,695,10,0,0),(76,696,5,0,0),(76,697,10,0,0),(76,700,5,0,0),(76,701,10,0,0),(76,702,10,0,0),(76,704,5,0,0),(76,710,5,0,0),(76,711,5,0,0),(76,713,2,0,0),(76,715,5,0,0),(76,716,10,0,0),(76,720,2,0,0),(76,745,5,0,0),(76,746,5,0,0),(76,757,2,0,0),(77,499,10,0,0),(77,522,20,0,0),(77,523,20,0,0),(77,550,20,0,0),(77,575,10,0,0),(77,581,20,0,0),(77,593,5,0,0),(77,594,10,0,0),(77,605,5,0,0),(77,645,5,0,0),(77,648,5,0,0),(77,670,5,0,0),(77,671,10,0,0),(77,673,10,0,0),(77,692,10,0,0),(77,701,20,0,0),(77,712,10,0,0),(77,715,5,0,0),(77,759,10,0,0),(79,502,5,1,0),(79,531,4,0,0),(79,532,5,0,0),(79,593,3,0,0),(79,594,2,0,0),(79,620,1,0,0),(79,621,1,0,0),(79,638,1,0,0),(79,662,3,0,0),(79,666,5,0,0),(79,670,2,0,0),(79,671,2,0,0),(79,700,2,0,0),(79,705,1,0,0),(80,517,30,0,0),(80,622,5,0,0),(80,623,2,0,0),(80,669,65,0,0),(80,670,10,0,0),(80,683,20,0,0),(80,700,10,0,0),(80,723,10,0,0),(80,724,10,0,0),(80,725,25,0,0),(80,769,100,0,0),(81,530,10,0,0),(82,536,10,0,0),(82,537,10,0,0),(82,548,10,0,0),(82,549,10,0,0),(82,596,10,0,0),(82,614,30,0,0),(82,629,10,0,0),(82,631,5,0,0),(82,661,10,0,0),(82,669,140,0,0),(82,678,15,0,0),(82,714,10,0,0),(82,765,80,0,0),(82,769,170,0,0),(82,771,5,0,0),(82,778,30,0,0),(83,514,10,0,0),(83,762,200,0,0),(86,535,70,0,0),(86,603,50,0,0),(86,681,20,0,0),(86,683,30,0,0),(87,509,15,0,0),(88,507,8,0,0),(88,516,30,0,0),(88,522,10,0,0),(88,523,10,0,0),(88,548,10,0,0),(88,549,10,0,0),(88,550,10,0,0),(88,581,3,0,0),(88,603,3,0,0),(88,625,30,0,0),(88,712,5,0,0),(88,714,5,0,0),(88,765,113,0,0),(88,781,113,0,0),(89,625,100,0,0),(89,636,125,0,0),(89,668,120,0,0),(89,676,125,0,0),(90,517,5,0,0),(90,688,5,0,0),(90,754,40,0,0),(90,756,40,0,0),(90,768,350,0,0),(91,538,2,0,0),(91,539,2,0,0),(91,540,2,0,0),(91,587,2,0,0),(91,601,2,0,0),(91,631,2,0,0),(91,646,3,0,0),(91,647,3,0,0),(91,650,3,0,0),(91,662,2,0,0),(91,666,2,0,0),(91,766,1,0,0),(92,500,1,0,0),(92,536,2,0,0),(92,537,3,0,0),(92,555,2,0,0),(92,556,2,0,0),(92,581,2,0,0),(92,592,1,0,0),(92,605,5,0,0),(92,645,2,0,0),(92,653,1,0,0),(92,654,1,0,0),(92,655,1,0,0),(92,656,1,0,0),(92,657,1,0,0),(92,706,1,0,0),(92,751,1,0,0),(92,753,1,0,0),(93,707,1,0,0),(93,739,2,0,0),(93,745,2,0,0),(93,746,2,0,0),(93,761,1,0,0),(94,507,15,0,0),(95,522,10,0,0),(95,523,10,0,0),(95,541,20,0,0),(95,558,10,0,0),(95,559,10,0,0),(95,568,10,0,0),(95,569,10,0,0),(95,570,10,0,0),(95,590,10,0,0),(95,618,20,0,0),(96,510,10,0,0),(96,536,5,0,0),(96,537,5,0,0),(96,548,10,0,0),(96,549,10,0,0),(96,550,10,0,0),(96,568,5,0,0),(96,576,5,0,0),(96,593,5,0,0),(96,594,10,0,0),(96,620,2,0,0),(96,621,2,0,0),(96,681,1,0,0),(96,691,1,0,0),(96,694,1,0,0),(96,705,1,0,0),(96,712,25,0,0),(97,744,375,0,0),(97,767,375,0,0),(98,613,25,0,0),(98,635,10,0,0),(98,636,10,0,0),(98,637,10,0,0),(98,688,10,0,0),(98,698,10,0,0),(98,744,35,0,0),(98,767,30,0,0),(98,770,30,0,0),(99,535,10,0,0),(99,554,10,0,0),(99,555,10,0,0),(99,601,10,0,0),(99,605,10,0,0),(99,629,10,0,0),(99,631,10,0,0),(99,645,10,0,0),(99,674,10,0,0),(99,678,15,0,0),(99,701,10,0,0),(99,715,5,0,0),(99,749,20,0,0),(99,754,10,0,0),(99,755,20,0,0),(99,756,20,0,0),(99,759,10,0,0),(99,771,5,0,0),(100,624,5,0,0),(100,671,10,0,0),(101,521,20,0,0),(101,592,5,0,0),(101,597,20,0,0),(101,598,20,0,0),(101,605,20,0,0),(101,628,10,0,0),(101,634,20,0,0),(101,646,3,0,0),(101,647,3,0,0),(101,650,3,0,0),(101,681,10,0,0),(101,683,20,0,0),(101,720,5,0,0),(101,736,25,0,0),(101,751,5,0,0),(101,753,5,0,0),(101,761,15,0,0),(101,764,20,0,0),(101,768,300,0,0),(101,771,10,0,0),(102,781,80,0,0),(103,669,65,0,0),(103,744,280,0,0),(103,765,65,0,0),(103,767,250,0,0),(103,771,5,0,0),(103,781,65,0,0),(104,514,5,0,0),(104,773,40,0,0),(105,584,10,0,0),(105,586,10,0,0),(108,577,20,0,0),(108,717,20,0,0),(108,718,20,0,0),(109,531,100,0,0),(109,532,100,0,0),(109,620,100,0,0),(109,621,100,0,0),(110,542,50,0,0),(110,579,30,0,0),(110,580,40,0,0),(110,617,60,0,0),(110,619,120,0,0),(110,747,50,0,0),(110,750,20,0,0),(111,669,85,0,0),(111,783,3,0,0),(111,784,3,0,0),(112,616,60,0,0),(113,544,10,0,0),(113,602,10,0,0),(113,677,10,0,0),(113,678,15,0,0),(114,629,10,0,0),(114,631,5,0,0),(115,557,20,0,0),(116,499,2,0,0),(116,512,15,0,0),(116,538,2,0,0),(116,539,2,0,0),(116,540,2,0,0),(116,544,10,0,0),(116,545,4,0,0),(116,546,4,0,0),(116,547,2,0,0),(116,551,5,0,0),(116,552,5,0,0),(116,553,5,0,0),(116,566,2,0,0),(116,567,2,0,0),(116,575,2,0,0),(116,578,5,0,0),(116,579,5,0,0),(116,580,5,0,0),(116,587,2,0,0),(116,588,2,0,0),(116,589,2,0,0),(116,644,2,0,0),(116,646,5,0,0),(116,647,5,0,0),(116,650,5,0,0),(116,658,1,0,0),(116,659,1,0,0),(116,660,1,0,0),(116,679,4,0,0),(116,713,5,0,0),(116,728,3,0,0),(116,729,3,0,0),(117,512,5,0,0),(117,513,5,0,0),(117,533,3,0,0),(117,534,3,0,0),(117,545,5,0,0),(117,546,5,0,0),(117,554,5,0,0),(117,555,5,0,0),(117,558,10,0,0),(117,560,10,0,0),(117,569,10,0,0),(117,570,10,0,0),(117,590,2,0,0),(117,617,1,0,0),(117,619,2,0,0),(117,632,3,0,0),(117,633,3,0,0),(117,639,10,0,0),(117,641,10,0,0),(117,653,1,0,0),(117,657,5,0,0),(117,679,5,0,0),(117,691,5,0,0),(117,706,2,0,0),(117,707,1,0,0),(117,715,3,0,0),(117,716,3,0,0),(117,730,1,0,0),(117,733,1,0,0),(117,734,1,0,0),(117,759,5,0,0),(117,761,1,0,0),(120,515,2,0,0),(120,516,5,0,0),(120,600,1,0,0),(120,625,1,0,0),(120,635,1,0,0),(120,636,1,0,0),(120,637,5,0,0),(120,638,2,0,0),(120,651,2,0,0),(120,662,2,0,0),(120,664,2,0,0),(120,665,2,0,0),(120,666,2,0,0),(120,676,2,0,0),(120,770,4,0,0),(120,785,2,0,0),(121,605,0,0,0),(121,736,1,0,0),(121,744,285,0,0),(121,767,285,0,0),(122,514,12,0,0),(122,613,5,0,0),(122,618,5,0,0),(122,667,20,0,0),(122,668,20,0,0),(122,698,4,0,0),(122,720,2,0,0),(122,762,520,0,0),(122,763,140,0,0),(122,773,60,0,0),(122,782,8,0,0),(123,499,25,0,0),(123,500,100,0,0),(123,511,100,0,0),(123,512,70,0,0),(123,534,150,0,0),(123,542,100,0,0),(123,545,100,0,0),(123,553,10,0,0),(123,569,50,0,0),(123,570,50,0,0),(123,579,40,0,0),(123,580,100,0,0),(123,589,30,0,0),(123,597,100,0,0),(123,600,70,0,0),(123,604,30,0,0),(123,640,100,0,0),(123,641,100,0,0),(123,643,100,0,0),(123,647,100,0,0),(123,650,30,0,0),(123,679,100,0,0),(123,691,30,0,0),(123,695,40,0,0),(123,697,40,0,0),(123,707,100,0,0),(123,709,30,0,0),(123,710,100,0,0),(123,726,30,0,0),(123,727,100,0,0),(123,729,100,0,0),(123,732,30,0,0),(123,733,30,0,0),(123,743,100,0,0),(123,746,15,0,0),(123,748,20,0,0),(123,750,20,0,0),(124,499,5,0,0),(124,528,20,0,0),(124,532,5,0,0),(124,544,5,0,0),(124,593,5,0,0),(124,594,5,0,0),(124,602,5,0,0),(124,620,10,0,0),(124,621,10,0,0),(124,662,5,0,0),(124,666,5,0,0),(124,670,5,0,0),(124,671,5,0,0),(124,673,5,0,0),(124,699,10,0,0),(124,708,15,0,0),(124,709,15,0,0),(124,710,15,0,0),(124,712,2,0,0),(124,714,5,0,0),(124,723,5,0,0),(124,724,5,0,0),(124,725,5,0,0),(125,514,10,0,0),(125,543,170,0,0),(125,762,550,0,0),(125,763,101,0,0),(125,773,40,0,0),(131,590,10,0,0),(131,674,70,0,0),(131,782,5,0,0),(132,617,60,0,0),(132,645,60,0,0),(132,739,80,0,0),(132,740,70,0,0),(132,760,70,0,0),(135,497,20,0,0),(135,498,20,0,0),(135,499,30,0,0),(135,501,20,1,0),(135,512,15,0,0),(135,522,20,0,0),(135,523,20,0,0),(135,541,20,0,0),(135,546,20,0,0),(135,548,30,0,0),(135,549,30,0,0),(135,550,30,0,0),(135,551,20,0,0),(135,552,20,0,0),(135,553,20,0,0),(135,593,20,0,0),(135,594,30,0,0),(135,595,40,0,0),(135,599,10,0,0),(135,600,15,0,0),(135,602,20,0,0),(135,605,10,0,0),(135,606,40,0,0),(135,609,30,0,0),(135,617,10,0,0),(135,619,20,0,0),(135,644,10,0,0),(135,645,10,0,0),(135,648,10,0,0),(135,666,30,0,0),(135,673,30,0,0),(135,674,50,0,0),(135,677,30,0,0),(135,678,40,0,0),(135,679,20,0,0),(135,692,50,0,0),(135,693,30,0,0),(135,701,20,0,0),(135,712,10,0,0),(135,714,10,0,0),(135,716,10,0,0),(135,721,40,0,0),(135,722,40,1,0),(135,723,20,0,0),(135,724,20,0,0),(135,725,50,0,0),(135,730,20,0,0),(135,731,40,0,0),(135,734,40,0,0),(135,737,20,0,0),(135,738,40,0,0),(135,739,30,0,0),(135,759,10,0,0),(136,546,2,0,0),(136,551,2,0,0),(136,552,2,0,0),(136,553,2,0,0),(136,575,2,0,0),(136,600,3,0,0),(136,606,1,0,0),(136,648,2,0,0),(136,679,2,0,0),(136,716,1,0,0),(137,499,25,0,0),(137,502,80,0,0),(137,512,20,0,0),(137,521,30,0,0),(137,530,100,0,0),(137,532,20,0,0),(137,541,30,0,1),(137,549,50,0,0),(137,558,10,0,0),(137,559,10,0,0),(137,560,20,0,0),(137,567,20,0,0),(137,569,20,0,0),(137,570,20,0,0),(137,577,15,0,0),(137,590,10,0,0),(137,597,30,0,0),(137,598,100,0,0),(137,604,20,0,0),(137,608,30,0,0),(137,610,40,0,0),(137,611,90,0,0),(137,612,20,0,0),(137,615,20,0,0),(137,616,25,0,0),(137,620,10,0,0),(137,621,10,0,0),(137,633,60,0,0),(137,634,20,0,0),(137,642,20,0,0),(137,643,20,0,0),(137,672,20,0,0),(137,682,20,0,0),(137,691,20,0,0),(137,696,20,0,0),(137,702,40,0,0),(137,704,20,0,0),(137,717,15,0,0),(137,718,50,0,0),(137,730,20,0,0),(137,731,40,0,0),(137,734,40,0,0),(137,751,20,0,0),(137,753,20,0,0),(137,764,50,0,0),(140,506,20,0,0),(140,517,90,0,0),(140,571,30,0,0),(140,577,40,0,0),(140,637,150,0,0),(140,667,120,0,0),(140,668,120,0,0),(140,688,100,0,0),(140,717,40,0,0),(140,718,40,0,0),(140,773,40,0,0),(140,783,45,0,0),(140,784,45,0,0),(140,785,45,0,0),(141,507,15,0,0),(141,662,2,0,0),(141,666,2,0,0),(141,712,15,0,0),(142,506,40,0,0),(142,571,40,0,0),(143,506,10,0,0),(143,536,2,0,0),(143,537,3,0,0),(143,556,10,0,0),(143,571,5,0,0),(143,605,5,0,0),(143,622,5,0,0),(143,624,5,0,0),(143,652,1,0,0),(143,654,1,0,0),(143,655,1,0,0),(143,656,1,0,0),(143,657,1,0,0),(143,674,5,0,0),(143,677,30,0,0),(143,678,30,0,0),(143,684,5,0,0),(143,685,5,0,0),(143,686,5,0,0),(143,689,5,0,0),(143,694,2,0,0),(143,707,1,0,0),(144,506,2,0,0),(144,528,5,0,0),(144,529,5,0,0),(144,530,5,0,0),(144,538,2,0,0),(144,539,2,0,0),(144,540,2,0,0),(144,547,2,0,0),(144,571,2,0,0),(144,575,2,0,0),(144,587,2,0,0),(144,588,2,0,0),(144,589,2,0,0),(144,600,2,0,0),(144,639,5,0,0),(144,640,5,0,0),(144,641,5,0,0),(144,658,1,0,0),(144,659,1,0,0),(144,660,1,0,0),(144,681,5,0,0),(144,690,5,0,0),(144,691,2,0,0),(144,713,2,0,0),(144,730,3,0,0),(144,731,2,0,0),(144,733,3,0,0),(144,734,3,0,0),(144,759,5,0,0),(145,512,1,0,0),(145,551,1,0,0),(145,552,1,0,0),(145,553,1,0,0),(145,578,1,0,0),(145,579,2,0,0),(145,580,2,0,0),(145,584,0,0,0),(145,782,1,0,0),(146,512,15,0,0),(146,533,15,0,0),(146,534,30,0,0),(146,541,20,0,0),(146,549,50,0,0),(146,561,20,0,0),(146,579,50,0,0),(146,580,50,0,0),(146,589,30,0,0),(146,604,20,0,0),(146,639,40,0,0),(146,640,40,0,0),(146,641,40,0,0),(146,650,30,0,0),(146,681,20,0,0),(146,683,30,0,0),(146,695,30,0,0),(146,697,30,0,0),(146,708,10,0,0),(146,709,10,0,0),(146,710,10,0,0),(146,732,20,0,0),(146,733,20,0,0),(146,746,15,0,0),(146,747,50,0,0),(146,748,20,0,0),(146,750,20,0,0),(146,751,10,0,0),(146,753,10,0,0),(147,512,5,0,0),(147,521,5,0,0),(147,533,3,0,0),(147,534,3,0,0),(147,545,5,0,0),(147,546,5,0,0),(147,554,5,0,0),(147,555,5,0,0),(147,577,5,0,0),(147,583,3,0,0),(147,584,5,0,0),(147,585,3,0,0),(147,586,3,0,0),(147,590,2,0,0),(147,592,5,0,0),(147,597,5,0,0),(147,598,5,0,0),(147,617,1,0,0),(147,619,2,0,0),(147,632,3,0,0),(147,633,3,0,0),(147,634,5,0,0),(147,639,10,0,0),(147,640,10,0,0),(147,641,10,0,0),(147,653,1,0,0),(147,657,5,0,0),(147,679,5,0,0),(147,691,5,0,0),(147,696,10,0,0),(147,703,1,0,0),(147,706,2,0,0),(147,707,1,0,0),(147,715,3,0,0),(147,716,3,0,0),(147,717,5,0,0),(147,718,5,0,0),(147,730,1,0,0),(147,733,1,0,0),(147,734,1,0,0),(147,751,0,0,0),(147,753,5,0,0),(147,759,5,0,0),(147,764,2,0,0),(148,762,20,0,0),(148,763,36,0,0),(149,514,6,0,0),(149,543,288,0,0),(149,637,10,0,0),(149,762,240,0,0),(149,763,70,0,0),(149,773,100,0,0),(149,785,30,0,0),(150,515,35,0,0),(150,516,50,0,0),(150,625,35,0,0),(150,676,25,0,0),(152,538,1,0,0),(152,539,1,0,0),(152,540,1,0,0),(152,547,1,0,0),(152,766,1,0,0),(152,782,1,0,0),(153,528,20,0,0),(153,681,10,0,0),(153,683,20,0,0),(153,701,20,0,0),(154,532,30,0,0),(154,544,20,0,0),(154,567,10,0,0),(154,603,20,0,0),(154,662,30,0,0),(154,666,100,0,0),(154,681,10,0,0),(154,683,20,0,0),(154,701,20,0,0),(154,709,30,0,0),(156,522,20,0,0),(156,523,10,0,0),(156,530,10,0,0),(156,596,10,0,0),(156,661,10,0,0),(157,522,10,0,0),(157,523,10,0,0),(158,592,100,0,0),(158,613,120,0,0),(158,622,2,0,0),(158,623,3,0,0),(158,624,2,0,0),(158,634,100,0,0),(158,662,20,0,0),(158,684,50,0,0),(158,685,50,0,0),(158,686,50,0,0),(158,698,150,0,0),(158,751,100,0,0),(158,753,100,0,0),(158,764,50,0,0),(158,770,150,0,0),(159,530,10,0,0),(159,532,3,0,0),(159,550,10,0,0),(159,559,5,0,0),(159,576,15,0,0),(159,581,10,0,0),(159,590,10,0,0),(159,593,10,0,0),(159,620,2,0,0),(159,621,2,0,0),(159,638,3,0,0),(159,664,15,0,0),(159,665,20,0,0),(159,670,3,0,0),(159,671,3,0,0),(159,681,3,0,0),(159,691,3,0,0),(159,700,5,0,0),(159,705,1,0,0),(159,712,15,0,0),(161,530,60,0,0),(161,605,3,0,0),(161,736,3,0,0),(162,533,15,0,0),(162,534,15,0,0),(162,711,5,0,0),(163,534,5,0,0),(163,751,10,0,0),(163,753,10,0,0),(163,765,56,0,0),(163,781,56,0,0),(164,538,120,0,0),(165,538,70,0,0),(165,539,70,0,0),(165,540,100,0,0),(166,544,15,0,0),(166,623,1,0,0),(166,670,3,0,0),(166,671,3,0,0),(166,684,10,0,0),(166,685,10,0,0),(166,686,10,0,0),(167,545,20,0,0),(167,546,20,0,0),(167,578,3,0,0),(167,579,3,0,0),(167,580,3,0,0),(167,646,5,0,0),(167,647,5,0,0),(167,650,5,0,0),(167,679,20,0,0),(168,548,60,0,0),(168,677,60,0,0),(169,558,75,0,0),(169,559,50,0,0),(169,560,75,0,0),(169,569,50,0,0),(169,570,50,0,0),(169,590,50,0,0),(169,664,40,0,0),(169,665,40,0,0),(170,559,75,0,0),(170,566,20,1,0),(170,567,20,0,0),(170,599,10,0,0),(170,609,40,0,0),(170,690,70,0,0),(170,693,30,0,0),(170,737,20,0,0),(170,738,70,0,0),(172,569,5,0,0),(172,570,5,0,0),(172,639,20,0,0),(172,640,20,0,0),(172,641,20,0,0),(173,539,100,0,0),(173,575,120,0,0),(174,575,10,0,0),(174,600,10,0,0),(174,630,10,0,0),(175,578,100,0,0),(175,579,100,0,0),(175,726,100,0,0),(175,728,100,0,0),(176,581,5,0,0),(177,581,10,0,0),(178,593,10,0,0),(178,622,10,0,0),(178,623,5,0,0),(178,624,10,0,0),(178,638,5,0,0),(178,670,10,0,0),(178,671,5,0,0),(178,681,10,0,0),(178,684,10,0,0),(178,685,10,0,0),(178,686,10,0,0),(178,705,5,0,0),(179,765,50,0,0),(179,781,50,0,0),(180,595,3,0,0),(180,600,1,0,0),(180,601,2,0,0),(180,631,2,0,0),(180,644,0,0,0),(180,652,2,0,0),(180,654,2,0,0),(180,655,2,0,0),(180,656,2,0,0),(180,657,2,0,0),(180,658,0,0,0),(180,660,0,0,0),(180,713,1,0,0),(180,721,3,0,0),(180,749,1,0,0),(181,600,40,0,0),(181,608,45,0,0),(181,611,45,0,0),(181,642,10,0,0),(181,644,30,0,0),(181,648,5,0,0),(181,658,30,0,0),(181,660,30,0,0),(181,713,40,0,0),(181,719,20,0,0),(181,735,45,0,0),(181,736,45,0,0),(181,783,30,0,0),(182,578,150,0,0),(183,595,50,0,0),(183,601,50,0,0),(183,631,5,0,0),(183,689,10,0,0),(183,721,50,0,0),(183,722,50,0,0),(183,749,50,0,0),(184,601,20,0,0),(184,631,20,0,0),(184,714,40,0,0),(184,749,20,0,0),(185,639,5,0,0),(185,640,5,0,0),(185,641,5,0,0),(185,663,3,0,0),(185,680,2,0,0),(185,690,2,0,0),(185,694,1,0,0),(185,723,5,0,0),(185,724,5,0,0),(185,726,5,0,0),(185,727,5,0,0),(185,730,2,0,0),(185,732,5,0,0),(185,733,2,0,0),(185,734,2,0,0),(185,737,5,0,0),(185,745,2,0,0),(185,746,2,0,0),(185,748,5,0,0),(185,759,3,0,0),(186,603,5,0,0),(187,608,60,0,0),(188,608,0,0,0),(188,611,0,0,0),(188,735,1,0,0),(188,736,1,0,0),(189,618,1,0,0),(189,619,2,0,0),(189,681,1,0,0),(189,719,5,0,0),(189,720,2,0,0),(190,618,1,0,0),(190,619,2,0,0),(190,664,10,0,0),(190,665,10,0,0),(190,681,1,0,0),(190,719,5,0,0),(190,720,2,0,0),(191,538,1,0,0),(191,539,1,0,0),(191,540,1,0,0),(191,547,1,0,0),(191,587,1,0,0),(191,588,1,0,0),(191,589,1,0,0),(191,646,1,0,0),(191,647,1,0,0),(191,650,1,0,0),(191,685,1,0,0),(191,728,1,0,0),(191,729,1,0,0),(191,766,1,0,0),(192,538,1,0,0),(192,539,1,0,0),(192,540,1,0,0),(192,547,1,0,0),(192,587,1,0,0),(192,588,1,0,0),(192,589,1,0,0),(192,646,1,0,0),(192,647,1,0,0),(192,650,1,0,0),(192,685,1,0,0),(192,766,1,0,0),(193,538,4,0,0),(193,539,4,0,0),(193,540,4,0,0),(193,547,4,0,0),(193,587,4,0,0),(193,588,4,0,0),(193,589,4,0,0),(193,662,3,0,0),(193,766,2,0,0),(194,538,2,0,0),(194,539,2,0,0),(194,540,2,0,0),(194,547,2,0,0),(194,587,2,0,0),(194,588,2,0,0),(194,589,2,0,0),(194,766,2,0,0),(195,587,1,0,0),(195,588,1,0,0),(195,589,1,0,0),(195,685,1,0,0),(196,620,20,0,0),(196,621,20,0,0),(196,622,40,0,0),(196,624,50,0,0),(196,670,50,0,0),(196,700,50,0,0),(197,620,5,0,0),(197,621,5,0,0),(197,686,30,0,0),(197,691,20,0,0),(198,620,10,0,0),(198,621,10,0,0),(198,624,50,0,0),(198,629,20,0,0),(198,723,20,0,0),(198,724,20,0,0),(198,725,20,0,0),(199,532,5,0,0),(199,620,10,0,0),(199,621,10,0,0),(199,703,3,0,0),(200,622,40,0,0),(200,624,40,0,0),(201,628,5,0,0),(201,680,2,0,0),(201,711,1,0,0),(201,715,3,0,0),(201,723,1,0,0),(201,724,1,0,0),(201,726,1,0,0),(201,727,1,0,0),(201,732,1,0,0),(201,737,1,0,0),(201,748,1,0,0),(202,629,5,0,0),(202,631,5,0,0),(203,629,10,0,0),(203,631,5,0,0),(204,629,5,0,0),(204,744,260,0,0),(204,767,260,0,0),(205,515,2,0,0),(205,635,1,0,0),(205,636,1,0,0),(205,651,2,0,0),(205,676,2,0,0),(205,698,2,0,0),(205,744,30,0,0),(205,765,2,0,0),(205,767,30,0,0),(205,768,4,0,0),(205,770,2,0,0),(205,773,5,0,0),(205,781,2,0,0),(205,785,2,0,0),(207,515,15,0,0),(207,636,20,0,0),(207,651,10,0,0),(207,676,15,0,0),(207,688,10,0,0),(207,698,10,0,0),(207,756,5,0,0),(207,772,40,0,0),(207,776,10,0,0),(207,785,10,0,0),(208,515,15,0,0),(208,636,20,0,0),(208,651,10,0,0),(208,676,15,0,0),(208,688,10,0,0),(208,698,10,0,0),(208,756,5,0,0),(208,772,40,0,0),(208,776,10,0,0),(208,785,10,0,0),(209,637,10,0,0),(209,771,5,0,0),(209,782,2,0,0),(210,637,10,0,0),(210,782,1,0,0),(211,639,50,0,0),(212,646,3,0,0),(212,647,3,0,0),(212,650,3,0,0),(213,648,30,0,0),(214,649,20,0,0),(215,646,100,0,0),(215,647,100,0,0),(215,650,100,0,0),(216,646,100,0,0),(216,647,100,0,0),(216,650,100,0,0),(217,508,100,0,0),(217,545,100,0,0),(217,546,100,0,0),(217,601,100,0,0),(217,629,100,0,0),(217,631,100,0,0),(217,644,100,0,0),(217,679,100,0,0),(217,693,100,0,0),(217,749,100,0,0),(218,529,100,0,0),(218,554,100,0,0),(218,555,100,0,0),(218,599,100,0,0),(218,605,100,0,0),(218,606,100,0,0),(218,609,100,0,0),(218,617,100,0,0),(218,619,100,0,0),(218,645,100,0,0),(218,662,100,0,0),(218,666,100,0,0),(218,677,100,0,0),(218,678,100,0,0),(218,680,100,0,0),(218,692,100,0,0),(218,701,100,0,0),(218,714,100,0,0),(218,715,100,0,0),(218,739,100,0,0),(218,740,100,0,0),(218,741,100,0,0),(218,759,100,0,0),(219,652,100,0,0),(219,654,100,0,0),(219,655,100,0,0),(219,656,100,0,0),(219,657,100,0,0),(219,659,50,0,0),(219,732,100,0,0),(219,733,100,0,0),(219,747,100,0,0),(220,596,20,0,0),(220,661,40,0,0),(221,602,30,0,0),(221,664,40,0,0),(221,665,40,0,0),(221,712,40,0,0),(222,664,40,0,0),(222,665,40,0,0),(223,667,5,0,0),(223,668,5,0,0),(223,783,1,0,0),(223,784,1,0,0),(225,669,15,0,0),(226,670,15,0,0),(226,671,15,0,0),(227,670,5,0,0),(227,671,5,0,0),(227,745,15,0,0),(228,550,5,0,0),(228,670,5,0,0),(228,671,5,0,0),(228,684,10,0,0),(228,685,5,0,0),(228,686,10,0,0),(228,700,5,0,0),(229,671,100,0,0),(229,684,30,0,0),(229,686,30,0,0),(230,521,1,0,0),(230,597,1,0,0),(230,598,1,0,0),(231,670,100,0,0),(231,671,100,0,0),(231,681,100,0,0),(231,683,100,0,0),(231,700,100,0,0),(231,723,100,0,0),(231,724,100,0,0),(231,725,100,0,0),(232,602,100,0,0),(232,673,100,0,0),(232,712,100,0,0),(232,737,100,0,0),(232,738,100,0,0),(233,535,100,0,0),(233,596,100,0,0),(233,661,100,0,0),(233,674,100,0,0),(233,754,100,0,0),(233,755,100,0,0),(233,756,100,0,0),(234,551,20,0,0),(235,684,30,0,0),(235,686,30,0,0),(236,528,5,0,0),(237,561,100,0,0),(237,562,100,0,0),(237,695,100,0,0),(238,697,100,0,0),(238,706,100,0,0),(239,688,2,0,0),(239,698,2,0,0),(239,744,130,0,0),(239,767,130,0,0),(239,768,90,0,0),(241,702,100,0,0),(242,612,100,0,0),(243,612,150,0,0),(243,737,150,0,0),(244,704,100,0,0),(244,710,100,0,0),(245,593,100,0,0),(245,594,100,0,0),(245,699,100,0,0),(246,715,100,0,0),(246,716,100,0,0),(247,602,6,0,0),(247,712,3,0,0),(247,714,5,0,0),(248,713,100,0,0),(249,595,20,0,0),(249,602,50,0,0),(249,712,40,0,0),(249,714,50,0,0),(249,715,40,0,0),(249,721,20,0,0),(249,722,20,0,0),(250,595,4,0,0),(250,721,4,0,0),(250,784,30,0,0),(251,595,100,0,0),(251,721,100,0,0),(251,722,100,0,0),(251,730,100,0,0),(251,731,100,0,0),(251,734,100,0,0),(252,602,10,0,0),(252,712,20,0,0),(253,602,20,0,0),(253,712,20,0,0),(254,723,50,0,0),(254,725,50,0,0),(255,728,65,0,0),(255,729,65,0,0),(257,735,70,0,0),(258,735,10,0,0),(259,740,70,0,0),(259,741,70,0,0),(260,740,50,0,0),(260,741,70,0,0),(261,538,100,0,0),(261,540,100,0,0),(261,545,100,0,0),(261,547,100,0,0),(261,551,100,0,0),(261,553,100,0,0),(261,587,100,0,0),(261,589,100,0,0),(261,684,100,0,0),(261,686,100,0,0),(262,539,100,0,0),(262,552,100,0,0),(262,588,100,0,0),(262,685,100,0,0),(263,746,15,0,0),(264,754,60,0,0),(264,755,60,0,0),(266,528,100,0,0),(266,529,100,0,0),(267,758,100,0,0),(268,763,56,0,0),(268,769,120,0,0),(270,773,5,0,0),(270,783,1,0,0),(270,784,1,0,0),(270,785,1,0,0),(271,765,60,0,0),(271,781,60,0,0),(273,771,5,0,0),(274,772,60,0,0),(276,517,35,0,0),(276,688,35,0,0),(276,765,230,0,0),(279,782,10,0,0),(280,782,40,0,0),(281,782,1,0,0),(282,782,1,0,0);
/*!40000 ALTER TABLE `ingredient_meal` ENABLE KEYS */;
UNLOCK TABLES;

--
-- Table structure for table `ingredient_types`
--

DROP TABLE IF EXISTS `ingredient_types`;
/*!40101 SET @saved_cs_client     = @@character_set_client */;
/*!40101 SET character_set_client = utf8 */;
CREATE TABLE `ingredient_types` (
  `id` int(10) unsigned NOT NULL AUTO_INCREMENT,
  `name` varchar(255) COLLATE utf8mb4_unicode_ci NOT NULL,
  `created_at` timestamp NULL DEFAULT NULL,
  `updated_at` timestamp NULL DEFAULT NULL,
  `kitchen_id` int(10) unsigned DEFAULT NULL,
  PRIMARY KEY (`id`),
  KEY `ingredient_types_kitchen_id_foreign` (`kitchen_id`),
  CONSTRAINT `ingredient_types_kitchen_id_foreign` FOREIGN KEY (`kitchen_id`) REFERENCES `kitchens` (`id`) ON DELETE CASCADE
) ENGINE=InnoDB AUTO_INCREMENT=29 DEFAULT CHARSET=utf8mb4 COLLATE=utf8mb4_unicode_ci;
/*!40101 SET character_set_client = @saved_cs_client */;

--
-- Dumping data for table `ingredient_types`
--

LOCK TABLES `ingredient_types` WRITE;
/*!40000 ALTER TABLE `ingredient_types` DISABLE KEYS */;
INSERT INTO `ingredient_types` VALUES (1,'Protein','2019-03-26 17:34:55','2019-03-26 17:34:55',NULL),(2,'Carbohydrate','2019-03-26 17:35:09','2019-03-26 17:35:09',NULL),(3,'Fat','2019-03-26 17:35:16','2019-03-26 17:35:16',NULL),(4,'Dairy','2019-03-26 17:35:45','2019-03-26 17:35:45',NULL),(5,'Vegetable','2019-03-26 17:35:54','2019-03-26 17:35:54',NULL),(6,'Fruit','2019-03-26 17:36:06','2019-03-26 17:36:06',NULL),(7,'NonDairy','2019-03-26 17:36:48','2019-03-26 17:36:48',NULL),(8,'Juices','2019-03-26 17:36:56','2019-03-26 17:36:56',NULL),(9,'Nut Milks','2019-03-26 17:37:16','2019-03-26 17:37:16',NULL),(10,'Smoothies','2019-03-26 17:37:25','2019-03-26 17:37:25',NULL),(11,'Herbs, Spices & Condiments','2019-03-27 15:32:30','2019-04-01 16:20:13',5),(13,'Nuts & Seeds','2019-03-30 09:19:11','2019-04-01 16:53:41',1),(14,'Red Meat','2019-04-21 11:47:03','2019-04-21 11:47:03',2),(15,'Fish','2019-04-21 11:47:48','2019-04-21 11:47:48',2),(16,'Poultry','2019-04-21 11:48:13','2019-04-21 11:48:13',2),(17,'Seafood','2019-04-21 11:48:24','2019-04-21 11:48:24',2),(18,'Feta','2019-04-21 11:50:16','2019-04-21 11:50:16',1),(19,'Cheese','2019-04-21 11:50:25','2019-04-21 11:50:25',1),(20,'Tofu','2019-04-21 11:50:40','2019-04-21 11:50:40',1),(21,'Red Meat','2019-04-21 11:50:50','2019-04-21 11:50:50',2),(22,'Egg','2019-04-21 12:29:26','2019-04-21 12:29:26',2),(24,'Gluten','2019-04-21 12:34:43','2019-04-21 12:34:43',4),(27,'Bokchoy','2019-09-19 07:34:43','2019-09-19 07:34:43',1),(28,'Milk - Low Fat','2019-10-30 06:45:49','2019-10-30 06:45:49',5);
/*!40000 ALTER TABLE `ingredient_types` ENABLE KEYS */;
UNLOCK TABLES;

--
-- Table structure for table `ingredients`
--

DROP TABLE IF EXISTS `ingredients`;
/*!40101 SET @saved_cs_client     = @@character_set_client */;
/*!40101 SET character_set_client = utf8 */;
CREATE TABLE `ingredients` (
  `id` int(10) unsigned NOT NULL AUTO_INCREMENT,
  `name` varchar(255) COLLATE utf8mb4_unicode_ci NOT NULL,
  `protein` double NOT NULL,
  `fat` double NOT NULL,
  `carbohydrates` double NOT NULL,
  `calories` int(11) NOT NULL,
  `created_at` timestamp NULL DEFAULT NULL,
  `updated_at` timestamp NULL DEFAULT NULL,
  `ingredient_type_id` int(10) unsigned DEFAULT NULL,
  PRIMARY KEY (`id`),
  KEY `ingredients_ingredient_type_id_foreign` (`ingredient_type_id`),
  CONSTRAINT `ingredients_ingredient_type_id_foreign` FOREIGN KEY (`ingredient_type_id`) REFERENCES `ingredient_types` (`id`) ON DELETE CASCADE
) ENGINE=InnoDB AUTO_INCREMENT=283 DEFAULT CHARSET=utf8mb4 COLLATE=utf8mb4_unicode_ci;
/*!40101 SET character_set_client = @saved_cs_client */;

--
-- Dumping data for table `ingredients`
--

LOCK TABLES `ingredients` WRITE;
/*!40000 ALTER TABLE `ingredients` DISABLE KEYS */;
INSERT INTO `ingredients` VALUES (1,'Chicken Breast',21,0,0,102,'2019-03-26 17:38:34','2019-03-26 17:38:34',1),(2,'Egg',6.3,4.8,0,72,'2019-03-26 17:40:35','2019-03-26 17:40:35',NULL),(3,'Egg White',3.6,0.1,0.2,17,'2019-03-26 17:47:16','2019-03-26 17:47:16',1),(4,'Beef Tenderloin',26,4,0,141,'2019-03-26 17:47:51','2019-04-21 13:40:02',14),(5,'Minced Beef',21,5,0,130,'2019-03-26 17:48:25','2019-04-21 13:39:38',21),(6,'Salmon',26,6,0,170,'2019-03-26 17:49:18','2019-04-21 13:40:40',15),(7,'Shrimp',20.31,1.73,0.91,106,'2019-03-26 17:50:02','2019-03-26 17:50:02',1),(8,'Hamour',25.6,1.2,5.3,118,'2019-03-26 17:50:39','2019-04-21 13:40:23',15),(9,'Talapia',26,3,0,129,'2019-03-26 17:51:24','2019-03-26 17:51:24',1),(10,'Tofu',12.7,3.8,1.3,89,'2019-03-26 17:52:02','2019-03-26 17:52:02',1),(11,'Yoghurt Plain',4.7,1.2,7.1,58,'2019-03-26 17:52:59','2019-03-26 17:52:59',1),(12,'Brown Rice',3.6,1.3,24.3,118,'2019-03-26 17:53:31','2019-03-26 17:53:31',2),(13,'Quinoa (Cooked)',4.4,1.9,21.3,120,'2019-03-26 17:54:24','2019-03-26 17:56:14',2),(14,'Potato (Raw)',2,0,17,72,'2019-03-26 17:55:11','2019-03-26 17:55:11',2),(15,'Sweet Potato (Raw)',1.6,0,20,86,'2019-03-26 17:55:59','2019-03-26 17:55:59',2),(16,'Olive Oil',0,94.7,0,812,'2019-03-26 17:57:02','2019-03-26 17:57:02',3),(17,'Leek',0.5,0.3,14,61,'2019-03-26 17:57:32','2019-03-26 17:57:32',5),(18,'Broccoli',3.7,0.3,2.1,31,'2019-03-26 17:58:10','2019-03-26 17:58:10',5),(19,'Buckwheat Gluten Free Noodle (Uncooked)',13,3,72,365,'2019-03-27 15:05:15','2019-03-27 15:05:15',2),(20,'Biona Wholegrain Pasta (Uncooked)',12.3,2.2,65.5,350,'2019-03-27 15:06:05','2019-03-27 15:06:05',2),(21,'Barley (Cooked)',2.3,0.4,28.2,123,'2019-03-27 15:07:08','2019-04-21 14:19:28',24),(22,'Gluten Free Penne (Uncooked)',6.7,1.3,79,359,'2019-03-27 15:07:59','2019-03-27 15:07:59',2),(23,'Gluten Free Oats (Uncooked)',14.6,7.3,66.7,396,'2019-03-27 15:08:51','2019-09-24 09:34:54',2),(24,'Avocado',2,15,3.5,175,'2019-03-27 15:09:29','2019-03-27 15:09:29',3),(25,'Green Olives',2,17,3.5,175,'2019-03-27 15:10:21','2019-03-27 15:10:21',3),(26,'Black Olives',0,16.5,6.6,165,'2019-03-27 15:10:54','2019-03-27 15:10:54',3),(27,'Coconut Oil',0,92.4,0,858,'2019-03-27 15:11:34','2019-03-27 15:11:34',3),(28,'Green Beans',0.8,0,3.3,17,'2019-03-27 15:12:30','2019-03-27 15:12:30',5),(29,'Tomatoes',0.9,0.2,3.9,18,'2019-03-27 15:13:16','2019-03-27 15:13:16',5),(30,'Zucchini',1.2,0.3,3.1,17,'2019-03-27 15:14:25','2019-03-27 15:14:25',5),(31,'Onion',1.1,0.1,9,40,'2019-03-27 15:16:11','2019-03-27 15:16:11',5),(32,'Carrot',0.9,0.2,10,41,'2019-03-27 15:16:59','2019-03-27 15:16:59',5),(33,'Red Capsicum',2,0.2,9,40,'2019-03-27 15:17:40','2019-03-27 15:17:40',5),(34,'Green Capsicum',0.8,0.2,4.6,20,'2019-03-27 15:18:09','2019-03-27 15:18:09',5),(35,'Yellow Capsicum',1,0.2,6,27,'2019-03-27 15:18:43','2019-03-27 15:18:43',5),(36,'Spinach',3,0,3.7,23,'2019-03-27 15:20:58','2019-03-27 15:20:58',5),(37,'Cucumber',0.7,0,4,16,'2019-03-27 15:21:32','2019-03-27 15:21:32',5),(38,'Celery',0.7,0.2,3,16,'2019-03-27 15:24:25','2019-03-27 15:24:25',5),(39,'Iceberg Lettuce',0.5,0.1,1.5,7,'2019-03-27 15:25:09','2019-03-27 15:25:09',5),(40,'Rocket Leaves (Jarjeer, Rucola)',3.6,0.5,1.5,29,'2019-03-27 15:26:06','2019-03-27 15:26:06',5),(41,'Mixed Lettuce Leaves',0.7,0.7,3,16,'2019-03-27 15:26:37','2019-03-27 15:26:37',5),(42,'Chickpeas',7,2.8,22.5,139,'2019-03-27 15:27:25','2019-03-27 15:27:25',5),(43,'Red Lentils',9,0.4,20.1,116,'2019-03-27 15:29:16','2019-03-27 15:29:16',5),(44,'Green Lentils',5,0.4,10.2,65,'2019-03-27 15:29:45','2019-03-27 15:29:45',5),(45,'Garlic',0,0,25,100,'2019-03-27 15:30:16','2019-03-27 15:33:33',11),(46,'Ginger',1.8,0.8,17.8,80,'2019-03-27 15:31:05','2019-03-27 15:33:19',11),(47,'Turmeric',7.9,9.9,64.9,354,'2019-03-27 15:31:58','2019-03-27 15:32:56',11),(48,'Edemame',12.7,4.2,11.3,127,'2019-03-27 15:36:15','2019-03-27 15:36:15',5),(49,'Corn',3.3,0.5,21,88,'2019-03-27 15:37:01','2019-03-27 15:37:01',5),(50,'Green Peas',8.3,0.4,12.8,105,'2019-03-27 15:37:44','2019-03-27 15:37:44',5),(51,'Parsley',3,0.8,6.3,38,'2019-03-27 15:38:23','2019-03-27 15:38:23',5),(52,'Asparagus',2.2,0.1,3.9,20,'2019-03-27 15:39:01','2019-03-27 15:39:01',5),(53,'Coriander',2.1,0.5,3.7,23,'2019-03-27 15:39:48','2019-03-27 15:39:48',11),(54,'Palm Heart',6.1,5.2,16,28,'2019-03-27 15:40:21','2019-03-27 15:40:21',5),(55,'Capers (In Brine)',0.8,0.7,2,27,'2019-03-27 15:41:05','2019-03-27 15:41:05',5),(56,'Mint Leaves',4,1,15,70,'2019-03-27 15:41:32','2019-03-27 15:41:56',5),(57,'Banana',1,0.3,21.4,83,'2019-03-27 15:43:02','2019-03-27 15:43:02',6),(58,'Red Apple',0,0,14.3,57,'2019-03-27 15:43:51','2019-03-27 15:45:52',6),(59,'Green Apple',0.3,0,14,52,'2019-03-27 15:46:38','2019-03-27 15:46:38',6),(60,'Strawberry',0.7,0.3,7.7,32,'2019-03-27 15:47:42','2019-03-27 15:47:42',6),(61,'Blueberries',0.8,0.3,14.5,60,'2019-03-27 15:48:21','2019-03-27 15:48:21',6),(62,'Mango',0.7,0.2,13.6,63,'2019-03-27 15:49:03','2019-03-27 15:49:03',6),(63,'Lemon (Juice)',0.2,0.1,3.2,10,'2019-03-27 15:51:29','2019-03-27 15:51:29',6),(64,'Papaya',1,0,10,39,'2019-03-27 15:52:24','2019-03-27 15:52:24',6),(65,'Dragon Fruit',2,2,9,60,'2019-03-27 15:53:14','2019-03-27 15:53:14',6),(66,'Watermelon',0.6,0.2,7.6,30,'2019-03-27 15:54:27','2019-03-27 15:54:27',6),(67,'Pineapple',0.5,0.1,13.1,50,'2019-03-27 15:55:50','2019-03-27 15:55:50',6),(68,'Pomegranate',1,0.3,17.2,75,'2019-03-27 15:57:38','2019-03-27 15:57:38',6),(69,'Honeydew (Green Melon)',0.5,0.1,9,36,'2019-03-27 15:58:49','2019-03-27 16:02:42',6),(70,'Yellow Melon (Cantaloupe)',0.8,0.2,8.2,34,'2019-03-27 16:00:50','2019-03-27 16:02:10',6),(71,'Orange',1,0,13,49,'2019-03-27 16:03:37','2019-03-27 16:03:37',6),(72,'Pear',0.4,0.1,15.2,57,'2019-03-27 16:04:42','2019-03-27 16:04:42',6),(73,'Kiwi',1,1,15,61,'2019-03-27 16:05:26','2019-03-27 16:05:26',6),(74,'Salt',0,0,0,0,'2019-03-27 16:26:02','2019-03-27 16:26:02',11),(75,'Pepper',10,3.3,64,64,'2019-03-27 16:27:22','2019-03-27 16:27:22',11),(76,'Lime Juice',0.4,0.1,8.8,26,'2019-03-27 16:29:19','2019-03-27 16:29:19',6),(77,'Radish',0.7,0.1,3.4,16,'2019-03-30 09:04:17','2019-03-30 09:04:17',5),(78,'Lite Soy Sauce (Kikomann)',6.8,0,6.8,68,'2019-03-30 09:05:30','2019-04-01 16:19:19',11),(79,'Sesame Seeds',17.8,50,23.3,578,'2019-03-30 09:18:47','2019-03-30 09:19:56',13),(80,'Peanuts',24.7,49.4,17.6,564,'2019-03-30 09:21:30','2019-03-30 09:21:30',13),(81,'Cashews',17.9,46.4,28.6,571,'2019-03-30 09:22:29','2019-03-30 09:22:29',13),(82,'Almonds',21.1,49.9,21.5,579,'2019-03-30 09:23:12','2019-03-30 09:23:12',13),(83,'Cocoa Powder',19,20.6,19.7,263,'2019-04-01 16:07:38','2019-04-01 16:07:38',11),(84,'Tuttorusso (Crushed Tomato)',1.6,0,8.2,41,'2019-04-01 16:09:25','2019-04-01 16:09:25',11),(86,'Beetroot (Fresh)',1.6,0.2,10,43,'2019-04-01 16:15:05','2019-04-01 16:15:05',5),(87,'Tahina',18,51,24,586,'2019-04-01 16:18:20','2019-04-01 16:18:20',11),(88,'Honey',0.3,0,82.6,304,'2019-04-01 16:22:07','2019-04-01 16:22:07',11),(89,'Coconut Yoghurt',1.5,23.7,3.4,229,'2019-04-01 16:23:31','2019-04-01 16:23:31',7),(90,'Dates (Pitted)',2,0.2,67.2,306,'2019-04-01 16:25:23','2019-04-01 16:25:23',6),(91,'Turmeric (Powder)',0,0,60,240,'2019-04-01 16:29:00','2019-04-01 16:29:00',11),(92,'Oregano (Powder)',9,4.28,68.9,265,'2019-04-01 16:32:20','2019-04-01 16:32:20',11),(93,'Oregano (Fresh)',9,4.3,69,265,'2019-04-01 16:35:21','2019-04-01 16:35:21',11),(94,'Tamari',13.5,0,6.8,81,'2019-04-01 16:37:19','2019-04-01 16:37:19',11),(95,'Balsamic Vinegar',0,0,67.6,271,'2019-04-01 16:39:23','2019-04-01 16:39:23',11),(96,'White Vinegar',0.5,0.4,0.2,24,'2019-04-01 16:40:49','2019-04-01 16:40:49',11),(97,'Peanut Butter',24,21,120,165,'2019-04-01 16:44:06','2019-04-01 16:44:06',11),(98,'Chia Seeds',17,31,8,447,'2019-04-01 16:52:39','2019-04-01 16:52:39',13),(99,'Walnuts',15.2,65.2,13.7,653,'2019-04-01 16:55:18','2019-04-01 16:55:18',13),(100,'Peanuts',24.7,49.4,17.6,564,'2019-04-01 16:56:30','2019-04-01 16:56:30',13),(101,'Cashew Nuts',18.2,43.8,30.1,552,'2019-04-01 16:57:50','2019-04-01 16:57:50',13),(102,'Almonds',21.1,49.9,21.5,579,'2019-04-01 16:59:06','2019-04-01 16:59:06',13),(103,'Bare Dark Chocolate',9,43,33,577,'2019-04-01 17:01:26','2019-04-01 17:01:26',11),(104,'Chocolat Stella (No Added Sugar)',9,42,34,570,'2019-04-01 17:07:15','2019-04-01 18:00:52',11),(105,'Cooking Cream',2.6,12,5.8,134,'2019-04-01 17:15:25','2019-04-01 17:15:25',4),(106,'Hellmans (Light Mayo)',0,23.3,6.7,200,'2019-04-01 17:16:35','2019-04-01 17:16:35',11),(107,'Plain White Flour',10.3,1.3,70.6,345,'2019-04-01 17:18:47','2019-04-21 14:19:06',24),(108,'Wholewheat Flour',13.8,1.6,67.5,338,'2019-04-01 17:19:51','2019-04-21 14:20:32',24),(109,'Rice Noodle',0.9,0.2,24.9,109,'2019-04-01 17:21:16','2019-04-01 17:21:16',2),(110,'Eggplant',1,0.2,6,25,'2019-04-01 17:22:39','2019-04-01 17:22:39',5),(111,'Maple Syrup',0,0,87.9,352,'2019-04-01 17:25:24','2019-04-01 17:25:24',11),(112,'Chickpea Flour',24,8,60,408,'2019-04-01 17:30:27','2019-04-01 17:30:27',2),(113,'Pine Nuts',14,68.6,4,693,'2019-04-01 17:33:37','2019-04-01 17:33:37',13),(114,'Sunflower Seeds',20.8,51.5,20,586,'2019-04-01 17:34:48','2019-04-01 17:34:48',13),(115,'Grapefruit',0.8,0.1,9.8,42,'2019-04-01 17:36:42','2019-04-01 17:36:42',6),(116,'Cumin Powder',17.8,4.8,44.2,375,'2019-04-01 17:39:39','2019-04-01 17:39:39',11),(117,'Rosemary (Fresh)',0.4,0.7,2.4,14,'2019-04-01 17:41:51','2019-04-01 17:41:51',11),(118,'Rosemary (Dried)',4.9,15.2,64.1,331,'2019-04-01 17:43:04','2019-04-01 17:43:04',11),(119,'Lamb (Lean Meat)',17.1,14.6,0,215,'2019-04-01 17:44:24','2019-06-20 11:38:32',14),(120,'Stevia',0,0,0,0,'2019-04-01 17:46:57','2019-04-01 17:46:57',11),(121,'Agave',0,0,108.2,406,'2019-04-01 17:48:23','2019-04-01 17:48:23',11),(122,'Xylitol',0,0,70.8,261,'2019-04-01 17:49:24','2019-09-17 14:42:15',10),(123,'Cauliflower',2,0.1,5.3,25,'2019-04-01 17:57:31','2019-04-01 17:57:31',5),(124,'Spring Onion',1.8,0.2,7.3,30,'2019-04-01 17:58:54','2019-04-01 17:58:54',5),(125,'Butter (Kerrygold)',0,32.8,0,296,'2019-04-01 18:02:29','2019-04-01 18:02:29',3),(126,'Crisco Vegetable Shortening',0,100,0,875,'2019-04-01 18:05:23','2019-04-01 18:05:23',3),(127,'Earth Balance (Vegan Butter)',0,81.8,0,727,'2019-04-01 18:07:18','2019-04-01 18:07:18',3),(128,'Green Earth',1.24,0.32,19,37,'2019-04-06 07:00:21','2019-04-06 07:00:21',8),(129,'Sweet Green',0.583,0.182,12.161,38,'2019-04-06 07:02:13','2019-04-06 07:02:13',8),(130,'pickles',0.9,0.4,2.6,17,'2019-04-08 13:52:41','2019-04-08 13:52:41',5),(131,'Mozerella',28.2,17.6,3.5,282,'2019-04-21 11:55:01','2019-04-21 11:55:01',19),(132,'Feta Cheese Lite',14.5,11.6,5.3,184,'2019-04-21 11:55:58','2019-04-21 11:55:58',18),(133,'Edam',23.3,30,0,333,'2019-04-21 11:56:49','2019-04-21 11:56:49',19),(134,'Gruyere',29.8,32.3,0.4,413,'2019-04-21 11:57:46','2019-04-21 11:57:46',19),(135,'Cherry Tomatoes',0.9,0.2,2,18,'2019-04-21 12:24:57','2019-04-21 12:24:57',5),(136,'Sumac',0,0,20.3,203,'2019-04-21 12:26:32','2019-04-21 12:26:32',11),(137,'Mushroom',2.4,0,3.5,24,'2019-04-21 12:27:22','2019-04-21 12:27:22',5),(139,'Seabass',22.1,5.8,0.4,148,'2019-04-22 10:44:12','2019-04-22 10:44:12',15),(140,'Almond Milk',1.37,2.6,5.62,51,'2019-06-12 09:16:22','2019-06-12 09:16:22',9),(141,'Rice Vinegar',0,0,0.1,19,'2019-06-12 09:28:35','2019-06-20 11:33:50',11),(142,'Polenta',2,0,18,84,'2019-06-12 09:50:37','2019-06-12 09:50:37',2),(143,'Basil',0,0,0.1,19,'2019-06-12 10:05:30','2019-06-20 11:33:24',11),(144,'Paprika',14,13,54,282,'2019-06-12 10:07:40','2019-06-12 10:07:40',11),(145,'Saffron',11.4,5.8,65.3,310,'2019-06-18 09:22:20','2019-06-20 11:32:19',11),(146,'Baby Marrow',1,0,3,17,'2019-06-18 09:24:02','2019-06-18 09:24:02',5),(147,'Thyme',5.6,1.7,24.5,101,'2019-06-18 09:25:32','2019-06-20 07:54:13',11),(148,'Cocoa Powder (Cadbury Bourneville)',25.8,11,24,347,'2019-06-20 07:49:51','2019-06-20 07:51:40',11),(149,'Almond Flour',21.4,50,10.7,571,'2019-06-20 07:51:05','2019-06-20 07:51:05',13),(150,'Granola',2.1,9.4,16.4,154,'2019-06-20 10:09:50','2019-06-20 10:09:50',13),(151,'Semolina',13,1.1,73,360,'2019-06-20 11:40:56','2019-06-20 11:40:56',24),(152,'Cardamom (Ground)',10.8,6.7,68.5,311,'2019-06-20 12:26:22','2019-06-20 12:26:22',11),(153,'Red Cabbage',1.4,0.2,7.4,31,'2019-06-20 12:39:02','2019-06-20 12:39:02',5),(154,'White Cabbage',1.3,0.1,6,22,'2019-06-20 12:39:43','2019-06-20 12:39:43',5),(155,'Baby Spinach',8,0,12,80,'2019-06-20 12:40:32','2019-06-20 12:40:32',5),(156,'Cilantro',2,1,4,23,'2019-06-23 07:53:42','2019-06-23 07:53:42',11),(157,'Orange Juice',0,0,13,50,'2019-06-23 08:09:29','2019-06-23 08:09:29',8),(158,'Coconut Milk',1,20,2,188,'2019-06-23 08:41:00','2019-06-23 08:41:00',9),(159,'Soy Sauce',13.3,0,6.7,67,'2019-06-23 13:30:05','2019-06-23 13:30:05',11),(161,'Corn Flour (Golden)',2,1,24,110,'2019-06-23 13:39:56','2019-06-23 13:39:56',24),(162,'Capers',2.3,0.8,4.8,23,'2019-06-24 13:06:47','2019-06-24 13:06:47',5),(163,'Vegan Butter',0,10,0,80,'2019-06-24 13:11:40','2019-06-24 13:11:40',7),(164,'Lamb',31,7,0,187,'2019-06-26 09:03:33','2019-06-26 09:03:33',14),(165,'Okra',2,0.1,7.03,31,'2019-06-26 09:24:12','2019-06-26 09:24:12',5),(166,'Lemon Grass',1.8,0.5,25,99,'2019-06-27 09:00:57','2019-06-27 09:00:57',11),(167,'Black Lime Powder',0.5,0,35,174,'2019-06-29 11:22:15','2019-06-29 11:22:15',11),(168,'Halloumi',17,20,1,253,'2019-06-29 13:25:28','2019-06-29 13:25:28',4),(169,'Brussel Sprout',3.1,1.3,3.2,35,'2019-07-07 14:04:34','2019-07-07 14:04:34',5),(170,'Kidney Beans',8.7,0.5,22.8,127,'2019-07-07 14:19:05','2019-07-07 14:19:05',5),(171,'Mange Tout',3.6,0.2,4.2,33,'2019-07-08 06:14:33','2019-07-08 06:14:33',5),(172,'Hazel Nuts',23,56,7,623,'2019-07-14 13:21:38','2019-07-14 13:21:38',13),(173,'Lamb',31,7,0,187,'2019-07-27 11:31:49','2019-07-27 11:31:49',14),(174,'Tahina Paste',24.4,58.3,9,672,'2019-07-27 11:38:40','2019-07-27 11:38:40',10),(175,'Couscous',3,0,22,112,'2019-08-17 10:23:32','2019-08-17 10:23:32',2),(176,'Caraway Seeds',19.7,14.5,49.9,333,'2019-08-18 08:47:13','2019-08-18 08:47:13',11),(177,'worcestershire Sauce',0,0,19.4,67,'2019-08-18 08:50:40','2019-08-18 08:50:40',10),(178,'Sesame Oil',0,98,0,840,'2019-08-24 14:50:25','2019-08-24 14:50:25',3),(179,'Brown Sugar',0,0,97.3,377,'2019-08-24 14:52:53','2019-08-24 14:52:53',11),(180,'Nutritional Yeast',40,3.3,40,333,'2019-09-13 08:14:30','2019-09-13 08:14:30',10),(181,'All Purpose Flour',10.3,0.98,76.3,364,'2019-09-13 08:17:35','2019-09-13 08:17:35',2),(182,'Dory Fish',13,4,0,90,'2019-09-14 09:48:16','2019-09-14 09:48:16',1),(183,'Kale Leaves',3,0,10,51,'2019-09-14 13:34:45','2019-09-14 13:34:45',11),(184,'Puy Lentil',9,1,19,145,'2019-09-14 13:38:20','2019-09-14 13:38:20',NULL),(185,'Mustard',3.9,3.1,7.7,66,'2019-09-15 09:51:38','2019-09-15 09:51:38',11),(186,'Mayonnaise (Egg Free & DF)',6,9,18,177,'2019-09-15 14:46:51','2019-09-15 14:46:51',10),(187,'ricotta',9.3,10,3,134,'2019-09-17 08:11:56','2019-09-17 08:11:56',4),(188,'Yeast',8.4,1.9,18,105,'2019-09-17 08:13:38','2019-09-17 08:13:38',10),(189,'Garlic Powder',16.8,0.76,72.71,332,'2019-09-18 08:24:59','2019-09-18 08:24:59',11),(190,'Onion Powder',10,1,79,341,'2019-09-18 08:33:24','2019-09-18 08:33:24',11),(191,'Bay Leaf',7.6,8.3,74.9,313,'2019-09-18 08:49:12','2019-09-18 08:49:12',11),(192,'Cloves',5.9,20,61.21,323,'2019-09-18 08:50:19','2019-09-18 08:50:19',11),(193,'Curry Powder',14.6,15.2,62.4,317,'2019-09-18 08:55:41','2019-09-18 08:55:41',11),(194,'Coriander Powder',12.3,17.9,55.4,302,'2019-09-18 08:59:23','2019-09-18 08:59:23',11),(195,'Whole Cardamom',11,6.7,68,311,'2019-09-18 09:11:08','2019-09-18 09:11:08',11),(196,'Chinese Cabbage',1.5,0.2,2.1,13,'2019-09-19 06:22:56','2019-09-19 06:22:56',5),(197,'Bokchoy',1,0.2,1.4,11,'2019-09-19 07:35:48','2019-09-19 07:35:48',5),(198,'Bean Sprout',2.3,0.6,3.2,27,'2019-09-19 07:36:34','2019-09-19 07:36:34',5),(199,'Oyster Sauce',0,0,17,70,'2019-09-19 07:43:50','2019-09-19 07:43:50',10),(200,'Rice Paper',5.8,0.5,77.4,337,'2019-09-19 08:16:26','2019-09-19 10:30:56',2),(201,'Dill',3.46,1.12,7,43,'2019-09-19 13:23:37','2019-09-19 13:23:37',11),(202,'Goji Berry',15.6,0.5,51,313,'2019-09-19 13:28:58','2019-09-19 13:28:58',6),(203,'Pumpkin Seeds',18,19,53,446,'2019-09-19 13:32:17','2019-09-19 13:32:17',13),(204,'Flax Seeds',18.3,42.2,28.9,534,'2019-09-19 13:39:32','2019-09-19 13:39:32',13),(205,'Vanilla Extract',0.1,0.1,13,288,'2019-09-21 11:36:18','2019-09-21 11:36:18',10),(206,'Blueberries',0.8,0.3,14.5,60,'2019-09-21 11:39:58','2019-09-21 11:39:58',6),(207,'Raspberry',1.2,0.6,11.9,52,'2019-09-21 11:40:36','2019-09-21 11:40:36',6),(208,'Blackberry',1.3,0.4,9.6,43,'2019-09-21 11:41:10','2019-09-21 11:41:10',6),(209,'Pistachio',20.6,44.4,27.9,557,'2019-09-21 12:56:26','2019-09-21 12:56:26',13),(210,'Rose Water',9,0,1,8,'2019-09-21 12:58:39','2019-09-21 12:58:39',10),(211,'Corn Polenta',2,0,15,70,'2019-09-21 14:04:54','2019-09-21 14:04:54',2),(212,'Raisains',3,0,76,316,'2019-09-22 09:08:03','2019-09-22 09:08:03',13),(213,'Romaine Lettuce',1,0,3,17,'2019-09-22 09:26:47','2019-09-22 09:26:47',5),(214,'Pomegranate Molasses',0,0,50,222,'2019-09-22 09:31:23','2019-09-22 09:31:23',10),(215,'Fatoush Salad',1,2,6,54,'2019-09-22 12:40:27','2019-09-22 12:40:27',5),(216,'Pomegranate Dressing',0,2,10,61,'2019-09-22 12:41:01','2019-09-22 12:41:01',10),(217,'Tahina Dressing',2,9,2,93,'2019-09-22 12:46:05','2019-09-22 12:46:05',10),(218,'Herbed Lemon Dressing',0,5,2,46,'2019-09-22 12:48:18','2019-09-22 12:48:18',10),(219,'Tomato Sauce',0,5,3,53,'2019-09-23 08:37:19','2019-10-08 09:06:14',10),(220,'Sun Dried Tomato',3.2,14.1,8.3,186,'2019-09-23 10:51:53','2019-09-23 10:51:53',5),(221,'Broccolini',3,0,1,41,'2019-09-24 08:53:59','2019-09-24 08:53:59',5),(222,'Pak Choy',1,0.2,1.4,11,'2019-09-24 08:54:50','2019-09-24 08:54:50',5),(223,'Cinnamon',3.8,3.1,79.8,261,'2019-09-24 09:30:28','2019-09-24 09:30:28',11),(224,'Red Apple',0,0,14.3,57,'2019-09-24 09:31:24','2019-09-24 09:31:24',6),(225,'Crispy Rice',6.3,1.2,85.5,387,'2019-09-24 13:57:28','2019-09-24 13:57:28',2),(226,'Coconut Sugar',0,0,100,360,'2019-09-25 06:52:44','2019-09-25 06:52:44',7),(227,'Fish Sauce',4.8,0.1,3.5,34,'2019-09-25 06:54:53','2019-09-25 06:54:53',10),(228,'Thai Ginger (Galangal)',1,0,15,71,'2019-09-25 07:11:09','2019-09-25 07:11:09',11),(229,'Thai Green bean',2,0,8,47,'2019-09-25 08:31:21','2019-09-25 08:31:32',5),(230,'Nut Meg',5.8,36.3,49.2,525,'2019-09-25 10:06:26','2019-09-25 10:06:26',11),(231,'Thai Dressing',0,7,0,60,'2019-09-25 10:27:54','2019-10-07 08:59:52',10),(232,'Mustard Vinaigrette',0,1,5,45,'2019-09-26 08:07:46','2019-09-26 08:07:46',10),(233,'Balsamic Dressing',0,9,21,115,'2019-09-26 12:32:25','2019-09-26 12:32:25',10),(234,'Lemon',5.4,0.2,5.4,15,'2019-09-29 07:27:05','2019-09-29 07:27:05',5),(235,'Thai Eggplant',1,0,7,39,'2019-09-30 14:22:24','2019-09-30 14:22:24',5),(236,'Whole Black Pepper',10.9,3.3,64.8,255,'2019-09-30 14:36:24','2019-09-30 14:36:24',11),(237,'Salsa Verde',1,5,6,64,'2019-10-01 08:55:02','2019-10-01 08:55:02',10),(238,'Mushroom Sauce',1,5,6,64,'2019-10-01 13:28:01','2019-10-01 13:28:01',10),(239,'Dried Coconut',2.7,24,44,388,'2019-10-02 13:02:44','2019-10-02 13:02:44',10),(240,'Orange Segment',1,0,2,38,'2019-10-02 13:05:18','2019-10-02 13:05:18',8),(241,'Pepper Sauce',0,2,5,49,'2019-10-02 14:45:45','2019-10-02 14:45:45',10),(242,'Dill Sauce',2,7,5,85,'2019-10-02 14:52:22','2019-10-02 14:52:22',10),(243,'Tuna Fish',29,0.6,0,130,'2019-10-02 14:54:16','2019-10-02 14:54:16',1),(244,'Sesame Soy & Ginger Sauce',0,6,1,53,'2019-10-02 15:29:47','2019-10-02 15:29:47',10),(245,'Ponzu Dressing',0,6,0,50,'2019-10-03 07:49:14','2019-10-03 07:49:14',10),(246,'Lemon & Caper Sauce',0,1,5,46,'2019-10-05 07:31:14','2019-10-05 07:31:14',NULL),(247,'Tarragon',22.7,7.2,50.2,295,'2019-10-05 07:39:40','2019-10-05 07:39:40',11),(248,'Foul Madammes',7,1,15,100,'2019-10-05 12:37:56','2019-10-05 12:37:56',2),(249,'Gem Heart Lettuce',0,0,1,16,'2019-10-05 13:46:56','2019-10-05 13:46:56',5),(250,'Gluten Free Flour',8.6,10,68.6,371,'2019-10-06 08:10:59','2019-10-06 08:10:59',24),(251,'Ranch Dressing (DF)',1,7,7,90,'2019-10-06 09:20:30','2019-10-06 09:20:30',10),(252,'Radicchio',1.4,0.3,4.5,23,'2019-10-06 09:44:04','2019-10-06 09:44:04',5),(253,'Fennel Cobb',2.9,0.4,17,73,'2019-10-06 09:46:01','2019-10-06 09:46:01',5),(254,'Pomelo',0.76,0.04,9.6,38,'2019-10-07 08:55:46','2019-10-07 08:55:46',6),(255,'White Beans',9.75,0.35,25.1,126,'2019-10-07 12:00:12','2019-10-07 12:02:34',5),(256,'Peach',0.9,0.3,9.5,39,'2019-10-07 12:54:33','2019-10-07 12:54:33',6),(257,'Labna',5,18,0,210,'2019-10-08 13:36:11','2019-10-08 13:36:11',4),(258,'Zaatar',5.6,12.3,37.7,270,'2019-10-08 13:38:05','2019-10-08 13:38:05',4),(259,'Farro',11.6,2.2,69.9,338,'2019-10-08 15:32:16','2019-10-08 15:32:16',2),(260,'Butternut  Squash',1.1,0,8.3,38,'2019-10-08 15:33:08','2019-10-08 15:33:08',5),(261,'Brown Rice Preparation',4,6,26,166,'2019-10-09 08:48:14','2019-10-09 08:48:14',2),(262,'Cauliflower Rice Preparation',2,5,10,84,'2019-10-09 08:55:01','2019-10-09 08:55:01',5),(263,'Baby Corn',2.5,0.4,3.1,26,'2019-10-10 07:09:14','2019-10-10 07:09:14',5),(264,'Goat Cheese',13.8,21.2,3.8,262,'2019-10-14 07:47:57','2019-10-14 07:47:57',4),(265,'Apple Cider Vinegar',0.06,0.12,12.24,49,'2019-10-14 07:55:52','2019-10-14 07:55:52',10),(266,'Tomato Salsa',0,3,2,32,'2019-10-15 07:31:13','2019-10-15 07:31:13',10),(267,'Oyster Mushroom',3,0,8,35,'2019-10-15 12:01:59','2019-10-15 12:01:59',5),(268,'Dark Chocolate (Sugar Free- Keto)',0,36,25,460,'2019-10-23 09:44:22','2019-10-23 09:44:22',10),(269,'Golden Flax',19,41,28,534,'2019-10-23 09:46:40','2019-10-23 09:46:40',13),(270,'Baking Powder',0.1,0.4,46.9,97,'2019-10-23 09:48:10','2019-10-23 09:48:10',10),(271,'Cranberry',0,1,82,308,'2019-10-23 10:31:24','2019-10-23 10:31:24',6),(272,'unsalted Butter',0,82,0,736,'2019-10-23 10:33:44','2019-10-23 10:33:44',4),(273,'Raisins- Black',2,0,66,264,'2019-10-24 08:58:56','2019-10-24 08:58:56',13),(274,'Watermelon',0.6,0.2,7.6,30,'2019-10-26 12:04:24','2019-10-26 12:04:24',6),(275,'Almond Chocolate Chip Muffin',5,10,9,146,'2019-10-27 07:21:55','2019-10-27 07:21:55',7),(276,'Whole Grain Oats',12,8.4,56,370,'2019-10-29 07:59:43','2019-10-29 07:59:43',2),(277,'Milk',3.3,3.9,4.7,67,'2019-10-29 15:51:49','2019-10-29 15:51:49',4),(278,'Philedelphia Light Cheese',6.6,8.8,5,128,'2019-10-29 15:53:03','2019-10-29 15:53:03',4),(279,'Kunafa',0,12,106,154,'2019-10-29 15:55:07','2019-10-29 15:55:07',7),(280,'Low Fat Milk',3.5,1.1,4.9,43,'2019-10-30 06:49:54','2019-10-30 06:49:54',4),(281,'Corn Starch',7.1,3.5,77.6,388,'2019-10-30 06:56:16','2019-10-30 06:56:16',NULL),(282,'Ghee',0,100,0,869,'2019-10-30 07:03:15','2019-10-30 07:03:15',4);
/*!40000 ALTER TABLE `ingredients` ENABLE KEYS */;
UNLOCK TABLES;

--
-- Table structure for table `kitchens`
--

DROP TABLE IF EXISTS `kitchens`;
/*!40101 SET @saved_cs_client     = @@character_set_client */;
/*!40101 SET character_set_client = utf8 */;
CREATE TABLE `kitchens` (
  `id` int(10) unsigned NOT NULL AUTO_INCREMENT,
  `name` varchar(255) COLLATE utf8mb4_unicode_ci NOT NULL,
  `created_at` timestamp NULL DEFAULT NULL,
  `updated_at` timestamp NULL DEFAULT NULL,
  PRIMARY KEY (`id`)
) ENGINE=InnoDB AUTO_INCREMENT=6 DEFAULT CHARSET=utf8mb4 COLLATE=utf8mb4_unicode_ci;
/*!40101 SET character_set_client = @saved_cs_client */;

--
-- Dumping data for table `kitchens`
--

LOCK TABLES `kitchens` WRITE;
/*!40000 ALTER TABLE `kitchens` DISABLE KEYS */;
INSERT INTO `kitchens` VALUES (1,'Vegetables','2019-03-17 13:29:54','2019-03-17 13:29:54'),(2,'Meat','2019-03-26 17:43:19','2019-03-26 17:43:19'),(3,'Vegetable & Juice','2019-03-26 17:43:30','2019-03-26 17:43:48'),(4,'Baking','2019-03-26 17:43:54','2019-03-26 17:43:54'),(5,'Hot Kitchen','2019-03-27 16:35:15','2019-03-27 16:35:15');
/*!40000 ALTER TABLE `kitchens` ENABLE KEYS */;
UNLOCK TABLES;

--
-- Table structure for table `meal_categories`
--

DROP TABLE IF EXISTS `meal_categories`;
/*!40101 SET @saved_cs_client     = @@character_set_client */;
/*!40101 SET character_set_client = utf8 */;
CREATE TABLE `meal_categories` (
  `id` int(10) unsigned NOT NULL AUTO_INCREMENT,
  `name` varchar(255) COLLATE utf8mb4_unicode_ci NOT NULL,
  `created_at` timestamp NULL DEFAULT NULL,
  `updated_at` timestamp NULL DEFAULT NULL,
  PRIMARY KEY (`id`)
) ENGINE=InnoDB DEFAULT CHARSET=utf8mb4 COLLATE=utf8mb4_unicode_ci;
/*!40101 SET character_set_client = @saved_cs_client */;

--
-- Dumping data for table `meal_categories`
--

LOCK TABLES `meal_categories` WRITE;
/*!40000 ALTER TABLE `meal_categories` DISABLE KEYS */;
/*!40000 ALTER TABLE `meal_categories` ENABLE KEYS */;
UNLOCK TABLES;

--
-- Table structure for table `meal_types`
--

DROP TABLE IF EXISTS `meal_types`;
/*!40101 SET @saved_cs_client     = @@character_set_client */;
/*!40101 SET character_set_client = utf8 */;
CREATE TABLE `meal_types` (
  `id` int(10) unsigned NOT NULL AUTO_INCREMENT,
  `name` varchar(255) COLLATE utf8mb4_unicode_ci NOT NULL,
  `calories_percentage` int(11) NOT NULL,
  `created_at` timestamp NULL DEFAULT NULL,
  `updated_at` timestamp NULL DEFAULT NULL,
  `extra` tinyint(4) NOT NULL DEFAULT 0,
  PRIMARY KEY (`id`)
) ENGINE=InnoDB AUTO_INCREMENT=17 DEFAULT CHARSET=utf8mb4 COLLATE=utf8mb4_unicode_ci;
/*!40101 SET character_set_client = @saved_cs_client */;

--
-- Dumping data for table `meal_types`
--

LOCK TABLES `meal_types` WRITE;
/*!40000 ALTER TABLE `meal_types` DISABLE KEYS */;
INSERT INTO `meal_types` VALUES (8,'Breakfast',20,'2019-04-06 06:44:16','2019-04-06 07:50:38',0),(9,'Lunch',30,'2019-04-06 06:44:26','2019-04-06 07:50:56',0),(10,'Dinner',30,'2019-04-06 06:44:33','2019-04-06 07:55:02',0),(11,'Snack 1',10,'2019-04-06 07:03:46','2019-04-06 07:50:19',0),(12,'Snack 2',10,'2019-04-06 07:03:57','2019-04-06 07:50:25',0),(15,'Extra Meal',0,'2019-09-03 06:13:19','2019-09-03 06:13:19',0),(16,'Extra Meal',0,'2019-09-03 06:13:31','2019-09-03 06:13:31',0);
/*!40000 ALTER TABLE `meal_types` ENABLE KEYS */;
UNLOCK TABLES;

--
-- Table structure for table `meals`
--

DROP TABLE IF EXISTS `meals`;
/*!40101 SET @saved_cs_client     = @@character_set_client */;
/*!40101 SET character_set_client = utf8 */;
CREATE TABLE `meals` (
  `id` int(10) unsigned NOT NULL AUTO_INCREMENT,
  `name` varchar(255) COLLATE utf8mb4_unicode_ci NOT NULL,
  `kitchen_id` int(10) unsigned NOT NULL,
  `created_at` timestamp NULL DEFAULT NULL,
  `updated_at` timestamp NULL DEFAULT NULL,
  `meal_type_id` int(10) unsigned NOT NULL,
  `total_calories` int(11) NOT NULL DEFAULT 0,
  `custom` tinyint(4) NOT NULL DEFAULT 0,
  `total_fats` int(11) NOT NULL DEFAULT 0,
  `total_proteins` int(11) NOT NULL DEFAULT 0,
  `total_carbs` int(11) NOT NULL DEFAULT 0,
  `notes` longtext CHARACTER SET utf8mb4 COLLATE utf8mb4_bin DEFAULT NULL,
  PRIMARY KEY (`id`),
  KEY `meals_kitchen_id_foreign` (`kitchen_id`),
  KEY `meals_meal_type_id_foreign` (`meal_type_id`),
  CONSTRAINT `meals_kitchen_id_foreign` FOREIGN KEY (`kitchen_id`) REFERENCES `kitchens` (`id`) ON DELETE CASCADE,
  CONSTRAINT `meals_meal_type_id_foreign` FOREIGN KEY (`meal_type_id`) REFERENCES `meal_types` (`id`)
) ENGINE=InnoDB AUTO_INCREMENT=786 DEFAULT CHARSET=utf8mb4 COLLATE=utf8mb4_unicode_ci;
/*!40101 SET character_set_client = @saved_cs_client */;

--
-- Dumping data for table `meals`
--

LOCK TABLES `meals` WRITE;
/*!40000 ALTER TABLE `meals` DISABLE KEYS */;
INSERT INTO `meals` VALUES (497,'Chicken Avocado Salad',1,'2019-04-21 11:43:19','2019-04-21 13:08:03',9,342,0,17,33,7,NULL),(498,'Quinoa & Avocado Salad',1,'2019-04-21 12:00:00','2019-08-29 10:49:03',9,301,0,19,5,26,NULL),(499,'Vegetable Kebab with Saffron Rice & Sumac Salad',5,'2019-04-21 12:57:12','2019-04-21 13:05:23',9,285,0,10,9,43,NULL),(500,'Shepherds Pie',5,'2019-04-21 13:08:27','2019-04-21 13:09:08',10,139,0,5,21,2,NULL),(501,'Edamame Salad',1,'2019-04-21 13:11:51','2019-04-21 13:13:30',9,217,0,11,11,18,NULL),(502,'Mixed Vegetables with GF Noodles',5,'2019-04-22 10:49:51','2019-04-22 10:54:10',9,262,0,9,10,36,NULL),(505,'Poached Eggs with Smashed Avocado',5,'2019-06-12 06:15:42','2019-06-23 09:47:35',8,230,0,18,14,2,NULL),(506,'Corn Polenta Fritters',5,'2019-06-12 06:20:17','2019-06-16 16:30:27',8,159,0,10,2,17,NULL),(507,'Sticky Chicken with Broccoli',5,'2019-06-12 09:20:53','2019-06-16 16:30:00',9,327,0,9,38,17,NULL),(508,'Shredded Chicken Shawarma Bowl with Avocado with Tahina Dressing',5,'2019-06-16 07:18:17','2019-10-29 15:22:57',9,506,0,18,39,21,NULL),(509,'Edamame, Quinoa & Avocado Buddha Bowl with Tahina Dressing',1,'2019-06-16 07:27:56','2019-06-16 12:55:23',9,380,0,21,13,34,NULL),(510,'Vegetable Pickle',1,'2019-06-16 08:20:34','2019-06-16 08:22:02',9,8,0,0,0,1,NULL),(511,'Carb Free Shephers Pie',2,'2019-06-17 11:36:36','2019-06-17 11:45:05',9,366,0,17,35,21,NULL),(512,'Cumin Crusted Salmon with Cauliflower Puree & Herb Roasted Vegetables',5,'2019-06-18 09:03:42','2019-06-18 09:44:45',9,502,0,24,43,22,NULL),(513,'Grilled Chicken & Guacamole Salad with Tomato Salsa with Lemon & Herb Dressing',2,'2019-06-18 09:29:20','2019-09-26 14:59:00',10,434,0,25,33,12,NULL),(514,'Fudge Brownie',4,'2019-06-20 07:37:31','2019-06-20 07:45:41',11,111,0,10,3,4,NULL),(515,'Yoghurt with Mixedberries Coulis & Granola',1,'2019-06-20 08:00:53','2019-10-12 09:53:31',8,183,0,11,9,23,NULL),(516,'Yoghurt with Honey & Granola',3,'2019-06-20 10:13:02','2019-10-07 12:44:18',8,272,0,2,9,46,NULL),(517,'Overnight Oats with Peanut Butter & Banana',3,'2019-06-20 10:14:04','2019-10-29 13:05:56',8,385,0,20,12,39,NULL),(518,'Melon',3,'2019-06-20 10:16:33','2019-06-20 10:18:24',12,65,0,0,1,16,NULL),(519,'Mango',3,'2019-06-20 10:18:48','2019-06-20 10:20:37',12,63,0,0,1,14,NULL),(520,'Exotic Fruit Salad',3,'2019-06-20 11:42:09','2019-06-20 11:44:01',12,146,0,2,3,36,NULL),(521,'\'Ala King\' Chicken & Mushroom with Mashed Potato & Mixed Seasonal Vegetables',5,'2019-06-22 07:55:09','2019-09-25 10:07:50',9,446,0,26,39,27,NULL),(522,'Cilantro Lime Marinated Chicken with Mixed Green Salad & Citrusy Dressing',5,'2019-06-22 11:46:14','2019-06-23 08:07:49',9,408,0,16,33,32,NULL),(523,'Cilantro Lime Quinoa with Mixed Green Salad & Citrusy Dressing',1,'2019-06-23 08:14:04','2019-06-23 08:29:51',9,382,0,18,5,54,NULL),(524,'Custom (Kitchen: Hot Kitchen - Meal Type: Lunch)',5,'2019-06-23 12:42:17','2019-06-23 12:42:17',9,0,1,0,0,0,NULL),(525,'Custom (Kitchen: Hot Kitchen - Meal Type: Breakfast)',5,'2019-06-23 12:42:17','2019-06-23 12:42:17',8,0,1,0,0,0,NULL),(528,'Pulled Beef Fajita with Guacamole & Tomato Salsa',2,'2019-06-23 13:22:55','2019-10-28 15:40:48',9,491,0,24,41,23,NULL),(529,'Fajita Chicken & Guacamole Salad  & Tomato Salsa with Lemon Herb Dressing',2,'2019-06-23 13:44:46','2019-10-15 07:33:58',9,455,0,24,34,19,NULL),(530,'Vegetable Fajita with Guacamole & Salsa in a Corn Tortilla & Salad with Cilantro Cashew Dressing',1,'2019-06-23 13:49:53','2019-06-23 13:52:58',9,336,0,19,7,39,NULL),(531,'Chicken & Mixed Vegetable  Stirfry with Rice Noodles with Sesame Seeds',2,'2019-06-23 14:36:44','2019-10-24 14:07:11',10,431,0,16,35,31,NULL),(532,'Mixed Vegetable Stir - Fry with Rice Noodles & Sesame Seeds',1,'2019-06-23 14:53:34','2019-09-28 06:30:02',10,279,0,11,4,38,NULL),(533,'Grilled Salmon in a Lemon &Caper Sauce with Herb  Roasted Baby Potato & Sauteed Vegetables',5,'2019-06-24 12:52:52','2019-10-05 13:49:53',9,449,0,23,42,20,NULL),(534,'Roasted Cauliflower Steak in a Lemon  Caper Sauce with Sauteed Spinach & Mixed Vegetables & Roasted Potatoes',1,'2019-06-24 13:20:48','2019-06-24 13:27:17',9,278,0,15,10,35,NULL),(535,'Beetroot Carpaccio, Avocado & Walnut Pieces with Balsamic Dressing',1,'2019-06-25 06:01:14','2019-10-27 11:49:23',9,362,0,20,4,38,NULL),(536,'Grilled Chicken with Cold Carrot & Cucumber Noodles with Almond Slithers & Avocado Salsa & Herby Lemon Vinaigretee',5,'2019-06-25 15:05:25','2019-09-02 14:57:11',10,379,0,24,24,14,NULL),(537,'Cold Carrot & Cucumber Noodles with Almond Slithers & Avocado Salsa & Herby Lemon Vinaigretee',1,'2019-06-25 15:14:46','2019-06-25 15:16:44',10,321,0,22,5,26,NULL),(538,'Lamb & Okra Stew with Aromatic Brown Rice',5,'2019-06-26 09:01:05','2019-10-24 08:25:04',9,527,0,21,43,46,NULL),(539,'Lamb & Okra Stew with Aromatic Cauliflower Rice',5,'2019-06-26 09:31:31','2019-10-24 08:26:28',9,404,0,25,35,29,NULL),(540,'Okra Stew with Aromatic Brown Rice',5,'2019-06-26 09:45:52','2019-10-09 11:40:54',9,312,0,10,7,48,NULL),(541,'Balsamic Glazed Chicken with Oven Roasted Vegetables & Roasted Baby Potatoes',5,'2019-06-26 13:40:23','2019-06-26 13:42:11',10,378,0,14,29,30,NULL),(542,'Mixed Vegetable Ratatouille with Cauliflower Couscous',5,'2019-06-26 13:48:10','2019-06-26 15:12:47',10,250,0,14,4,30,NULL),(543,'Paleo Apple Pie',4,'2019-06-26 14:12:30','2019-06-26 14:18:20',11,2148,0,200,62,31,NULL),(544,'Thai Fish Cakes on a Bed of Mixed Leaves & Tangy Lemon grass Dressing',5,'2019-06-27 08:55:56','2019-06-27 08:59:04',9,386,0,18,36,22,NULL),(545,'Black lime Chicken with Mixed Herb Brown Rice & Roasted Cauliflower withTahina Drizzle',5,'2019-06-29 11:17:34','2019-10-26 11:25:27',9,527,0,15,30,45,NULL),(546,'Black lime Chicken with Mixed Herb Brown Rice & Rocca Salad with Tahina Drizzle',5,'2019-06-29 11:25:45','2019-10-26 14:47:27',9,472,0,19,29,39,NULL),(547,'Lentil Curry with Mixed Herb Brown Rice',5,'2019-06-29 11:30:05','2019-10-26 09:26:26',9,388,0,14,10,51,NULL),(548,'Grilled Halloumi Cheese on a Roasted Almond & Pomegranate Salad with Sweet Tangy Dressing',4,'2019-06-29 13:21:50','2019-09-01 07:40:19',10,357,0,27,12,18,NULL),(549,'Grilled Vegetables on a Roasted Almond & Pomegranate Salad with Sweet Tangy Dressing',1,'2019-06-29 13:34:41','2019-09-07 07:26:31',10,261,0,10,6,29,NULL),(550,'Beef Salad with Mixed Lettuce Leaves & Thai Dressing',5,'2019-06-29 13:48:10','2019-06-29 13:52:40',9,357,0,17,32,18,NULL),(551,'Beef Kebabs with Saffron  Rice & a Sumac Side Salad',5,'2019-06-30 10:40:11','2019-10-27 06:59:01',9,522,0,9,40,40,NULL),(552,'Beef Kebabs with Saffron Cauliflower Rice & a Sumac Side Salad',5,'2019-06-30 10:43:07','2019-10-27 12:36:29',9,435,0,13,36,23,NULL),(553,'Vegan Vegetable Kebab with Saffron Brown Rice & a Sumac Side Salad',5,'2019-06-30 10:46:56','2019-10-27 06:48:13',9,372,0,2,11,50,NULL),(554,'Chicken Avocado Salad with a Lemon & Herb Dressing & Walnut Pieces',2,'2019-06-30 13:43:17','2019-09-26 10:06:08',10,428,0,29,35,11,NULL),(555,'Avocado Salad with a Lemon & Herb Dressing & Walnut Pieces',1,'2019-06-30 13:46:09','2019-09-26 10:11:44',10,308,0,25,4,19,NULL),(556,'Penne  Arrabiata',1,'2019-07-02 06:13:19','2019-10-01 09:14:29',9,322,0,10,7,41,NULL),(557,'Exotic Fruit Salad',3,'2019-07-06 12:59:42','2019-07-06 13:04:56',11,99,0,1,1,24,NULL),(558,'Rosemary Roasted Chicken with Onion Gravy & Brussel Sprout Salad with Roasted Sweet Potato',5,'2019-07-07 13:55:48','2019-07-07 14:00:17',9,392,0,14,33,28,NULL),(559,'Lentil Roast with Onion Gravy & Brussel Sprout Salad & Roasted Sweet Potato',1,'2019-07-07 14:07:40','2019-07-07 14:13:40',9,296,0,15,7,34,NULL),(560,'Roasmary Chicken with Gralic Sauce & Brussel Sprout Salad with Roasted Sweet Potato',5,'2019-07-08 06:01:10','2019-07-08 06:03:48',9,404,0,15,35,28,NULL),(561,'Grilled Hamour with Salsa Verde & Sauteed Seasonal Vegetables & Roasted Potatoes',5,'2019-07-08 06:12:49','2019-10-01 08:55:33',10,439,0,20,41,33,NULL),(562,'Grilled Chicken with Salsa Verde & Sauteed Seasonal Vegetables',5,'2019-07-08 06:52:58','2019-10-03 09:44:26',10,374,0,24,34,15,NULL),(563,'Lamb Machbous with Fatoush Salad & POmegranate Dressing',5,'2019-07-08 13:14:44','2019-07-08 13:14:44',9,0,0,0,0,0,NULL),(564,'Lamb Machbous with Fatoush Salad & POmegranate Dressing',5,'2019-07-08 13:14:44','2019-07-08 13:14:44',9,0,0,0,0,0,NULL),(566,'Chicken Fajita & Brown Rice Power Bowl with Mexican Dressisng',5,'2019-07-09 13:53:00','2019-07-09 13:59:55',9,575,0,23,40,47,NULL),(567,'Vegan Chickpea Fajita & Brown Rice Power Bowl',5,'2019-07-09 14:00:41','2019-07-09 14:08:07',9,470,0,22,11,58,NULL),(568,'Balsamic Glazed Chicken',5,'2019-07-13 12:30:38','2019-08-26 15:55:09',9,273,0,5,32,11,NULL),(569,'Roasted  beef with Onion Gravy & Cauliflower Polenta & Brussel Sprouts',5,'2019-07-14 13:15:17','2019-07-14 13:18:22',9,433,0,21,42,24,NULL),(570,'Roasted Lentil with Onion Gravy & Cauliflower Polenta & Brussel Sprouts',5,'2019-07-14 13:24:48','2019-07-14 13:26:46',9,353,0,23,9,32,NULL),(571,'Poached Eggs with Corn POlenta Fritters & Mashed Avocado',5,'2019-07-14 14:41:28','2019-07-14 14:47:50',8,345,0,21,16,22,NULL),(572,'Custom (Kitchen: Hot Kitchen - Meal Type: Dinner)',5,'2019-07-15 16:56:08','2019-07-15 16:56:08',10,0,1,0,0,0,NULL),(573,'Custom (Kitchen: Vegetables - Meal Type: Breakfast)',1,'2019-07-15 16:56:08','2019-07-15 16:56:08',8,0,1,0,0,0,NULL),(575,'Mediterranean Lamb Salad with Tahina Dressing',2,'2019-07-27 11:27:25','2019-07-27 11:36:04',9,309,0,13,38,5,NULL),(576,'Spicy Chicken Salad with Broccolini & Soy Vinegar Dressing',5,'2019-08-01 13:50:15','2019-08-01 13:52:57',9,307,0,17,26,7,NULL),(577,'Beef Stroganoff with Mushroom & Tagliatelle Pasta',5,'2019-08-01 14:21:15','2019-10-06 14:50:59',10,541,0,15,49,55,NULL),(578,'Moroccan Fish Tagine with Saffron Couscous',2,'2019-08-17 10:13:29','2019-10-13 12:03:23',9,461,0,14,25,43,NULL),(579,'Mixed Vegetables Tagine with Saffron Couscous',1,'2019-08-17 10:28:33','2019-10-16 06:34:22',9,438,0,12,11,65,NULL),(580,'Mixed Vegetables Tagine with Moroccan Cauliflower Couscous',1,'2019-08-17 10:34:45','2019-10-16 06:35:05',9,368,0,14,10,48,NULL),(581,'Steak / Beef Salad with Caraway Dressing',2,'2019-08-18 08:39:01','2019-08-18 08:43:15',9,445,0,25,41,14,NULL),(582,'Pan Seared Salmon on a Pea Puree with Baked  Potato Wedges',2,'2019-08-20 08:44:07','2019-09-17 14:19:40',9,481,0,23,45,22,NULL),(583,'Pan Seared Tofu on a Pea Puree with Baked Sweet Potato Wedges',1,'2019-08-20 08:50:01','2019-08-20 09:08:13',9,320,0,18,18,22,NULL),(584,'Pan Seared Salmon on a Lemon Saffron Sauce with Sauteed Greens',2,'2019-08-20 09:10:03','2019-08-20 09:16:28',9,411,0,24,39,8,NULL),(585,'Pan Seared Salmon on a Pea Puree with Sauteed Greens',2,'2019-08-20 09:18:28','2019-08-20 09:20:27',9,444,0,23,43,12,NULL),(586,'Pan Seared Salmon on a Lemon & Saffron Sauce with Baked Sweet Potato Wedges',2,'2019-08-20 09:21:27','2019-08-23 07:36:20',9,445,0,24,40,16,NULL),(587,'Aromatic Chicken Curry with Brown Rice',2,'2019-08-21 08:25:55','2019-10-16 07:03:46',9,516,0,15,37,41,NULL),(588,'Chicken Curry with Cauliflower Rice',2,'2019-08-21 08:32:02','2019-10-16 06:58:10',9,435,0,19,35,25,NULL),(589,'Mixed Vegetable Curry with Brown Rice',1,'2019-08-21 08:35:48','2019-10-16 13:47:47',9,479,0,10,12,61,NULL),(590,'Stuffed Chicken with Onion Gravy & Brussel Sprout & Roasted Potatoes',2,'2019-08-22 10:05:07','2019-08-22 10:08:58',9,428,0,17,33,27,NULL),(591,'Aubergine Salad',1,'2019-08-22 15:07:18','2019-08-22 15:07:18',9,0,0,0,0,0,NULL),(592,'Asparagus & Green Peas Brown Rice Risotto',1,'2019-08-24 08:30:14','2019-08-24 08:34:55',9,458,0,32,8,37,NULL),(593,'Sesame Chicken & Edamame Salad',2,'2019-08-24 14:42:04','2019-10-19 07:17:23',9,399,0,4,40,14,NULL),(594,'Edamame Salad with Ponzu Dressing',1,'2019-08-24 14:59:52','2019-10-19 07:01:37',9,275,0,15,15,18,NULL),(595,'Chicken Caesar Salad with GF Croutons',2,'2019-08-26 07:05:42','2019-10-06 09:29:20',9,422,0,11,36,20,NULL),(596,'Balsamic Glazed Chicken Salad With Chopped Almonds, Sundried Tomato & Avocado',2,'2019-08-27 06:50:27','2019-10-21 08:02:05',9,474,0,24,36,30,NULL),(597,'Ala King Chicken with Mushroom & A Side of Cauliflower Mash with Seasonal Vegetables',1,'2019-08-28 08:30:47','2019-09-25 10:07:00',9,421,0,26,40,20,NULL),(598,'Ala King  Mushroom with  A Side of Mashed Potatoes & Seasonal Vegetables',1,'2019-08-28 08:44:02','2019-09-25 10:15:38',9,332,0,24,9,35,NULL),(599,'Chicken & Brown Rice Power Bowl with Avocado &  Lemon  Herbes Dressing',5,'2019-09-03 08:24:37','2019-10-01 07:55:17',9,457,0,21,40,38,NULL),(600,'Chicken Shish Tawook with Roasted Cauliflower & Sumac Salad & Tahina DRessing +Naan',2,'2019-09-13 08:05:14','2019-10-10 09:10:07',9,506,0,25,40,43,NULL),(601,'Shredded Chicken & Kale Salad with Sweet Potato , Walnuts & Tahina Dressing',2,'2019-09-14 13:30:03','2019-10-17 12:40:33',9,535,0,22,43,31,NULL),(602,'Roasted Vegetable Salad  with Pine Nuts with Mustard vinaigrette',4,'2019-09-15 09:46:42','2019-10-13 08:36:01',9,259,0,16,7,24,NULL),(603,'Beetroot Slaw',1,'2019-09-15 12:51:22','2019-09-15 14:47:49',10,60,0,0,1,13,NULL),(604,'Vegetable Skewers',1,'2019-09-15 15:09:32','2019-09-15 15:11:52',9,134,0,9,2,12,NULL),(605,'Vegan Cheese & Watermelon Salad with Herbed Lemon Dressing',4,'2019-09-16 11:21:37','2019-09-22 12:49:45',9,326,0,9,6,23,NULL),(606,'Grilled Hamour with Rocca Leaves & Cherry Tomato Salad with Lemon & Herb Dressing',2,'2019-09-16 16:38:47','2019-10-14 08:27:48',9,345,0,16,39,19,NULL),(607,'Herbed Lemon Dressing',3,'2019-09-17 07:29:32','2019-09-17 07:30:27',9,46,0,5,0,2,NULL),(608,'Mushroom & Ricotta Stuffed Fatayer with Chopped Cucumber & Tomato Salad',4,'2019-09-17 08:04:40','2019-09-17 08:19:43',8,256,0,6,12,37,NULL),(609,'Mexican Mixed Bean & Corn Salad with Tomato Salsa & Guacamole & Lemon Herb Dressing',1,'2019-09-17 08:17:57','2019-10-15 07:21:30',9,326,0,11,8,40,NULL),(610,'Mushroom Omelet Topped with Rocca Leaves',5,'2019-09-17 09:17:40','2019-09-17 09:21:10',8,242,0,19,14,3,NULL),(611,'Mushroom Stuffed Fatayer with Chopped Cucumber & Tomato Salad',4,'2019-09-17 09:22:25','2019-09-17 09:25:35',8,189,0,0,7,37,NULL),(612,'Pan Seared Tuna  with Dill Sauce & Sauteed Asparagus & Roasted Seasonal Vegetables',2,'2019-09-17 09:26:39','2019-10-15 12:09:31',10,404,0,28,49,14,NULL),(613,'Blueberry & Coconut Chia Pudding with Coconut Shavings',4,'2019-09-17 12:22:50','2019-09-17 13:19:27',11,356,0,39,5,8,NULL),(614,'Activated Almonds',4,'2019-09-17 13:47:19','2019-09-17 13:47:56',12,174,0,15,6,6,NULL),(615,'Egg & Mixed Vegetable Omelette / Egg & Vegetable Muffin',5,'2019-09-18 07:05:12','2019-09-18 12:26:07',8,247,0,19,13,5,NULL),(616,'Vegan Vegetable Muffins/ Vegan Vegetable Omelette',5,'2019-09-18 07:11:19','2019-09-18 07:15:14',8,308,0,10,17,40,NULL),(617,'Crumbled Feta with Grilled Aubergine, Red Onion & Mint Salad',1,'2019-09-18 08:12:19','2019-10-16 10:07:09',9,312,0,17,10,13,NULL),(618,'Balsamic Dressing',3,'2019-09-18 08:22:17','2019-09-18 08:35:12',9,115,0,9,0,21,NULL),(619,'Grilled Aubergine , Red Onion & Mint Salad',1,'2019-09-18 08:41:29','2019-10-16 10:10:42',9,247,0,9,1,20,NULL),(620,'Stir - Fried Beef with Chinese Vegetables & Rice Noodles',5,'2019-09-19 06:21:45','2019-10-17 07:32:32',10,455,0,16,40,34,NULL),(621,'Stir - Fried Tofu with Chinese Vegetables & Rice Noodles',1,'2019-09-19 06:27:39','2019-10-17 06:58:02',10,350,0,14,16,36,NULL),(622,'Vietnamese Shredded Chicken Spring Rolls',5,'2019-09-19 08:42:28','2019-09-19 10:31:43',9,434,0,6,36,38,NULL),(623,'Thai Dressing',1,'2019-09-19 09:36:54','2019-10-07 08:59:27',9,60,0,3,0,0,NULL),(624,'Vietnamese Vegetable Spring Rolls with Thai Dressing',1,'2019-09-19 10:19:56','2019-09-19 10:36:08',9,306,0,12,5,42,NULL),(625,'Coconut Yoghurt with Honey & Granola',4,'2019-09-19 10:39:25','2019-10-07 12:44:57',8,374,0,29,3,34,NULL),(626,'Boiled Eggs in Tomato Salsa & Rocca Leaves',5,'2019-09-19 12:09:11','2019-09-19 12:25:47',8,196,0,15,13,2,NULL),(627,'Chickpea & Tomato Salsa on a Bed of Rocca leaves',5,'2019-09-19 12:27:02','2019-09-19 12:29:12',8,191,0,8,7,25,NULL),(628,'Dill Sauce',3,'2019-09-19 13:07:18','2019-09-19 13:24:20',10,85,0,7,2,5,'\"Dressing\"'),(629,'Superfood Salad with Goji Berry , Quinoa & Tahina Dressing',1,'2019-09-19 13:27:47','2019-10-17 08:16:59',9,506,0,19,14,29,NULL),(630,'Tahina Dressing',3,'2019-09-19 13:35:23','2019-09-22 12:45:27',9,93,0,11,2,2,'\"Dressing\"'),(631,'Shredded Chicken & Kale Salad with Goji Berry, Mixed Seeds, Almonds & Tahina Dressing',2,'2019-09-19 13:42:04','2019-10-17 08:16:28',9,582,0,22,44,29,NULL),(632,'Grilled Salmon with Dill Sauce & Roasted Asparagus & Herb Roasted Potatoes',5,'2019-09-19 14:37:09','2019-09-19 14:38:31',10,400,0,18,41,15,NULL),(633,'Grilled Salmon with Dill Sauce & Roasted Asparagus',2,'2019-09-19 14:39:30','2019-09-19 14:40:47',10,369,0,18,41,7,NULL),(634,'Asparagus & Green Pea Risotto',1,'2019-09-19 14:41:35','2019-09-19 14:44:11',10,479,0,38,10,25,NULL),(635,'Yoghurt with Mango Coulis & Chia Seeds',4,'2019-09-21 11:34:10','2019-09-21 11:36:48',8,184,0,5,10,21,'\"Breakfast\"'),(636,'Coconut Yoghurt  with Chia Seeds & Mixed Berries',4,'2019-09-21 11:37:33','2019-09-21 11:41:57',8,371,0,33,4,14,'\"Breakfast\"'),(637,'Almond Mahalabiya',4,'2019-09-21 12:53:50','2019-09-21 12:59:18',11,236,0,12,9,13,'\"Keto Snack\"'),(638,'Ponzu Dressing',3,'2019-09-21 13:57:41','2019-09-21 13:58:54',9,50,0,6,0,0,'\"Dressing\"'),(639,'Herb Crusted Roast Beef  with Hazelnut Polenta Served with Mixed Sauteed Vegetables',2,'2019-09-21 14:12:41','2019-09-21 14:21:53',9,505,0,26,48,22,NULL),(640,'Herb Crusted Roast Beef with Cauliflower Polenta Served with Mixed Sauteed Vegetables',2,'2019-09-21 14:26:36','2019-09-21 14:29:15',10,494,0,26,49,19,NULL),(641,'Herb Crusted Tofu with Cauliflower Hazelnut POlenta  with Sauteed Vegeables',1,'2019-09-21 14:40:59','2019-09-21 14:43:45',10,389,0,25,25,21,NULL),(642,'Scrambled Eggs with Hash Browns',5,'2019-09-22 08:29:33','2019-09-22 08:32:36',8,326,0,19,15,24,NULL),(643,'Scrambled Eggs with Cauliflower Hash Browns',1,'2019-09-22 08:33:42','2019-09-22 08:36:36',8,282,0,19,15,13,NULL),(644,'Baked Falafel  with Rocca Leaves , Cherry Tomatoes , Homemade Flat Bread with Tahina Dressing(Sauce)',1,'2019-09-22 08:37:23','2019-09-22 12:47:29',8,391,0,10,12,50,NULL),(645,'Crumbled Feta & Watermelon Salad with Herbed Lemon DRessing',4,'2019-09-22 08:41:20','2019-10-20 11:55:12',9,314,0,20,11,17,NULL),(646,'Beef & Quinoa Machboos with Fatoush Salad with Pomegranate Dressing',2,'2019-09-22 08:59:13','2019-10-20 14:28:59',10,554,0,21,46,66,NULL),(647,'Beef & Cauliflower Machboos with Fatoush Salad & Pomegranate Dressing',2,'2019-09-22 09:10:33','2019-10-20 11:19:42',10,495,0,19,45,39,NULL),(648,'Fatoush Salad',1,'2019-09-22 09:16:36','2019-09-22 09:29:23',10,54,0,2,1,6,NULL),(649,'Pomegranate Dressing',3,'2019-09-22 09:32:02','2019-09-22 09:32:41',10,61,0,2,0,10,'\"Dressing\"'),(650,'Vegetable & Quinoa Machboos with Fatoush Salad & Pomegranate Dressing',1,'2019-09-22 09:36:12','2019-10-20 11:13:41',10,456,0,15,12,71,NULL),(651,'Yoghurt with Mixed Berries Coulis',4,'2019-09-22 12:55:20','2019-09-22 12:56:22',8,128,0,2,8,17,NULL),(652,'Meatballs in a Tomato Sauce with Spaghetti',2,'2019-09-23 08:28:38','2019-10-22 13:37:09',9,538,0,16,46,40,NULL),(653,'Tomato Sauce',1,'2019-09-23 08:35:14','2019-10-08 09:05:41',9,53,0,3,0,3,'\"Dressing\\/ Sauce\"'),(654,'Vegan Meatballs in a Tomato Sauce with Spaghetti',1,'2019-09-23 08:38:43','2019-09-23 08:41:05',9,495,0,16,15,71,NULL),(655,'Meatballs in a Tomato Sauce with GF Spaghetti',2,'2019-09-23 08:41:55','2019-09-23 10:14:24',9,529,0,20,43,48,'\"GF\"'),(656,'Vegan Meatballs in a Tomato Sauce with GF Spaghetti',1,'2019-09-23 08:44:29','2019-09-23 08:46:02',9,503,0,17,16,74,'\"vegan -GF\"'),(657,'Meatballs in a Tomato Sauce with  Zucchini Spaghetti',2,'2019-09-23 08:48:59','2019-10-21 12:49:06',9,432,0,23,41,12,'\"Low Carb\\/ Keto\"'),(658,'Shakshuka with Homemade Flat Bread',5,'2019-09-23 08:59:10','2019-09-23 09:04:06',8,357,0,19,16,28,NULL),(659,'Shakshuka',5,'2019-09-23 09:05:05','2019-10-27 06:25:00',8,266,0,21,13,5,NULL),(660,'Chickpea Shakshuka with Homemade Flatbread',5,'2019-09-23 09:07:16','2019-09-23 09:08:51',8,352,0,12,10,51,NULL),(661,'Chopped Almonds,Sundried Tomato & Avocado Salad  with Balsamic Vinaigrette',1,'2019-09-23 11:10:01','2019-10-21 08:07:20',9,390,0,22,4,34,NULL),(662,'Pulled Chicken Salad with Pickled Cucumber & Sesame with Lemon Herb Dressing',2,'2019-09-24 08:28:48','2019-10-21 15:11:18',9,369,0,14,33,11,NULL),(663,'Mustard Vinaigrette',3,'2019-09-24 08:36:42','2019-09-24 08:38:32',9,45,0,5,0,1,'\"Dressing\"'),(664,'Teriyaki Salmon with Pak Choy & Broccolini',2,'2019-09-24 08:51:28','2019-10-22 09:01:39',10,444,0,19,44,13,NULL),(665,'Teriyaki Tofu with Pak Choy & Broccolini',1,'2019-09-24 08:58:55','2019-09-24 12:13:33',10,301,0,16,25,15,NULL),(666,'Pickled Cucumber & Sesame Salad with Shredded Cabbage with Lemon Herb Dressing',1,'2019-09-24 08:59:54','2019-10-22 06:50:15',9,344,0,13,10,38,NULL),(667,'Cinnamon Apple Spiced Oatmeal',4,'2019-09-24 09:28:01','2019-09-24 09:34:14',8,307,0,6,8,58,NULL),(668,'Coconut Yoghurt with Cinnamon Spiced Apple',4,'2019-09-24 09:37:25','2019-09-24 09:38:53',8,424,0,31,4,35,NULL),(669,'Dark Chocolate Nuts Bar',4,'2019-09-24 14:05:05','2019-10-23 07:11:58',11,1936,0,133,53,150,'\"12 Serves\"'),(670,'Thai Prawn & Raw Mango Salad with Roasted Peanuts',5,'2019-09-25 06:47:45','2019-10-24 11:01:48',9,488,0,24,33,31,NULL),(671,'Thai Green Bean Salad with Roasted Peanuts with Thai Dressing',1,'2019-09-25 08:33:33','2019-10-23 09:16:54',9,282,0,11,4,33,NULL),(672,'Tofu Scramble with Mixed Vegetables',1,'2019-09-26 07:51:30','2019-09-26 07:53:14',8,191,0,13,13,6,NULL),(673,'Quinoa & Roasted Vegetable Salad with Pine nUts & Mustard Vinaigrette',1,'2019-09-26 08:10:27','2019-09-26 08:13:05',9,301,0,13,8,37,NULL),(674,'Mozzarella Salad with Avocado & Walnuts with Balsamic Dressing',4,'2019-09-26 13:45:06','2019-09-26 13:57:26',9,509,0,38,25,29,NULL),(675,'Chicken Salad with Avocado & Walnuts with Lemon Herb Dressing',2,'2019-09-26 14:22:55','2019-10-09 11:56:57',9,437,0,31,37,8,NULL),(676,'Coconut Yoghurt with Mixedberries Coulis & Granola',4,'2019-09-28 07:02:51','2019-09-28 07:04:11',8,350,0,32,3,12,NULL),(677,'Grilled Halloumi Cheese Salad with Roasted Vegetables & Pine Nuts & Lemon Herb Dressing',4,'2019-09-28 07:11:56','2019-10-28 08:51:17',9,385,0,41,12,9,NULL),(678,'Pine Nut & Pomegranate Salad with a Lemon Herb Dressing',1,'2019-09-28 07:17:08','2019-09-28 07:19:13',9,422,0,35,7,21,NULL),(679,'Black lIme Chicken with Roasted Cauliflower & Rocca Salad with Tahina Drizzle',2,'2019-09-28 10:59:54','2019-09-28 13:26:28',10,471,0,23,38,20,NULL),(680,'Shrimp Salad with Tomato & Avocado Salsa with Herbed Lemon Dressing',2,'2019-09-28 15:04:58','2019-10-28 08:50:20',9,378,0,21,32,12,NULL),(681,'Raw Rainbow Pad Thai with Grilled Chicken & Thai Dressing',2,'2019-09-29 07:54:14','2019-10-28 06:25:22',9,425,0,15,35,21,NULL),(682,'Egg & Vegetable Scramble',5,'2019-09-29 08:04:14','2019-09-29 08:05:54',8,242,0,19,13,4,NULL),(683,'Raw Rainbow Pad THai with Peanuts & Thai Dressing',1,'2019-09-29 08:06:46','2019-10-27 12:26:45',9,372,0,23,10,30,NULL),(684,'Thai Green Shrimp Curry with Lemongrass Brown Rice',2,'2019-09-30 07:39:10','2019-10-28 12:34:45',9,578,0,24,36,46,NULL),(685,'Thai Green Shrimp Curry with Lemongrass Cauliflower Rice',2,'2019-09-30 07:45:27','2019-10-28 12:33:28',9,476,0,23,33,28,NULL),(686,'Thai Green Vegetable Curry with Lemongrass Brown Rice',1,'2019-09-30 07:55:57','2019-10-28 12:40:33',9,430,0,21,6,46,NULL),(687,'Tricolore Mozzarealla & Tomato Salad with Avocado',4,'2019-09-30 08:08:33','2019-09-30 14:31:41',8,304,0,19,21,7,NULL),(688,'Overnight Oats with Mixed Berries & Chia Seeds',3,'2019-09-30 10:36:36','2019-10-29 13:05:27',8,267,0,6,7,35,NULL),(689,'Green Egg Frittata',4,'2019-09-30 13:13:44','2019-09-30 13:16:13',8,252,0,19,14,4,NULL),(690,'Three Bean Salad  with Guacamole & Tomato Salsa',1,'2019-09-30 14:53:55','2019-10-28 09:35:07',9,339,0,16,10,40,NULL),(691,'Grilled Chicken with Mixed Sauteed Vegetables',2,'2019-09-30 15:36:30','2019-10-22 13:38:22',9,328,0,12,35,9,NULL),(692,'Chicken & Avocado Power Bowl with Lemon Herb Dressing',2,'2019-10-01 08:11:43','2019-10-01 08:32:31',9,424,0,25,33,8,NULL),(693,'Edamame & Qunioa Power Bowl with Avocado & Lemon Herb Dressing',1,'2019-10-01 08:19:26','2019-10-29 14:19:04',9,420,0,18,15,37,NULL),(694,'Salsa Verde',5,'2019-10-01 08:46:12','2019-10-01 08:54:14',9,64,0,2,1,6,'\"Sauce\"'),(695,'Grilled Hamour with Salsa Verde & Steamed Seasonal Vegetables',2,'2019-10-01 08:57:10','2019-10-01 09:06:39',9,416,0,21,42,26,NULL),(696,'Mushroom Sauce',3,'2019-10-01 13:25:39','2019-10-01 13:26:42',9,64,0,5,1,6,'\"Sauce\"'),(697,'Grilled Beef with Mushroom Sauce & Sauteed Vegetables',2,'2019-10-01 13:28:45','2019-10-01 13:30:40',9,409,0,20,43,17,NULL),(698,'Chia & Coconut Pudding with Mixedberries & Coconut Shavings',4,'2019-10-02 13:00:00','2019-10-02 13:03:05',8,369,0,33,4,12,NULL),(699,'Brazilian Shrimp & Palm Heart Salad with Ponzu Dressing',2,'2019-10-02 13:07:03','2019-10-03 07:51:02',9,372,0,14,36,31,NULL),(700,'Thai Beef Salad with Thai Dressing',2,'2019-10-02 13:16:41','2019-10-24 10:56:54',9,416,0,20,43,10,NULL),(701,'Lemon Chicken Salad with Mixed Leaves & Lemon Herb Dressing',2,'2019-10-02 14:06:24','2019-10-02 14:37:46',9,390,0,21,34,13,NULL),(702,'Grilled Beef with Pepper Sauce & Sauteed Asparagus & Steamed Broccoli',2,'2019-10-02 14:40:55','2019-10-02 14:51:27',9,417,0,20,42,11,NULL),(703,'Pepper Sauce',3,'2019-10-02 14:41:28','2019-10-02 14:43:49',9,49,0,5,0,2,'\"Sauce\"'),(704,'Tofu with Sesame SOY & gINGER sAUCE WITH sAUTEED aSPARAGUS & sTEAMED bROCCOLI',1,'2019-10-02 15:25:28','2019-10-02 15:30:22',9,274,0,11,18,8,NULL),(705,'Sesame Soy & Ginger Sauce',3,'2019-10-02 15:26:04','2019-10-02 15:27:04',9,53,0,6,0,1,NULL),(706,'Tenderloin Steak with Mushroom Sauce, Mashed Potatoes & Sauteed Asparagus',2,'2019-10-03 07:12:07','2019-10-03 07:55:09',9,480,0,25,42,26,NULL),(707,'Vegan Shepherds Pie',1,'2019-10-03 07:51:48','2019-10-30 11:20:01',9,308,0,11,10,43,NULL),(708,'Shrimp Manchurian with Mixed Vegetable Fried Brown Rice',2,'2019-10-03 11:17:44','2019-10-03 12:00:58',9,470,0,18,37,38,NULL),(709,'Vegetable Manchurian with Mixed Vegetable Fried Brown Rice',1,'2019-10-03 12:04:48','2019-10-03 12:07:37',9,335,0,15,8,43,NULL),(710,'Chicken & Broccoli with Oyster Sauce with Mixed Vegetable Cauliflower Fried Rice',2,'2019-10-03 15:22:43','2019-10-03 15:25:08',9,349,0,20,28,11,NULL),(711,'Lemon & Caper Sauce',3,'2019-10-05 07:23:31','2019-10-05 07:25:05',9,46,0,5,0,1,'\"Sauce\"'),(712,'Honey Glazed Butterfly Chicken with Grilled Vegetable Salad',2,'2019-10-05 07:34:15','2019-10-06 09:47:32',9,488,0,15,39,25,NULL),(713,'Foul Madammes with Naan',4,'2019-10-05 12:40:48','2019-10-06 09:19:33',8,305,0,1,12,57,NULL),(714,'Lentil & Quinoa Salad',1,'2019-10-05 13:43:00','2019-10-05 13:48:07',9,345,0,6,10,39,NULL),(715,'Salmon with Lemon & Caper Sauce & Lentil Gem Salad',2,'2019-10-05 13:50:35','2019-10-05 14:06:35',9,467,0,23,42,15,NULL),(716,'Salmon with Lemon & Caper Sauce, Steamed Broccoli & Rocket Salad',2,'2019-10-05 14:01:01','2019-10-05 14:48:17',9,412,0,19,41,10,NULL),(717,'Beef Stroganoff with zUCCHINI  Tagliatelle',2,'2019-10-06 09:01:39','2019-10-06 09:07:19',10,431,0,16,44,27,NULL),(718,'Mushroom Stragnoff with Tagliatelle Pasta',1,'2019-10-06 09:08:27','2019-10-06 09:10:05',9,399,0,11,11,61,NULL),(719,'Zucchini Fritteres with Tomato Cucumber Salad',4,'2019-10-06 09:11:51','2019-10-06 09:14:27',8,257,0,11,8,31,NULL),(720,'Ranch Dressing (DF)',3,'2019-10-06 09:16:18','2019-10-06 09:17:39',9,90,0,7,1,7,'\"Dressing\"'),(721,'Vegan Tofu Caesar Salad with GF Croutons',1,'2019-10-06 09:30:01','2019-10-06 09:32:52',9,376,0,24,19,22,NULL),(722,'Chicken Caesar Salad',2,'2019-10-06 09:34:28','2019-10-06 09:36:28',9,397,0,19,35,16,NULL),(723,'Shrimp & Pomelo Salad with Peanuts & Thai Dressing',2,'2019-10-07 08:56:32','2019-10-08 08:19:41',9,405,0,13,32,14,NULL),(724,'Shrimp Salad with Peanuts & Thai Dressing',2,'2019-10-07 09:05:33','2019-10-08 08:20:33',9,386,0,24,32,9,NULL),(725,'Pomelo & Peanut Salad with Thai Dressing',1,'2019-10-07 11:46:10','2019-10-08 08:21:06',9,256,0,19,6,16,NULL),(726,'Grilled Salmon with Mixed Vegetable Couscous',2,'2019-10-07 11:50:19','2019-10-07 11:52:50',9,481,0,18,43,29,NULL),(727,'Grilled Salmon with Mixed Vegetable Cauliflower Couscous',2,'2019-10-07 11:53:55','2019-10-07 11:56:03',9,432,0,23,41,11,NULL),(728,'White Bean Stew with Spiced Couscous',1,'2019-10-07 11:57:11','2019-10-07 12:03:05',9,304,0,9,10,44,NULL),(729,'White Bean Stew with Spiced Cauliflower Couscous',1,'2019-10-07 12:04:14','2019-10-07 12:06:39',9,263,0,14,9,27,NULL),(730,'Chicken Cobb Salad with DF Ranch Dressing',2,'2019-10-08 07:29:44','2019-10-08 08:42:47',9,475,0,22,39,24,NULL),(731,'Vegan Cobb Salad with DF Ranch Dressing',1,'2019-10-08 07:34:06','2019-10-08 09:01:44',9,322,0,19,8,26,NULL),(732,'Hamour Steak with Mediterranean Tomato Sauce & Sauteed Asparagus',2,'2019-10-08 09:03:03','2019-10-08 14:11:44',9,395,0,11,40,21,NULL),(733,'Tofu Steak with Mediterranean Tomato Sauce & Sauteed Asparagus',1,'2019-10-08 09:08:32','2019-10-08 09:12:14',9,305,0,19,18,20,NULL),(734,'Chicken Cobb SAlad with DF Ranch Dressing (Keto)',2,'2019-10-08 12:32:53','2019-10-08 12:34:36',9,447,0,24,35,15,NULL),(735,'Labna & Zaatar Fatayer with Cucumber & Tomato Salsa',4,'2019-10-08 13:32:19','2019-10-08 13:39:04',8,360,0,2,10,38,NULL),(736,'Cashew Cheese & Zaatar Fatayer with Cucumber & Tomato Salsa',4,'2019-10-08 13:40:56','2019-10-08 13:42:26',8,338,0,14,10,44,NULL),(737,'Poached Tuna Nicoise Salad with Mustard Vinaigrette',2,'2019-10-08 15:15:33','2019-10-08 15:18:07',9,436,0,13,50,22,NULL),(738,'Nicoise Salad with Mustard Vinaigrette',1,'2019-10-08 15:19:07','2019-10-09 11:59:20',9,274,0,1,9,54,NULL),(739,'Greek Salad with Black Olives & Red Onion & Lemon Herb Dressing',4,'2019-10-08 15:22:09','2019-10-10 07:18:16',9,262,0,11,12,15,NULL),(740,'Crumbled Feta, Farro & Butternut Squash Salad with Lemon Herb Dressing',4,'2019-10-08 15:28:56','2019-10-08 15:33:36',9,443,0,13,19,61,NULL),(741,'Farro & Butternut Squash with Lemon Herb Dressing',3,'2019-10-08 15:34:30','2019-10-08 15:35:45',9,325,0,7,9,61,NULL),(742,'Brown Rice Preparation',5,'2019-10-09 08:46:23','2019-10-09 08:47:25',9,166,0,6,4,26,NULL),(743,'Cauliflower Rice Preparation',5,'2019-10-09 08:50:49','2019-10-09 08:53:38',9,84,0,5,2,10,NULL),(744,'Peanut Butter & Chia Seeds Bites (200 Bites)',4,'2019-10-10 06:28:13','2019-10-10 06:38:20',11,7110,0,380,231,1256,NULL),(745,'Shrimp Marinara with Spaghetti',2,'2019-10-10 06:56:23','2019-10-21 12:55:09',9,494,0,13,37,41,NULL),(746,'Mixed Vegetable Marinara with Spaghetti',1,'2019-10-10 07:04:02','2019-10-10 07:10:19',9,314,0,10,7,43,NULL),(747,'Mixed Vegetable Moussaka',1,'2019-10-10 10:31:14','2019-10-10 10:34:26',9,253,0,16,4,27,NULL),(748,'Grilled Fish with Mixed Seasonal Vegetables',2,'2019-10-13 15:00:19','2019-10-13 15:02:32',9,457,0,21,54,7,NULL),(749,'kale Salad with Sweet Potato, Walnuts & Tahina Dressing',1,'2019-10-13 15:07:03','2019-10-13 15:08:56',9,358,0,22,11,31,NULL),(750,'Shrimp & Vegetable Ratatouille',2,'2019-10-14 07:26:08','2019-10-14 12:19:07',9,345,0,14,31,12,NULL),(751,'Shrimp & Vegetable Risotto',2,'2019-10-14 07:31:05','2019-10-14 07:34:35',9,563,0,27,38,41,NULL),(752,'Shrimp & Vegetable Risotto',2,'2019-10-14 07:31:31','2019-10-14 07:31:31',9,0,0,0,0,0,NULL),(753,'Mixed Vegetable Risotto',1,'2019-10-14 07:35:45','2019-10-14 07:44:12',9,409,0,24,8,41,NULL),(754,'Goat Cheese & Date Salad',4,'2019-10-14 07:48:59','2019-10-15 14:37:32',9,509,0,34,11,54,NULL),(755,'Goat Cheese & Walnut Salad',4,'2019-10-14 08:03:00','2019-10-15 14:39:33',9,414,0,42,11,29,NULL),(756,'Date & Walnut Salad',4,'2019-10-14 08:07:38','2019-10-15 14:38:29',9,444,0,27,5,60,NULL),(757,'Tomato Salsa',3,'2019-10-15 07:25:49','2019-10-15 07:26:51',15,32,0,3,0,2,'\"Sauce\"'),(758,'Pan Seared Oyster Mushroom on a Pee Puree with Baked Potato Wedges',1,'2019-10-15 12:04:34','2019-10-15 12:06:14',9,290,0,14,9,35,NULL),(759,'Herbed Chicken Salad with Lemon Herb DRessing',2,'2019-10-20 12:54:04','2019-10-20 13:07:13',9,385,0,21,35,11,NULL),(760,'Feta with cucumber & Tomato Slices',4,'2019-10-21 06:32:33','2019-10-21 06:33:04',8,138,0,8,10,6,NULL),(761,'White Sauce',3,'2019-10-22 13:48:11','2019-10-22 13:49:17',9,113,0,10,3,6,NULL),(762,'Almond Chocolate Cake (Keto)',4,'2019-10-23 09:24:33','2019-10-26 06:38:13',11,5670,0,391,157,438,'\"20 Serves\"'),(763,'Almond Chocolate Brownie',4,'2019-10-23 10:12:32','2019-10-23 12:52:54',11,1591,0,138,37,129,'\"Keto (12 Serves)\"'),(764,'Chicken Mushroom Alfredo',2,'2019-10-23 10:23:26','2019-10-23 10:26:17',9,646,0,29,41,53,NULL),(765,'Granola bar',4,'2019-10-23 10:28:32','2019-10-29 08:00:56',11,2458,0,92,51,358,'\"12 Bars\"'),(766,'Chicken/Beef/Lamb/Shrimp- Quinoa Biryani',2,'2019-10-23 10:38:24','2019-10-23 10:41:46',9,412,0,11,36,38,NULL),(767,'Peanut Butter Bites',4,'2019-10-23 11:25:00','2019-10-23 11:43:22',11,6519,0,359,214,1179,'\"194 ( Bites)\"'),(768,'Date & Coconut Bites',4,'2019-10-23 11:44:52','2019-10-23 11:59:58',11,3174,0,163,64,366,'\"24 Serves\"'),(769,'Dark Chocolate Nuts Bar (Keto)',4,'2019-10-23 12:06:32','2019-10-23 12:10:13',11,2126,0,180,61,85,'\"12 Serves\"'),(770,'Chia Coconut & Mango Pudding',4,'2019-10-23 13:46:12','2019-10-23 13:46:58',8,454,0,39,7,12,NULL),(771,'Mixed Nuts',3,'2019-10-24 08:56:41','2019-10-24 08:59:24',11,187,0,13,5,11,NULL),(772,'Mixed Fruit Salad (F45)',3,'2019-10-26 11:59:40','2019-10-27 14:13:07',11,69,0,0,1,17,'\"f45\"'),(773,'Almond Chocolate Chip Muffin (Keto)',4,'2019-10-27 07:14:10','2019-10-28 11:48:09',11,1257,0,82,39,72,'\"8 Pcs\"'),(774,'Apple',3,'2019-10-27 14:13:33','2019-10-27 14:13:52',11,103,0,0,0,26,NULL),(775,'Mango',3,'2019-10-27 14:14:15','2019-10-27 14:14:35',11,113,0,0,1,24,NULL),(776,'Mixed Berries (Keto)',3,'2019-10-27 14:15:59','2019-10-27 14:17:00',11,18,0,0,0,4,'\"Keto\"'),(777,'Orange',3,'2019-10-28 06:55:54','2019-10-28 06:56:15',11,88,0,0,2,23,NULL),(778,'Activated Almonds',4,'2019-10-28 09:47:39','2019-10-28 09:48:03',11,174,0,15,6,6,NULL),(779,'Banana',3,'2019-10-28 14:33:58','2019-10-28 14:34:21',11,149,0,1,2,39,NULL),(780,'pears',3,'2019-10-28 15:40:22','2019-10-28 15:40:42',11,103,0,0,1,27,NULL),(781,'Granola bar (GF)',3,'2019-10-29 08:03:39','2019-10-29 08:05:30',11,2518,0,92,57,382,'\"12 Serves\"'),(782,'Kunafa',5,'2019-10-29 15:49:13','2019-10-30 07:04:30',11,97,0,2,2,23,NULL),(783,'Pancakes with Cinnamon Spiced Apple & Maple Syrup',4,'2019-10-30 10:29:01','2019-10-30 10:35:25',8,222,0,5,7,36,NULL),(784,'GF Pancakes with Cinnamon Spiced Apple & Maple Syrup',4,'2019-10-30 10:43:55','2019-10-30 10:49:07',8,224,0,8,7,34,NULL),(785,'Keto Pancakes with Mixed Berries Coulis',4,'2019-10-30 10:52:16','2019-10-30 10:54:59',8,271,0,20,10,10,NULL);
/*!40000 ALTER TABLE `meals` ENABLE KEYS */;
UNLOCK TABLES;

--
-- Table structure for table `menu_items`
--

DROP TABLE IF EXISTS `menu_items`;
/*!40101 SET @saved_cs_client     = @@character_set_client */;
/*!40101 SET character_set_client = utf8 */;
CREATE TABLE `menu_items` (
  `id` int(10) unsigned NOT NULL AUTO_INCREMENT,
  `menu_id` int(10) unsigned DEFAULT NULL,
  `title` varchar(255) COLLATE utf8mb4_unicode_ci NOT NULL,
  `url` varchar(255) COLLATE utf8mb4_unicode_ci NOT NULL,
  `target` varchar(255) COLLATE utf8mb4_unicode_ci NOT NULL DEFAULT '_self',
  `icon_class` varchar(255) COLLATE utf8mb4_unicode_ci DEFAULT NULL,
  `color` varchar(255) COLLATE utf8mb4_unicode_ci DEFAULT NULL,
  `parent_id` int(11) DEFAULT NULL,
  `order` int(11) NOT NULL,
  `created_at` timestamp NULL DEFAULT NULL,
  `updated_at` timestamp NULL DEFAULT NULL,
  `route` varchar(255) COLLATE utf8mb4_unicode_ci DEFAULT NULL,
  `parameters` text COLLATE utf8mb4_unicode_ci DEFAULT NULL,
  PRIMARY KEY (`id`),
  KEY `menu_items_menu_id_foreign` (`menu_id`),
  CONSTRAINT `menu_items_menu_id_foreign` FOREIGN KEY (`menu_id`) REFERENCES `menus` (`id`) ON DELETE CASCADE
) ENGINE=InnoDB AUTO_INCREMENT=51 DEFAULT CHARSET=utf8mb4 COLLATE=utf8mb4_unicode_ci;
/*!40101 SET character_set_client = @saved_cs_client */;

--
-- Dumping data for table `menu_items`
--

LOCK TABLES `menu_items` WRITE;
/*!40000 ALTER TABLE `menu_items` DISABLE KEYS */;
INSERT INTO `menu_items` VALUES (1,1,'Dashboard','','_self','voyager-dashboard','#000000',NULL,1,'2019-01-10 07:25:28','2019-02-12 08:43:47','voyager.dashboard','null'),(3,1,'Users','','_self','voyager-person',NULL,NULL,3,'2019-01-10 07:25:28','2019-01-10 07:25:28','voyager.users.index',NULL),(4,1,'Roles','','_self','voyager-lock',NULL,NULL,2,'2019-01-10 07:25:28','2019-01-10 07:25:28','voyager.roles.index',NULL),(5,1,'Tools','','_self','voyager-tools',NULL,NULL,15,'2019-01-10 07:25:28','2019-09-03 13:34:39',NULL,NULL),(7,1,'Database','','_self','voyager-data',NULL,5,1,'2019-01-10 07:25:28','2019-01-15 12:21:54','voyager.database.index',NULL),(9,1,'BREAD','','_self','voyager-bread',NULL,5,2,'2019-01-10 07:25:28','2019-01-15 12:21:54','voyager.bread.index',NULL),(10,1,'Settings','','_self','voyager-settings',NULL,NULL,14,'2019-01-10 07:25:28','2019-09-03 13:34:39','voyager.settings.index',NULL),(11,1,'Ingredients','','_self','voyager-params','#000000',NULL,9,'2019-01-09 12:14:50','2019-03-17 13:31:53','voyager.ingredients.index','null'),(12,1,'Kitchens','','_self','voyager-lab','#000000',NULL,4,'2019-01-09 12:16:46','2019-03-17 13:31:37','voyager.kitchens.index','null'),(13,1,'Meals','','_self','voyager-pizza','#000000',NULL,10,'2019-01-09 12:17:08','2019-02-13 06:41:26','voyager.meals.index','null'),(14,1,'Weeks','','_self','voyager-calendar','#000000',NULL,11,'2019-01-09 12:19:29','2019-02-13 06:41:26','voyager.weeks.index','null'),(15,1,'Plans','','_self','voyager-file-text','#000000',NULL,7,'2019-01-09 12:19:41','2019-03-17 13:31:51','voyager.plans.index','null'),(16,1,'Customers','','_self','voyager-group','#000000',NULL,8,'2019-01-09 12:34:55','2019-03-17 13:31:53','voyager.customers.index','null'),(19,1,'Meal Types','','_self','voyager-backpack',NULL,NULL,6,'2019-01-15 12:19:42','2019-03-17 13:31:48','voyager.meal-types.index',NULL),(20,1,'Customer Meals','','_self','voyager-hotdog','#000000',NULL,12,'2019-01-22 05:42:21','2019-02-13 06:41:26','voyager.customer-meals.index','null'),(21,1,'Kitchens Calendar','','_self','voyager-calendar','#000000',NULL,13,'2019-02-10 08:41:06','2019-02-13 06:41:26',NULL,''),(35,1,'Ingredient Types','','_self','voyager-dot-2','#000000',NULL,5,'2019-02-13 06:39:58','2019-03-17 13:31:37','voyager.ingredient-types.index','null'),(46,1,'Vegetables','','_self','voyager-dot',NULL,21,1,'2019-03-27 16:35:15','2019-09-03 13:34:39','meals_calendar','{\"kitchen_id\":1}'),(47,1,'Meat','','_self','voyager-dot',NULL,21,2,'2019-03-27 16:35:15','2019-09-03 13:34:39','meals_calendar','{\"kitchen_id\":2}'),(48,1,'Vegetable & Juice','','_self','voyager-dot',NULL,21,3,'2019-03-27 16:35:15','2019-09-03 13:34:39','meals_calendar','{\"kitchen_id\":3}'),(49,1,'Baking','','_self','voyager-dot',NULL,21,4,'2019-03-27 16:35:15','2019-09-03 13:34:39','meals_calendar','{\"kitchen_id\":4}'),(50,1,'Hot Kitchen','','_self','voyager-dot',NULL,21,5,'2019-03-27 16:35:15','2019-09-03 13:34:39','meals_calendar','{\"kitchen_id\":5}');
/*!40000 ALTER TABLE `menu_items` ENABLE KEYS */;
UNLOCK TABLES;

--
-- Table structure for table `menus`
--

DROP TABLE IF EXISTS `menus`;
/*!40101 SET @saved_cs_client     = @@character_set_client */;
/*!40101 SET character_set_client = utf8 */;
CREATE TABLE `menus` (
  `id` int(10) unsigned NOT NULL AUTO_INCREMENT,
  `name` varchar(255) COLLATE utf8mb4_unicode_ci NOT NULL,
  `created_at` timestamp NULL DEFAULT NULL,
  `updated_at` timestamp NULL DEFAULT NULL,
  PRIMARY KEY (`id`),
  UNIQUE KEY `menus_name_unique` (`name`)
) ENGINE=InnoDB AUTO_INCREMENT=2 DEFAULT CHARSET=utf8mb4 COLLATE=utf8mb4_unicode_ci;
/*!40101 SET character_set_client = @saved_cs_client */;

--
-- Dumping data for table `menus`
--

LOCK TABLES `menus` WRITE;
/*!40000 ALTER TABLE `menus` DISABLE KEYS */;
INSERT INTO `menus` VALUES (1,'admin','2019-01-10 07:25:28','2019-01-10 07:25:28');
/*!40000 ALTER TABLE `menus` ENABLE KEYS */;
UNLOCK TABLES;

--
-- Table structure for table `migrations`
--

DROP TABLE IF EXISTS `migrations`;
/*!40101 SET @saved_cs_client     = @@character_set_client */;
/*!40101 SET character_set_client = utf8 */;
CREATE TABLE `migrations` (
  `id` int(10) unsigned NOT NULL AUTO_INCREMENT,
  `migration` varchar(255) COLLATE utf8mb4_unicode_ci NOT NULL,
  `batch` int(11) NOT NULL,
  PRIMARY KEY (`id`)
) ENGINE=InnoDB AUTO_INCREMENT=78 DEFAULT CHARSET=utf8mb4 COLLATE=utf8mb4_unicode_ci;
/*!40101 SET character_set_client = @saved_cs_client */;

--
-- Dumping data for table `migrations`
--

LOCK TABLES `migrations` WRITE;
/*!40000 ALTER TABLE `migrations` DISABLE KEYS */;
INSERT INTO `migrations` VALUES (1,'2014_10_12_000000_create_users_table',1),(2,'2014_10_12_100000_create_password_resets_table',1),(3,'2016_01_01_000000_add_voyager_user_fields',1),(4,'2016_01_01_000000_create_data_types_table',1),(5,'2016_05_19_173453_create_menu_table',1),(6,'2016_10_21_190000_create_roles_table',1),(7,'2016_10_21_190000_create_settings_table',1),(8,'2016_11_30_135954_create_permission_table',1),(9,'2016_11_30_141208_create_permission_role_table',1),(10,'2016_12_26_201236_data_types__add__server_side',1),(11,'2017_01_13_000000_add_route_to_menu_items_table',1),(12,'2017_01_14_005015_create_translations_table',1),(13,'2017_01_15_000000_make_table_name_nullable_in_permissions_table',1),(14,'2017_03_06_000000_add_controller_to_data_types_table',1),(15,'2017_04_21_000000_add_order_to_data_rows_table',1),(16,'2017_07_05_210000_add_policyname_to_data_types_table',1),(17,'2017_08_05_000000_add_group_to_settings_table',1),(18,'2017_11_26_013050_add_user_role_relationship',1),(19,'2017_11_26_015000_create_user_roles_table',1),(20,'2018_03_11_000000_add_user_settings',1),(21,'2018_03_14_000000_add_details_to_data_types_table',1),(22,'2018_03_16_000000_make_settings_value_nullable',1),(23,'2019_01_09_110215_create_customers_table',1),(24,'2019_01_09_110254_create_plans_table',1),(25,'2019_01_09_110402_add_plan_id_to_customers_table',1),(26,'2019_01_09_110546_add_status_to_customers_table',1),(27,'2019_01_09_110716_create_kitchens_table',1),(28,'2019_01_09_110824_create_ingredients_table',1),(29,'2019_01_09_110916_create_meal_categories_table',1),(30,'2019_01_09_111048_create_meals_table',1),(31,'2019_01_09_111130_create_weeks_table',1),(32,'2019_01_09_111326_create_customer_meal_pivot_table',1),(33,'2019_01_09_112036_create_ingredient_meal_pivot_table',1),(34,'2019_01_14_102833_create_plan_prohibited_ingredients_table',1),(35,'2019_01_15_081132_create_customers_allergic_ingredients_table',1),(36,'2019_01_15_121229_create_meal_types_table',1),(37,'2019_01_15_133301_add_meal_type_id_to_meals_table',1),(38,'2019_01_16_092449_add_name_to_weeks_table',1),(39,'2019_01_17_124041_create_week_meals_table',1),(40,'2019_01_17_124506_create_customer_meals_table',1),(41,'2019_01_24_061644_add_total_calories_to_meals_table',1),(42,'2019_02_03_064243_create_additional_ingredients_table',1),(43,'2019_02_04_092556_add_total_calories_to_customer_meals_table',1),(44,'2019_02_10_122311_add_cooked_to_customer_meals_table',1),(45,'2019_02_13_062734_create_ingredient_types_table',1),(46,'2019_02_13_062823_add_ingredient_type_to_ingredients_table',1),(47,'2019_02_13_072630_create_customer_disliked_ingredients',1),(48,'2019_02_13_104026_create_customer_ingredients_amount_table',1),(49,'2019_02_24_060216_add_removable_to_ingredient_meal_table',1),(50,'2019_03_03_085213_add_meal_type_id_to_customer_ingredients_amount_table',1),(51,'2019_03_04_063725_add_custom_to_meals_table',1),(52,'2019_03_04_081014_add_kitchen_id_to_ingredient_types_table',1),(53,'2019_03_05_055421_create_customer_meal_custom_amounts_table',1),(54,'2019_03_14_065526_add_total_fats_to_meals_table',1),(55,'2019_03_14_065536_add_total_proteins_to_meals_table',1),(56,'2019_03_14_065537_add_total_carbs_to_meals_table',1),(57,'2019_03_14_065539_add_total_fats_to_customer_meals_table',1),(58,'2019_03_14_065540_add_total_proteins_to_customer_meals_table',1),(59,'2019_03_14_065541_add_total_carbs_to_customer_meals_table',1),(60,'2019_04_08_104832_create_customers_allergic_ingredient_types',2),(61,'2019_04_08_105038_create_plan_prohibited_ingredient_types',2),(62,'2019_04_09_131923_make_ingredient_type_id_and_amount_nullable_in_customer_ingredients_amount_table',2),(63,'2019_04_09_132525_create_customer_program_table',2),(64,'2019_04_15_130521_add_meal_notes_to_meals_table',2),(65,'2019_04_17_104031_add_meal_notes_to_customer_meal_table',2),(66,'2019_04_17_112140_add_notes_to_customer_meals_table',2),(67,'2019_07_29_064614_add_editable_to_ingredient_meal_table',3),(68,'2019_07_29_083642_add_consider_calories_to_customers_table',3),(69,'2019_07_29_085726_add_daily_calories_to_customers_table',3),(70,'2019_07_29_124234_create_customer_meal_types_table',3),(71,'2019_07_30_103751_create_plan_meals_table',3),(72,'2019_08_05_103413_add_extra_to_meal_types_table',3),(73,'2019_08_06_140704_create_customer_days_table',3),(74,'2019_08_07_085805_create_customer_weeks_table',3),(75,'2019_08_14_103159_add_customer_id_to_customers_table',3),(76,'2019_08_18_115530_create_customer_excluded_days_table',3),(77,'2019_08_18_125337_add__excluded_days_to_customers_table',3);
/*!40000 ALTER TABLE `migrations` ENABLE KEYS */;
UNLOCK TABLES;

--
-- Table structure for table `password_resets`
--

DROP TABLE IF EXISTS `password_resets`;
/*!40101 SET @saved_cs_client     = @@character_set_client */;
/*!40101 SET character_set_client = utf8 */;
CREATE TABLE `password_resets` (
  `email` varchar(255) COLLATE utf8mb4_unicode_ci NOT NULL,
  `token` varchar(255) COLLATE utf8mb4_unicode_ci NOT NULL,
  `created_at` timestamp NULL DEFAULT NULL,
  KEY `password_resets_email_index` (`email`)
) ENGINE=InnoDB DEFAULT CHARSET=utf8mb4 COLLATE=utf8mb4_unicode_ci;
/*!40101 SET character_set_client = @saved_cs_client */;

--
-- Dumping data for table `password_resets`
--

LOCK TABLES `password_resets` WRITE;
/*!40000 ALTER TABLE `password_resets` DISABLE KEYS */;
/*!40000 ALTER TABLE `password_resets` ENABLE KEYS */;
UNLOCK TABLES;

--
-- Table structure for table `permission_role`
--

DROP TABLE IF EXISTS `permission_role`;
/*!40101 SET @saved_cs_client     = @@character_set_client */;
/*!40101 SET character_set_client = utf8 */;
CREATE TABLE `permission_role` (
  `permission_id` int(10) unsigned NOT NULL,
  `role_id` int(10) unsigned NOT NULL,
  PRIMARY KEY (`permission_id`,`role_id`),
  KEY `permission_role_permission_id_index` (`permission_id`),
  KEY `permission_role_role_id_index` (`role_id`),
  CONSTRAINT `permission_role_permission_id_foreign` FOREIGN KEY (`permission_id`) REFERENCES `permissions` (`id`) ON DELETE CASCADE,
  CONSTRAINT `permission_role_role_id_foreign` FOREIGN KEY (`role_id`) REFERENCES `roles` (`id`) ON DELETE CASCADE
) ENGINE=InnoDB DEFAULT CHARSET=utf8mb4 COLLATE=utf8mb4_unicode_ci;
/*!40101 SET character_set_client = @saved_cs_client */;

--
-- Dumping data for table `permission_role`
--

LOCK TABLES `permission_role` WRITE;
/*!40000 ALTER TABLE `permission_role` DISABLE KEYS */;
INSERT INTO `permission_role` VALUES (1,1),(2,1),(3,1),(4,1),(5,1),(6,1),(7,1),(8,1),(9,1),(10,1),(11,1),(12,1),(13,1),(14,1),(15,1),(16,1),(17,1),(18,1),(19,1),(20,1),(21,1),(22,1),(23,1),(24,1),(25,1),(27,1),(28,1),(29,1),(30,1),(31,1),(32,1),(33,1),(34,1),(35,1),(36,1),(37,1),(38,1),(39,1),(40,1),(41,1),(42,1),(43,1),(44,1),(45,1),(46,1),(47,1),(48,1),(49,1),(50,1),(51,1),(52,1),(53,1),(54,1),(55,1),(56,1),(57,1),(58,1),(59,1),(60,1),(61,1),(62,1),(63,1),(64,1),(65,1),(66,1),(72,1),(73,1),(74,1),(75,1),(76,1),(77,1),(78,1),(79,1),(80,1),(81,1),(82,1),(83,1),(84,1),(85,1),(86,1);
/*!40000 ALTER TABLE `permission_role` ENABLE KEYS */;
UNLOCK TABLES;

--
-- Table structure for table `permissions`
--

DROP TABLE IF EXISTS `permissions`;
/*!40101 SET @saved_cs_client     = @@character_set_client */;
/*!40101 SET character_set_client = utf8 */;
CREATE TABLE `permissions` (
  `id` int(10) unsigned NOT NULL AUTO_INCREMENT,
  `key` varchar(255) COLLATE utf8mb4_unicode_ci NOT NULL,
  `table_name` varchar(255) COLLATE utf8mb4_unicode_ci DEFAULT NULL,
  `created_at` timestamp NULL DEFAULT NULL,
  `updated_at` timestamp NULL DEFAULT NULL,
  PRIMARY KEY (`id`),
  KEY `permissions_key_index` (`key`)
) ENGINE=InnoDB AUTO_INCREMENT=87 DEFAULT CHARSET=utf8mb4 COLLATE=utf8mb4_unicode_ci;
/*!40101 SET character_set_client = @saved_cs_client */;

--
-- Dumping data for table `permissions`
--

LOCK TABLES `permissions` WRITE;
/*!40000 ALTER TABLE `permissions` DISABLE KEYS */;
INSERT INTO `permissions` VALUES (1,'browse_admin',NULL,'2019-01-10 07:25:28','2019-01-10 07:25:28'),(2,'browse_bread',NULL,'2019-01-10 07:25:28','2019-01-10 07:25:28'),(3,'browse_database',NULL,'2019-01-10 07:25:28','2019-01-10 07:25:28'),(4,'browse_media',NULL,'2019-01-10 07:25:28','2019-01-10 07:25:28'),(5,'browse_compass',NULL,'2019-01-10 07:25:28','2019-01-10 07:25:28'),(6,'browse_menus','menus','2019-01-10 07:25:28','2019-01-10 07:25:28'),(7,'read_menus','menus','2019-01-10 07:25:28','2019-01-10 07:25:28'),(8,'edit_menus','menus','2019-01-10 07:25:28','2019-01-10 07:25:28'),(9,'add_menus','menus','2019-01-10 07:25:28','2019-01-10 07:25:28'),(10,'delete_menus','menus','2019-01-10 07:25:28','2019-01-10 07:25:28'),(11,'browse_roles','roles','2019-01-10 07:25:28','2019-01-10 07:25:28'),(12,'read_roles','roles','2019-01-10 07:25:28','2019-01-10 07:25:28'),(13,'edit_roles','roles','2019-01-10 07:25:28','2019-01-10 07:25:28'),(14,'add_roles','roles','2019-01-10 07:25:28','2019-01-10 07:25:28'),(15,'delete_roles','roles','2019-01-10 07:25:28','2019-01-10 07:25:28'),(16,'browse_users','users','2019-01-10 07:25:28','2019-01-10 07:25:28'),(17,'read_users','users','2019-01-10 07:25:28','2019-01-10 07:25:28'),(18,'edit_users','users','2019-01-10 07:25:28','2019-01-10 07:25:28'),(19,'add_users','users','2019-01-10 07:25:28','2019-01-10 07:25:28'),(20,'delete_users','users','2019-01-10 07:25:28','2019-01-10 07:25:28'),(21,'browse_settings','settings','2019-01-10 07:25:28','2019-01-10 07:25:28'),(22,'read_settings','settings','2019-01-10 07:25:28','2019-01-10 07:25:28'),(23,'edit_settings','settings','2019-01-10 07:25:28','2019-01-10 07:25:28'),(24,'add_settings','settings','2019-01-10 07:25:28','2019-01-10 07:25:28'),(25,'delete_settings','settings','2019-01-10 07:25:28','2019-01-10 07:25:28'),(27,'browse_ingredients','ingredients','2019-01-09 12:14:50','2019-01-09 12:14:50'),(28,'read_ingredients','ingredients','2019-01-09 12:14:50','2019-01-09 12:14:50'),(29,'edit_ingredients','ingredients','2019-01-09 12:14:50','2019-01-09 12:14:50'),(30,'add_ingredients','ingredients','2019-01-09 12:14:50','2019-01-09 12:14:50'),(31,'delete_ingredients','ingredients','2019-01-09 12:14:50','2019-01-09 12:14:50'),(32,'browse_kitchens','kitchens','2019-01-09 12:16:46','2019-01-09 12:16:46'),(33,'read_kitchens','kitchens','2019-01-09 12:16:46','2019-01-09 12:16:46'),(34,'edit_kitchens','kitchens','2019-01-09 12:16:46','2019-01-09 12:16:46'),(35,'add_kitchens','kitchens','2019-01-09 12:16:46','2019-01-09 12:16:46'),(36,'delete_kitchens','kitchens','2019-01-09 12:16:46','2019-01-09 12:16:46'),(37,'browse_meals','meals','2019-01-09 12:17:08','2019-01-09 12:17:08'),(38,'read_meals','meals','2019-01-09 12:17:08','2019-01-09 12:17:08'),(39,'edit_meals','meals','2019-01-09 12:17:08','2019-01-09 12:17:08'),(40,'add_meals','meals','2019-01-09 12:17:08','2019-01-09 12:17:08'),(41,'delete_meals','meals','2019-01-09 12:17:08','2019-01-09 12:17:08'),(42,'browse_weeks','weeks','2019-01-09 12:19:29','2019-01-09 12:19:29'),(43,'read_weeks','weeks','2019-01-09 12:19:29','2019-01-09 12:19:29'),(44,'edit_weeks','weeks','2019-01-09 12:19:29','2019-01-09 12:19:29'),(45,'add_weeks','weeks','2019-01-09 12:19:29','2019-01-09 12:19:29'),(46,'delete_weeks','weeks','2019-01-09 12:19:29','2019-01-09 12:19:29'),(47,'browse_plans','plans','2019-01-09 12:19:41','2019-01-09 12:19:41'),(48,'read_plans','plans','2019-01-09 12:19:41','2019-01-09 12:19:41'),(49,'edit_plans','plans','2019-01-09 12:19:41','2019-01-09 12:19:41'),(50,'add_plans','plans','2019-01-09 12:19:41','2019-01-09 12:19:41'),(51,'delete_plans','plans','2019-01-09 12:19:41','2019-01-09 12:19:41'),(52,'browse_meal_category','meal_category','2019-01-09 12:19:57','2019-01-09 12:19:57'),(53,'read_meal_category','meal_category','2019-01-09 12:19:57','2019-01-09 12:19:57'),(54,'edit_meal_category','meal_category','2019-01-09 12:19:57','2019-01-09 12:19:57'),(55,'add_meal_category','meal_category','2019-01-09 12:19:57','2019-01-09 12:19:57'),(56,'delete_meal_category','meal_category','2019-01-09 12:19:57','2019-01-09 12:19:57'),(57,'browse_customers','customers','2019-01-09 12:34:55','2019-01-09 12:34:55'),(58,'read_customers','customers','2019-01-09 12:34:55','2019-01-09 12:34:55'),(59,'edit_customers','customers','2019-01-09 12:34:55','2019-01-09 12:34:55'),(60,'add_customers','customers','2019-01-09 12:34:55','2019-01-09 12:34:55'),(61,'delete_customers','customers','2019-01-09 12:34:55','2019-01-09 12:34:55'),(62,'browse_meal_categories','meal_categories','2019-01-09 13:11:33','2019-01-09 13:11:33'),(63,'read_meal_categories','meal_categories','2019-01-09 13:11:33','2019-01-09 13:11:33'),(64,'edit_meal_categories','meal_categories','2019-01-09 13:11:33','2019-01-09 13:11:33'),(65,'add_meal_categories','meal_categories','2019-01-09 13:11:33','2019-01-09 13:11:33'),(66,'delete_meal_categories','meal_categories','2019-01-09 13:11:33','2019-01-09 13:11:33'),(72,'browse_meal_types','meal_types','2019-01-15 12:19:42','2019-01-15 12:19:42'),(73,'read_meal_types','meal_types','2019-01-15 12:19:42','2019-01-15 12:19:42'),(74,'edit_meal_types','meal_types','2019-01-15 12:19:42','2019-01-15 12:19:42'),(75,'add_meal_types','meal_types','2019-01-15 12:19:42','2019-01-15 12:19:42'),(76,'delete_meal_types','meal_types','2019-01-15 12:19:42','2019-01-15 12:19:42'),(77,'browse_customer_meals','customer_meals','2019-01-22 05:42:21','2019-01-22 05:42:21'),(78,'read_customer_meals','customer_meals','2019-01-22 05:42:21','2019-01-22 05:42:21'),(79,'edit_customer_meals','customer_meals','2019-01-22 05:42:21','2019-01-22 05:42:21'),(80,'add_customer_meals','customer_meals','2019-01-22 05:42:21','2019-01-22 05:42:21'),(81,'delete_customer_meals','customer_meals','2019-01-22 05:42:21','2019-01-22 05:42:21'),(82,'browse_ingredient_types','ingredient_types','2019-02-13 06:39:58','2019-02-13 06:39:58'),(83,'read_ingredient_types','ingredient_types','2019-02-13 06:39:58','2019-02-13 06:39:58'),(84,'edit_ingredient_types','ingredient_types','2019-02-13 06:39:58','2019-02-13 06:39:58'),(85,'add_ingredient_types','ingredient_types','2019-02-13 06:39:58','2019-02-13 06:39:58'),(86,'delete_ingredient_types','ingredient_types','2019-02-13 06:39:58','2019-02-13 06:39:58');
/*!40000 ALTER TABLE `permissions` ENABLE KEYS */;
UNLOCK TABLES;

--
-- Table structure for table `plan_meals`
--

DROP TABLE IF EXISTS `plan_meals`;
/*!40101 SET @saved_cs_client     = @@character_set_client */;
/*!40101 SET character_set_client = utf8 */;
CREATE TABLE `plan_meals` (
  `id` int(10) unsigned NOT NULL AUTO_INCREMENT,
  `plan_id` int(10) unsigned NOT NULL,
  `meal_id` int(10) unsigned NOT NULL,
  `created_at` timestamp NULL DEFAULT NULL,
  `updated_at` timestamp NULL DEFAULT NULL,
  PRIMARY KEY (`id`),
  KEY `plan_meals_plan_id_foreign` (`plan_id`),
  KEY `plan_meals_meal_id_foreign` (`meal_id`),
  CONSTRAINT `plan_meals_meal_id_foreign` FOREIGN KEY (`meal_id`) REFERENCES `meals` (`id`),
  CONSTRAINT `plan_meals_plan_id_foreign` FOREIGN KEY (`plan_id`) REFERENCES `plans` (`id`)
) ENGINE=InnoDB AUTO_INCREMENT=610 DEFAULT CHARSET=utf8mb4 COLLATE=utf8mb4_unicode_ci;
/*!40101 SET character_set_client = @saved_cs_client */;

--
-- Dumping data for table `plan_meals`
--

LOCK TABLES `plan_meals` WRITE;
/*!40000 ALTER TABLE `plan_meals` DISABLE KEYS */;
INSERT INTO `plan_meals` VALUES (1,1,582,NULL,NULL),(2,3,582,NULL,NULL),(3,6,583,NULL,NULL),(4,13,583,NULL,NULL),(5,1,584,NULL,NULL),(6,3,584,NULL,NULL),(7,12,584,NULL,NULL),(8,7,584,NULL,NULL),(9,1,585,NULL,NULL),(10,12,585,NULL,NULL),(11,1,586,NULL,NULL),(12,1,587,NULL,NULL),(13,3,587,NULL,NULL),(14,1,588,NULL,NULL),(15,7,588,NULL,NULL),(16,12,588,NULL,NULL),(17,1,589,NULL,NULL),(18,6,589,NULL,NULL),(19,3,589,NULL,NULL),(20,1,590,NULL,NULL),(21,3,590,NULL,NULL),(22,3,591,NULL,NULL),(23,1,592,NULL,NULL),(24,3,592,NULL,NULL),(25,1,593,NULL,NULL),(26,3,593,NULL,NULL),(27,1,594,NULL,NULL),(28,3,594,NULL,NULL),(29,6,594,NULL,NULL),(30,8,594,NULL,NULL),(31,10,594,NULL,NULL),(32,11,594,NULL,NULL),(33,13,594,NULL,NULL),(34,14,594,NULL,NULL),(35,1,595,NULL,NULL),(37,3,595,NULL,NULL),(40,8,595,NULL,NULL),(41,9,595,NULL,NULL),(42,10,595,NULL,NULL),(44,1,596,NULL,NULL),(45,3,596,NULL,NULL),(46,4,596,NULL,NULL),(47,7,596,NULL,NULL),(48,8,596,NULL,NULL),(49,9,596,NULL,NULL),(50,10,596,NULL,NULL),(51,11,596,NULL,NULL),(52,12,596,NULL,NULL),(53,1,597,NULL,NULL),(54,2,597,NULL,NULL),(55,3,597,NULL,NULL),(56,4,597,NULL,NULL),(57,7,597,NULL,NULL),(58,8,597,NULL,NULL),(59,10,597,NULL,NULL),(60,12,597,NULL,NULL),(61,1,598,NULL,NULL),(62,3,598,NULL,NULL),(63,6,598,NULL,NULL),(64,8,598,NULL,NULL),(65,10,598,NULL,NULL),(66,11,598,NULL,NULL),(67,1,599,NULL,NULL),(68,3,599,NULL,NULL),(69,8,599,NULL,NULL),(70,10,599,NULL,NULL),(71,11,599,NULL,NULL),(72,1,600,NULL,NULL),(73,3,600,NULL,NULL),(74,8,600,NULL,NULL),(75,10,600,NULL,NULL),(76,1,601,NULL,NULL),(77,3,601,NULL,NULL),(78,8,601,NULL,NULL),(79,10,601,NULL,NULL),(80,11,601,NULL,NULL),(81,1,602,NULL,NULL),(82,3,602,NULL,NULL),(84,8,602,NULL,NULL),(87,12,602,NULL,NULL),(90,1,603,NULL,NULL),(91,3,603,NULL,NULL),(92,6,603,NULL,NULL),(93,8,603,NULL,NULL),(94,9,603,NULL,NULL),(95,10,603,NULL,NULL),(96,11,603,NULL,NULL),(97,1,604,NULL,NULL),(98,3,604,NULL,NULL),(99,6,604,NULL,NULL),(100,8,604,NULL,NULL),(101,10,604,NULL,NULL),(102,11,604,NULL,NULL),(103,1,605,NULL,NULL),(104,3,605,NULL,NULL),(105,1,606,NULL,NULL),(106,2,607,NULL,NULL),(107,2,608,NULL,NULL),(108,3,608,NULL,NULL),(109,1,609,NULL,NULL),(110,3,609,NULL,NULL),(111,2,610,NULL,NULL),(112,3,610,NULL,NULL),(113,3,611,NULL,NULL),(114,6,611,NULL,NULL),(115,13,611,NULL,NULL),(116,1,612,NULL,NULL),(117,2,612,NULL,NULL),(118,3,612,NULL,NULL),(119,6,612,NULL,NULL),(120,1,613,NULL,NULL),(121,3,613,NULL,NULL),(122,1,614,NULL,NULL),(123,3,614,NULL,NULL),(124,4,614,NULL,NULL),(125,6,614,NULL,NULL),(126,7,614,NULL,NULL),(127,8,614,NULL,NULL),(128,9,614,NULL,NULL),(129,10,614,NULL,NULL),(130,11,614,NULL,NULL),(131,12,614,NULL,NULL),(132,13,614,NULL,NULL),(133,14,614,NULL,NULL),(134,2,615,NULL,NULL),(135,3,615,NULL,NULL),(136,4,615,NULL,NULL),(137,7,615,NULL,NULL),(138,8,615,NULL,NULL),(139,11,615,NULL,NULL),(140,12,615,NULL,NULL),(141,3,616,NULL,NULL),(142,6,616,NULL,NULL),(143,8,616,NULL,NULL),(144,10,616,NULL,NULL),(145,11,616,NULL,NULL),(146,13,616,NULL,NULL),(147,14,616,NULL,NULL),(148,1,617,NULL,NULL),(149,2,617,NULL,NULL),(150,3,617,NULL,NULL),(151,7,617,NULL,NULL),(152,8,617,NULL,NULL),(153,12,617,NULL,NULL),(154,1,618,NULL,NULL),(155,2,618,NULL,NULL),(156,3,618,NULL,NULL),(157,4,618,NULL,NULL),(158,7,618,NULL,NULL),(159,3,619,NULL,NULL),(160,6,619,NULL,NULL),(161,13,619,NULL,NULL),(162,1,620,NULL,NULL),(163,3,620,NULL,NULL),(164,1,621,NULL,NULL),(165,3,621,NULL,NULL),(166,1,622,NULL,NULL),(167,3,622,NULL,NULL),(168,8,622,NULL,NULL),(169,10,622,NULL,NULL),(170,11,622,NULL,NULL),(171,1,623,NULL,NULL),(172,2,623,NULL,NULL),(173,3,623,NULL,NULL),(174,1,624,NULL,NULL),(175,3,624,NULL,NULL),(176,6,624,NULL,NULL),(177,3,625,NULL,NULL),(178,2,626,NULL,NULL),(179,3,626,NULL,NULL),(180,4,626,NULL,NULL),(181,3,627,NULL,NULL),(182,6,627,NULL,NULL),(183,1,628,NULL,NULL),(184,2,628,NULL,NULL),(185,3,628,NULL,NULL),(186,1,629,NULL,NULL),(187,3,629,NULL,NULL),(188,1,630,NULL,NULL),(189,2,630,NULL,NULL),(190,3,630,NULL,NULL),(191,1,631,NULL,NULL),(192,2,631,NULL,NULL),(193,3,631,NULL,NULL),(194,1,632,NULL,NULL),(195,3,632,NULL,NULL),(196,2,633,NULL,NULL),(197,3,633,NULL,NULL),(198,1,634,NULL,NULL),(199,3,634,NULL,NULL),(200,2,635,NULL,NULL),(201,3,635,NULL,NULL),(202,3,636,NULL,NULL),(203,1,637,NULL,NULL),(204,2,637,NULL,NULL),(205,3,637,NULL,NULL),(206,7,637,NULL,NULL),(207,1,638,NULL,NULL),(208,3,638,NULL,NULL),(209,1,639,NULL,NULL),(210,3,639,NULL,NULL),(211,8,639,NULL,NULL),(212,10,639,NULL,NULL),(213,11,639,NULL,NULL),(214,1,640,NULL,NULL),(215,2,640,NULL,NULL),(216,3,640,NULL,NULL),(217,3,641,NULL,NULL),(218,3,642,NULL,NULL),(219,2,643,NULL,NULL),(220,3,643,NULL,NULL),(221,3,644,NULL,NULL),(222,1,645,NULL,NULL),(223,2,645,NULL,NULL),(224,3,645,NULL,NULL),(225,1,646,NULL,NULL),(226,3,646,NULL,NULL),(227,1,647,NULL,NULL),(228,2,647,NULL,NULL),(229,3,647,NULL,NULL),(230,1,648,NULL,NULL),(231,3,648,NULL,NULL),(232,1,649,NULL,NULL),(233,3,649,NULL,NULL),(234,1,650,NULL,NULL),(235,3,650,NULL,NULL),(236,2,651,NULL,NULL),(237,3,651,NULL,NULL),(238,1,652,NULL,NULL),(239,3,652,NULL,NULL),(240,11,652,NULL,NULL),(241,1,653,NULL,NULL),(242,2,653,NULL,NULL),(243,3,653,NULL,NULL),(244,6,653,NULL,NULL),(245,1,654,NULL,NULL),(246,3,654,NULL,NULL),(247,6,654,NULL,NULL),(248,11,654,NULL,NULL),(249,1,655,NULL,NULL),(250,3,655,NULL,NULL),(251,8,655,NULL,NULL),(252,10,655,NULL,NULL),(253,1,656,NULL,NULL),(254,3,656,NULL,NULL),(255,6,656,NULL,NULL),(256,8,656,NULL,NULL),(257,10,656,NULL,NULL),(258,13,656,NULL,NULL),(259,1,657,NULL,NULL),(260,2,657,NULL,NULL),(261,3,657,NULL,NULL),(262,7,657,NULL,NULL),(263,8,657,NULL,NULL),(264,9,657,NULL,NULL),(265,10,657,NULL,NULL),(266,11,657,NULL,NULL),(267,12,657,NULL,NULL),(268,2,658,NULL,NULL),(269,3,658,NULL,NULL),(270,2,659,NULL,NULL),(271,3,659,NULL,NULL),(272,3,660,NULL,NULL),(273,1,661,NULL,NULL),(274,3,661,NULL,NULL),(275,6,661,NULL,NULL),(276,1,662,NULL,NULL),(277,2,662,NULL,NULL),(278,3,662,NULL,NULL),(279,7,662,NULL,NULL),(280,8,662,NULL,NULL),(281,9,662,NULL,NULL),(282,10,662,NULL,NULL),(283,11,662,NULL,NULL),(284,12,662,NULL,NULL),(285,1,663,NULL,NULL),(286,2,663,NULL,NULL),(287,3,663,NULL,NULL),(288,4,663,NULL,NULL),(289,6,663,NULL,NULL),(290,7,663,NULL,NULL),(291,8,663,NULL,NULL),(292,9,663,NULL,NULL),(293,10,663,NULL,NULL),(294,11,663,NULL,NULL),(295,12,663,NULL,NULL),(296,13,663,NULL,NULL),(297,14,663,NULL,NULL),(298,1,664,NULL,NULL),(299,2,664,NULL,NULL),(300,3,664,NULL,NULL),(301,4,664,NULL,NULL),(302,7,664,NULL,NULL),(303,8,664,NULL,NULL),(304,9,664,NULL,NULL),(305,10,664,NULL,NULL),(306,1,665,NULL,NULL),(307,3,665,NULL,NULL),(308,6,665,NULL,NULL),(309,1,666,NULL,NULL),(310,3,666,NULL,NULL),(311,3,667,NULL,NULL),(312,3,668,NULL,NULL),(313,1,669,NULL,NULL),(314,3,669,NULL,NULL),(315,1,670,NULL,NULL),(316,2,670,NULL,NULL),(317,3,670,NULL,NULL),(318,1,671,NULL,NULL),(319,3,671,NULL,NULL),(320,6,671,NULL,NULL),(321,3,672,NULL,NULL),(322,1,673,NULL,NULL),(323,3,673,NULL,NULL),(324,1,674,NULL,NULL),(325,2,674,NULL,NULL),(326,3,674,NULL,NULL),(327,1,675,NULL,NULL),(328,2,675,NULL,NULL),(329,3,675,NULL,NULL),(330,3,676,NULL,NULL),(331,1,677,NULL,NULL),(332,3,677,NULL,NULL),(333,1,678,NULL,NULL),(334,3,678,NULL,NULL),(335,6,678,NULL,NULL),(336,1,679,NULL,NULL),(337,2,679,NULL,NULL),(338,3,679,NULL,NULL),(339,2,680,NULL,NULL),(340,3,680,NULL,NULL),(341,1,681,NULL,NULL),(342,3,681,NULL,NULL),(343,2,682,NULL,NULL),(344,3,682,NULL,NULL),(345,1,683,NULL,NULL),(346,3,683,NULL,NULL),(347,1,684,NULL,NULL),(348,3,684,NULL,NULL),(349,1,685,NULL,NULL),(350,2,685,NULL,NULL),(351,3,685,NULL,NULL),(352,1,686,NULL,NULL),(353,3,686,NULL,NULL),(354,2,687,NULL,NULL),(355,3,687,NULL,NULL),(356,3,688,NULL,NULL),(357,2,689,NULL,NULL),(358,3,689,NULL,NULL),(359,1,690,NULL,NULL),(360,3,690,NULL,NULL),(361,1,691,NULL,NULL),(362,3,691,NULL,NULL),(363,4,691,NULL,NULL),(364,1,692,NULL,NULL),(365,2,692,NULL,NULL),(366,3,692,NULL,NULL),(367,4,692,NULL,NULL),(368,1,693,NULL,NULL),(369,3,693,NULL,NULL),(370,6,693,NULL,NULL),(371,1,694,NULL,NULL),(372,2,694,NULL,NULL),(373,3,694,NULL,NULL),(374,1,695,NULL,NULL),(375,3,695,NULL,NULL),(376,1,696,NULL,NULL),(377,2,696,NULL,NULL),(378,3,696,NULL,NULL),(379,1,697,NULL,NULL),(380,2,697,NULL,NULL),(381,3,697,NULL,NULL),(382,2,698,NULL,NULL),(383,3,698,NULL,NULL),(384,1,699,NULL,NULL),(385,3,699,NULL,NULL),(386,1,700,NULL,NULL),(387,2,700,NULL,NULL),(388,3,700,NULL,NULL),(389,1,701,NULL,NULL),(390,2,701,NULL,NULL),(391,3,701,NULL,NULL),(392,1,702,NULL,NULL),(393,2,702,NULL,NULL),(394,3,702,NULL,NULL),(395,1,703,NULL,NULL),(396,2,703,NULL,NULL),(397,3,703,NULL,NULL),(398,1,704,NULL,NULL),(399,3,704,NULL,NULL),(400,1,705,NULL,NULL),(401,3,705,NULL,NULL),(402,1,706,NULL,NULL),(403,3,706,NULL,NULL),(404,1,707,NULL,NULL),(405,3,707,NULL,NULL),(406,6,707,NULL,NULL),(407,1,708,NULL,NULL),(408,3,708,NULL,NULL),(409,1,709,NULL,NULL),(410,3,709,NULL,NULL),(411,6,709,NULL,NULL),(412,2,710,NULL,NULL),(413,3,710,NULL,NULL),(414,1,711,NULL,NULL),(415,2,711,NULL,NULL),(416,3,711,NULL,NULL),(417,1,712,NULL,NULL),(418,3,712,NULL,NULL),(419,3,713,NULL,NULL),(420,1,714,NULL,NULL),(421,3,714,NULL,NULL),(422,1,715,NULL,NULL),(423,3,715,NULL,NULL),(424,1,716,NULL,NULL),(425,2,716,NULL,NULL),(426,3,716,NULL,NULL),(427,1,717,NULL,NULL),(428,2,717,NULL,NULL),(429,3,717,NULL,NULL),(430,1,718,NULL,NULL),(431,3,718,NULL,NULL),(432,6,718,NULL,NULL),(433,2,719,NULL,NULL),(434,3,719,NULL,NULL),(435,2,720,NULL,NULL),(436,3,720,NULL,NULL),(437,1,721,NULL,NULL),(438,3,721,NULL,NULL),(439,6,721,NULL,NULL),(440,1,722,NULL,NULL),(441,2,722,NULL,NULL),(442,3,722,NULL,NULL),(443,7,722,NULL,NULL),(444,9,722,NULL,NULL),(445,12,722,NULL,NULL),(446,1,723,NULL,NULL),(447,3,723,NULL,NULL),(448,1,724,NULL,NULL),(449,2,724,NULL,NULL),(450,3,724,NULL,NULL),(451,7,724,NULL,NULL),(452,1,725,NULL,NULL),(453,3,725,NULL,NULL),(454,6,725,NULL,NULL),(455,1,726,NULL,NULL),(456,3,726,NULL,NULL),(457,1,727,NULL,NULL),(458,2,727,NULL,NULL),(459,3,727,NULL,NULL),(460,7,727,NULL,NULL),(461,12,727,NULL,NULL),(462,1,728,NULL,NULL),(463,3,728,NULL,NULL),(464,6,728,NULL,NULL),(465,1,729,NULL,NULL),(466,3,729,NULL,NULL),(467,6,729,NULL,NULL),(468,1,730,NULL,NULL),(469,3,730,NULL,NULL),(470,1,731,NULL,NULL),(471,3,731,NULL,NULL),(472,6,731,NULL,NULL),(473,1,732,NULL,NULL),(474,3,732,NULL,NULL),(475,1,733,NULL,NULL),(476,3,733,NULL,NULL),(477,1,734,NULL,NULL),(478,3,734,NULL,NULL),(479,7,734,NULL,NULL),(480,2,735,NULL,NULL),(481,3,735,NULL,NULL),(482,3,736,NULL,NULL),(483,6,736,NULL,NULL),(484,1,737,NULL,NULL),(485,2,737,NULL,NULL),(486,3,737,NULL,NULL),(487,1,738,NULL,NULL),(488,3,738,NULL,NULL),(489,6,738,NULL,NULL),(490,1,739,NULL,NULL),(491,3,739,NULL,NULL),(492,1,740,NULL,NULL),(493,3,740,NULL,NULL),(494,1,741,NULL,NULL),(495,3,741,NULL,NULL),(496,6,741,NULL,NULL),(497,1,742,NULL,NULL),(498,3,742,NULL,NULL),(499,1,743,NULL,NULL),(500,2,743,NULL,NULL),(501,3,743,NULL,NULL),(502,7,743,NULL,NULL),(503,9,743,NULL,NULL),(504,12,743,NULL,NULL),(505,1,744,NULL,NULL),(506,3,744,NULL,NULL),(507,1,745,NULL,NULL),(508,3,745,NULL,NULL),(509,1,746,NULL,NULL),(510,3,746,NULL,NULL),(511,6,746,NULL,NULL),(512,1,747,NULL,NULL),(513,3,747,NULL,NULL),(514,6,747,NULL,NULL),(515,1,748,NULL,NULL),(516,3,748,NULL,NULL),(517,1,749,NULL,NULL),(518,3,749,NULL,NULL),(519,6,749,NULL,NULL),(520,1,750,NULL,NULL),(521,2,750,NULL,NULL),(522,4,750,NULL,NULL),(523,7,750,NULL,NULL),(524,12,750,NULL,NULL),(525,1,751,NULL,NULL),(526,3,751,NULL,NULL),(527,1,752,NULL,NULL),(528,3,752,NULL,NULL),(529,1,753,NULL,NULL),(530,3,753,NULL,NULL),(531,6,753,NULL,NULL),(532,1,754,NULL,NULL),(533,3,754,NULL,NULL),(534,8,754,NULL,NULL),(535,1,755,NULL,NULL),(536,3,755,NULL,NULL),(537,7,755,NULL,NULL),(538,12,755,NULL,NULL),(539,1,756,NULL,NULL),(540,3,756,NULL,NULL),(541,6,756,NULL,NULL),(542,1,757,NULL,NULL),(543,2,757,NULL,NULL),(544,3,757,NULL,NULL),(545,1,758,NULL,NULL),(546,3,758,NULL,NULL),(547,6,758,NULL,NULL),(548,1,759,NULL,NULL),(549,2,759,NULL,NULL),(550,3,759,NULL,NULL),(551,2,760,NULL,NULL),(552,3,760,NULL,NULL),(553,1,761,NULL,NULL),(554,2,761,NULL,NULL),(555,3,761,NULL,NULL),(556,1,762,NULL,NULL),(557,3,762,NULL,NULL),(558,7,762,NULL,NULL),(559,1,763,NULL,NULL),(560,3,763,NULL,NULL),(561,7,763,NULL,NULL),(562,1,764,NULL,NULL),(563,1,765,NULL,NULL),(564,3,765,NULL,NULL),(565,1,766,NULL,NULL),(566,3,766,NULL,NULL),(567,1,767,NULL,NULL),(568,3,767,NULL,NULL),(569,1,768,NULL,NULL),(570,3,768,NULL,NULL),(571,1,769,NULL,NULL),(572,3,769,NULL,NULL),(573,7,769,NULL,NULL),(574,3,770,NULL,NULL),(575,1,771,NULL,NULL),(576,3,771,NULL,NULL),(577,1,772,NULL,NULL),(578,1,773,NULL,NULL),(579,3,773,NULL,NULL),(580,7,773,NULL,NULL),(581,1,774,NULL,NULL),(582,2,774,NULL,NULL),(583,3,774,NULL,NULL),(584,1,775,NULL,NULL),(585,2,775,NULL,NULL),(586,3,775,NULL,NULL),(587,1,776,NULL,NULL),(588,3,776,NULL,NULL),(589,6,776,NULL,NULL),(590,7,776,NULL,NULL),(591,1,777,NULL,NULL),(592,2,777,NULL,NULL),(593,3,777,NULL,NULL),(594,1,778,NULL,NULL),(595,3,778,NULL,NULL),(596,7,778,NULL,NULL),(597,1,779,NULL,NULL),(598,3,779,NULL,NULL),(599,1,780,NULL,NULL),(600,3,780,NULL,NULL),(601,1,781,NULL,NULL),(602,3,781,NULL,NULL),(603,8,781,NULL,NULL),(604,1,782,NULL,NULL),(605,3,783,NULL,NULL),(606,3,784,NULL,NULL),(607,8,784,NULL,NULL),(608,3,785,NULL,NULL),(609,7,785,NULL,NULL);
/*!40000 ALTER TABLE `plan_meals` ENABLE KEYS */;
UNLOCK TABLES;

--
-- Table structure for table `plan_prohibited_ingredient_types`
--

DROP TABLE IF EXISTS `plan_prohibited_ingredient_types`;
/*!40101 SET @saved_cs_client     = @@character_set_client */;
/*!40101 SET character_set_client = utf8 */;
CREATE TABLE `plan_prohibited_ingredient_types` (
  `id` int(10) unsigned NOT NULL AUTO_INCREMENT,
  `plan_id` int(10) unsigned NOT NULL,
  `ingredient_type_id` int(10) unsigned NOT NULL,
  `created_at` timestamp NULL DEFAULT NULL,
  `updated_at` timestamp NULL DEFAULT NULL,
  PRIMARY KEY (`id`),
  KEY `plan_prohibited_ingredient_types_plan_id_foreign` (`plan_id`),
  KEY `plan_prohibited_ingredient_types_ingredient_type_id_foreign` (`ingredient_type_id`),
  CONSTRAINT `plan_prohibited_ingredient_types_ingredient_type_id_foreign` FOREIGN KEY (`ingredient_type_id`) REFERENCES `ingredient_types` (`id`),
  CONSTRAINT `plan_prohibited_ingredient_types_plan_id_foreign` FOREIGN KEY (`plan_id`) REFERENCES `plans` (`id`)
) ENGINE=InnoDB AUTO_INCREMENT=52 DEFAULT CHARSET=utf8mb4 COLLATE=utf8mb4_unicode_ci;
/*!40101 SET character_set_client = @saved_cs_client */;

--
-- Dumping data for table `plan_prohibited_ingredient_types`
--

LOCK TABLES `plan_prohibited_ingredient_types` WRITE;
/*!40000 ALTER TABLE `plan_prohibited_ingredient_types` DISABLE KEYS */;
INSERT INTO `plan_prohibited_ingredient_types` VALUES (3,12,2,'2019-04-21 12:31:47','2019-04-21 12:31:47'),(4,11,4,'2019-04-21 12:32:14','2019-04-21 12:32:14'),(5,11,19,'2019-04-21 12:32:19','2019-04-21 12:32:19'),(6,11,18,'2019-04-21 12:32:19','2019-04-21 12:32:19'),(7,9,2,'2019-04-21 12:32:47','2019-04-21 12:32:47'),(8,9,4,'2019-04-21 12:32:49','2019-04-21 12:32:49'),(9,9,18,'2019-04-21 12:32:55','2019-04-21 12:32:55'),(10,9,19,'2019-04-21 12:32:56','2019-04-21 12:32:56'),(11,7,2,'2019-04-21 12:33:14','2019-04-21 12:33:14'),(12,7,6,'2019-04-21 12:33:17','2019-04-21 12:33:17'),(13,5,1,'2019-04-21 13:35:44','2019-04-21 13:35:44'),(14,5,2,'2019-04-21 13:35:45','2019-04-21 13:35:45'),(15,5,3,'2019-04-21 13:35:46','2019-04-21 13:35:46'),(16,5,4,'2019-04-21 13:35:47','2019-04-21 13:35:47'),(17,5,5,'2019-04-21 13:35:48','2019-04-21 13:35:48'),(18,5,6,'2019-04-21 13:35:49','2019-04-21 13:35:49'),(19,5,7,'2019-04-21 13:35:50','2019-04-21 13:35:50'),(20,5,11,'2019-04-21 13:35:51','2019-04-21 13:35:51'),(21,5,13,'2019-04-21 13:35:52','2019-04-21 13:35:52'),(22,5,18,'2019-04-21 13:35:54','2019-04-21 13:35:54'),(23,5,19,'2019-04-21 13:35:54','2019-04-21 13:35:54'),(24,14,18,'2019-04-21 14:09:50','2019-04-21 14:09:50'),(25,14,19,'2019-04-21 14:09:51','2019-04-21 14:09:51'),(26,14,21,'2019-04-21 14:09:53','2019-04-21 14:09:53'),(27,14,22,'2019-04-21 14:09:55','2019-04-21 14:09:55'),(28,14,14,'2019-04-21 14:09:59','2019-04-21 14:09:59'),(29,14,4,'2019-04-21 14:10:09','2019-04-21 14:10:09'),(30,14,16,'2019-04-21 14:10:13','2019-04-21 14:10:13'),(31,13,14,'2019-04-21 14:10:39','2019-04-21 14:10:39'),(32,13,16,'2019-04-21 14:10:48','2019-04-21 14:10:48'),(34,13,21,'2019-04-21 14:10:53','2019-04-21 14:10:53'),(35,13,22,'2019-04-21 14:11:22','2019-04-21 14:11:22'),(36,6,14,'2019-04-21 14:12:08','2019-04-21 14:12:08'),(37,6,4,'2019-04-21 14:12:12','2019-04-21 14:12:12'),(38,6,17,'2019-04-21 14:12:15','2019-04-21 14:12:15'),(39,6,16,'2019-04-21 14:12:16','2019-04-21 14:12:16'),(40,6,15,'2019-04-21 14:12:17','2019-04-21 14:12:17'),(41,6,18,'2019-04-21 14:12:19','2019-04-21 14:12:19'),(42,6,19,'2019-04-21 14:12:20','2019-04-21 14:12:20'),(44,6,21,'2019-04-21 14:12:25','2019-04-21 14:12:25'),(45,6,22,'2019-04-21 14:12:26','2019-04-21 14:12:26'),(46,10,24,'2019-04-21 14:21:47','2019-04-21 14:21:47'),(48,10,4,'2019-04-21 14:22:01','2019-04-21 14:22:01'),(49,10,19,'2019-04-21 14:22:09','2019-04-21 14:22:09'),(50,10,18,'2019-04-21 14:22:10','2019-04-21 14:22:10'),(51,8,24,'2019-04-21 14:22:27','2019-04-21 14:22:27');
/*!40000 ALTER TABLE `plan_prohibited_ingredient_types` ENABLE KEYS */;
UNLOCK TABLES;

--
-- Table structure for table `plan_prohibited_ingredients`
--

DROP TABLE IF EXISTS `plan_prohibited_ingredients`;
/*!40101 SET @saved_cs_client     = @@character_set_client */;
/*!40101 SET character_set_client = utf8 */;
CREATE TABLE `plan_prohibited_ingredients` (
  `plan_id` int(10) unsigned NOT NULL,
  `ingredient_id` int(10) unsigned NOT NULL,
  `created_at` timestamp NULL DEFAULT NULL,
  `updated_at` timestamp NULL DEFAULT NULL,
  PRIMARY KEY (`ingredient_id`,`plan_id`),
  KEY `plan_prohibited_ingredients_plan_id_foreign` (`plan_id`),
  CONSTRAINT `plan_prohibited_ingredients_ingredient_id_foreign` FOREIGN KEY (`ingredient_id`) REFERENCES `ingredients` (`id`) ON DELETE CASCADE,
  CONSTRAINT `plan_prohibited_ingredients_plan_id_foreign` FOREIGN KEY (`plan_id`) REFERENCES `plans` (`id`) ON DELETE CASCADE
) ENGINE=InnoDB DEFAULT CHARSET=utf8mb4 COLLATE=utf8mb4_unicode_ci;
/*!40101 SET character_set_client = @saved_cs_client */;

--
-- Dumping data for table `plan_prohibited_ingredients`
--

LOCK TABLES `plan_prohibited_ingredients` WRITE;
/*!40000 ALTER TABLE `plan_prohibited_ingredients` DISABLE KEYS */;
/*!40000 ALTER TABLE `plan_prohibited_ingredients` ENABLE KEYS */;
UNLOCK TABLES;

--
-- Table structure for table `plans`
--

DROP TABLE IF EXISTS `plans`;
/*!40101 SET @saved_cs_client     = @@character_set_client */;
/*!40101 SET character_set_client = utf8 */;
CREATE TABLE `plans` (
  `id` int(10) unsigned NOT NULL AUTO_INCREMENT,
  `name` varchar(255) COLLATE utf8mb4_unicode_ci NOT NULL,
  `created_at` timestamp NULL DEFAULT NULL,
  `updated_at` timestamp NULL DEFAULT NULL,
  PRIMARY KEY (`id`)
) ENGINE=InnoDB AUTO_INCREMENT=16 DEFAULT CHARSET=utf8mb4 COLLATE=utf8mb4_unicode_ci;
/*!40101 SET character_set_client = @saved_cs_client */;

--
-- Dumping data for table `plans`
--

LOCK TABLES `plans` WRITE;
/*!40000 ALTER TABLE `plans` DISABLE KEYS */;
INSERT INTO `plans` VALUES (1,'Lunch Meals','2019-03-26 17:03:05','2019-03-26 17:03:05'),(2,'Weightloss Meals','2019-03-26 17:03:17','2019-03-26 17:03:17'),(3,'Klean Meals','2019-03-26 17:03:24','2019-03-26 17:03:24'),(4,'Retox','2019-03-26 17:03:31','2019-03-26 17:03:31'),(5,'Juice Cleanse','2019-03-26 17:03:41','2019-03-26 17:03:41'),(6,'Vegan','2019-04-06 07:10:34','2019-04-06 07:10:34'),(7,'Keto','2019-04-06 07:10:42','2019-04-06 07:10:42'),(8,'Gluten Free','2019-04-06 07:10:47','2019-04-06 07:10:47'),(9,'Paleo','2019-04-06 07:10:53','2019-04-06 07:10:53'),(10,'Gluten Free & Dairy Free','2019-04-06 07:11:09','2019-04-06 07:11:09'),(11,'Dairy Free','2019-04-06 07:11:18','2019-04-06 07:11:18'),(12,'Low Carb','2019-04-06 07:11:29','2019-04-06 07:11:29'),(13,'Vegetarian','2019-04-06 07:11:39','2019-04-06 07:11:39'),(14,'Pescatarian','2019-04-06 07:11:57','2019-04-06 07:11:57'),(15,'Abrar','2019-08-25 12:30:27','2019-08-25 12:30:27');
/*!40000 ALTER TABLE `plans` ENABLE KEYS */;
UNLOCK TABLES;

--
-- Table structure for table `roles`
--

DROP TABLE IF EXISTS `roles`;
/*!40101 SET @saved_cs_client     = @@character_set_client */;
/*!40101 SET character_set_client = utf8 */;
CREATE TABLE `roles` (
  `id` int(10) unsigned NOT NULL AUTO_INCREMENT,
  `name` varchar(255) COLLATE utf8mb4_unicode_ci NOT NULL,
  `display_name` varchar(255) COLLATE utf8mb4_unicode_ci NOT NULL,
  `created_at` timestamp NULL DEFAULT NULL,
  `updated_at` timestamp NULL DEFAULT NULL,
  PRIMARY KEY (`id`),
  UNIQUE KEY `roles_name_unique` (`name`)
) ENGINE=InnoDB AUTO_INCREMENT=3 DEFAULT CHARSET=utf8mb4 COLLATE=utf8mb4_unicode_ci;
/*!40101 SET character_set_client = @saved_cs_client */;

--
-- Dumping data for table `roles`
--

LOCK TABLES `roles` WRITE;
/*!40000 ALTER TABLE `roles` DISABLE KEYS */;
INSERT INTO `roles` VALUES (1,'admin','Administrator','2019-01-10 07:25:28','2019-01-10 07:25:28'),(2,'user','Normal User','2019-01-10 07:25:28','2019-01-10 07:25:28');
/*!40000 ALTER TABLE `roles` ENABLE KEYS */;
UNLOCK TABLES;

--
-- Table structure for table `settings`
--

DROP TABLE IF EXISTS `settings`;
/*!40101 SET @saved_cs_client     = @@character_set_client */;
/*!40101 SET character_set_client = utf8 */;
CREATE TABLE `settings` (
  `id` int(10) unsigned NOT NULL AUTO_INCREMENT,
  `key` varchar(255) COLLATE utf8mb4_unicode_ci NOT NULL,
  `display_name` varchar(255) COLLATE utf8mb4_unicode_ci NOT NULL,
  `value` text COLLATE utf8mb4_unicode_ci DEFAULT NULL,
  `details` text COLLATE utf8mb4_unicode_ci DEFAULT NULL,
  `type` varchar(255) COLLATE utf8mb4_unicode_ci NOT NULL,
  `order` int(11) NOT NULL DEFAULT 1,
  `group` varchar(255) COLLATE utf8mb4_unicode_ci DEFAULT NULL,
  PRIMARY KEY (`id`),
  UNIQUE KEY `settings_key_unique` (`key`)
) ENGINE=InnoDB AUTO_INCREMENT=16 DEFAULT CHARSET=utf8mb4 COLLATE=utf8mb4_unicode_ci;
/*!40101 SET character_set_client = @saved_cs_client */;

--
-- Dumping data for table `settings`
--

LOCK TABLES `settings` WRITE;
/*!40000 ALTER TABLE `settings` DISABLE KEYS */;
INSERT INTO `settings` VALUES (1,'site.title','Site Title','The Natural Kitchen','','text',1,'Site'),(2,'site.description','Site Description','The Natural Kitchen','','text',2,'Site'),(3,'site.logo','Site Logo','settings/March2019/Xf0TuG9JRJmKAtFGWVzo.png','','image',3,'Site'),(4,'site.google_analytics_tracking_id','Google Analytics Tracking ID',NULL,'','text',4,'Site'),(5,'admin.bg_image','Admin Background Image','settings/March2019/mxvxOdFy8KBgXhFCo9Hh.jpg','','image',5,'Admin'),(6,'admin.title','Admin Title','Mannai-Tech Admin Panel','','text',1,'Admin'),(7,'admin.description','Admin Description','Mannai-Tech Admin Panel','','text',2,'Admin'),(8,'admin.loader','Admin Loader','settings/March2019/j6boOxosjtGCdVJPR0Uz.png','','image',3,'Admin'),(9,'admin.icon_image','Admin Icon Image','settings/March2019/Vvqy1XxyorirFW8JuzfL.png','','image',4,'Admin'),(10,'admin.google_analytics_client_id','Google Analytics Client ID (used for admin dashboard)',NULL,'','text',1,'Admin'),(11,'calories.tolerance','Calories Tolerance','500',NULL,'text',6,'Calories'),(12,'site.bg_image','Homepage Background Image','',NULL,'image',7,'Site'),(15,'widgets.customers_widget_image','Customers Widget Image','settings/March2019/WdQ8DqwI4KZxisJKvYnc.png',NULL,'image',8,'Widgets');
/*!40000 ALTER TABLE `settings` ENABLE KEYS */;
UNLOCK TABLES;

--
-- Table structure for table `translations`
--

DROP TABLE IF EXISTS `translations`;
/*!40101 SET @saved_cs_client     = @@character_set_client */;
/*!40101 SET character_set_client = utf8 */;
CREATE TABLE `translations` (
  `id` int(10) unsigned NOT NULL AUTO_INCREMENT,
  `table_name` varchar(255) COLLATE utf8mb4_unicode_ci NOT NULL,
  `column_name` varchar(255) COLLATE utf8mb4_unicode_ci NOT NULL,
  `foreign_key` int(10) unsigned NOT NULL,
  `locale` varchar(255) COLLATE utf8mb4_unicode_ci NOT NULL,
  `value` text COLLATE utf8mb4_unicode_ci NOT NULL,
  `created_at` timestamp NULL DEFAULT NULL,
  `updated_at` timestamp NULL DEFAULT NULL,
  PRIMARY KEY (`id`),
  UNIQUE KEY `translations_table_name_column_name_foreign_key_locale_unique` (`table_name`,`column_name`,`foreign_key`,`locale`)
) ENGINE=InnoDB DEFAULT CHARSET=utf8mb4 COLLATE=utf8mb4_unicode_ci;
/*!40101 SET character_set_client = @saved_cs_client */;

--
-- Dumping data for table `translations`
--

LOCK TABLES `translations` WRITE;
/*!40000 ALTER TABLE `translations` DISABLE KEYS */;
/*!40000 ALTER TABLE `translations` ENABLE KEYS */;
UNLOCK TABLES;

--
-- Table structure for table `user_roles`
--

DROP TABLE IF EXISTS `user_roles`;
/*!40101 SET @saved_cs_client     = @@character_set_client */;
/*!40101 SET character_set_client = utf8 */;
CREATE TABLE `user_roles` (
  `user_id` int(10) unsigned NOT NULL,
  `role_id` int(10) unsigned NOT NULL,
  PRIMARY KEY (`user_id`,`role_id`),
  KEY `user_roles_user_id_index` (`user_id`),
  KEY `user_roles_role_id_index` (`role_id`),
  CONSTRAINT `user_roles_role_id_foreign` FOREIGN KEY (`role_id`) REFERENCES `roles` (`id`) ON DELETE CASCADE,
  CONSTRAINT `user_roles_user_id_foreign` FOREIGN KEY (`user_id`) REFERENCES `users` (`id`) ON DELETE CASCADE
) ENGINE=InnoDB DEFAULT CHARSET=utf8mb4 COLLATE=utf8mb4_unicode_ci;
/*!40101 SET character_set_client = @saved_cs_client */;

--
-- Dumping data for table `user_roles`
--

LOCK TABLES `user_roles` WRITE;
/*!40000 ALTER TABLE `user_roles` DISABLE KEYS */;
/*!40000 ALTER TABLE `user_roles` ENABLE KEYS */;
UNLOCK TABLES;

--
-- Table structure for table `users`
--

DROP TABLE IF EXISTS `users`;
/*!40101 SET @saved_cs_client     = @@character_set_client */;
/*!40101 SET character_set_client = utf8 */;
CREATE TABLE `users` (
  `id` int(10) unsigned NOT NULL AUTO_INCREMENT,
  `role_id` int(10) unsigned DEFAULT NULL,
  `name` varchar(255) COLLATE utf8mb4_unicode_ci NOT NULL,
  `email` varchar(255) COLLATE utf8mb4_unicode_ci NOT NULL,
  `avatar` varchar(255) COLLATE utf8mb4_unicode_ci DEFAULT 'users/default.png',
  `email_verified_at` timestamp NULL DEFAULT NULL,
  `password` varchar(255) COLLATE utf8mb4_unicode_ci NOT NULL,
  `remember_token` varchar(100) COLLATE utf8mb4_unicode_ci DEFAULT NULL,
  `settings` text COLLATE utf8mb4_unicode_ci DEFAULT NULL,
  `created_at` timestamp NULL DEFAULT NULL,
  `updated_at` timestamp NULL DEFAULT NULL,
  PRIMARY KEY (`id`),
  UNIQUE KEY `users_email_unique` (`email`),
  KEY `users_role_id_foreign` (`role_id`),
  CONSTRAINT `users_role_id_foreign` FOREIGN KEY (`role_id`) REFERENCES `roles` (`id`)
) ENGINE=InnoDB AUTO_INCREMENT=2 DEFAULT CHARSET=utf8mb4 COLLATE=utf8mb4_unicode_ci;
/*!40101 SET character_set_client = @saved_cs_client */;

--
-- Dumping data for table `users`
--

LOCK TABLES `users` WRITE;
/*!40000 ALTER TABLE `users` DISABLE KEYS */;
INSERT INTO `users` VALUES (1,1,'Admin','admin@tnk.test','users/March2019/a0KyzBa4VYxvjLbIlm7u.png',NULL,'$2y$10$UE1YpKbOvdfgLFByFjuBkOJXCfnZrJaAINnAkKVE50qEu1/TqXFge','RcgBOGvjxw82TUZH3d6gkN3RltIMYg1zWouXhFGVlm4CbINiFqN23IL1McUh','{\"locale\":\"en\"}','2019-03-17 13:22:24','2019-03-17 13:25:01');
/*!40000 ALTER TABLE `users` ENABLE KEYS */;
UNLOCK TABLES;

--
-- Table structure for table `week_meals`
--

DROP TABLE IF EXISTS `week_meals`;
/*!40101 SET @saved_cs_client     = @@character_set_client */;
/*!40101 SET character_set_client = utf8 */;
CREATE TABLE `week_meals` (
  `id` int(10) unsigned NOT NULL AUTO_INCREMENT,
  `week_id` int(10) unsigned NOT NULL,
  `meal_type_id` int(10) unsigned NOT NULL,
  `meal_id` int(10) unsigned NOT NULL,
  `date` date NOT NULL,
  `created_at` timestamp NULL DEFAULT NULL,
  `updated_at` timestamp NULL DEFAULT NULL,
  PRIMARY KEY (`id`),
  KEY `week_meals_week_id_foreign` (`week_id`),
  KEY `week_meals_meal_type_id_foreign` (`meal_type_id`),
  KEY `week_meals_meal_id_foreign` (`meal_id`),
  CONSTRAINT `week_meals_meal_id_foreign` FOREIGN KEY (`meal_id`) REFERENCES `meals` (`id`) ON DELETE CASCADE,
  CONSTRAINT `week_meals_meal_type_id_foreign` FOREIGN KEY (`meal_type_id`) REFERENCES `meal_types` (`id`) ON DELETE CASCADE,
  CONSTRAINT `week_meals_week_id_foreign` FOREIGN KEY (`week_id`) REFERENCES `weeks` (`id`) ON DELETE CASCADE
) ENGINE=InnoDB AUTO_INCREMENT=3537 DEFAULT CHARSET=utf8mb4 COLLATE=utf8mb4_unicode_ci;
/*!40101 SET character_set_client = @saved_cs_client */;

--
-- Dumping data for table `week_meals`
--

LOCK TABLES `week_meals` WRITE;
/*!40000 ALTER TABLE `week_meals` DISABLE KEYS */;
INSERT INTO `week_meals` VALUES (2043,10,9,508,'2019-10-05','2019-10-03 13:54:48','2019-10-03 13:54:48'),(2044,10,9,509,'2019-10-05','2019-10-03 13:54:48','2019-10-03 13:54:48'),(2045,10,9,510,'2019-10-05','2019-10-03 13:54:48','2019-10-03 13:54:48'),(2046,10,9,511,'2019-10-05','2019-10-03 13:54:48','2019-10-03 13:54:48'),(2047,10,9,512,'2019-10-05','2019-10-03 13:54:48','2019-10-03 13:54:48'),(2048,10,9,521,'2019-10-05','2019-10-03 13:54:48','2019-10-03 13:54:48'),(2049,10,9,522,'2019-10-05','2019-10-03 13:54:48','2019-10-03 13:54:48'),(2050,10,9,523,'2019-10-05','2019-10-03 13:54:48','2019-10-03 13:54:48'),(2051,10,9,524,'2019-10-05','2019-10-03 13:54:48','2019-10-03 13:54:48'),(2052,10,9,528,'2019-10-05','2019-10-03 13:54:48','2019-10-03 13:54:48'),(2053,10,9,529,'2019-10-05','2019-10-03 13:54:48','2019-10-03 13:54:48'),(2054,10,9,530,'2019-10-05','2019-10-03 13:54:48','2019-10-03 13:54:48'),(2055,10,9,533,'2019-10-05','2019-10-03 13:54:48','2019-10-03 13:54:48'),(2056,10,9,534,'2019-10-05','2019-10-03 13:54:48','2019-10-03 13:54:48'),(2057,10,9,535,'2019-10-05','2019-10-03 13:54:48','2019-10-03 13:54:48'),(2058,10,9,538,'2019-10-05','2019-10-03 13:54:48','2019-10-03 13:54:48'),(2059,10,9,539,'2019-10-05','2019-10-03 13:54:48','2019-10-03 13:54:48'),(2060,10,9,540,'2019-10-05','2019-10-03 13:54:48','2019-10-03 13:54:48'),(2061,10,9,544,'2019-10-05','2019-10-03 13:54:48','2019-10-03 13:54:48'),(2062,10,9,545,'2019-10-05','2019-10-03 13:54:48','2019-10-03 13:54:48'),(2063,10,9,546,'2019-10-05','2019-10-03 13:54:48','2019-10-03 13:54:48'),(2064,10,9,547,'2019-10-05','2019-10-03 13:54:48','2019-10-03 13:54:48'),(2065,10,9,550,'2019-10-05','2019-10-03 13:54:48','2019-10-03 13:54:48'),(2066,10,9,551,'2019-10-05','2019-10-03 13:54:48','2019-10-03 13:54:48'),(2067,10,9,552,'2019-10-05','2019-10-03 13:54:48','2019-10-03 13:54:48'),(2068,10,9,553,'2019-10-05','2019-10-03 13:54:48','2019-10-03 13:54:48'),(2069,10,9,556,'2019-10-05','2019-10-03 13:54:48','2019-10-03 13:54:48'),(2070,10,9,558,'2019-10-05','2019-10-03 13:54:48','2019-10-03 13:54:48'),(2071,10,9,559,'2019-10-05','2019-10-03 13:54:48','2019-10-03 13:54:48'),(2072,10,9,560,'2019-10-05','2019-10-03 13:54:48','2019-10-03 13:54:48'),(2073,10,9,563,'2019-10-05','2019-10-03 13:54:48','2019-10-03 13:54:48'),(2074,10,9,564,'2019-10-05','2019-10-03 13:54:48','2019-10-03 13:54:48'),(2075,10,9,566,'2019-10-05','2019-10-03 13:54:48','2019-10-03 13:54:48'),(2076,10,9,567,'2019-10-05','2019-10-03 13:54:48','2019-10-03 13:54:48'),(2077,10,9,568,'2019-10-05','2019-10-03 13:54:48','2019-10-03 13:54:48'),(2078,10,9,569,'2019-10-05','2019-10-03 13:54:48','2019-10-03 13:54:48'),(2079,10,9,570,'2019-10-05','2019-10-03 13:54:48','2019-10-03 13:54:48'),(2080,10,9,575,'2019-10-05','2019-10-03 13:54:48','2019-10-03 13:54:48'),(2081,10,9,576,'2019-10-05','2019-10-03 13:54:48','2019-10-03 13:54:48'),(2082,10,9,578,'2019-10-05','2019-10-03 13:54:48','2019-10-03 13:54:48'),(2083,10,9,579,'2019-10-05','2019-10-03 13:54:48','2019-10-03 13:54:48'),(2084,10,9,580,'2019-10-05','2019-10-03 13:54:48','2019-10-03 13:54:48'),(2085,10,9,581,'2019-10-05','2019-10-03 13:54:48','2019-10-03 13:54:48'),(2086,10,9,582,'2019-10-05','2019-10-03 13:54:48','2019-10-03 13:54:48'),(2087,10,9,583,'2019-10-05','2019-10-03 13:54:48','2019-10-03 13:54:48'),(2088,10,9,584,'2019-10-05','2019-10-03 13:54:48','2019-10-03 13:54:48'),(2089,10,9,585,'2019-10-05','2019-10-03 13:54:48','2019-10-03 13:54:48'),(2090,10,9,586,'2019-10-05','2019-10-03 13:54:48','2019-10-03 13:54:48'),(2091,10,9,587,'2019-10-05','2019-10-03 13:54:48','2019-10-03 13:54:48'),(2092,10,9,588,'2019-10-05','2019-10-03 13:54:48','2019-10-03 13:54:48'),(2093,10,9,589,'2019-10-05','2019-10-03 13:54:48','2019-10-03 13:54:48'),(2094,10,9,590,'2019-10-05','2019-10-03 13:54:48','2019-10-03 13:54:48'),(2095,10,9,591,'2019-10-05','2019-10-03 13:54:48','2019-10-03 13:54:48'),(2096,10,9,592,'2019-10-05','2019-10-03 13:54:48','2019-10-03 13:54:48'),(2097,10,9,593,'2019-10-05','2019-10-03 13:54:48','2019-10-03 13:54:48'),(2098,10,9,594,'2019-10-05','2019-10-03 13:54:48','2019-10-03 13:54:48'),(2099,10,9,595,'2019-10-05','2019-10-03 13:54:48','2019-10-03 13:54:48'),(2100,10,9,596,'2019-10-05','2019-10-03 13:54:48','2019-10-03 13:54:48'),(2101,10,9,597,'2019-10-05','2019-10-03 13:54:48','2019-10-03 13:54:48'),(2102,10,9,598,'2019-10-05','2019-10-03 13:54:48','2019-10-03 13:54:48'),(2103,10,9,599,'2019-10-05','2019-10-03 13:54:48','2019-10-03 13:54:48'),(2104,10,9,600,'2019-10-05','2019-10-03 13:54:48','2019-10-03 13:54:48'),(2105,10,9,601,'2019-10-05','2019-10-03 13:54:48','2019-10-03 13:54:48'),(2106,10,9,602,'2019-10-05','2019-10-03 13:54:48','2019-10-03 13:54:48'),(2107,10,9,604,'2019-10-05','2019-10-03 13:54:48','2019-10-03 13:54:48'),(2108,10,9,605,'2019-10-05','2019-10-03 13:54:48','2019-10-03 13:54:48'),(2109,10,9,606,'2019-10-05','2019-10-03 13:54:48','2019-10-03 13:54:48'),(2110,10,9,607,'2019-10-05','2019-10-03 13:54:48','2019-10-03 13:54:48'),(2111,10,9,609,'2019-10-05','2019-10-03 13:54:48','2019-10-03 13:54:48'),(2112,10,9,617,'2019-10-05','2019-10-03 13:54:48','2019-10-03 13:54:48'),(2113,10,9,618,'2019-10-05','2019-10-03 13:54:48','2019-10-03 13:54:48'),(2114,10,9,619,'2019-10-05','2019-10-03 13:54:48','2019-10-03 13:54:48'),(2115,10,9,622,'2019-10-05','2019-10-03 13:54:48','2019-10-03 13:54:48'),(2116,10,9,623,'2019-10-05','2019-10-03 13:54:48','2019-10-03 13:54:48'),(2117,10,9,624,'2019-10-05','2019-10-03 13:54:48','2019-10-03 13:54:48'),(2118,10,9,629,'2019-10-05','2019-10-03 13:54:48','2019-10-03 13:54:48'),(2119,10,9,630,'2019-10-05','2019-10-03 13:54:48','2019-10-03 13:54:48'),(2120,10,9,631,'2019-10-05','2019-10-03 13:54:48','2019-10-03 13:54:48'),(2121,10,9,638,'2019-10-05','2019-10-03 13:54:48','2019-10-03 13:54:48'),(2122,10,9,639,'2019-10-05','2019-10-03 13:54:48','2019-10-03 13:54:48'),(2123,10,9,645,'2019-10-05','2019-10-03 13:54:48','2019-10-03 13:54:48'),(2124,10,9,652,'2019-10-05','2019-10-03 13:54:48','2019-10-03 13:54:48'),(2125,10,9,653,'2019-10-05','2019-10-03 13:54:48','2019-10-03 13:54:48'),(2126,10,9,654,'2019-10-05','2019-10-03 13:54:48','2019-10-03 13:54:48'),(2127,10,9,655,'2019-10-05','2019-10-03 13:54:48','2019-10-03 13:54:48'),(2128,10,9,656,'2019-10-05','2019-10-03 13:54:48','2019-10-03 13:54:48'),(2129,10,9,657,'2019-10-05','2019-10-03 13:54:48','2019-10-03 13:54:48'),(2130,10,9,661,'2019-10-05','2019-10-03 13:54:48','2019-10-03 13:54:48'),(2131,10,9,662,'2019-10-05','2019-10-03 13:54:48','2019-10-03 13:54:48'),(2132,10,9,663,'2019-10-05','2019-10-03 13:54:48','2019-10-03 13:54:48'),(2133,10,9,666,'2019-10-05','2019-10-03 13:54:48','2019-10-03 13:54:48'),(2134,10,9,670,'2019-10-05','2019-10-03 13:54:48','2019-10-03 13:54:48'),(2135,10,9,671,'2019-10-05','2019-10-03 13:54:48','2019-10-03 13:54:48'),(2136,10,9,673,'2019-10-05','2019-10-03 13:54:48','2019-10-03 13:54:48'),(2137,10,9,674,'2019-10-05','2019-10-03 13:54:48','2019-10-03 13:54:48'),(2138,10,9,675,'2019-10-05','2019-10-03 13:54:48','2019-10-03 13:54:48'),(2139,10,9,677,'2019-10-05','2019-10-03 13:54:48','2019-10-03 13:54:48'),(2140,10,9,678,'2019-10-05','2019-10-03 13:54:48','2019-10-03 13:54:48'),(2141,10,9,680,'2019-10-05','2019-10-03 13:54:48','2019-10-03 13:54:48'),(2142,10,9,681,'2019-10-05','2019-10-03 13:54:48','2019-10-03 13:54:48'),(2143,10,9,683,'2019-10-05','2019-10-03 13:54:48','2019-10-03 13:54:48'),(2144,10,9,684,'2019-10-05','2019-10-03 13:54:48','2019-10-03 13:54:48'),(2145,10,9,685,'2019-10-05','2019-10-03 13:54:48','2019-10-03 13:54:48'),(2146,10,9,686,'2019-10-05','2019-10-03 13:54:48','2019-10-03 13:54:48'),(2147,10,9,690,'2019-10-05','2019-10-03 13:54:48','2019-10-03 13:54:48'),(2148,10,9,691,'2019-10-05','2019-10-03 13:54:48','2019-10-03 13:54:48'),(2149,10,9,692,'2019-10-05','2019-10-03 13:54:48','2019-10-03 13:54:48'),(2150,10,9,693,'2019-10-05','2019-10-03 13:54:48','2019-10-03 13:54:48'),(2151,10,9,694,'2019-10-05','2019-10-03 13:54:48','2019-10-03 13:54:48'),(2152,10,9,695,'2019-10-05','2019-10-03 13:54:48','2019-10-03 13:54:48'),(2153,10,9,696,'2019-10-05','2019-10-03 13:54:48','2019-10-03 13:54:48'),(2154,10,9,697,'2019-10-05','2019-10-03 13:54:48','2019-10-03 13:54:48'),(2155,10,9,699,'2019-10-05','2019-10-03 13:54:48','2019-10-03 13:54:48'),(2156,10,9,700,'2019-10-05','2019-10-03 13:54:48','2019-10-03 13:54:48'),(2157,10,9,701,'2019-10-05','2019-10-03 13:54:48','2019-10-03 13:54:48'),(2158,10,9,702,'2019-10-05','2019-10-03 13:54:48','2019-10-03 13:54:48'),(2159,10,9,703,'2019-10-05','2019-10-03 13:54:48','2019-10-03 13:54:48'),(2160,10,9,704,'2019-10-05','2019-10-03 13:54:48','2019-10-03 13:54:48'),(2161,10,9,705,'2019-10-05','2019-10-03 13:54:48','2019-10-03 13:54:48'),(2162,10,9,706,'2019-10-05','2019-10-03 13:54:48','2019-10-03 13:54:48'),(2163,10,9,707,'2019-10-05','2019-10-03 13:54:48','2019-10-03 13:54:48'),(2164,10,9,708,'2019-10-05','2019-10-03 13:54:48','2019-10-03 13:54:48'),(2165,10,9,709,'2019-10-05','2019-10-03 13:54:48','2019-10-03 13:54:48'),(2166,10,10,500,'2019-10-05','2019-10-03 13:54:55','2019-10-03 13:54:55'),(2167,10,10,513,'2019-10-05','2019-10-03 13:54:55','2019-10-03 13:54:55'),(2168,10,10,531,'2019-10-05','2019-10-03 13:54:55','2019-10-03 13:54:55'),(2169,10,10,532,'2019-10-05','2019-10-03 13:54:55','2019-10-03 13:54:55'),(2170,10,10,536,'2019-10-05','2019-10-03 13:54:55','2019-10-03 13:54:55'),(2171,10,10,537,'2019-10-05','2019-10-03 13:54:55','2019-10-03 13:54:55'),(2172,10,10,541,'2019-10-05','2019-10-03 13:54:55','2019-10-03 13:54:55'),(2173,10,10,542,'2019-10-05','2019-10-03 13:54:55','2019-10-03 13:54:55'),(2174,10,10,548,'2019-10-05','2019-10-03 13:54:55','2019-10-03 13:54:55'),(2175,10,10,549,'2019-10-05','2019-10-03 13:54:55','2019-10-03 13:54:55'),(2176,10,10,554,'2019-10-05','2019-10-03 13:54:55','2019-10-03 13:54:55'),(2177,10,10,555,'2019-10-05','2019-10-03 13:54:55','2019-10-03 13:54:55'),(2178,10,10,561,'2019-10-05','2019-10-03 13:54:55','2019-10-03 13:54:55'),(2179,10,10,562,'2019-10-05','2019-10-03 13:54:55','2019-10-03 13:54:55'),(2180,10,10,572,'2019-10-05','2019-10-03 13:54:55','2019-10-03 13:54:55'),(2181,10,10,577,'2019-10-05','2019-10-03 13:54:55','2019-10-03 13:54:55'),(2182,10,10,603,'2019-10-05','2019-10-03 13:54:55','2019-10-03 13:54:55'),(2183,10,10,612,'2019-10-05','2019-10-03 13:54:55','2019-10-03 13:54:55'),(2184,10,10,620,'2019-10-05','2019-10-03 13:54:55','2019-10-03 13:54:55'),(2185,10,10,621,'2019-10-05','2019-10-03 13:54:55','2019-10-03 13:54:55'),(2186,10,10,628,'2019-10-05','2019-10-03 13:54:55','2019-10-03 13:54:55'),(2187,10,10,632,'2019-10-05','2019-10-03 13:54:55','2019-10-03 13:54:55'),(2188,10,10,633,'2019-10-05','2019-10-03 13:54:55','2019-10-03 13:54:55'),(2189,10,10,634,'2019-10-05','2019-10-03 13:54:55','2019-10-03 13:54:55'),(2190,10,10,640,'2019-10-05','2019-10-03 13:54:55','2019-10-03 13:54:55'),(2191,10,10,641,'2019-10-05','2019-10-03 13:54:55','2019-10-03 13:54:55'),(2192,10,10,646,'2019-10-05','2019-10-03 13:54:55','2019-10-03 13:54:55'),(2193,10,10,647,'2019-10-05','2019-10-03 13:54:55','2019-10-03 13:54:55'),(2194,10,10,648,'2019-10-05','2019-10-03 13:54:55','2019-10-03 13:54:55'),(2195,10,10,649,'2019-10-05','2019-10-03 13:54:55','2019-10-03 13:54:55'),(2196,10,10,650,'2019-10-05','2019-10-03 13:54:55','2019-10-03 13:54:55'),(2197,10,10,664,'2019-10-05','2019-10-03 13:54:55','2019-10-03 13:54:55'),(2198,10,10,665,'2019-10-05','2019-10-03 13:54:55','2019-10-03 13:54:55'),(2199,10,10,679,'2019-10-05','2019-10-03 13:54:55','2019-10-03 13:54:55'),(2200,10,11,514,'2019-10-05','2019-10-03 13:54:57','2019-10-03 13:54:57'),(2201,10,11,543,'2019-10-05','2019-10-03 13:54:57','2019-10-03 13:54:57'),(2202,10,11,557,'2019-10-05','2019-10-03 13:54:57','2019-10-03 13:54:57'),(2203,10,11,613,'2019-10-05','2019-10-03 13:54:57','2019-10-03 13:54:57'),(2204,10,11,637,'2019-10-05','2019-10-03 13:54:57','2019-10-03 13:54:57'),(2205,10,11,669,'2019-10-05','2019-10-03 13:54:57','2019-10-03 13:54:57'),(2206,10,12,518,'2019-10-05','2019-10-03 13:55:00','2019-10-03 13:55:00'),(2207,10,12,519,'2019-10-05','2019-10-03 13:55:00','2019-10-03 13:55:00'),(2208,10,12,520,'2019-10-05','2019-10-03 13:55:00','2019-10-03 13:55:00'),(2209,10,12,614,'2019-10-05','2019-10-03 13:55:00','2019-10-03 13:55:00'),(2210,10,8,505,'2019-10-06','2019-10-06 10:08:25','2019-10-06 10:08:25'),(2211,10,8,506,'2019-10-06','2019-10-06 10:08:25','2019-10-06 10:08:25'),(2212,10,8,515,'2019-10-06','2019-10-06 10:08:25','2019-10-06 10:08:25'),(2213,10,8,516,'2019-10-06','2019-10-06 10:08:25','2019-10-06 10:08:25'),(2214,10,8,517,'2019-10-06','2019-10-06 10:08:25','2019-10-06 10:08:25'),(2215,10,8,525,'2019-10-06','2019-10-06 10:08:25','2019-10-06 10:08:25'),(2216,10,8,571,'2019-10-06','2019-10-06 10:08:25','2019-10-06 10:08:25'),(2217,10,8,573,'2019-10-06','2019-10-06 10:08:25','2019-10-06 10:08:25'),(2218,10,8,608,'2019-10-06','2019-10-06 10:08:25','2019-10-06 10:08:25'),(2219,10,8,610,'2019-10-06','2019-10-06 10:08:25','2019-10-06 10:08:25'),(2220,10,8,611,'2019-10-06','2019-10-06 10:08:25','2019-10-06 10:08:25'),(2221,10,8,615,'2019-10-06','2019-10-06 10:08:25','2019-10-06 10:08:25'),(2222,10,8,616,'2019-10-06','2019-10-06 10:08:25','2019-10-06 10:08:25'),(2223,10,8,625,'2019-10-06','2019-10-06 10:08:25','2019-10-06 10:08:25'),(2224,10,8,626,'2019-10-06','2019-10-06 10:08:25','2019-10-06 10:08:25'),(2225,10,8,627,'2019-10-06','2019-10-06 10:08:25','2019-10-06 10:08:25'),(2226,10,8,635,'2019-10-06','2019-10-06 10:08:25','2019-10-06 10:08:25'),(2227,10,8,636,'2019-10-06','2019-10-06 10:08:25','2019-10-06 10:08:25'),(2228,10,8,642,'2019-10-06','2019-10-06 10:08:25','2019-10-06 10:08:25'),(2229,10,8,643,'2019-10-06','2019-10-06 10:08:25','2019-10-06 10:08:25'),(2230,10,8,644,'2019-10-06','2019-10-06 10:08:25','2019-10-06 10:08:25'),(2231,10,8,651,'2019-10-06','2019-10-06 10:08:25','2019-10-06 10:08:25'),(2232,10,8,658,'2019-10-06','2019-10-06 10:08:25','2019-10-06 10:08:25'),(2233,10,8,659,'2019-10-06','2019-10-06 10:08:25','2019-10-06 10:08:25'),(2234,10,8,660,'2019-10-06','2019-10-06 10:08:25','2019-10-06 10:08:25'),(2235,10,8,667,'2019-10-06','2019-10-06 10:08:25','2019-10-06 10:08:25'),(2236,10,8,668,'2019-10-06','2019-10-06 10:08:25','2019-10-06 10:08:25'),(2237,10,8,672,'2019-10-06','2019-10-06 10:08:25','2019-10-06 10:08:25'),(2238,10,8,676,'2019-10-06','2019-10-06 10:08:25','2019-10-06 10:08:25'),(2239,10,8,682,'2019-10-06','2019-10-06 10:08:25','2019-10-06 10:08:25'),(2240,10,8,687,'2019-10-06','2019-10-06 10:08:25','2019-10-06 10:08:25'),(2241,10,8,688,'2019-10-06','2019-10-06 10:08:25','2019-10-06 10:08:25'),(2242,10,8,689,'2019-10-06','2019-10-06 10:08:25','2019-10-06 10:08:25'),(2243,10,8,698,'2019-10-06','2019-10-06 10:08:25','2019-10-06 10:08:25'),(2244,10,8,713,'2019-10-06','2019-10-06 10:08:25','2019-10-06 10:08:25'),(2245,10,8,719,'2019-10-06','2019-10-06 10:08:25','2019-10-06 10:08:25'),(2246,10,9,497,'2019-10-06','2019-10-06 10:08:27','2019-10-06 10:08:27'),(2247,10,9,498,'2019-10-06','2019-10-06 10:08:27','2019-10-06 10:08:27'),(2248,10,9,499,'2019-10-06','2019-10-06 10:08:27','2019-10-06 10:08:27'),(2249,10,9,501,'2019-10-06','2019-10-06 10:08:27','2019-10-06 10:08:27'),(2250,10,9,502,'2019-10-06','2019-10-06 10:08:27','2019-10-06 10:08:27'),(2251,10,9,507,'2019-10-06','2019-10-06 10:08:27','2019-10-06 10:08:27'),(2252,10,9,508,'2019-10-06','2019-10-06 10:08:27','2019-10-06 10:08:27'),(2253,10,9,509,'2019-10-06','2019-10-06 10:08:27','2019-10-06 10:08:27'),(2254,10,9,510,'2019-10-06','2019-10-06 10:08:27','2019-10-06 10:08:27'),(2255,10,9,511,'2019-10-06','2019-10-06 10:08:27','2019-10-06 10:08:27'),(2256,10,9,512,'2019-10-06','2019-10-06 10:08:27','2019-10-06 10:08:27'),(2257,10,9,521,'2019-10-06','2019-10-06 10:08:27','2019-10-06 10:08:27'),(2258,10,9,522,'2019-10-06','2019-10-06 10:08:27','2019-10-06 10:08:27'),(2259,10,9,523,'2019-10-06','2019-10-06 10:08:27','2019-10-06 10:08:27'),(2260,10,9,524,'2019-10-06','2019-10-06 10:08:27','2019-10-06 10:08:27'),(2261,10,9,528,'2019-10-06','2019-10-06 10:08:27','2019-10-06 10:08:27'),(2262,10,9,529,'2019-10-06','2019-10-06 10:08:27','2019-10-06 10:08:27'),(2263,10,9,530,'2019-10-06','2019-10-06 10:08:27','2019-10-06 10:08:27'),(2264,10,9,533,'2019-10-06','2019-10-06 10:08:27','2019-10-06 10:08:27'),(2265,10,9,534,'2019-10-06','2019-10-06 10:08:27','2019-10-06 10:08:27'),(2266,10,9,535,'2019-10-06','2019-10-06 10:08:27','2019-10-06 10:08:27'),(2267,10,9,538,'2019-10-06','2019-10-06 10:08:27','2019-10-06 10:08:27'),(2268,10,9,539,'2019-10-06','2019-10-06 10:08:27','2019-10-06 10:08:27'),(2269,10,9,540,'2019-10-06','2019-10-06 10:08:27','2019-10-06 10:08:27'),(2270,10,9,544,'2019-10-06','2019-10-06 10:08:27','2019-10-06 10:08:27'),(2271,10,9,545,'2019-10-06','2019-10-06 10:08:27','2019-10-06 10:08:27'),(2272,10,9,546,'2019-10-06','2019-10-06 10:08:27','2019-10-06 10:08:27'),(2273,10,9,547,'2019-10-06','2019-10-06 10:08:27','2019-10-06 10:08:27'),(2274,10,9,550,'2019-10-06','2019-10-06 10:08:27','2019-10-06 10:08:27'),(2275,10,9,551,'2019-10-06','2019-10-06 10:08:27','2019-10-06 10:08:27'),(2276,10,9,552,'2019-10-06','2019-10-06 10:08:27','2019-10-06 10:08:27'),(2277,10,9,553,'2019-10-06','2019-10-06 10:08:27','2019-10-06 10:08:27'),(2278,10,9,556,'2019-10-06','2019-10-06 10:08:27','2019-10-06 10:08:27'),(2279,10,9,558,'2019-10-06','2019-10-06 10:08:27','2019-10-06 10:08:27'),(2280,10,9,559,'2019-10-06','2019-10-06 10:08:27','2019-10-06 10:08:27'),(2281,10,9,560,'2019-10-06','2019-10-06 10:08:27','2019-10-06 10:08:27'),(2282,10,9,563,'2019-10-06','2019-10-06 10:08:27','2019-10-06 10:08:27'),(2283,10,9,564,'2019-10-06','2019-10-06 10:08:27','2019-10-06 10:08:27'),(2284,10,9,566,'2019-10-06','2019-10-06 10:08:27','2019-10-06 10:08:27'),(2285,10,9,567,'2019-10-06','2019-10-06 10:08:27','2019-10-06 10:08:27'),(2286,10,9,568,'2019-10-06','2019-10-06 10:08:27','2019-10-06 10:08:27'),(2287,10,9,569,'2019-10-06','2019-10-06 10:08:27','2019-10-06 10:08:27'),(2288,10,9,570,'2019-10-06','2019-10-06 10:08:27','2019-10-06 10:08:27'),(2289,10,9,575,'2019-10-06','2019-10-06 10:08:27','2019-10-06 10:08:27'),(2290,10,9,576,'2019-10-06','2019-10-06 10:08:27','2019-10-06 10:08:27'),(2291,10,9,578,'2019-10-06','2019-10-06 10:08:27','2019-10-06 10:08:27'),(2292,10,9,579,'2019-10-06','2019-10-06 10:08:27','2019-10-06 10:08:27'),(2293,10,9,580,'2019-10-06','2019-10-06 10:08:27','2019-10-06 10:08:27'),(2294,10,9,581,'2019-10-06','2019-10-06 10:08:27','2019-10-06 10:08:27'),(2295,10,9,582,'2019-10-06','2019-10-06 10:08:27','2019-10-06 10:08:27'),(2296,10,9,583,'2019-10-06','2019-10-06 10:08:27','2019-10-06 10:08:27'),(2297,10,9,584,'2019-10-06','2019-10-06 10:08:27','2019-10-06 10:08:27'),(2298,10,9,585,'2019-10-06','2019-10-06 10:08:27','2019-10-06 10:08:27'),(2299,10,9,586,'2019-10-06','2019-10-06 10:08:27','2019-10-06 10:08:27'),(2300,10,9,587,'2019-10-06','2019-10-06 10:08:27','2019-10-06 10:08:27'),(2301,10,9,588,'2019-10-06','2019-10-06 10:08:27','2019-10-06 10:08:27'),(2302,10,9,589,'2019-10-06','2019-10-06 10:08:27','2019-10-06 10:08:27'),(2303,10,9,590,'2019-10-06','2019-10-06 10:08:27','2019-10-06 10:08:27'),(2304,10,9,591,'2019-10-06','2019-10-06 10:08:27','2019-10-06 10:08:27'),(2305,10,9,592,'2019-10-06','2019-10-06 10:08:27','2019-10-06 10:08:27'),(2306,10,9,593,'2019-10-06','2019-10-06 10:08:27','2019-10-06 10:08:27'),(2307,10,9,594,'2019-10-06','2019-10-06 10:08:27','2019-10-06 10:08:27'),(2308,10,9,595,'2019-10-06','2019-10-06 10:08:27','2019-10-06 10:08:27'),(2309,10,9,596,'2019-10-06','2019-10-06 10:08:27','2019-10-06 10:08:27'),(2310,10,9,597,'2019-10-06','2019-10-06 10:08:27','2019-10-06 10:08:27'),(2311,10,9,598,'2019-10-06','2019-10-06 10:08:27','2019-10-06 10:08:27'),(2312,10,9,599,'2019-10-06','2019-10-06 10:08:27','2019-10-06 10:08:27'),(2313,10,9,600,'2019-10-06','2019-10-06 10:08:27','2019-10-06 10:08:27'),(2314,10,9,601,'2019-10-06','2019-10-06 10:08:27','2019-10-06 10:08:27'),(2315,10,9,602,'2019-10-06','2019-10-06 10:08:27','2019-10-06 10:08:27'),(2316,10,9,604,'2019-10-06','2019-10-06 10:08:27','2019-10-06 10:08:27'),(2317,10,9,605,'2019-10-06','2019-10-06 10:08:27','2019-10-06 10:08:27'),(2318,10,9,606,'2019-10-06','2019-10-06 10:08:27','2019-10-06 10:08:27'),(2319,10,9,607,'2019-10-06','2019-10-06 10:08:27','2019-10-06 10:08:27'),(2320,10,9,609,'2019-10-06','2019-10-06 10:08:27','2019-10-06 10:08:27'),(2321,10,9,617,'2019-10-06','2019-10-06 10:08:27','2019-10-06 10:08:27'),(2322,10,9,618,'2019-10-06','2019-10-06 10:08:27','2019-10-06 10:08:27'),(2323,10,9,619,'2019-10-06','2019-10-06 10:08:27','2019-10-06 10:08:27'),(2324,10,9,622,'2019-10-06','2019-10-06 10:08:27','2019-10-06 10:08:27'),(2325,10,9,623,'2019-10-06','2019-10-06 10:08:27','2019-10-06 10:08:27'),(2326,10,9,624,'2019-10-06','2019-10-06 10:08:27','2019-10-06 10:08:27'),(2327,10,9,629,'2019-10-06','2019-10-06 10:08:27','2019-10-06 10:08:27'),(2328,10,9,630,'2019-10-06','2019-10-06 10:08:27','2019-10-06 10:08:27'),(2329,10,9,631,'2019-10-06','2019-10-06 10:08:27','2019-10-06 10:08:27'),(2330,10,9,638,'2019-10-06','2019-10-06 10:08:27','2019-10-06 10:08:27'),(2331,10,9,639,'2019-10-06','2019-10-06 10:08:27','2019-10-06 10:08:27'),(2332,10,9,645,'2019-10-06','2019-10-06 10:08:27','2019-10-06 10:08:27'),(2333,10,9,652,'2019-10-06','2019-10-06 10:08:27','2019-10-06 10:08:27'),(2334,10,9,653,'2019-10-06','2019-10-06 10:08:27','2019-10-06 10:08:27'),(2335,10,9,654,'2019-10-06','2019-10-06 10:08:27','2019-10-06 10:08:27'),(2336,10,9,655,'2019-10-06','2019-10-06 10:08:27','2019-10-06 10:08:27'),(2337,10,9,656,'2019-10-06','2019-10-06 10:08:27','2019-10-06 10:08:27'),(2338,10,9,657,'2019-10-06','2019-10-06 10:08:27','2019-10-06 10:08:27'),(2339,10,9,661,'2019-10-06','2019-10-06 10:08:27','2019-10-06 10:08:27'),(2340,10,9,662,'2019-10-06','2019-10-06 10:08:27','2019-10-06 10:08:27'),(2341,10,9,663,'2019-10-06','2019-10-06 10:08:27','2019-10-06 10:08:27'),(2342,10,9,666,'2019-10-06','2019-10-06 10:08:27','2019-10-06 10:08:27'),(2343,10,9,670,'2019-10-06','2019-10-06 10:08:27','2019-10-06 10:08:27'),(2344,10,9,671,'2019-10-06','2019-10-06 10:08:28','2019-10-06 10:08:28'),(2345,10,9,673,'2019-10-06','2019-10-06 10:08:28','2019-10-06 10:08:28'),(2346,10,9,674,'2019-10-06','2019-10-06 10:08:28','2019-10-06 10:08:28'),(2347,10,9,675,'2019-10-06','2019-10-06 10:08:28','2019-10-06 10:08:28'),(2348,10,9,677,'2019-10-06','2019-10-06 10:08:28','2019-10-06 10:08:28'),(2349,10,9,678,'2019-10-06','2019-10-06 10:08:28','2019-10-06 10:08:28'),(2350,10,9,680,'2019-10-06','2019-10-06 10:08:28','2019-10-06 10:08:28'),(2351,10,9,681,'2019-10-06','2019-10-06 10:08:28','2019-10-06 10:08:28'),(2352,10,9,683,'2019-10-06','2019-10-06 10:08:28','2019-10-06 10:08:28'),(2353,10,9,684,'2019-10-06','2019-10-06 10:08:28','2019-10-06 10:08:28'),(2354,10,9,685,'2019-10-06','2019-10-06 10:08:28','2019-10-06 10:08:28'),(2355,10,9,686,'2019-10-06','2019-10-06 10:08:28','2019-10-06 10:08:28'),(2356,10,9,690,'2019-10-06','2019-10-06 10:08:28','2019-10-06 10:08:28'),(2357,10,9,691,'2019-10-06','2019-10-06 10:08:28','2019-10-06 10:08:28'),(2358,10,9,692,'2019-10-06','2019-10-06 10:08:28','2019-10-06 10:08:28'),(2359,10,9,693,'2019-10-06','2019-10-06 10:08:28','2019-10-06 10:08:28'),(2360,10,9,694,'2019-10-06','2019-10-06 10:08:28','2019-10-06 10:08:28'),(2361,10,9,695,'2019-10-06','2019-10-06 10:08:28','2019-10-06 10:08:28'),(2362,10,9,696,'2019-10-06','2019-10-06 10:08:28','2019-10-06 10:08:28'),(2363,10,9,697,'2019-10-06','2019-10-06 10:08:28','2019-10-06 10:08:28'),(2364,10,9,699,'2019-10-06','2019-10-06 10:08:28','2019-10-06 10:08:28'),(2365,10,9,700,'2019-10-06','2019-10-06 10:08:28','2019-10-06 10:08:28'),(2366,10,9,701,'2019-10-06','2019-10-06 10:08:28','2019-10-06 10:08:28'),(2367,10,9,702,'2019-10-06','2019-10-06 10:08:28','2019-10-06 10:08:28'),(2368,10,9,703,'2019-10-06','2019-10-06 10:08:28','2019-10-06 10:08:28'),(2369,10,9,704,'2019-10-06','2019-10-06 10:08:28','2019-10-06 10:08:28'),(2370,10,9,705,'2019-10-06','2019-10-06 10:08:28','2019-10-06 10:08:28'),(2371,10,9,706,'2019-10-06','2019-10-06 10:08:28','2019-10-06 10:08:28'),(2372,10,9,707,'2019-10-06','2019-10-06 10:08:28','2019-10-06 10:08:28'),(2373,10,9,708,'2019-10-06','2019-10-06 10:08:28','2019-10-06 10:08:28'),(2374,10,9,709,'2019-10-06','2019-10-06 10:08:28','2019-10-06 10:08:28'),(2375,10,9,710,'2019-10-06','2019-10-06 10:08:28','2019-10-06 10:08:28'),(2376,10,9,711,'2019-10-06','2019-10-06 10:08:28','2019-10-06 10:08:28'),(2377,10,9,712,'2019-10-06','2019-10-06 10:08:28','2019-10-06 10:08:28'),(2378,10,9,714,'2019-10-06','2019-10-06 10:08:28','2019-10-06 10:08:28'),(2379,10,9,715,'2019-10-06','2019-10-06 10:08:28','2019-10-06 10:08:28'),(2380,10,9,716,'2019-10-06','2019-10-06 10:08:28','2019-10-06 10:08:28'),(2381,10,9,718,'2019-10-06','2019-10-06 10:08:28','2019-10-06 10:08:28'),(2382,10,9,720,'2019-10-06','2019-10-06 10:08:28','2019-10-06 10:08:28'),(2383,10,9,721,'2019-10-06','2019-10-06 10:08:28','2019-10-06 10:08:28'),(2384,10,9,722,'2019-10-06','2019-10-06 10:08:28','2019-10-06 10:08:28'),(2385,10,10,500,'2019-10-06','2019-10-06 10:08:33','2019-10-06 10:08:33'),(2386,10,10,513,'2019-10-06','2019-10-06 10:08:33','2019-10-06 10:08:33'),(2387,10,10,531,'2019-10-06','2019-10-06 10:08:33','2019-10-06 10:08:33'),(2388,10,10,532,'2019-10-06','2019-10-06 10:08:33','2019-10-06 10:08:33'),(2389,10,10,536,'2019-10-06','2019-10-06 10:08:33','2019-10-06 10:08:33'),(2390,10,10,537,'2019-10-06','2019-10-06 10:08:33','2019-10-06 10:08:33'),(2391,10,10,541,'2019-10-06','2019-10-06 10:08:33','2019-10-06 10:08:33'),(2392,10,10,542,'2019-10-06','2019-10-06 10:08:33','2019-10-06 10:08:33'),(2393,10,10,548,'2019-10-06','2019-10-06 10:08:33','2019-10-06 10:08:33'),(2394,10,10,549,'2019-10-06','2019-10-06 10:08:33','2019-10-06 10:08:33'),(2395,10,10,554,'2019-10-06','2019-10-06 10:08:33','2019-10-06 10:08:33'),(2396,10,10,555,'2019-10-06','2019-10-06 10:08:33','2019-10-06 10:08:33'),(2397,10,10,561,'2019-10-06','2019-10-06 10:08:33','2019-10-06 10:08:33'),(2398,10,10,562,'2019-10-06','2019-10-06 10:08:33','2019-10-06 10:08:33'),(2399,10,10,572,'2019-10-06','2019-10-06 10:08:33','2019-10-06 10:08:33'),(2400,10,10,577,'2019-10-06','2019-10-06 10:08:33','2019-10-06 10:08:33'),(2401,10,10,603,'2019-10-06','2019-10-06 10:08:33','2019-10-06 10:08:33'),(2402,10,10,612,'2019-10-06','2019-10-06 10:08:33','2019-10-06 10:08:33'),(2403,10,10,620,'2019-10-06','2019-10-06 10:08:33','2019-10-06 10:08:33'),(2404,10,10,621,'2019-10-06','2019-10-06 10:08:33','2019-10-06 10:08:33'),(2405,10,10,628,'2019-10-06','2019-10-06 10:08:33','2019-10-06 10:08:33'),(2406,10,10,632,'2019-10-06','2019-10-06 10:08:33','2019-10-06 10:08:33'),(2407,10,10,633,'2019-10-06','2019-10-06 10:08:33','2019-10-06 10:08:33'),(2408,10,10,634,'2019-10-06','2019-10-06 10:08:33','2019-10-06 10:08:33'),(2409,10,10,640,'2019-10-06','2019-10-06 10:08:33','2019-10-06 10:08:33'),(2410,10,10,641,'2019-10-06','2019-10-06 10:08:33','2019-10-06 10:08:33'),(2411,10,10,646,'2019-10-06','2019-10-06 10:08:33','2019-10-06 10:08:33'),(2412,10,10,647,'2019-10-06','2019-10-06 10:08:33','2019-10-06 10:08:33'),(2413,10,10,648,'2019-10-06','2019-10-06 10:08:33','2019-10-06 10:08:33'),(2414,10,10,649,'2019-10-06','2019-10-06 10:08:33','2019-10-06 10:08:33'),(2415,10,10,650,'2019-10-06','2019-10-06 10:08:33','2019-10-06 10:08:33'),(2416,10,10,664,'2019-10-06','2019-10-06 10:08:33','2019-10-06 10:08:33'),(2417,10,10,665,'2019-10-06','2019-10-06 10:08:33','2019-10-06 10:08:33'),(2418,10,10,679,'2019-10-06','2019-10-06 10:08:33','2019-10-06 10:08:33'),(2419,10,10,717,'2019-10-06','2019-10-06 10:08:33','2019-10-06 10:08:33'),(2420,10,11,514,'2019-10-06','2019-10-06 10:08:36','2019-10-06 10:08:36'),(2421,10,11,543,'2019-10-06','2019-10-06 10:08:36','2019-10-06 10:08:36'),(2422,10,11,557,'2019-10-06','2019-10-06 10:08:36','2019-10-06 10:08:36'),(2423,10,11,613,'2019-10-06','2019-10-06 10:08:36','2019-10-06 10:08:36'),(2424,10,11,637,'2019-10-06','2019-10-06 10:08:36','2019-10-06 10:08:36'),(2425,10,11,669,'2019-10-06','2019-10-06 10:08:36','2019-10-06 10:08:36'),(2426,10,12,518,'2019-10-06','2019-10-06 10:08:38','2019-10-06 10:08:38'),(2427,10,12,519,'2019-10-06','2019-10-06 10:08:38','2019-10-06 10:08:38'),(2428,10,12,520,'2019-10-06','2019-10-06 10:08:38','2019-10-06 10:08:38'),(2429,10,12,614,'2019-10-06','2019-10-06 10:08:38','2019-10-06 10:08:38'),(2430,10,8,505,'2019-10-07','2019-10-06 10:09:00','2019-10-06 10:09:00'),(2431,10,8,506,'2019-10-07','2019-10-06 10:09:00','2019-10-06 10:09:00'),(2432,10,8,515,'2019-10-07','2019-10-06 10:09:00','2019-10-06 10:09:00'),(2433,10,8,516,'2019-10-07','2019-10-06 10:09:00','2019-10-06 10:09:00'),(2434,10,8,517,'2019-10-07','2019-10-06 10:09:00','2019-10-06 10:09:00'),(2435,10,8,525,'2019-10-07','2019-10-06 10:09:00','2019-10-06 10:09:00'),(2436,10,8,571,'2019-10-07','2019-10-06 10:09:00','2019-10-06 10:09:00'),(2437,10,8,573,'2019-10-07','2019-10-06 10:09:00','2019-10-06 10:09:00'),(2438,10,8,608,'2019-10-07','2019-10-06 10:09:00','2019-10-06 10:09:00'),(2439,10,8,610,'2019-10-07','2019-10-06 10:09:00','2019-10-06 10:09:00'),(2440,10,8,611,'2019-10-07','2019-10-06 10:09:00','2019-10-06 10:09:00'),(2441,10,8,615,'2019-10-07','2019-10-06 10:09:00','2019-10-06 10:09:00'),(2442,10,8,616,'2019-10-07','2019-10-06 10:09:00','2019-10-06 10:09:00'),(2443,10,8,625,'2019-10-07','2019-10-06 10:09:00','2019-10-06 10:09:00'),(2444,10,8,626,'2019-10-07','2019-10-06 10:09:00','2019-10-06 10:09:00'),(2445,10,8,627,'2019-10-07','2019-10-06 10:09:00','2019-10-06 10:09:00'),(2446,10,8,635,'2019-10-07','2019-10-06 10:09:00','2019-10-06 10:09:00'),(2447,10,8,636,'2019-10-07','2019-10-06 10:09:00','2019-10-06 10:09:00'),(2448,10,8,642,'2019-10-07','2019-10-06 10:09:00','2019-10-06 10:09:00'),(2449,10,8,643,'2019-10-07','2019-10-06 10:09:00','2019-10-06 10:09:00'),(2450,10,8,644,'2019-10-07','2019-10-06 10:09:00','2019-10-06 10:09:00'),(2451,10,8,651,'2019-10-07','2019-10-06 10:09:00','2019-10-06 10:09:00'),(2452,10,8,658,'2019-10-07','2019-10-06 10:09:00','2019-10-06 10:09:00'),(2453,10,8,659,'2019-10-07','2019-10-06 10:09:00','2019-10-06 10:09:00'),(2454,10,8,660,'2019-10-07','2019-10-06 10:09:00','2019-10-06 10:09:00'),(2455,10,8,667,'2019-10-07','2019-10-06 10:09:00','2019-10-06 10:09:00'),(2456,10,8,668,'2019-10-07','2019-10-06 10:09:00','2019-10-06 10:09:00'),(2457,10,8,672,'2019-10-07','2019-10-06 10:09:00','2019-10-06 10:09:00'),(2458,10,8,676,'2019-10-07','2019-10-06 10:09:00','2019-10-06 10:09:00'),(2459,10,8,682,'2019-10-07','2019-10-06 10:09:00','2019-10-06 10:09:00'),(2460,10,8,687,'2019-10-07','2019-10-06 10:09:00','2019-10-06 10:09:00'),(2461,10,8,688,'2019-10-07','2019-10-06 10:09:00','2019-10-06 10:09:00'),(2462,10,8,689,'2019-10-07','2019-10-06 10:09:00','2019-10-06 10:09:00'),(2463,10,8,698,'2019-10-07','2019-10-06 10:09:00','2019-10-06 10:09:00'),(2464,10,8,713,'2019-10-07','2019-10-06 10:09:00','2019-10-06 10:09:00'),(2465,10,8,719,'2019-10-07','2019-10-06 10:09:00','2019-10-06 10:09:00'),(2466,10,9,497,'2019-10-07','2019-10-06 10:09:03','2019-10-06 10:09:03'),(2467,10,9,498,'2019-10-07','2019-10-06 10:09:03','2019-10-06 10:09:03'),(2468,10,9,499,'2019-10-07','2019-10-06 10:09:03','2019-10-06 10:09:03'),(2469,10,9,501,'2019-10-07','2019-10-06 10:09:03','2019-10-06 10:09:03'),(2470,10,9,502,'2019-10-07','2019-10-06 10:09:03','2019-10-06 10:09:03'),(2471,10,9,507,'2019-10-07','2019-10-06 10:09:03','2019-10-06 10:09:03'),(2472,10,9,508,'2019-10-07','2019-10-06 10:09:03','2019-10-06 10:09:03'),(2473,10,9,509,'2019-10-07','2019-10-06 10:09:03','2019-10-06 10:09:03'),(2474,10,9,510,'2019-10-07','2019-10-06 10:09:03','2019-10-06 10:09:03'),(2475,10,9,511,'2019-10-07','2019-10-06 10:09:03','2019-10-06 10:09:03'),(2476,10,9,512,'2019-10-07','2019-10-06 10:09:03','2019-10-06 10:09:03'),(2477,10,9,521,'2019-10-07','2019-10-06 10:09:03','2019-10-06 10:09:03'),(2478,10,9,522,'2019-10-07','2019-10-06 10:09:03','2019-10-06 10:09:03'),(2479,10,9,523,'2019-10-07','2019-10-06 10:09:03','2019-10-06 10:09:03'),(2480,10,9,524,'2019-10-07','2019-10-06 10:09:03','2019-10-06 10:09:03'),(2481,10,9,528,'2019-10-07','2019-10-06 10:09:03','2019-10-06 10:09:03'),(2482,10,9,529,'2019-10-07','2019-10-06 10:09:03','2019-10-06 10:09:03'),(2483,10,9,530,'2019-10-07','2019-10-06 10:09:03','2019-10-06 10:09:03'),(2484,10,9,533,'2019-10-07','2019-10-06 10:09:03','2019-10-06 10:09:03'),(2485,10,9,534,'2019-10-07','2019-10-06 10:09:03','2019-10-06 10:09:03'),(2486,10,9,535,'2019-10-07','2019-10-06 10:09:03','2019-10-06 10:09:03'),(2487,10,9,538,'2019-10-07','2019-10-06 10:09:03','2019-10-06 10:09:03'),(2488,10,9,539,'2019-10-07','2019-10-06 10:09:03','2019-10-06 10:09:03'),(2489,10,9,540,'2019-10-07','2019-10-06 10:09:03','2019-10-06 10:09:03'),(2490,10,9,544,'2019-10-07','2019-10-06 10:09:03','2019-10-06 10:09:03'),(2491,10,9,545,'2019-10-07','2019-10-06 10:09:03','2019-10-06 10:09:03'),(2492,10,9,546,'2019-10-07','2019-10-06 10:09:03','2019-10-06 10:09:03'),(2493,10,9,547,'2019-10-07','2019-10-06 10:09:03','2019-10-06 10:09:03'),(2494,10,9,550,'2019-10-07','2019-10-06 10:09:03','2019-10-06 10:09:03'),(2495,10,9,551,'2019-10-07','2019-10-06 10:09:03','2019-10-06 10:09:03'),(2496,10,9,552,'2019-10-07','2019-10-06 10:09:03','2019-10-06 10:09:03'),(2497,10,9,553,'2019-10-07','2019-10-06 10:09:03','2019-10-06 10:09:03'),(2498,10,9,556,'2019-10-07','2019-10-06 10:09:03','2019-10-06 10:09:03'),(2499,10,9,558,'2019-10-07','2019-10-06 10:09:03','2019-10-06 10:09:03'),(2500,10,9,559,'2019-10-07','2019-10-06 10:09:03','2019-10-06 10:09:03'),(2501,10,9,560,'2019-10-07','2019-10-06 10:09:03','2019-10-06 10:09:03'),(2502,10,9,563,'2019-10-07','2019-10-06 10:09:03','2019-10-06 10:09:03'),(2503,10,9,564,'2019-10-07','2019-10-06 10:09:03','2019-10-06 10:09:03'),(2504,10,9,566,'2019-10-07','2019-10-06 10:09:03','2019-10-06 10:09:03'),(2505,10,9,567,'2019-10-07','2019-10-06 10:09:03','2019-10-06 10:09:03'),(2506,10,9,568,'2019-10-07','2019-10-06 10:09:03','2019-10-06 10:09:03'),(2507,10,9,569,'2019-10-07','2019-10-06 10:09:03','2019-10-06 10:09:03'),(2508,10,9,570,'2019-10-07','2019-10-06 10:09:03','2019-10-06 10:09:03'),(2509,10,9,575,'2019-10-07','2019-10-06 10:09:03','2019-10-06 10:09:03'),(2510,10,9,576,'2019-10-07','2019-10-06 10:09:03','2019-10-06 10:09:03'),(2511,10,9,578,'2019-10-07','2019-10-06 10:09:03','2019-10-06 10:09:03'),(2512,10,9,579,'2019-10-07','2019-10-06 10:09:03','2019-10-06 10:09:03'),(2513,10,9,580,'2019-10-07','2019-10-06 10:09:03','2019-10-06 10:09:03'),(2514,10,9,581,'2019-10-07','2019-10-06 10:09:03','2019-10-06 10:09:03'),(2515,10,9,582,'2019-10-07','2019-10-06 10:09:03','2019-10-06 10:09:03'),(2516,10,9,583,'2019-10-07','2019-10-06 10:09:03','2019-10-06 10:09:03'),(2517,10,9,584,'2019-10-07','2019-10-06 10:09:03','2019-10-06 10:09:03'),(2518,10,9,585,'2019-10-07','2019-10-06 10:09:03','2019-10-06 10:09:03'),(2519,10,9,586,'2019-10-07','2019-10-06 10:09:03','2019-10-06 10:09:03'),(2520,10,9,587,'2019-10-07','2019-10-06 10:09:03','2019-10-06 10:09:03'),(2521,10,9,588,'2019-10-07','2019-10-06 10:09:03','2019-10-06 10:09:03'),(2522,10,9,589,'2019-10-07','2019-10-06 10:09:03','2019-10-06 10:09:03'),(2523,10,9,590,'2019-10-07','2019-10-06 10:09:03','2019-10-06 10:09:03'),(2524,10,9,591,'2019-10-07','2019-10-06 10:09:03','2019-10-06 10:09:03'),(2525,10,9,592,'2019-10-07','2019-10-06 10:09:03','2019-10-06 10:09:03'),(2526,10,9,593,'2019-10-07','2019-10-06 10:09:03','2019-10-06 10:09:03'),(2527,10,9,594,'2019-10-07','2019-10-06 10:09:03','2019-10-06 10:09:03'),(2528,10,9,595,'2019-10-07','2019-10-06 10:09:03','2019-10-06 10:09:03'),(2529,10,9,596,'2019-10-07','2019-10-06 10:09:03','2019-10-06 10:09:03'),(2530,10,9,597,'2019-10-07','2019-10-06 10:09:03','2019-10-06 10:09:03'),(2531,10,9,598,'2019-10-07','2019-10-06 10:09:03','2019-10-06 10:09:03'),(2532,10,9,599,'2019-10-07','2019-10-06 10:09:03','2019-10-06 10:09:03'),(2533,10,9,600,'2019-10-07','2019-10-06 10:09:03','2019-10-06 10:09:03'),(2534,10,9,601,'2019-10-07','2019-10-06 10:09:03','2019-10-06 10:09:03'),(2535,10,9,602,'2019-10-07','2019-10-06 10:09:03','2019-10-06 10:09:03'),(2536,10,9,604,'2019-10-07','2019-10-06 10:09:03','2019-10-06 10:09:03'),(2537,10,9,605,'2019-10-07','2019-10-06 10:09:03','2019-10-06 10:09:03'),(2538,10,9,606,'2019-10-07','2019-10-06 10:09:03','2019-10-06 10:09:03'),(2539,10,9,607,'2019-10-07','2019-10-06 10:09:03','2019-10-06 10:09:03'),(2540,10,9,609,'2019-10-07','2019-10-06 10:09:03','2019-10-06 10:09:03'),(2541,10,9,617,'2019-10-07','2019-10-06 10:09:03','2019-10-06 10:09:03'),(2542,10,9,618,'2019-10-07','2019-10-06 10:09:03','2019-10-06 10:09:03'),(2543,10,9,619,'2019-10-07','2019-10-06 10:09:03','2019-10-06 10:09:03'),(2544,10,9,622,'2019-10-07','2019-10-06 10:09:03','2019-10-06 10:09:03'),(2545,10,9,623,'2019-10-07','2019-10-06 10:09:03','2019-10-06 10:09:03'),(2546,10,9,624,'2019-10-07','2019-10-06 10:09:03','2019-10-06 10:09:03'),(2547,10,9,629,'2019-10-07','2019-10-06 10:09:03','2019-10-06 10:09:03'),(2548,10,9,630,'2019-10-07','2019-10-06 10:09:03','2019-10-06 10:09:03'),(2549,10,9,631,'2019-10-07','2019-10-06 10:09:03','2019-10-06 10:09:03'),(2550,10,9,638,'2019-10-07','2019-10-06 10:09:03','2019-10-06 10:09:03'),(2551,10,9,639,'2019-10-07','2019-10-06 10:09:03','2019-10-06 10:09:03'),(2552,10,9,645,'2019-10-07','2019-10-06 10:09:03','2019-10-06 10:09:03'),(2553,10,9,652,'2019-10-07','2019-10-06 10:09:03','2019-10-06 10:09:03'),(2554,10,9,653,'2019-10-07','2019-10-06 10:09:03','2019-10-06 10:09:03'),(2555,10,9,654,'2019-10-07','2019-10-06 10:09:03','2019-10-06 10:09:03'),(2556,10,9,655,'2019-10-07','2019-10-06 10:09:03','2019-10-06 10:09:03'),(2557,10,9,656,'2019-10-07','2019-10-06 10:09:03','2019-10-06 10:09:03'),(2558,10,9,657,'2019-10-07','2019-10-06 10:09:03','2019-10-06 10:09:03'),(2559,10,9,661,'2019-10-07','2019-10-06 10:09:03','2019-10-06 10:09:03'),(2560,10,9,662,'2019-10-07','2019-10-06 10:09:03','2019-10-06 10:09:03'),(2561,10,9,663,'2019-10-07','2019-10-06 10:09:03','2019-10-06 10:09:03'),(2562,10,9,666,'2019-10-07','2019-10-06 10:09:03','2019-10-06 10:09:03'),(2563,10,9,670,'2019-10-07','2019-10-06 10:09:03','2019-10-06 10:09:03'),(2564,10,9,671,'2019-10-07','2019-10-06 10:09:03','2019-10-06 10:09:03'),(2565,10,9,673,'2019-10-07','2019-10-06 10:09:03','2019-10-06 10:09:03'),(2566,10,9,674,'2019-10-07','2019-10-06 10:09:03','2019-10-06 10:09:03'),(2567,10,9,675,'2019-10-07','2019-10-06 10:09:03','2019-10-06 10:09:03'),(2568,10,9,677,'2019-10-07','2019-10-06 10:09:03','2019-10-06 10:09:03'),(2569,10,9,678,'2019-10-07','2019-10-06 10:09:03','2019-10-06 10:09:03'),(2570,10,9,680,'2019-10-07','2019-10-06 10:09:03','2019-10-06 10:09:03'),(2571,10,9,681,'2019-10-07','2019-10-06 10:09:03','2019-10-06 10:09:03'),(2572,10,9,683,'2019-10-07','2019-10-06 10:09:03','2019-10-06 10:09:03'),(2573,10,9,684,'2019-10-07','2019-10-06 10:09:03','2019-10-06 10:09:03'),(2574,10,9,685,'2019-10-07','2019-10-06 10:09:03','2019-10-06 10:09:03'),(2575,10,9,686,'2019-10-07','2019-10-06 10:09:03','2019-10-06 10:09:03'),(2576,10,9,690,'2019-10-07','2019-10-06 10:09:03','2019-10-06 10:09:03'),(2577,10,9,691,'2019-10-07','2019-10-06 10:09:03','2019-10-06 10:09:03'),(2578,10,9,692,'2019-10-07','2019-10-06 10:09:03','2019-10-06 10:09:03'),(2579,10,9,693,'2019-10-07','2019-10-06 10:09:03','2019-10-06 10:09:03'),(2580,10,9,694,'2019-10-07','2019-10-06 10:09:03','2019-10-06 10:09:03'),(2581,10,9,695,'2019-10-07','2019-10-06 10:09:03','2019-10-06 10:09:03'),(2582,10,9,696,'2019-10-07','2019-10-06 10:09:03','2019-10-06 10:09:03'),(2583,10,9,697,'2019-10-07','2019-10-06 10:09:03','2019-10-06 10:09:03'),(2584,10,9,699,'2019-10-07','2019-10-06 10:09:03','2019-10-06 10:09:03'),(2585,10,9,700,'2019-10-07','2019-10-06 10:09:03','2019-10-06 10:09:03'),(2586,10,9,701,'2019-10-07','2019-10-06 10:09:03','2019-10-06 10:09:03'),(2587,10,9,702,'2019-10-07','2019-10-06 10:09:03','2019-10-06 10:09:03'),(2588,10,9,703,'2019-10-07','2019-10-06 10:09:03','2019-10-06 10:09:03'),(2589,10,9,704,'2019-10-07','2019-10-06 10:09:03','2019-10-06 10:09:03'),(2590,10,9,705,'2019-10-07','2019-10-06 10:09:03','2019-10-06 10:09:03'),(2591,10,9,706,'2019-10-07','2019-10-06 10:09:03','2019-10-06 10:09:03'),(2592,10,9,707,'2019-10-07','2019-10-06 10:09:03','2019-10-06 10:09:03'),(2593,10,9,708,'2019-10-07','2019-10-06 10:09:03','2019-10-06 10:09:03'),(2594,10,9,709,'2019-10-07','2019-10-06 10:09:03','2019-10-06 10:09:03'),(2595,10,9,710,'2019-10-07','2019-10-06 10:09:03','2019-10-06 10:09:03'),(2596,10,9,711,'2019-10-07','2019-10-06 10:09:03','2019-10-06 10:09:03'),(2597,10,9,712,'2019-10-07','2019-10-06 10:09:03','2019-10-06 10:09:03'),(2598,10,9,714,'2019-10-07','2019-10-06 10:09:03','2019-10-06 10:09:03'),(2599,10,9,715,'2019-10-07','2019-10-06 10:09:03','2019-10-06 10:09:03'),(2600,10,9,716,'2019-10-07','2019-10-06 10:09:03','2019-10-06 10:09:03'),(2601,10,9,718,'2019-10-07','2019-10-06 10:09:03','2019-10-06 10:09:03'),(2602,10,9,720,'2019-10-07','2019-10-06 10:09:03','2019-10-06 10:09:03'),(2603,10,9,721,'2019-10-07','2019-10-06 10:09:03','2019-10-06 10:09:03'),(2604,10,9,722,'2019-10-07','2019-10-06 10:09:03','2019-10-06 10:09:03'),(2605,10,10,500,'2019-10-07','2019-10-06 10:09:07','2019-10-06 10:09:07'),(2606,10,10,513,'2019-10-07','2019-10-06 10:09:07','2019-10-06 10:09:07'),(2607,10,10,531,'2019-10-07','2019-10-06 10:09:07','2019-10-06 10:09:07'),(2608,10,10,532,'2019-10-07','2019-10-06 10:09:07','2019-10-06 10:09:07'),(2609,10,10,536,'2019-10-07','2019-10-06 10:09:07','2019-10-06 10:09:07'),(2610,10,10,537,'2019-10-07','2019-10-06 10:09:07','2019-10-06 10:09:07'),(2611,10,10,541,'2019-10-07','2019-10-06 10:09:07','2019-10-06 10:09:07'),(2612,10,10,542,'2019-10-07','2019-10-06 10:09:07','2019-10-06 10:09:07'),(2613,10,10,548,'2019-10-07','2019-10-06 10:09:07','2019-10-06 10:09:07'),(2614,10,10,549,'2019-10-07','2019-10-06 10:09:07','2019-10-06 10:09:07'),(2615,10,10,554,'2019-10-07','2019-10-06 10:09:07','2019-10-06 10:09:07'),(2616,10,10,555,'2019-10-07','2019-10-06 10:09:07','2019-10-06 10:09:07'),(2617,10,10,561,'2019-10-07','2019-10-06 10:09:07','2019-10-06 10:09:07'),(2618,10,10,562,'2019-10-07','2019-10-06 10:09:07','2019-10-06 10:09:07'),(2619,10,10,572,'2019-10-07','2019-10-06 10:09:07','2019-10-06 10:09:07'),(2620,10,10,577,'2019-10-07','2019-10-06 10:09:07','2019-10-06 10:09:07'),(2621,10,10,603,'2019-10-07','2019-10-06 10:09:07','2019-10-06 10:09:07'),(2622,10,10,612,'2019-10-07','2019-10-06 10:09:07','2019-10-06 10:09:07'),(2623,10,10,620,'2019-10-07','2019-10-06 10:09:07','2019-10-06 10:09:07'),(2624,10,10,621,'2019-10-07','2019-10-06 10:09:07','2019-10-06 10:09:07'),(2625,10,10,628,'2019-10-07','2019-10-06 10:09:07','2019-10-06 10:09:07'),(2626,10,10,632,'2019-10-07','2019-10-06 10:09:07','2019-10-06 10:09:07'),(2627,10,10,633,'2019-10-07','2019-10-06 10:09:07','2019-10-06 10:09:07'),(2628,10,10,634,'2019-10-07','2019-10-06 10:09:07','2019-10-06 10:09:07'),(2629,10,10,640,'2019-10-07','2019-10-06 10:09:07','2019-10-06 10:09:07'),(2630,10,10,641,'2019-10-07','2019-10-06 10:09:07','2019-10-06 10:09:07'),(2631,10,10,646,'2019-10-07','2019-10-06 10:09:07','2019-10-06 10:09:07'),(2632,10,10,647,'2019-10-07','2019-10-06 10:09:07','2019-10-06 10:09:07'),(2633,10,10,648,'2019-10-07','2019-10-06 10:09:07','2019-10-06 10:09:07'),(2634,10,10,649,'2019-10-07','2019-10-06 10:09:07','2019-10-06 10:09:07'),(2635,10,10,650,'2019-10-07','2019-10-06 10:09:07','2019-10-06 10:09:07'),(2636,10,10,664,'2019-10-07','2019-10-06 10:09:07','2019-10-06 10:09:07'),(2637,10,10,665,'2019-10-07','2019-10-06 10:09:07','2019-10-06 10:09:07'),(2638,10,10,679,'2019-10-07','2019-10-06 10:09:07','2019-10-06 10:09:07'),(2639,10,10,717,'2019-10-07','2019-10-06 10:09:07','2019-10-06 10:09:07'),(2640,10,11,514,'2019-10-07','2019-10-06 10:09:10','2019-10-06 10:09:10'),(2641,10,11,543,'2019-10-07','2019-10-06 10:09:10','2019-10-06 10:09:10'),(2642,10,11,557,'2019-10-07','2019-10-06 10:09:10','2019-10-06 10:09:10'),(2643,10,11,613,'2019-10-07','2019-10-06 10:09:10','2019-10-06 10:09:10'),(2644,10,11,637,'2019-10-07','2019-10-06 10:09:10','2019-10-06 10:09:10'),(2645,10,11,669,'2019-10-07','2019-10-06 10:09:10','2019-10-06 10:09:10'),(2646,10,12,518,'2019-10-07','2019-10-06 10:09:11','2019-10-06 10:09:11'),(2647,10,12,519,'2019-10-07','2019-10-06 10:09:11','2019-10-06 10:09:11'),(2648,10,12,520,'2019-10-07','2019-10-06 10:09:11','2019-10-06 10:09:11'),(2649,10,12,614,'2019-10-07','2019-10-06 10:09:11','2019-10-06 10:09:11'),(2650,10,8,505,'2019-10-08','2019-10-06 10:09:20','2019-10-06 10:09:20'),(2651,10,8,506,'2019-10-08','2019-10-06 10:09:20','2019-10-06 10:09:20'),(2652,10,8,515,'2019-10-08','2019-10-06 10:09:20','2019-10-06 10:09:20'),(2653,10,8,516,'2019-10-08','2019-10-06 10:09:20','2019-10-06 10:09:20'),(2654,10,8,517,'2019-10-08','2019-10-06 10:09:20','2019-10-06 10:09:20'),(2655,10,8,525,'2019-10-08','2019-10-06 10:09:20','2019-10-06 10:09:20'),(2656,10,8,571,'2019-10-08','2019-10-06 10:09:20','2019-10-06 10:09:20'),(2657,10,8,573,'2019-10-08','2019-10-06 10:09:20','2019-10-06 10:09:20'),(2658,10,8,608,'2019-10-08','2019-10-06 10:09:20','2019-10-06 10:09:20'),(2659,10,8,610,'2019-10-08','2019-10-06 10:09:20','2019-10-06 10:09:20'),(2660,10,8,611,'2019-10-08','2019-10-06 10:09:20','2019-10-06 10:09:20'),(2661,10,8,615,'2019-10-08','2019-10-06 10:09:20','2019-10-06 10:09:20'),(2662,10,8,616,'2019-10-08','2019-10-06 10:09:20','2019-10-06 10:09:20'),(2663,10,8,625,'2019-10-08','2019-10-06 10:09:20','2019-10-06 10:09:20'),(2664,10,8,626,'2019-10-08','2019-10-06 10:09:20','2019-10-06 10:09:20'),(2665,10,8,627,'2019-10-08','2019-10-06 10:09:20','2019-10-06 10:09:20'),(2666,10,8,635,'2019-10-08','2019-10-06 10:09:20','2019-10-06 10:09:20'),(2667,10,8,636,'2019-10-08','2019-10-06 10:09:20','2019-10-06 10:09:20'),(2668,10,8,642,'2019-10-08','2019-10-06 10:09:20','2019-10-06 10:09:20'),(2669,10,8,643,'2019-10-08','2019-10-06 10:09:20','2019-10-06 10:09:20'),(2670,10,8,644,'2019-10-08','2019-10-06 10:09:20','2019-10-06 10:09:20'),(2671,10,8,651,'2019-10-08','2019-10-06 10:09:20','2019-10-06 10:09:20'),(2672,10,8,658,'2019-10-08','2019-10-06 10:09:20','2019-10-06 10:09:20'),(2673,10,8,659,'2019-10-08','2019-10-06 10:09:20','2019-10-06 10:09:20'),(2674,10,8,660,'2019-10-08','2019-10-06 10:09:20','2019-10-06 10:09:20'),(2675,10,8,667,'2019-10-08','2019-10-06 10:09:20','2019-10-06 10:09:20'),(2676,10,8,668,'2019-10-08','2019-10-06 10:09:20','2019-10-06 10:09:20'),(2677,10,8,672,'2019-10-08','2019-10-06 10:09:20','2019-10-06 10:09:20'),(2678,10,8,676,'2019-10-08','2019-10-06 10:09:20','2019-10-06 10:09:20'),(2679,10,8,682,'2019-10-08','2019-10-06 10:09:20','2019-10-06 10:09:20'),(2680,10,8,687,'2019-10-08','2019-10-06 10:09:20','2019-10-06 10:09:20'),(2681,10,8,688,'2019-10-08','2019-10-06 10:09:20','2019-10-06 10:09:20'),(2682,10,8,689,'2019-10-08','2019-10-06 10:09:20','2019-10-06 10:09:20'),(2683,10,8,698,'2019-10-08','2019-10-06 10:09:20','2019-10-06 10:09:20'),(2684,10,8,713,'2019-10-08','2019-10-06 10:09:20','2019-10-06 10:09:20'),(2685,10,8,719,'2019-10-08','2019-10-06 10:09:20','2019-10-06 10:09:20'),(2686,10,9,497,'2019-10-08','2019-10-06 10:09:23','2019-10-06 10:09:23'),(2687,10,9,498,'2019-10-08','2019-10-06 10:09:23','2019-10-06 10:09:23'),(2688,10,9,499,'2019-10-08','2019-10-06 10:09:23','2019-10-06 10:09:23'),(2689,10,9,501,'2019-10-08','2019-10-06 10:09:23','2019-10-06 10:09:23'),(2690,10,9,502,'2019-10-08','2019-10-06 10:09:23','2019-10-06 10:09:23'),(2691,10,9,507,'2019-10-08','2019-10-06 10:09:23','2019-10-06 10:09:23'),(2692,10,9,508,'2019-10-08','2019-10-06 10:09:23','2019-10-06 10:09:23'),(2693,10,9,509,'2019-10-08','2019-10-06 10:09:23','2019-10-06 10:09:23'),(2694,10,9,510,'2019-10-08','2019-10-06 10:09:23','2019-10-06 10:09:23'),(2695,10,9,511,'2019-10-08','2019-10-06 10:09:23','2019-10-06 10:09:23'),(2696,10,9,512,'2019-10-08','2019-10-06 10:09:23','2019-10-06 10:09:23'),(2697,10,9,521,'2019-10-08','2019-10-06 10:09:23','2019-10-06 10:09:23'),(2698,10,9,522,'2019-10-08','2019-10-06 10:09:23','2019-10-06 10:09:23'),(2699,10,9,523,'2019-10-08','2019-10-06 10:09:23','2019-10-06 10:09:23'),(2700,10,9,524,'2019-10-08','2019-10-06 10:09:23','2019-10-06 10:09:23'),(2701,10,9,528,'2019-10-08','2019-10-06 10:09:23','2019-10-06 10:09:23'),(2702,10,9,529,'2019-10-08','2019-10-06 10:09:23','2019-10-06 10:09:23'),(2703,10,9,530,'2019-10-08','2019-10-06 10:09:23','2019-10-06 10:09:23'),(2704,10,9,533,'2019-10-08','2019-10-06 10:09:23','2019-10-06 10:09:23'),(2705,10,9,534,'2019-10-08','2019-10-06 10:09:23','2019-10-06 10:09:23'),(2706,10,9,535,'2019-10-08','2019-10-06 10:09:23','2019-10-06 10:09:23'),(2707,10,9,538,'2019-10-08','2019-10-06 10:09:23','2019-10-06 10:09:23'),(2708,10,9,539,'2019-10-08','2019-10-06 10:09:23','2019-10-06 10:09:23'),(2709,10,9,540,'2019-10-08','2019-10-06 10:09:23','2019-10-06 10:09:23'),(2710,10,9,544,'2019-10-08','2019-10-06 10:09:23','2019-10-06 10:09:23'),(2711,10,9,545,'2019-10-08','2019-10-06 10:09:23','2019-10-06 10:09:23'),(2712,10,9,546,'2019-10-08','2019-10-06 10:09:23','2019-10-06 10:09:23'),(2713,10,9,547,'2019-10-08','2019-10-06 10:09:23','2019-10-06 10:09:23'),(2714,10,9,550,'2019-10-08','2019-10-06 10:09:23','2019-10-06 10:09:23'),(2715,10,9,551,'2019-10-08','2019-10-06 10:09:23','2019-10-06 10:09:23'),(2716,10,9,552,'2019-10-08','2019-10-06 10:09:23','2019-10-06 10:09:23'),(2717,10,9,553,'2019-10-08','2019-10-06 10:09:23','2019-10-06 10:09:23'),(2718,10,9,556,'2019-10-08','2019-10-06 10:09:23','2019-10-06 10:09:23'),(2719,10,9,558,'2019-10-08','2019-10-06 10:09:23','2019-10-06 10:09:23'),(2720,10,9,559,'2019-10-08','2019-10-06 10:09:23','2019-10-06 10:09:23'),(2721,10,9,560,'2019-10-08','2019-10-06 10:09:23','2019-10-06 10:09:23'),(2722,10,9,563,'2019-10-08','2019-10-06 10:09:23','2019-10-06 10:09:23'),(2723,10,9,564,'2019-10-08','2019-10-06 10:09:23','2019-10-06 10:09:23'),(2724,10,9,566,'2019-10-08','2019-10-06 10:09:23','2019-10-06 10:09:23'),(2725,10,9,567,'2019-10-08','2019-10-06 10:09:23','2019-10-06 10:09:23'),(2726,10,9,568,'2019-10-08','2019-10-06 10:09:23','2019-10-06 10:09:23'),(2727,10,9,569,'2019-10-08','2019-10-06 10:09:23','2019-10-06 10:09:23'),(2728,10,9,570,'2019-10-08','2019-10-06 10:09:23','2019-10-06 10:09:23'),(2729,10,9,575,'2019-10-08','2019-10-06 10:09:23','2019-10-06 10:09:23'),(2730,10,9,576,'2019-10-08','2019-10-06 10:09:23','2019-10-06 10:09:23'),(2731,10,9,578,'2019-10-08','2019-10-06 10:09:23','2019-10-06 10:09:23'),(2732,10,9,579,'2019-10-08','2019-10-06 10:09:23','2019-10-06 10:09:23'),(2733,10,9,580,'2019-10-08','2019-10-06 10:09:23','2019-10-06 10:09:23'),(2734,10,9,581,'2019-10-08','2019-10-06 10:09:23','2019-10-06 10:09:23'),(2735,10,9,582,'2019-10-08','2019-10-06 10:09:23','2019-10-06 10:09:23'),(2736,10,9,583,'2019-10-08','2019-10-06 10:09:23','2019-10-06 10:09:23'),(2737,10,9,584,'2019-10-08','2019-10-06 10:09:23','2019-10-06 10:09:23'),(2738,10,9,585,'2019-10-08','2019-10-06 10:09:23','2019-10-06 10:09:23'),(2739,10,9,586,'2019-10-08','2019-10-06 10:09:23','2019-10-06 10:09:23'),(2740,10,9,587,'2019-10-08','2019-10-06 10:09:23','2019-10-06 10:09:23'),(2741,10,9,588,'2019-10-08','2019-10-06 10:09:23','2019-10-06 10:09:23'),(2742,10,9,589,'2019-10-08','2019-10-06 10:09:23','2019-10-06 10:09:23'),(2743,10,9,590,'2019-10-08','2019-10-06 10:09:23','2019-10-06 10:09:23'),(2744,10,9,591,'2019-10-08','2019-10-06 10:09:23','2019-10-06 10:09:23'),(2745,10,9,592,'2019-10-08','2019-10-06 10:09:23','2019-10-06 10:09:23'),(2746,10,9,593,'2019-10-08','2019-10-06 10:09:23','2019-10-06 10:09:23'),(2747,10,9,594,'2019-10-08','2019-10-06 10:09:23','2019-10-06 10:09:23'),(2748,10,9,595,'2019-10-08','2019-10-06 10:09:23','2019-10-06 10:09:23'),(2749,10,9,596,'2019-10-08','2019-10-06 10:09:23','2019-10-06 10:09:23'),(2750,10,9,597,'2019-10-08','2019-10-06 10:09:23','2019-10-06 10:09:23'),(2751,10,9,598,'2019-10-08','2019-10-06 10:09:23','2019-10-06 10:09:23'),(2752,10,9,599,'2019-10-08','2019-10-06 10:09:23','2019-10-06 10:09:23'),(2753,10,9,600,'2019-10-08','2019-10-06 10:09:23','2019-10-06 10:09:23'),(2754,10,9,601,'2019-10-08','2019-10-06 10:09:23','2019-10-06 10:09:23'),(2755,10,9,602,'2019-10-08','2019-10-06 10:09:23','2019-10-06 10:09:23'),(2756,10,9,604,'2019-10-08','2019-10-06 10:09:23','2019-10-06 10:09:23'),(2757,10,9,605,'2019-10-08','2019-10-06 10:09:23','2019-10-06 10:09:23'),(2758,10,9,606,'2019-10-08','2019-10-06 10:09:23','2019-10-06 10:09:23'),(2759,10,9,607,'2019-10-08','2019-10-06 10:09:23','2019-10-06 10:09:23'),(2760,10,9,609,'2019-10-08','2019-10-06 10:09:23','2019-10-06 10:09:23'),(2761,10,9,617,'2019-10-08','2019-10-06 10:09:23','2019-10-06 10:09:23'),(2762,10,9,618,'2019-10-08','2019-10-06 10:09:23','2019-10-06 10:09:23'),(2763,10,9,619,'2019-10-08','2019-10-06 10:09:23','2019-10-06 10:09:23'),(2764,10,9,622,'2019-10-08','2019-10-06 10:09:23','2019-10-06 10:09:23'),(2765,10,9,623,'2019-10-08','2019-10-06 10:09:23','2019-10-06 10:09:23'),(2766,10,9,624,'2019-10-08','2019-10-06 10:09:23','2019-10-06 10:09:23'),(2767,10,9,629,'2019-10-08','2019-10-06 10:09:23','2019-10-06 10:09:23'),(2768,10,9,630,'2019-10-08','2019-10-06 10:09:23','2019-10-06 10:09:23'),(2769,10,9,631,'2019-10-08','2019-10-06 10:09:23','2019-10-06 10:09:23'),(2770,10,9,638,'2019-10-08','2019-10-06 10:09:23','2019-10-06 10:09:23'),(2771,10,9,639,'2019-10-08','2019-10-06 10:09:23','2019-10-06 10:09:23'),(2772,10,9,645,'2019-10-08','2019-10-06 10:09:23','2019-10-06 10:09:23'),(2773,10,9,652,'2019-10-08','2019-10-06 10:09:23','2019-10-06 10:09:23'),(2774,10,9,653,'2019-10-08','2019-10-06 10:09:23','2019-10-06 10:09:23'),(2775,10,9,654,'2019-10-08','2019-10-06 10:09:23','2019-10-06 10:09:23'),(2776,10,9,655,'2019-10-08','2019-10-06 10:09:23','2019-10-06 10:09:23'),(2777,10,9,656,'2019-10-08','2019-10-06 10:09:23','2019-10-06 10:09:23'),(2778,10,9,657,'2019-10-08','2019-10-06 10:09:23','2019-10-06 10:09:23'),(2779,10,9,661,'2019-10-08','2019-10-06 10:09:23','2019-10-06 10:09:23'),(2780,10,9,662,'2019-10-08','2019-10-06 10:09:23','2019-10-06 10:09:23'),(2781,10,9,663,'2019-10-08','2019-10-06 10:09:23','2019-10-06 10:09:23'),(2782,10,9,666,'2019-10-08','2019-10-06 10:09:23','2019-10-06 10:09:23'),(2783,10,9,670,'2019-10-08','2019-10-06 10:09:23','2019-10-06 10:09:23'),(2784,10,9,671,'2019-10-08','2019-10-06 10:09:23','2019-10-06 10:09:23'),(2785,10,9,673,'2019-10-08','2019-10-06 10:09:23','2019-10-06 10:09:23'),(2786,10,9,674,'2019-10-08','2019-10-06 10:09:23','2019-10-06 10:09:23'),(2787,10,9,675,'2019-10-08','2019-10-06 10:09:23','2019-10-06 10:09:23'),(2788,10,9,677,'2019-10-08','2019-10-06 10:09:23','2019-10-06 10:09:23'),(2789,10,9,678,'2019-10-08','2019-10-06 10:09:23','2019-10-06 10:09:23'),(2790,10,9,680,'2019-10-08','2019-10-06 10:09:23','2019-10-06 10:09:23'),(2791,10,9,681,'2019-10-08','2019-10-06 10:09:23','2019-10-06 10:09:23'),(2792,10,9,683,'2019-10-08','2019-10-06 10:09:23','2019-10-06 10:09:23'),(2793,10,9,684,'2019-10-08','2019-10-06 10:09:23','2019-10-06 10:09:23'),(2794,10,9,685,'2019-10-08','2019-10-06 10:09:23','2019-10-06 10:09:23'),(2795,10,9,686,'2019-10-08','2019-10-06 10:09:23','2019-10-06 10:09:23'),(2796,10,9,690,'2019-10-08','2019-10-06 10:09:23','2019-10-06 10:09:23'),(2797,10,9,691,'2019-10-08','2019-10-06 10:09:23','2019-10-06 10:09:23'),(2798,10,9,692,'2019-10-08','2019-10-06 10:09:23','2019-10-06 10:09:23'),(2799,10,9,693,'2019-10-08','2019-10-06 10:09:23','2019-10-06 10:09:23'),(2800,10,9,694,'2019-10-08','2019-10-06 10:09:23','2019-10-06 10:09:23'),(2801,10,9,695,'2019-10-08','2019-10-06 10:09:23','2019-10-06 10:09:23'),(2802,10,9,696,'2019-10-08','2019-10-06 10:09:23','2019-10-06 10:09:23'),(2803,10,9,697,'2019-10-08','2019-10-06 10:09:23','2019-10-06 10:09:23'),(2804,10,9,699,'2019-10-08','2019-10-06 10:09:23','2019-10-06 10:09:23'),(2805,10,9,700,'2019-10-08','2019-10-06 10:09:23','2019-10-06 10:09:23'),(2806,10,9,701,'2019-10-08','2019-10-06 10:09:23','2019-10-06 10:09:23'),(2807,10,9,702,'2019-10-08','2019-10-06 10:09:23','2019-10-06 10:09:23'),(2808,10,9,703,'2019-10-08','2019-10-06 10:09:23','2019-10-06 10:09:23'),(2809,10,9,704,'2019-10-08','2019-10-06 10:09:23','2019-10-06 10:09:23'),(2810,10,9,705,'2019-10-08','2019-10-06 10:09:23','2019-10-06 10:09:23'),(2811,10,9,706,'2019-10-08','2019-10-06 10:09:23','2019-10-06 10:09:23'),(2812,10,9,707,'2019-10-08','2019-10-06 10:09:23','2019-10-06 10:09:23'),(2813,10,9,708,'2019-10-08','2019-10-06 10:09:23','2019-10-06 10:09:23'),(2814,10,9,709,'2019-10-08','2019-10-06 10:09:23','2019-10-06 10:09:23'),(2815,10,9,710,'2019-10-08','2019-10-06 10:09:23','2019-10-06 10:09:23'),(2816,10,9,711,'2019-10-08','2019-10-06 10:09:23','2019-10-06 10:09:23'),(2817,10,9,712,'2019-10-08','2019-10-06 10:09:23','2019-10-06 10:09:23'),(2818,10,9,714,'2019-10-08','2019-10-06 10:09:23','2019-10-06 10:09:23'),(2819,10,9,715,'2019-10-08','2019-10-06 10:09:23','2019-10-06 10:09:23'),(2820,10,9,716,'2019-10-08','2019-10-06 10:09:23','2019-10-06 10:09:23'),(2821,10,9,718,'2019-10-08','2019-10-06 10:09:23','2019-10-06 10:09:23'),(2822,10,9,720,'2019-10-08','2019-10-06 10:09:23','2019-10-06 10:09:23'),(2823,10,9,721,'2019-10-08','2019-10-06 10:09:23','2019-10-06 10:09:23'),(2824,10,9,722,'2019-10-08','2019-10-06 10:09:23','2019-10-06 10:09:23'),(2825,10,10,500,'2019-10-08','2019-10-06 10:09:27','2019-10-06 10:09:27'),(2826,10,10,513,'2019-10-08','2019-10-06 10:09:27','2019-10-06 10:09:27'),(2827,10,10,531,'2019-10-08','2019-10-06 10:09:27','2019-10-06 10:09:27'),(2828,10,10,532,'2019-10-08','2019-10-06 10:09:27','2019-10-06 10:09:27'),(2829,10,10,536,'2019-10-08','2019-10-06 10:09:27','2019-10-06 10:09:27'),(2830,10,10,537,'2019-10-08','2019-10-06 10:09:27','2019-10-06 10:09:27'),(2831,10,10,541,'2019-10-08','2019-10-06 10:09:27','2019-10-06 10:09:27'),(2832,10,10,542,'2019-10-08','2019-10-06 10:09:27','2019-10-06 10:09:27'),(2833,10,10,548,'2019-10-08','2019-10-06 10:09:27','2019-10-06 10:09:27'),(2834,10,10,549,'2019-10-08','2019-10-06 10:09:27','2019-10-06 10:09:27'),(2835,10,10,554,'2019-10-08','2019-10-06 10:09:27','2019-10-06 10:09:27'),(2836,10,10,555,'2019-10-08','2019-10-06 10:09:27','2019-10-06 10:09:27'),(2837,10,10,561,'2019-10-08','2019-10-06 10:09:27','2019-10-06 10:09:27'),(2838,10,10,562,'2019-10-08','2019-10-06 10:09:27','2019-10-06 10:09:27'),(2839,10,10,572,'2019-10-08','2019-10-06 10:09:27','2019-10-06 10:09:27'),(2840,10,10,577,'2019-10-08','2019-10-06 10:09:27','2019-10-06 10:09:27'),(2841,10,10,603,'2019-10-08','2019-10-06 10:09:27','2019-10-06 10:09:27'),(2842,10,10,612,'2019-10-08','2019-10-06 10:09:27','2019-10-06 10:09:27'),(2843,10,10,620,'2019-10-08','2019-10-06 10:09:27','2019-10-06 10:09:27'),(2844,10,10,621,'2019-10-08','2019-10-06 10:09:27','2019-10-06 10:09:27'),(2845,10,10,628,'2019-10-08','2019-10-06 10:09:27','2019-10-06 10:09:27'),(2846,10,10,632,'2019-10-08','2019-10-06 10:09:27','2019-10-06 10:09:27'),(2847,10,10,633,'2019-10-08','2019-10-06 10:09:27','2019-10-06 10:09:27'),(2848,10,10,634,'2019-10-08','2019-10-06 10:09:27','2019-10-06 10:09:27'),(2849,10,10,640,'2019-10-08','2019-10-06 10:09:27','2019-10-06 10:09:27'),(2850,10,10,641,'2019-10-08','2019-10-06 10:09:27','2019-10-06 10:09:27'),(2851,10,10,646,'2019-10-08','2019-10-06 10:09:27','2019-10-06 10:09:27'),(2852,10,10,647,'2019-10-08','2019-10-06 10:09:27','2019-10-06 10:09:27'),(2853,10,10,648,'2019-10-08','2019-10-06 10:09:27','2019-10-06 10:09:27'),(2854,10,10,649,'2019-10-08','2019-10-06 10:09:27','2019-10-06 10:09:27'),(2855,10,10,650,'2019-10-08','2019-10-06 10:09:27','2019-10-06 10:09:27'),(2856,10,10,664,'2019-10-08','2019-10-06 10:09:27','2019-10-06 10:09:27'),(2857,10,10,665,'2019-10-08','2019-10-06 10:09:27','2019-10-06 10:09:27'),(2858,10,10,679,'2019-10-08','2019-10-06 10:09:27','2019-10-06 10:09:27'),(2859,10,10,717,'2019-10-08','2019-10-06 10:09:27','2019-10-06 10:09:27'),(2860,10,11,514,'2019-10-08','2019-10-06 10:09:30','2019-10-06 10:09:30'),(2861,10,11,543,'2019-10-08','2019-10-06 10:09:30','2019-10-06 10:09:30'),(2862,10,11,557,'2019-10-08','2019-10-06 10:09:30','2019-10-06 10:09:30'),(2863,10,11,613,'2019-10-08','2019-10-06 10:09:30','2019-10-06 10:09:30'),(2864,10,11,637,'2019-10-08','2019-10-06 10:09:30','2019-10-06 10:09:30'),(2865,10,11,669,'2019-10-08','2019-10-06 10:09:30','2019-10-06 10:09:30'),(2866,10,12,518,'2019-10-08','2019-10-06 10:09:31','2019-10-06 10:09:31'),(2867,10,12,519,'2019-10-08','2019-10-06 10:09:31','2019-10-06 10:09:31'),(2868,10,12,520,'2019-10-08','2019-10-06 10:09:31','2019-10-06 10:09:31'),(2869,10,12,614,'2019-10-08','2019-10-06 10:09:31','2019-10-06 10:09:31'),(2870,10,8,505,'2019-10-09','2019-10-06 10:09:41','2019-10-06 10:09:41'),(2871,10,8,506,'2019-10-09','2019-10-06 10:09:41','2019-10-06 10:09:41'),(2872,10,8,515,'2019-10-09','2019-10-06 10:09:41','2019-10-06 10:09:41'),(2873,10,8,516,'2019-10-09','2019-10-06 10:09:41','2019-10-06 10:09:41'),(2874,10,8,517,'2019-10-09','2019-10-06 10:09:41','2019-10-06 10:09:41'),(2875,10,8,525,'2019-10-09','2019-10-06 10:09:41','2019-10-06 10:09:41'),(2876,10,8,571,'2019-10-09','2019-10-06 10:09:41','2019-10-06 10:09:41'),(2877,10,8,573,'2019-10-09','2019-10-06 10:09:41','2019-10-06 10:09:41'),(2878,10,8,608,'2019-10-09','2019-10-06 10:09:41','2019-10-06 10:09:41'),(2879,10,8,610,'2019-10-09','2019-10-06 10:09:41','2019-10-06 10:09:41'),(2880,10,8,611,'2019-10-09','2019-10-06 10:09:41','2019-10-06 10:09:41'),(2881,10,8,615,'2019-10-09','2019-10-06 10:09:41','2019-10-06 10:09:41'),(2882,10,8,616,'2019-10-09','2019-10-06 10:09:41','2019-10-06 10:09:41'),(2883,10,8,625,'2019-10-09','2019-10-06 10:09:41','2019-10-06 10:09:41'),(2884,10,8,626,'2019-10-09','2019-10-06 10:09:41','2019-10-06 10:09:41'),(2885,10,8,627,'2019-10-09','2019-10-06 10:09:41','2019-10-06 10:09:41'),(2886,10,8,635,'2019-10-09','2019-10-06 10:09:41','2019-10-06 10:09:41'),(2887,10,8,636,'2019-10-09','2019-10-06 10:09:41','2019-10-06 10:09:41'),(2888,10,8,642,'2019-10-09','2019-10-06 10:09:41','2019-10-06 10:09:41'),(2889,10,8,643,'2019-10-09','2019-10-06 10:09:41','2019-10-06 10:09:41'),(2890,10,8,644,'2019-10-09','2019-10-06 10:09:41','2019-10-06 10:09:41'),(2891,10,8,651,'2019-10-09','2019-10-06 10:09:41','2019-10-06 10:09:41'),(2892,10,8,658,'2019-10-09','2019-10-06 10:09:41','2019-10-06 10:09:41'),(2893,10,8,659,'2019-10-09','2019-10-06 10:09:41','2019-10-06 10:09:41'),(2894,10,8,660,'2019-10-09','2019-10-06 10:09:41','2019-10-06 10:09:41'),(2895,10,8,667,'2019-10-09','2019-10-06 10:09:41','2019-10-06 10:09:41'),(2896,10,8,668,'2019-10-09','2019-10-06 10:09:41','2019-10-06 10:09:41'),(2897,10,8,672,'2019-10-09','2019-10-06 10:09:41','2019-10-06 10:09:41'),(2898,10,8,676,'2019-10-09','2019-10-06 10:09:41','2019-10-06 10:09:41'),(2899,10,8,682,'2019-10-09','2019-10-06 10:09:41','2019-10-06 10:09:41'),(2900,10,8,687,'2019-10-09','2019-10-06 10:09:41','2019-10-06 10:09:41'),(2901,10,8,688,'2019-10-09','2019-10-06 10:09:41','2019-10-06 10:09:41'),(2902,10,8,689,'2019-10-09','2019-10-06 10:09:41','2019-10-06 10:09:41'),(2903,10,8,698,'2019-10-09','2019-10-06 10:09:41','2019-10-06 10:09:41'),(2904,10,8,713,'2019-10-09','2019-10-06 10:09:41','2019-10-06 10:09:41'),(2905,10,8,719,'2019-10-09','2019-10-06 10:09:41','2019-10-06 10:09:41'),(2906,10,9,497,'2019-10-09','2019-10-06 10:09:45','2019-10-06 10:09:45'),(2907,10,9,498,'2019-10-09','2019-10-06 10:09:45','2019-10-06 10:09:45'),(2908,10,9,499,'2019-10-09','2019-10-06 10:09:45','2019-10-06 10:09:45'),(2909,10,9,501,'2019-10-09','2019-10-06 10:09:45','2019-10-06 10:09:45'),(2910,10,9,502,'2019-10-09','2019-10-06 10:09:45','2019-10-06 10:09:45'),(2911,10,9,507,'2019-10-09','2019-10-06 10:09:45','2019-10-06 10:09:45'),(2912,10,9,508,'2019-10-09','2019-10-06 10:09:45','2019-10-06 10:09:45'),(2913,10,9,509,'2019-10-09','2019-10-06 10:09:45','2019-10-06 10:09:45'),(2914,10,9,510,'2019-10-09','2019-10-06 10:09:45','2019-10-06 10:09:45'),(2915,10,9,511,'2019-10-09','2019-10-06 10:09:45','2019-10-06 10:09:45'),(2916,10,9,512,'2019-10-09','2019-10-06 10:09:45','2019-10-06 10:09:45'),(2917,10,9,521,'2019-10-09','2019-10-06 10:09:45','2019-10-06 10:09:45'),(2918,10,9,522,'2019-10-09','2019-10-06 10:09:45','2019-10-06 10:09:45'),(2919,10,9,523,'2019-10-09','2019-10-06 10:09:45','2019-10-06 10:09:45'),(2920,10,9,524,'2019-10-09','2019-10-06 10:09:45','2019-10-06 10:09:45'),(2921,10,9,528,'2019-10-09','2019-10-06 10:09:45','2019-10-06 10:09:45'),(2922,10,9,529,'2019-10-09','2019-10-06 10:09:45','2019-10-06 10:09:45'),(2923,10,9,530,'2019-10-09','2019-10-06 10:09:45','2019-10-06 10:09:45'),(2924,10,9,533,'2019-10-09','2019-10-06 10:09:45','2019-10-06 10:09:45'),(2925,10,9,534,'2019-10-09','2019-10-06 10:09:45','2019-10-06 10:09:45'),(2926,10,9,535,'2019-10-09','2019-10-06 10:09:45','2019-10-06 10:09:45'),(2927,10,9,538,'2019-10-09','2019-10-06 10:09:45','2019-10-06 10:09:45'),(2928,10,9,539,'2019-10-09','2019-10-06 10:09:45','2019-10-06 10:09:45'),(2929,10,9,540,'2019-10-09','2019-10-06 10:09:45','2019-10-06 10:09:45'),(2930,10,9,544,'2019-10-09','2019-10-06 10:09:45','2019-10-06 10:09:45'),(2931,10,9,545,'2019-10-09','2019-10-06 10:09:45','2019-10-06 10:09:45'),(2932,10,9,546,'2019-10-09','2019-10-06 10:09:45','2019-10-06 10:09:45'),(2933,10,9,547,'2019-10-09','2019-10-06 10:09:45','2019-10-06 10:09:45'),(2934,10,9,550,'2019-10-09','2019-10-06 10:09:45','2019-10-06 10:09:45'),(2935,10,9,551,'2019-10-09','2019-10-06 10:09:45','2019-10-06 10:09:45'),(2936,10,9,552,'2019-10-09','2019-10-06 10:09:45','2019-10-06 10:09:45'),(2937,10,9,553,'2019-10-09','2019-10-06 10:09:45','2019-10-06 10:09:45'),(2938,10,9,556,'2019-10-09','2019-10-06 10:09:45','2019-10-06 10:09:45'),(2939,10,9,558,'2019-10-09','2019-10-06 10:09:45','2019-10-06 10:09:45'),(2940,10,9,559,'2019-10-09','2019-10-06 10:09:45','2019-10-06 10:09:45'),(2941,10,9,560,'2019-10-09','2019-10-06 10:09:45','2019-10-06 10:09:45'),(2942,10,9,563,'2019-10-09','2019-10-06 10:09:45','2019-10-06 10:09:45'),(2943,10,9,564,'2019-10-09','2019-10-06 10:09:45','2019-10-06 10:09:45'),(2944,10,9,566,'2019-10-09','2019-10-06 10:09:45','2019-10-06 10:09:45'),(2945,10,9,567,'2019-10-09','2019-10-06 10:09:45','2019-10-06 10:09:45'),(2946,10,9,568,'2019-10-09','2019-10-06 10:09:45','2019-10-06 10:09:45'),(2947,10,9,569,'2019-10-09','2019-10-06 10:09:45','2019-10-06 10:09:45'),(2948,10,9,570,'2019-10-09','2019-10-06 10:09:45','2019-10-06 10:09:45'),(2949,10,9,575,'2019-10-09','2019-10-06 10:09:45','2019-10-06 10:09:45'),(2950,10,9,576,'2019-10-09','2019-10-06 10:09:45','2019-10-06 10:09:45'),(2951,10,9,578,'2019-10-09','2019-10-06 10:09:45','2019-10-06 10:09:45'),(2952,10,9,579,'2019-10-09','2019-10-06 10:09:45','2019-10-06 10:09:45'),(2953,10,9,580,'2019-10-09','2019-10-06 10:09:45','2019-10-06 10:09:45'),(2954,10,9,581,'2019-10-09','2019-10-06 10:09:45','2019-10-06 10:09:45'),(2955,10,9,582,'2019-10-09','2019-10-06 10:09:45','2019-10-06 10:09:45'),(2956,10,9,583,'2019-10-09','2019-10-06 10:09:45','2019-10-06 10:09:45'),(2957,10,9,584,'2019-10-09','2019-10-06 10:09:45','2019-10-06 10:09:45'),(2958,10,9,585,'2019-10-09','2019-10-06 10:09:45','2019-10-06 10:09:45'),(2959,10,9,586,'2019-10-09','2019-10-06 10:09:45','2019-10-06 10:09:45'),(2960,10,9,587,'2019-10-09','2019-10-06 10:09:45','2019-10-06 10:09:45'),(2961,10,9,588,'2019-10-09','2019-10-06 10:09:45','2019-10-06 10:09:45'),(2962,10,9,589,'2019-10-09','2019-10-06 10:09:45','2019-10-06 10:09:45'),(2963,10,9,590,'2019-10-09','2019-10-06 10:09:45','2019-10-06 10:09:45'),(2964,10,9,591,'2019-10-09','2019-10-06 10:09:45','2019-10-06 10:09:45'),(2965,10,9,592,'2019-10-09','2019-10-06 10:09:45','2019-10-06 10:09:45'),(2966,10,9,593,'2019-10-09','2019-10-06 10:09:45','2019-10-06 10:09:45'),(2967,10,9,594,'2019-10-09','2019-10-06 10:09:45','2019-10-06 10:09:45'),(2968,10,9,595,'2019-10-09','2019-10-06 10:09:45','2019-10-06 10:09:45'),(2969,10,9,596,'2019-10-09','2019-10-06 10:09:45','2019-10-06 10:09:45'),(2970,10,9,597,'2019-10-09','2019-10-06 10:09:45','2019-10-06 10:09:45'),(2971,10,9,598,'2019-10-09','2019-10-06 10:09:45','2019-10-06 10:09:45'),(2972,10,9,599,'2019-10-09','2019-10-06 10:09:45','2019-10-06 10:09:45'),(2973,10,9,600,'2019-10-09','2019-10-06 10:09:45','2019-10-06 10:09:45'),(2974,10,9,601,'2019-10-09','2019-10-06 10:09:45','2019-10-06 10:09:45'),(2975,10,9,602,'2019-10-09','2019-10-06 10:09:45','2019-10-06 10:09:45'),(2976,10,9,604,'2019-10-09','2019-10-06 10:09:45','2019-10-06 10:09:45'),(2977,10,9,605,'2019-10-09','2019-10-06 10:09:45','2019-10-06 10:09:45'),(2978,10,9,606,'2019-10-09','2019-10-06 10:09:45','2019-10-06 10:09:45'),(2979,10,9,607,'2019-10-09','2019-10-06 10:09:45','2019-10-06 10:09:45'),(2980,10,9,609,'2019-10-09','2019-10-06 10:09:45','2019-10-06 10:09:45'),(2981,10,9,617,'2019-10-09','2019-10-06 10:09:45','2019-10-06 10:09:45'),(2982,10,9,618,'2019-10-09','2019-10-06 10:09:45','2019-10-06 10:09:45'),(2983,10,9,619,'2019-10-09','2019-10-06 10:09:45','2019-10-06 10:09:45'),(2984,10,9,622,'2019-10-09','2019-10-06 10:09:45','2019-10-06 10:09:45'),(2985,10,9,623,'2019-10-09','2019-10-06 10:09:45','2019-10-06 10:09:45'),(2986,10,9,624,'2019-10-09','2019-10-06 10:09:45','2019-10-06 10:09:45'),(2987,10,9,629,'2019-10-09','2019-10-06 10:09:45','2019-10-06 10:09:45'),(2988,10,9,630,'2019-10-09','2019-10-06 10:09:45','2019-10-06 10:09:45'),(2989,10,9,631,'2019-10-09','2019-10-06 10:09:45','2019-10-06 10:09:45'),(2990,10,9,638,'2019-10-09','2019-10-06 10:09:45','2019-10-06 10:09:45'),(2991,10,9,639,'2019-10-09','2019-10-06 10:09:45','2019-10-06 10:09:45'),(2992,10,9,645,'2019-10-09','2019-10-06 10:09:45','2019-10-06 10:09:45'),(2993,10,9,652,'2019-10-09','2019-10-06 10:09:45','2019-10-06 10:09:45'),(2994,10,9,653,'2019-10-09','2019-10-06 10:09:45','2019-10-06 10:09:45'),(2995,10,9,654,'2019-10-09','2019-10-06 10:09:45','2019-10-06 10:09:45'),(2996,10,9,655,'2019-10-09','2019-10-06 10:09:45','2019-10-06 10:09:45'),(2997,10,9,656,'2019-10-09','2019-10-06 10:09:45','2019-10-06 10:09:45'),(2998,10,9,657,'2019-10-09','2019-10-06 10:09:45','2019-10-06 10:09:45'),(2999,10,9,661,'2019-10-09','2019-10-06 10:09:45','2019-10-06 10:09:45'),(3000,10,9,662,'2019-10-09','2019-10-06 10:09:45','2019-10-06 10:09:45'),(3001,10,9,663,'2019-10-09','2019-10-06 10:09:45','2019-10-06 10:09:45'),(3002,10,9,666,'2019-10-09','2019-10-06 10:09:45','2019-10-06 10:09:45'),(3003,10,9,670,'2019-10-09','2019-10-06 10:09:45','2019-10-06 10:09:45'),(3004,10,9,671,'2019-10-09','2019-10-06 10:09:45','2019-10-06 10:09:45'),(3005,10,9,673,'2019-10-09','2019-10-06 10:09:45','2019-10-06 10:09:45'),(3006,10,9,674,'2019-10-09','2019-10-06 10:09:45','2019-10-06 10:09:45'),(3007,10,9,675,'2019-10-09','2019-10-06 10:09:45','2019-10-06 10:09:45'),(3008,10,9,677,'2019-10-09','2019-10-06 10:09:45','2019-10-06 10:09:45'),(3009,10,9,678,'2019-10-09','2019-10-06 10:09:45','2019-10-06 10:09:45'),(3010,10,9,680,'2019-10-09','2019-10-06 10:09:45','2019-10-06 10:09:45'),(3011,10,9,681,'2019-10-09','2019-10-06 10:09:45','2019-10-06 10:09:45'),(3012,10,9,683,'2019-10-09','2019-10-06 10:09:45','2019-10-06 10:09:45'),(3013,10,9,684,'2019-10-09','2019-10-06 10:09:45','2019-10-06 10:09:45'),(3014,10,9,685,'2019-10-09','2019-10-06 10:09:45','2019-10-06 10:09:45'),(3015,10,9,686,'2019-10-09','2019-10-06 10:09:45','2019-10-06 10:09:45'),(3016,10,9,690,'2019-10-09','2019-10-06 10:09:45','2019-10-06 10:09:45'),(3017,10,9,691,'2019-10-09','2019-10-06 10:09:45','2019-10-06 10:09:45'),(3018,10,9,692,'2019-10-09','2019-10-06 10:09:45','2019-10-06 10:09:45'),(3019,10,9,693,'2019-10-09','2019-10-06 10:09:45','2019-10-06 10:09:45'),(3020,10,9,694,'2019-10-09','2019-10-06 10:09:45','2019-10-06 10:09:45'),(3021,10,9,695,'2019-10-09','2019-10-06 10:09:45','2019-10-06 10:09:45'),(3022,10,9,696,'2019-10-09','2019-10-06 10:09:45','2019-10-06 10:09:45'),(3023,10,9,697,'2019-10-09','2019-10-06 10:09:45','2019-10-06 10:09:45'),(3024,10,9,699,'2019-10-09','2019-10-06 10:09:45','2019-10-06 10:09:45'),(3025,10,9,700,'2019-10-09','2019-10-06 10:09:45','2019-10-06 10:09:45'),(3026,10,9,701,'2019-10-09','2019-10-06 10:09:45','2019-10-06 10:09:45'),(3027,10,9,702,'2019-10-09','2019-10-06 10:09:45','2019-10-06 10:09:45'),(3028,10,9,703,'2019-10-09','2019-10-06 10:09:45','2019-10-06 10:09:45'),(3029,10,9,704,'2019-10-09','2019-10-06 10:09:45','2019-10-06 10:09:45'),(3030,10,9,705,'2019-10-09','2019-10-06 10:09:45','2019-10-06 10:09:45'),(3031,10,9,706,'2019-10-09','2019-10-06 10:09:45','2019-10-06 10:09:45'),(3032,10,9,707,'2019-10-09','2019-10-06 10:09:45','2019-10-06 10:09:45'),(3033,10,9,708,'2019-10-09','2019-10-06 10:09:45','2019-10-06 10:09:45'),(3034,10,9,709,'2019-10-09','2019-10-06 10:09:45','2019-10-06 10:09:45'),(3035,10,9,710,'2019-10-09','2019-10-06 10:09:45','2019-10-06 10:09:45'),(3036,10,9,711,'2019-10-09','2019-10-06 10:09:45','2019-10-06 10:09:45'),(3037,10,9,712,'2019-10-09','2019-10-06 10:09:45','2019-10-06 10:09:45'),(3038,10,9,714,'2019-10-09','2019-10-06 10:09:45','2019-10-06 10:09:45'),(3039,10,9,715,'2019-10-09','2019-10-06 10:09:45','2019-10-06 10:09:45'),(3040,10,9,716,'2019-10-09','2019-10-06 10:09:45','2019-10-06 10:09:45'),(3041,10,9,718,'2019-10-09','2019-10-06 10:09:45','2019-10-06 10:09:45'),(3042,10,9,720,'2019-10-09','2019-10-06 10:09:45','2019-10-06 10:09:45'),(3043,10,9,721,'2019-10-09','2019-10-06 10:09:45','2019-10-06 10:09:45'),(3044,10,9,722,'2019-10-09','2019-10-06 10:09:45','2019-10-06 10:09:45'),(3045,10,10,500,'2019-10-09','2019-10-06 10:09:51','2019-10-06 10:09:51'),(3046,10,10,513,'2019-10-09','2019-10-06 10:09:51','2019-10-06 10:09:51'),(3047,10,10,531,'2019-10-09','2019-10-06 10:09:51','2019-10-06 10:09:51'),(3048,10,10,532,'2019-10-09','2019-10-06 10:09:51','2019-10-06 10:09:51'),(3049,10,10,536,'2019-10-09','2019-10-06 10:09:51','2019-10-06 10:09:51'),(3050,10,10,537,'2019-10-09','2019-10-06 10:09:51','2019-10-06 10:09:51'),(3051,10,10,541,'2019-10-09','2019-10-06 10:09:51','2019-10-06 10:09:51'),(3052,10,10,542,'2019-10-09','2019-10-06 10:09:51','2019-10-06 10:09:51'),(3053,10,10,548,'2019-10-09','2019-10-06 10:09:51','2019-10-06 10:09:51'),(3054,10,10,549,'2019-10-09','2019-10-06 10:09:51','2019-10-06 10:09:51'),(3055,10,10,554,'2019-10-09','2019-10-06 10:09:51','2019-10-06 10:09:51'),(3056,10,10,555,'2019-10-09','2019-10-06 10:09:51','2019-10-06 10:09:51'),(3057,10,10,561,'2019-10-09','2019-10-06 10:09:51','2019-10-06 10:09:51'),(3058,10,10,562,'2019-10-09','2019-10-06 10:09:51','2019-10-06 10:09:51'),(3059,10,10,572,'2019-10-09','2019-10-06 10:09:51','2019-10-06 10:09:51'),(3060,10,10,577,'2019-10-09','2019-10-06 10:09:51','2019-10-06 10:09:51'),(3061,10,10,603,'2019-10-09','2019-10-06 10:09:51','2019-10-06 10:09:51'),(3062,10,10,612,'2019-10-09','2019-10-06 10:09:51','2019-10-06 10:09:51'),(3063,10,10,620,'2019-10-09','2019-10-06 10:09:51','2019-10-06 10:09:51'),(3064,10,10,621,'2019-10-09','2019-10-06 10:09:51','2019-10-06 10:09:51'),(3065,10,10,628,'2019-10-09','2019-10-06 10:09:51','2019-10-06 10:09:51'),(3066,10,10,632,'2019-10-09','2019-10-06 10:09:51','2019-10-06 10:09:51'),(3067,10,10,633,'2019-10-09','2019-10-06 10:09:51','2019-10-06 10:09:51'),(3068,10,10,634,'2019-10-09','2019-10-06 10:09:51','2019-10-06 10:09:51'),(3069,10,10,640,'2019-10-09','2019-10-06 10:09:51','2019-10-06 10:09:51'),(3070,10,10,641,'2019-10-09','2019-10-06 10:09:51','2019-10-06 10:09:51'),(3071,10,10,646,'2019-10-09','2019-10-06 10:09:51','2019-10-06 10:09:51'),(3072,10,10,647,'2019-10-09','2019-10-06 10:09:51','2019-10-06 10:09:51'),(3073,10,10,648,'2019-10-09','2019-10-06 10:09:51','2019-10-06 10:09:51'),(3074,10,10,649,'2019-10-09','2019-10-06 10:09:51','2019-10-06 10:09:51'),(3075,10,10,650,'2019-10-09','2019-10-06 10:09:51','2019-10-06 10:09:51'),(3076,10,10,664,'2019-10-09','2019-10-06 10:09:51','2019-10-06 10:09:51'),(3077,10,10,665,'2019-10-09','2019-10-06 10:09:51','2019-10-06 10:09:51'),(3078,10,10,679,'2019-10-09','2019-10-06 10:09:51','2019-10-06 10:09:51'),(3079,10,10,717,'2019-10-09','2019-10-06 10:09:51','2019-10-06 10:09:51'),(3080,10,11,514,'2019-10-09','2019-10-06 10:09:54','2019-10-06 10:09:54'),(3081,10,11,543,'2019-10-09','2019-10-06 10:09:54','2019-10-06 10:09:54'),(3082,10,11,557,'2019-10-09','2019-10-06 10:09:54','2019-10-06 10:09:54'),(3083,10,11,613,'2019-10-09','2019-10-06 10:09:54','2019-10-06 10:09:54'),(3084,10,11,637,'2019-10-09','2019-10-06 10:09:54','2019-10-06 10:09:54'),(3085,10,11,669,'2019-10-09','2019-10-06 10:09:55','2019-10-06 10:09:55'),(3086,10,12,518,'2019-10-09','2019-10-06 10:09:57','2019-10-06 10:09:57'),(3087,10,12,519,'2019-10-09','2019-10-06 10:09:57','2019-10-06 10:09:57'),(3088,10,12,520,'2019-10-09','2019-10-06 10:09:57','2019-10-06 10:09:57'),(3089,10,12,614,'2019-10-09','2019-10-06 10:09:57','2019-10-06 10:09:57'),(3090,10,8,505,'2019-10-10','2019-10-06 10:10:03','2019-10-06 10:10:03'),(3091,10,8,506,'2019-10-10','2019-10-06 10:10:03','2019-10-06 10:10:03'),(3092,10,8,515,'2019-10-10','2019-10-06 10:10:03','2019-10-06 10:10:03'),(3093,10,8,516,'2019-10-10','2019-10-06 10:10:03','2019-10-06 10:10:03'),(3094,10,8,517,'2019-10-10','2019-10-06 10:10:03','2019-10-06 10:10:03'),(3095,10,8,525,'2019-10-10','2019-10-06 10:10:03','2019-10-06 10:10:03'),(3096,10,8,571,'2019-10-10','2019-10-06 10:10:03','2019-10-06 10:10:03'),(3097,10,8,573,'2019-10-10','2019-10-06 10:10:03','2019-10-06 10:10:03'),(3098,10,8,608,'2019-10-10','2019-10-06 10:10:03','2019-10-06 10:10:03'),(3099,10,8,610,'2019-10-10','2019-10-06 10:10:03','2019-10-06 10:10:03'),(3100,10,8,611,'2019-10-10','2019-10-06 10:10:03','2019-10-06 10:10:03'),(3101,10,8,615,'2019-10-10','2019-10-06 10:10:03','2019-10-06 10:10:03'),(3102,10,8,616,'2019-10-10','2019-10-06 10:10:03','2019-10-06 10:10:03'),(3103,10,8,625,'2019-10-10','2019-10-06 10:10:03','2019-10-06 10:10:03'),(3104,10,8,626,'2019-10-10','2019-10-06 10:10:04','2019-10-06 10:10:04'),(3105,10,8,627,'2019-10-10','2019-10-06 10:10:04','2019-10-06 10:10:04'),(3106,10,8,635,'2019-10-10','2019-10-06 10:10:04','2019-10-06 10:10:04'),(3107,10,8,636,'2019-10-10','2019-10-06 10:10:04','2019-10-06 10:10:04'),(3108,10,8,642,'2019-10-10','2019-10-06 10:10:04','2019-10-06 10:10:04'),(3109,10,8,643,'2019-10-10','2019-10-06 10:10:04','2019-10-06 10:10:04'),(3110,10,8,644,'2019-10-10','2019-10-06 10:10:04','2019-10-06 10:10:04'),(3111,10,8,651,'2019-10-10','2019-10-06 10:10:04','2019-10-06 10:10:04'),(3112,10,8,658,'2019-10-10','2019-10-06 10:10:04','2019-10-06 10:10:04'),(3113,10,8,659,'2019-10-10','2019-10-06 10:10:04','2019-10-06 10:10:04'),(3114,10,8,660,'2019-10-10','2019-10-06 10:10:04','2019-10-06 10:10:04'),(3115,10,8,667,'2019-10-10','2019-10-06 10:10:04','2019-10-06 10:10:04'),(3116,10,8,668,'2019-10-10','2019-10-06 10:10:04','2019-10-06 10:10:04'),(3117,10,8,672,'2019-10-10','2019-10-06 10:10:04','2019-10-06 10:10:04'),(3118,10,8,676,'2019-10-10','2019-10-06 10:10:04','2019-10-06 10:10:04'),(3119,10,8,682,'2019-10-10','2019-10-06 10:10:04','2019-10-06 10:10:04'),(3120,10,8,687,'2019-10-10','2019-10-06 10:10:04','2019-10-06 10:10:04'),(3121,10,8,688,'2019-10-10','2019-10-06 10:10:04','2019-10-06 10:10:04'),(3122,10,8,689,'2019-10-10','2019-10-06 10:10:04','2019-10-06 10:10:04'),(3123,10,8,698,'2019-10-10','2019-10-06 10:10:04','2019-10-06 10:10:04'),(3124,10,8,713,'2019-10-10','2019-10-06 10:10:04','2019-10-06 10:10:04'),(3125,10,8,719,'2019-10-10','2019-10-06 10:10:04','2019-10-06 10:10:04'),(3126,10,9,497,'2019-10-10','2019-10-06 10:10:08','2019-10-06 10:10:08'),(3127,10,9,498,'2019-10-10','2019-10-06 10:10:08','2019-10-06 10:10:08'),(3128,10,9,499,'2019-10-10','2019-10-06 10:10:08','2019-10-06 10:10:08'),(3129,10,9,501,'2019-10-10','2019-10-06 10:10:08','2019-10-06 10:10:08'),(3130,10,9,502,'2019-10-10','2019-10-06 10:10:08','2019-10-06 10:10:08'),(3131,10,9,507,'2019-10-10','2019-10-06 10:10:08','2019-10-06 10:10:08'),(3132,10,9,508,'2019-10-10','2019-10-06 10:10:08','2019-10-06 10:10:08'),(3133,10,9,509,'2019-10-10','2019-10-06 10:10:08','2019-10-06 10:10:08'),(3134,10,9,510,'2019-10-10','2019-10-06 10:10:08','2019-10-06 10:10:08'),(3135,10,9,511,'2019-10-10','2019-10-06 10:10:08','2019-10-06 10:10:08'),(3136,10,9,512,'2019-10-10','2019-10-06 10:10:08','2019-10-06 10:10:08'),(3137,10,9,521,'2019-10-10','2019-10-06 10:10:08','2019-10-06 10:10:08'),(3138,10,9,522,'2019-10-10','2019-10-06 10:10:08','2019-10-06 10:10:08'),(3139,10,9,523,'2019-10-10','2019-10-06 10:10:08','2019-10-06 10:10:08'),(3140,10,9,524,'2019-10-10','2019-10-06 10:10:08','2019-10-06 10:10:08'),(3141,10,9,528,'2019-10-10','2019-10-06 10:10:08','2019-10-06 10:10:08'),(3142,10,9,529,'2019-10-10','2019-10-06 10:10:08','2019-10-06 10:10:08'),(3143,10,9,530,'2019-10-10','2019-10-06 10:10:08','2019-10-06 10:10:08'),(3144,10,9,533,'2019-10-10','2019-10-06 10:10:08','2019-10-06 10:10:08'),(3145,10,9,534,'2019-10-10','2019-10-06 10:10:08','2019-10-06 10:10:08'),(3146,10,9,535,'2019-10-10','2019-10-06 10:10:08','2019-10-06 10:10:08'),(3147,10,9,538,'2019-10-10','2019-10-06 10:10:08','2019-10-06 10:10:08'),(3148,10,9,539,'2019-10-10','2019-10-06 10:10:08','2019-10-06 10:10:08'),(3149,10,9,540,'2019-10-10','2019-10-06 10:10:08','2019-10-06 10:10:08'),(3150,10,9,544,'2019-10-10','2019-10-06 10:10:08','2019-10-06 10:10:08'),(3151,10,9,545,'2019-10-10','2019-10-06 10:10:08','2019-10-06 10:10:08'),(3152,10,9,546,'2019-10-10','2019-10-06 10:10:08','2019-10-06 10:10:08'),(3153,10,9,547,'2019-10-10','2019-10-06 10:10:08','2019-10-06 10:10:08'),(3154,10,9,550,'2019-10-10','2019-10-06 10:10:08','2019-10-06 10:10:08'),(3155,10,9,551,'2019-10-10','2019-10-06 10:10:08','2019-10-06 10:10:08'),(3156,10,9,552,'2019-10-10','2019-10-06 10:10:08','2019-10-06 10:10:08'),(3157,10,9,553,'2019-10-10','2019-10-06 10:10:08','2019-10-06 10:10:08'),(3158,10,9,556,'2019-10-10','2019-10-06 10:10:08','2019-10-06 10:10:08'),(3159,10,9,558,'2019-10-10','2019-10-06 10:10:08','2019-10-06 10:10:08'),(3160,10,9,559,'2019-10-10','2019-10-06 10:10:08','2019-10-06 10:10:08'),(3161,10,9,560,'2019-10-10','2019-10-06 10:10:08','2019-10-06 10:10:08'),(3162,10,9,563,'2019-10-10','2019-10-06 10:10:08','2019-10-06 10:10:08'),(3163,10,9,564,'2019-10-10','2019-10-06 10:10:08','2019-10-06 10:10:08'),(3164,10,9,566,'2019-10-10','2019-10-06 10:10:08','2019-10-06 10:10:08'),(3165,10,9,567,'2019-10-10','2019-10-06 10:10:08','2019-10-06 10:10:08'),(3166,10,9,568,'2019-10-10','2019-10-06 10:10:08','2019-10-06 10:10:08'),(3167,10,9,569,'2019-10-10','2019-10-06 10:10:08','2019-10-06 10:10:08'),(3168,10,9,570,'2019-10-10','2019-10-06 10:10:08','2019-10-06 10:10:08'),(3169,10,9,575,'2019-10-10','2019-10-06 10:10:08','2019-10-06 10:10:08'),(3170,10,9,576,'2019-10-10','2019-10-06 10:10:08','2019-10-06 10:10:08'),(3171,10,9,578,'2019-10-10','2019-10-06 10:10:08','2019-10-06 10:10:08'),(3172,10,9,579,'2019-10-10','2019-10-06 10:10:08','2019-10-06 10:10:08'),(3173,10,9,580,'2019-10-10','2019-10-06 10:10:08','2019-10-06 10:10:08'),(3174,10,9,581,'2019-10-10','2019-10-06 10:10:08','2019-10-06 10:10:08'),(3175,10,9,582,'2019-10-10','2019-10-06 10:10:08','2019-10-06 10:10:08'),(3176,10,9,583,'2019-10-10','2019-10-06 10:10:08','2019-10-06 10:10:08'),(3177,10,9,584,'2019-10-10','2019-10-06 10:10:08','2019-10-06 10:10:08'),(3178,10,9,585,'2019-10-10','2019-10-06 10:10:08','2019-10-06 10:10:08'),(3179,10,9,586,'2019-10-10','2019-10-06 10:10:08','2019-10-06 10:10:08'),(3180,10,9,587,'2019-10-10','2019-10-06 10:10:08','2019-10-06 10:10:08'),(3181,10,9,588,'2019-10-10','2019-10-06 10:10:08','2019-10-06 10:10:08'),(3182,10,9,589,'2019-10-10','2019-10-06 10:10:08','2019-10-06 10:10:08'),(3183,10,9,590,'2019-10-10','2019-10-06 10:10:08','2019-10-06 10:10:08'),(3184,10,9,591,'2019-10-10','2019-10-06 10:10:08','2019-10-06 10:10:08'),(3185,10,9,592,'2019-10-10','2019-10-06 10:10:08','2019-10-06 10:10:08'),(3186,10,9,593,'2019-10-10','2019-10-06 10:10:08','2019-10-06 10:10:08'),(3187,10,9,594,'2019-10-10','2019-10-06 10:10:08','2019-10-06 10:10:08'),(3188,10,9,595,'2019-10-10','2019-10-06 10:10:08','2019-10-06 10:10:08'),(3189,10,9,596,'2019-10-10','2019-10-06 10:10:08','2019-10-06 10:10:08'),(3190,10,9,597,'2019-10-10','2019-10-06 10:10:08','2019-10-06 10:10:08'),(3191,10,9,598,'2019-10-10','2019-10-06 10:10:08','2019-10-06 10:10:08'),(3192,10,9,599,'2019-10-10','2019-10-06 10:10:08','2019-10-06 10:10:08'),(3193,10,9,600,'2019-10-10','2019-10-06 10:10:08','2019-10-06 10:10:08'),(3194,10,9,601,'2019-10-10','2019-10-06 10:10:08','2019-10-06 10:10:08'),(3195,10,9,602,'2019-10-10','2019-10-06 10:10:08','2019-10-06 10:10:08'),(3196,10,9,604,'2019-10-10','2019-10-06 10:10:08','2019-10-06 10:10:08'),(3197,10,9,605,'2019-10-10','2019-10-06 10:10:08','2019-10-06 10:10:08'),(3198,10,9,606,'2019-10-10','2019-10-06 10:10:08','2019-10-06 10:10:08'),(3199,10,9,607,'2019-10-10','2019-10-06 10:10:08','2019-10-06 10:10:08'),(3200,10,9,609,'2019-10-10','2019-10-06 10:10:08','2019-10-06 10:10:08'),(3201,10,9,617,'2019-10-10','2019-10-06 10:10:08','2019-10-06 10:10:08'),(3202,10,9,618,'2019-10-10','2019-10-06 10:10:08','2019-10-06 10:10:08'),(3203,10,9,619,'2019-10-10','2019-10-06 10:10:08','2019-10-06 10:10:08'),(3204,10,9,622,'2019-10-10','2019-10-06 10:10:08','2019-10-06 10:10:08'),(3205,10,9,623,'2019-10-10','2019-10-06 10:10:08','2019-10-06 10:10:08'),(3206,10,9,624,'2019-10-10','2019-10-06 10:10:08','2019-10-06 10:10:08'),(3207,10,9,629,'2019-10-10','2019-10-06 10:10:08','2019-10-06 10:10:08'),(3208,10,9,630,'2019-10-10','2019-10-06 10:10:08','2019-10-06 10:10:08'),(3209,10,9,631,'2019-10-10','2019-10-06 10:10:08','2019-10-06 10:10:08'),(3210,10,9,638,'2019-10-10','2019-10-06 10:10:08','2019-10-06 10:10:08'),(3211,10,9,639,'2019-10-10','2019-10-06 10:10:08','2019-10-06 10:10:08'),(3212,10,9,645,'2019-10-10','2019-10-06 10:10:08','2019-10-06 10:10:08'),(3213,10,9,652,'2019-10-10','2019-10-06 10:10:08','2019-10-06 10:10:08'),(3214,10,9,653,'2019-10-10','2019-10-06 10:10:08','2019-10-06 10:10:08'),(3215,10,9,654,'2019-10-10','2019-10-06 10:10:08','2019-10-06 10:10:08'),(3216,10,9,655,'2019-10-10','2019-10-06 10:10:08','2019-10-06 10:10:08'),(3217,10,9,656,'2019-10-10','2019-10-06 10:10:08','2019-10-06 10:10:08'),(3218,10,9,657,'2019-10-10','2019-10-06 10:10:08','2019-10-06 10:10:08'),(3219,10,9,661,'2019-10-10','2019-10-06 10:10:08','2019-10-06 10:10:08'),(3220,10,9,662,'2019-10-10','2019-10-06 10:10:09','2019-10-06 10:10:09'),(3221,10,9,663,'2019-10-10','2019-10-06 10:10:09','2019-10-06 10:10:09'),(3222,10,9,666,'2019-10-10','2019-10-06 10:10:09','2019-10-06 10:10:09'),(3223,10,9,670,'2019-10-10','2019-10-06 10:10:09','2019-10-06 10:10:09'),(3224,10,9,671,'2019-10-10','2019-10-06 10:10:09','2019-10-06 10:10:09'),(3225,10,9,673,'2019-10-10','2019-10-06 10:10:09','2019-10-06 10:10:09'),(3226,10,9,674,'2019-10-10','2019-10-06 10:10:09','2019-10-06 10:10:09'),(3227,10,9,675,'2019-10-10','2019-10-06 10:10:09','2019-10-06 10:10:09'),(3228,10,9,677,'2019-10-10','2019-10-06 10:10:09','2019-10-06 10:10:09'),(3229,10,9,678,'2019-10-10','2019-10-06 10:10:09','2019-10-06 10:10:09'),(3230,10,9,680,'2019-10-10','2019-10-06 10:10:09','2019-10-06 10:10:09'),(3231,10,9,681,'2019-10-10','2019-10-06 10:10:09','2019-10-06 10:10:09'),(3232,10,9,683,'2019-10-10','2019-10-06 10:10:09','2019-10-06 10:10:09'),(3233,10,9,684,'2019-10-10','2019-10-06 10:10:09','2019-10-06 10:10:09'),(3234,10,9,685,'2019-10-10','2019-10-06 10:10:09','2019-10-06 10:10:09'),(3235,10,9,686,'2019-10-10','2019-10-06 10:10:09','2019-10-06 10:10:09'),(3236,10,9,690,'2019-10-10','2019-10-06 10:10:09','2019-10-06 10:10:09'),(3237,10,9,691,'2019-10-10','2019-10-06 10:10:09','2019-10-06 10:10:09'),(3238,10,9,692,'2019-10-10','2019-10-06 10:10:09','2019-10-06 10:10:09'),(3239,10,9,693,'2019-10-10','2019-10-06 10:10:09','2019-10-06 10:10:09'),(3240,10,9,694,'2019-10-10','2019-10-06 10:10:09','2019-10-06 10:10:09'),(3241,10,9,695,'2019-10-10','2019-10-06 10:10:09','2019-10-06 10:10:09'),(3242,10,9,696,'2019-10-10','2019-10-06 10:10:09','2019-10-06 10:10:09'),(3243,10,9,697,'2019-10-10','2019-10-06 10:10:09','2019-10-06 10:10:09'),(3244,10,9,699,'2019-10-10','2019-10-06 10:10:09','2019-10-06 10:10:09'),(3245,10,9,700,'2019-10-10','2019-10-06 10:10:09','2019-10-06 10:10:09'),(3246,10,9,701,'2019-10-10','2019-10-06 10:10:09','2019-10-06 10:10:09'),(3247,10,9,702,'2019-10-10','2019-10-06 10:10:09','2019-10-06 10:10:09'),(3248,10,9,703,'2019-10-10','2019-10-06 10:10:09','2019-10-06 10:10:09'),(3249,10,9,704,'2019-10-10','2019-10-06 10:10:09','2019-10-06 10:10:09'),(3250,10,9,705,'2019-10-10','2019-10-06 10:10:09','2019-10-06 10:10:09'),(3251,10,9,706,'2019-10-10','2019-10-06 10:10:09','2019-10-06 10:10:09'),(3252,10,9,707,'2019-10-10','2019-10-06 10:10:09','2019-10-06 10:10:09'),(3253,10,9,708,'2019-10-10','2019-10-06 10:10:09','2019-10-06 10:10:09'),(3254,10,9,709,'2019-10-10','2019-10-06 10:10:09','2019-10-06 10:10:09'),(3255,10,9,710,'2019-10-10','2019-10-06 10:10:09','2019-10-06 10:10:09'),(3256,10,9,711,'2019-10-10','2019-10-06 10:10:09','2019-10-06 10:10:09'),(3257,10,9,712,'2019-10-10','2019-10-06 10:10:09','2019-10-06 10:10:09'),(3258,10,9,714,'2019-10-10','2019-10-06 10:10:09','2019-10-06 10:10:09'),(3259,10,9,715,'2019-10-10','2019-10-06 10:10:09','2019-10-06 10:10:09'),(3260,10,9,716,'2019-10-10','2019-10-06 10:10:09','2019-10-06 10:10:09'),(3261,10,9,718,'2019-10-10','2019-10-06 10:10:09','2019-10-06 10:10:09'),(3262,10,9,720,'2019-10-10','2019-10-06 10:10:09','2019-10-06 10:10:09'),(3263,10,9,721,'2019-10-10','2019-10-06 10:10:09','2019-10-06 10:10:09'),(3264,10,9,722,'2019-10-10','2019-10-06 10:10:09','2019-10-06 10:10:09'),(3265,10,10,500,'2019-10-10','2019-10-06 10:10:14','2019-10-06 10:10:14'),(3266,10,10,513,'2019-10-10','2019-10-06 10:10:14','2019-10-06 10:10:14'),(3267,10,10,531,'2019-10-10','2019-10-06 10:10:14','2019-10-06 10:10:14'),(3268,10,10,532,'2019-10-10','2019-10-06 10:10:14','2019-10-06 10:10:14'),(3269,10,10,536,'2019-10-10','2019-10-06 10:10:14','2019-10-06 10:10:14'),(3270,10,10,537,'2019-10-10','2019-10-06 10:10:14','2019-10-06 10:10:14'),(3271,10,10,541,'2019-10-10','2019-10-06 10:10:14','2019-10-06 10:10:14'),(3272,10,10,542,'2019-10-10','2019-10-06 10:10:14','2019-10-06 10:10:14'),(3273,10,10,548,'2019-10-10','2019-10-06 10:10:14','2019-10-06 10:10:14'),(3274,10,10,549,'2019-10-10','2019-10-06 10:10:14','2019-10-06 10:10:14'),(3275,10,10,554,'2019-10-10','2019-10-06 10:10:14','2019-10-06 10:10:14'),(3276,10,10,555,'2019-10-10','2019-10-06 10:10:14','2019-10-06 10:10:14'),(3277,10,10,561,'2019-10-10','2019-10-06 10:10:14','2019-10-06 10:10:14'),(3278,10,10,562,'2019-10-10','2019-10-06 10:10:14','2019-10-06 10:10:14'),(3279,10,10,572,'2019-10-10','2019-10-06 10:10:14','2019-10-06 10:10:14'),(3280,10,10,577,'2019-10-10','2019-10-06 10:10:14','2019-10-06 10:10:14'),(3281,10,10,603,'2019-10-10','2019-10-06 10:10:14','2019-10-06 10:10:14'),(3282,10,10,612,'2019-10-10','2019-10-06 10:10:14','2019-10-06 10:10:14'),(3283,10,10,620,'2019-10-10','2019-10-06 10:10:14','2019-10-06 10:10:14'),(3284,10,10,621,'2019-10-10','2019-10-06 10:10:14','2019-10-06 10:10:14'),(3285,10,10,628,'2019-10-10','2019-10-06 10:10:14','2019-10-06 10:10:14'),(3286,10,10,632,'2019-10-10','2019-10-06 10:10:14','2019-10-06 10:10:14'),(3287,10,10,633,'2019-10-10','2019-10-06 10:10:14','2019-10-06 10:10:14'),(3288,10,10,634,'2019-10-10','2019-10-06 10:10:14','2019-10-06 10:10:14'),(3289,10,10,640,'2019-10-10','2019-10-06 10:10:14','2019-10-06 10:10:14'),(3290,10,10,641,'2019-10-10','2019-10-06 10:10:14','2019-10-06 10:10:14'),(3291,10,10,646,'2019-10-10','2019-10-06 10:10:14','2019-10-06 10:10:14'),(3292,10,10,647,'2019-10-10','2019-10-06 10:10:14','2019-10-06 10:10:14'),(3293,10,10,648,'2019-10-10','2019-10-06 10:10:14','2019-10-06 10:10:14'),(3294,10,10,649,'2019-10-10','2019-10-06 10:10:14','2019-10-06 10:10:14'),(3295,10,10,650,'2019-10-10','2019-10-06 10:10:14','2019-10-06 10:10:14'),(3296,10,10,664,'2019-10-10','2019-10-06 10:10:14','2019-10-06 10:10:14'),(3297,10,10,665,'2019-10-10','2019-10-06 10:10:14','2019-10-06 10:10:14'),(3298,10,10,679,'2019-10-10','2019-10-06 10:10:14','2019-10-06 10:10:14'),(3299,10,10,717,'2019-10-10','2019-10-06 10:10:14','2019-10-06 10:10:14'),(3300,10,11,514,'2019-10-10','2019-10-06 10:10:18','2019-10-06 10:10:18'),(3301,10,11,543,'2019-10-10','2019-10-06 10:10:18','2019-10-06 10:10:18'),(3302,10,11,557,'2019-10-10','2019-10-06 10:10:18','2019-10-06 10:10:18'),(3303,10,11,613,'2019-10-10','2019-10-06 10:10:18','2019-10-06 10:10:18'),(3304,10,11,637,'2019-10-10','2019-10-06 10:10:18','2019-10-06 10:10:18'),(3305,10,11,669,'2019-10-10','2019-10-06 10:10:18','2019-10-06 10:10:18'),(3306,10,12,518,'2019-10-10','2019-10-06 10:10:20','2019-10-06 10:10:20'),(3307,10,12,519,'2019-10-10','2019-10-06 10:10:20','2019-10-06 10:10:20'),(3308,10,12,520,'2019-10-10','2019-10-06 10:10:20','2019-10-06 10:10:20'),(3309,10,12,614,'2019-10-10','2019-10-06 10:10:20','2019-10-06 10:10:20'),(3310,10,8,505,'2019-10-11','2019-10-06 10:10:29','2019-10-06 10:10:29'),(3311,10,8,506,'2019-10-11','2019-10-06 10:10:29','2019-10-06 10:10:29'),(3312,10,8,515,'2019-10-11','2019-10-06 10:10:29','2019-10-06 10:10:29'),(3313,10,8,516,'2019-10-11','2019-10-06 10:10:29','2019-10-06 10:10:29'),(3314,10,8,517,'2019-10-11','2019-10-06 10:10:29','2019-10-06 10:10:29'),(3315,10,8,525,'2019-10-11','2019-10-06 10:10:29','2019-10-06 10:10:29'),(3316,10,8,571,'2019-10-11','2019-10-06 10:10:29','2019-10-06 10:10:29'),(3317,10,8,573,'2019-10-11','2019-10-06 10:10:29','2019-10-06 10:10:29'),(3318,10,8,608,'2019-10-11','2019-10-06 10:10:29','2019-10-06 10:10:29'),(3319,10,8,610,'2019-10-11','2019-10-06 10:10:29','2019-10-06 10:10:29'),(3320,10,8,611,'2019-10-11','2019-10-06 10:10:29','2019-10-06 10:10:29'),(3321,10,8,615,'2019-10-11','2019-10-06 10:10:29','2019-10-06 10:10:29'),(3322,10,8,616,'2019-10-11','2019-10-06 10:10:29','2019-10-06 10:10:29'),(3323,10,8,625,'2019-10-11','2019-10-06 10:10:29','2019-10-06 10:10:29'),(3324,10,8,626,'2019-10-11','2019-10-06 10:10:29','2019-10-06 10:10:29'),(3325,10,8,627,'2019-10-11','2019-10-06 10:10:29','2019-10-06 10:10:29'),(3326,10,8,635,'2019-10-11','2019-10-06 10:10:29','2019-10-06 10:10:29'),(3327,10,8,636,'2019-10-11','2019-10-06 10:10:29','2019-10-06 10:10:29'),(3328,10,8,642,'2019-10-11','2019-10-06 10:10:29','2019-10-06 10:10:29'),(3329,10,8,643,'2019-10-11','2019-10-06 10:10:29','2019-10-06 10:10:29'),(3330,10,8,644,'2019-10-11','2019-10-06 10:10:29','2019-10-06 10:10:29'),(3331,10,8,651,'2019-10-11','2019-10-06 10:10:29','2019-10-06 10:10:29'),(3332,10,8,658,'2019-10-11','2019-10-06 10:10:29','2019-10-06 10:10:29'),(3333,10,8,659,'2019-10-11','2019-10-06 10:10:29','2019-10-06 10:10:29'),(3334,10,8,660,'2019-10-11','2019-10-06 10:10:29','2019-10-06 10:10:29'),(3335,10,8,667,'2019-10-11','2019-10-06 10:10:29','2019-10-06 10:10:29'),(3336,10,8,668,'2019-10-11','2019-10-06 10:10:29','2019-10-06 10:10:29'),(3337,10,8,672,'2019-10-11','2019-10-06 10:10:29','2019-10-06 10:10:29'),(3338,10,8,676,'2019-10-11','2019-10-06 10:10:29','2019-10-06 10:10:29'),(3339,10,8,682,'2019-10-11','2019-10-06 10:10:29','2019-10-06 10:10:29'),(3340,10,8,687,'2019-10-11','2019-10-06 10:10:29','2019-10-06 10:10:29'),(3341,10,8,688,'2019-10-11','2019-10-06 10:10:29','2019-10-06 10:10:29'),(3342,10,8,689,'2019-10-11','2019-10-06 10:10:29','2019-10-06 10:10:29'),(3343,10,8,698,'2019-10-11','2019-10-06 10:10:29','2019-10-06 10:10:29'),(3344,10,8,713,'2019-10-11','2019-10-06 10:10:29','2019-10-06 10:10:29'),(3345,10,8,719,'2019-10-11','2019-10-06 10:10:29','2019-10-06 10:10:29'),(3346,10,9,497,'2019-10-11','2019-10-06 10:10:34','2019-10-06 10:10:34'),(3347,10,9,498,'2019-10-11','2019-10-06 10:10:34','2019-10-06 10:10:34'),(3348,10,9,499,'2019-10-11','2019-10-06 10:10:34','2019-10-06 10:10:34'),(3349,10,9,501,'2019-10-11','2019-10-06 10:10:34','2019-10-06 10:10:34'),(3350,10,9,502,'2019-10-11','2019-10-06 10:10:34','2019-10-06 10:10:34'),(3351,10,9,507,'2019-10-11','2019-10-06 10:10:34','2019-10-06 10:10:34'),(3352,10,9,508,'2019-10-11','2019-10-06 10:10:34','2019-10-06 10:10:34'),(3353,10,9,509,'2019-10-11','2019-10-06 10:10:34','2019-10-06 10:10:34'),(3354,10,9,510,'2019-10-11','2019-10-06 10:10:34','2019-10-06 10:10:34'),(3355,10,9,511,'2019-10-11','2019-10-06 10:10:34','2019-10-06 10:10:34'),(3356,10,9,512,'2019-10-11','2019-10-06 10:10:34','2019-10-06 10:10:34'),(3357,10,9,521,'2019-10-11','2019-10-06 10:10:34','2019-10-06 10:10:34'),(3358,10,9,522,'2019-10-11','2019-10-06 10:10:34','2019-10-06 10:10:34'),(3359,10,9,523,'2019-10-11','2019-10-06 10:10:34','2019-10-06 10:10:34'),(3360,10,9,524,'2019-10-11','2019-10-06 10:10:34','2019-10-06 10:10:34'),(3361,10,9,528,'2019-10-11','2019-10-06 10:10:34','2019-10-06 10:10:34'),(3362,10,9,529,'2019-10-11','2019-10-06 10:10:34','2019-10-06 10:10:34'),(3363,10,9,530,'2019-10-11','2019-10-06 10:10:34','2019-10-06 10:10:34'),(3364,10,9,533,'2019-10-11','2019-10-06 10:10:34','2019-10-06 10:10:34'),(3365,10,9,534,'2019-10-11','2019-10-06 10:10:34','2019-10-06 10:10:34'),(3366,10,9,535,'2019-10-11','2019-10-06 10:10:34','2019-10-06 10:10:34'),(3367,10,9,538,'2019-10-11','2019-10-06 10:10:34','2019-10-06 10:10:34'),(3368,10,9,539,'2019-10-11','2019-10-06 10:10:34','2019-10-06 10:10:34'),(3369,10,9,540,'2019-10-11','2019-10-06 10:10:34','2019-10-06 10:10:34'),(3370,10,9,544,'2019-10-11','2019-10-06 10:10:34','2019-10-06 10:10:34'),(3371,10,9,545,'2019-10-11','2019-10-06 10:10:34','2019-10-06 10:10:34'),(3372,10,9,546,'2019-10-11','2019-10-06 10:10:34','2019-10-06 10:10:34'),(3373,10,9,547,'2019-10-11','2019-10-06 10:10:34','2019-10-06 10:10:34'),(3374,10,9,550,'2019-10-11','2019-10-06 10:10:34','2019-10-06 10:10:34'),(3375,10,9,551,'2019-10-11','2019-10-06 10:10:34','2019-10-06 10:10:34'),(3376,10,9,552,'2019-10-11','2019-10-06 10:10:34','2019-10-06 10:10:34'),(3377,10,9,553,'2019-10-11','2019-10-06 10:10:34','2019-10-06 10:10:34'),(3378,10,9,556,'2019-10-11','2019-10-06 10:10:34','2019-10-06 10:10:34'),(3379,10,9,558,'2019-10-11','2019-10-06 10:10:34','2019-10-06 10:10:34'),(3380,10,9,559,'2019-10-11','2019-10-06 10:10:34','2019-10-06 10:10:34'),(3381,10,9,560,'2019-10-11','2019-10-06 10:10:34','2019-10-06 10:10:34'),(3382,10,9,563,'2019-10-11','2019-10-06 10:10:34','2019-10-06 10:10:34'),(3383,10,9,564,'2019-10-11','2019-10-06 10:10:34','2019-10-06 10:10:34'),(3384,10,9,566,'2019-10-11','2019-10-06 10:10:34','2019-10-06 10:10:34'),(3385,10,9,567,'2019-10-11','2019-10-06 10:10:34','2019-10-06 10:10:34'),(3386,10,9,568,'2019-10-11','2019-10-06 10:10:34','2019-10-06 10:10:34'),(3387,10,9,569,'2019-10-11','2019-10-06 10:10:34','2019-10-06 10:10:34'),(3388,10,9,570,'2019-10-11','2019-10-06 10:10:34','2019-10-06 10:10:34'),(3389,10,9,575,'2019-10-11','2019-10-06 10:10:34','2019-10-06 10:10:34'),(3390,10,9,576,'2019-10-11','2019-10-06 10:10:34','2019-10-06 10:10:34'),(3391,10,9,578,'2019-10-11','2019-10-06 10:10:34','2019-10-06 10:10:34'),(3392,10,9,579,'2019-10-11','2019-10-06 10:10:34','2019-10-06 10:10:34'),(3393,10,9,580,'2019-10-11','2019-10-06 10:10:34','2019-10-06 10:10:34'),(3394,10,9,581,'2019-10-11','2019-10-06 10:10:34','2019-10-06 10:10:34'),(3395,10,9,582,'2019-10-11','2019-10-06 10:10:34','2019-10-06 10:10:34'),(3396,10,9,583,'2019-10-11','2019-10-06 10:10:34','2019-10-06 10:10:34'),(3397,10,9,584,'2019-10-11','2019-10-06 10:10:34','2019-10-06 10:10:34'),(3398,10,9,585,'2019-10-11','2019-10-06 10:10:34','2019-10-06 10:10:34'),(3399,10,9,586,'2019-10-11','2019-10-06 10:10:34','2019-10-06 10:10:34'),(3400,10,9,587,'2019-10-11','2019-10-06 10:10:34','2019-10-06 10:10:34'),(3401,10,9,588,'2019-10-11','2019-10-06 10:10:34','2019-10-06 10:10:34'),(3402,10,9,589,'2019-10-11','2019-10-06 10:10:34','2019-10-06 10:10:34'),(3403,10,9,590,'2019-10-11','2019-10-06 10:10:34','2019-10-06 10:10:34'),(3404,10,9,591,'2019-10-11','2019-10-06 10:10:34','2019-10-06 10:10:34'),(3405,10,9,592,'2019-10-11','2019-10-06 10:10:34','2019-10-06 10:10:34'),(3406,10,9,593,'2019-10-11','2019-10-06 10:10:34','2019-10-06 10:10:34'),(3407,10,9,594,'2019-10-11','2019-10-06 10:10:34','2019-10-06 10:10:34'),(3408,10,9,595,'2019-10-11','2019-10-06 10:10:34','2019-10-06 10:10:34'),(3409,10,9,596,'2019-10-11','2019-10-06 10:10:34','2019-10-06 10:10:34'),(3410,10,9,597,'2019-10-11','2019-10-06 10:10:34','2019-10-06 10:10:34'),(3411,10,9,598,'2019-10-11','2019-10-06 10:10:34','2019-10-06 10:10:34'),(3412,10,9,599,'2019-10-11','2019-10-06 10:10:34','2019-10-06 10:10:34'),(3413,10,9,600,'2019-10-11','2019-10-06 10:10:34','2019-10-06 10:10:34'),(3414,10,9,601,'2019-10-11','2019-10-06 10:10:34','2019-10-06 10:10:34'),(3415,10,9,602,'2019-10-11','2019-10-06 10:10:34','2019-10-06 10:10:34'),(3416,10,9,604,'2019-10-11','2019-10-06 10:10:34','2019-10-06 10:10:34'),(3417,10,9,605,'2019-10-11','2019-10-06 10:10:34','2019-10-06 10:10:34'),(3418,10,9,606,'2019-10-11','2019-10-06 10:10:34','2019-10-06 10:10:34'),(3419,10,9,607,'2019-10-11','2019-10-06 10:10:34','2019-10-06 10:10:34'),(3420,10,9,609,'2019-10-11','2019-10-06 10:10:34','2019-10-06 10:10:34'),(3421,10,9,617,'2019-10-11','2019-10-06 10:10:34','2019-10-06 10:10:34'),(3422,10,9,618,'2019-10-11','2019-10-06 10:10:34','2019-10-06 10:10:34'),(3423,10,9,619,'2019-10-11','2019-10-06 10:10:34','2019-10-06 10:10:34'),(3424,10,9,622,'2019-10-11','2019-10-06 10:10:34','2019-10-06 10:10:34'),(3425,10,9,623,'2019-10-11','2019-10-06 10:10:34','2019-10-06 10:10:34'),(3426,10,9,624,'2019-10-11','2019-10-06 10:10:34','2019-10-06 10:10:34'),(3427,10,9,629,'2019-10-11','2019-10-06 10:10:34','2019-10-06 10:10:34'),(3428,10,9,630,'2019-10-11','2019-10-06 10:10:34','2019-10-06 10:10:34'),(3429,10,9,631,'2019-10-11','2019-10-06 10:10:34','2019-10-06 10:10:34'),(3430,10,9,638,'2019-10-11','2019-10-06 10:10:34','2019-10-06 10:10:34'),(3431,10,9,639,'2019-10-11','2019-10-06 10:10:34','2019-10-06 10:10:34'),(3432,10,9,645,'2019-10-11','2019-10-06 10:10:34','2019-10-06 10:10:34'),(3433,10,9,652,'2019-10-11','2019-10-06 10:10:34','2019-10-06 10:10:34'),(3434,10,9,653,'2019-10-11','2019-10-06 10:10:34','2019-10-06 10:10:34'),(3435,10,9,654,'2019-10-11','2019-10-06 10:10:34','2019-10-06 10:10:34'),(3436,10,9,655,'2019-10-11','2019-10-06 10:10:34','2019-10-06 10:10:34'),(3437,10,9,656,'2019-10-11','2019-10-06 10:10:34','2019-10-06 10:10:34'),(3438,10,9,657,'2019-10-11','2019-10-06 10:10:34','2019-10-06 10:10:34'),(3439,10,9,661,'2019-10-11','2019-10-06 10:10:34','2019-10-06 10:10:34'),(3440,10,9,662,'2019-10-11','2019-10-06 10:10:34','2019-10-06 10:10:34'),(3441,10,9,663,'2019-10-11','2019-10-06 10:10:34','2019-10-06 10:10:34'),(3442,10,9,666,'2019-10-11','2019-10-06 10:10:34','2019-10-06 10:10:34'),(3443,10,9,670,'2019-10-11','2019-10-06 10:10:34','2019-10-06 10:10:34'),(3444,10,9,671,'2019-10-11','2019-10-06 10:10:34','2019-10-06 10:10:34'),(3445,10,9,673,'2019-10-11','2019-10-06 10:10:34','2019-10-06 10:10:34'),(3446,10,9,674,'2019-10-11','2019-10-06 10:10:34','2019-10-06 10:10:34'),(3447,10,9,675,'2019-10-11','2019-10-06 10:10:34','2019-10-06 10:10:34'),(3448,10,9,677,'2019-10-11','2019-10-06 10:10:34','2019-10-06 10:10:34'),(3449,10,9,678,'2019-10-11','2019-10-06 10:10:34','2019-10-06 10:10:34'),(3450,10,9,680,'2019-10-11','2019-10-06 10:10:34','2019-10-06 10:10:34'),(3451,10,9,681,'2019-10-11','2019-10-06 10:10:34','2019-10-06 10:10:34'),(3452,10,9,683,'2019-10-11','2019-10-06 10:10:34','2019-10-06 10:10:34'),(3453,10,9,684,'2019-10-11','2019-10-06 10:10:34','2019-10-06 10:10:34'),(3454,10,9,685,'2019-10-11','2019-10-06 10:10:34','2019-10-06 10:10:34'),(3455,10,9,686,'2019-10-11','2019-10-06 10:10:34','2019-10-06 10:10:34'),(3456,10,9,690,'2019-10-11','2019-10-06 10:10:34','2019-10-06 10:10:34'),(3457,10,9,691,'2019-10-11','2019-10-06 10:10:34','2019-10-06 10:10:34'),(3458,10,9,692,'2019-10-11','2019-10-06 10:10:34','2019-10-06 10:10:34'),(3459,10,9,693,'2019-10-11','2019-10-06 10:10:34','2019-10-06 10:10:34'),(3460,10,9,694,'2019-10-11','2019-10-06 10:10:34','2019-10-06 10:10:34'),(3461,10,9,695,'2019-10-11','2019-10-06 10:10:34','2019-10-06 10:10:34'),(3462,10,9,696,'2019-10-11','2019-10-06 10:10:34','2019-10-06 10:10:34'),(3463,10,9,697,'2019-10-11','2019-10-06 10:10:34','2019-10-06 10:10:34'),(3464,10,9,699,'2019-10-11','2019-10-06 10:10:34','2019-10-06 10:10:34'),(3465,10,9,700,'2019-10-11','2019-10-06 10:10:34','2019-10-06 10:10:34'),(3466,10,9,701,'2019-10-11','2019-10-06 10:10:34','2019-10-06 10:10:34'),(3467,10,9,702,'2019-10-11','2019-10-06 10:10:34','2019-10-06 10:10:34'),(3468,10,9,703,'2019-10-11','2019-10-06 10:10:34','2019-10-06 10:10:34'),(3469,10,9,704,'2019-10-11','2019-10-06 10:10:34','2019-10-06 10:10:34'),(3470,10,9,705,'2019-10-11','2019-10-06 10:10:34','2019-10-06 10:10:34'),(3471,10,9,706,'2019-10-11','2019-10-06 10:10:34','2019-10-06 10:10:34'),(3472,10,9,707,'2019-10-11','2019-10-06 10:10:34','2019-10-06 10:10:34'),(3473,10,9,708,'2019-10-11','2019-10-06 10:10:34','2019-10-06 10:10:34'),(3474,10,9,709,'2019-10-11','2019-10-06 10:10:34','2019-10-06 10:10:34'),(3475,10,9,710,'2019-10-11','2019-10-06 10:10:34','2019-10-06 10:10:34'),(3476,10,9,711,'2019-10-11','2019-10-06 10:10:34','2019-10-06 10:10:34'),(3477,10,9,712,'2019-10-11','2019-10-06 10:10:34','2019-10-06 10:10:34'),(3478,10,9,714,'2019-10-11','2019-10-06 10:10:34','2019-10-06 10:10:34'),(3479,10,9,715,'2019-10-11','2019-10-06 10:10:34','2019-10-06 10:10:34'),(3480,10,9,716,'2019-10-11','2019-10-06 10:10:34','2019-10-06 10:10:34'),(3481,10,9,718,'2019-10-11','2019-10-06 10:10:34','2019-10-06 10:10:34'),(3482,10,9,720,'2019-10-11','2019-10-06 10:10:34','2019-10-06 10:10:34'),(3483,10,9,721,'2019-10-11','2019-10-06 10:10:34','2019-10-06 10:10:34'),(3484,10,9,722,'2019-10-11','2019-10-06 10:10:34','2019-10-06 10:10:34'),(3485,10,10,500,'2019-10-11','2019-10-06 10:10:40','2019-10-06 10:10:40'),(3486,10,10,513,'2019-10-11','2019-10-06 10:10:40','2019-10-06 10:10:40'),(3487,10,10,531,'2019-10-11','2019-10-06 10:10:40','2019-10-06 10:10:40'),(3488,10,10,532,'2019-10-11','2019-10-06 10:10:40','2019-10-06 10:10:40'),(3489,10,10,536,'2019-10-11','2019-10-06 10:10:40','2019-10-06 10:10:40'),(3490,10,10,537,'2019-10-11','2019-10-06 10:10:40','2019-10-06 10:10:40'),(3491,10,10,541,'2019-10-11','2019-10-06 10:10:40','2019-10-06 10:10:40'),(3492,10,10,542,'2019-10-11','2019-10-06 10:10:40','2019-10-06 10:10:40'),(3493,10,10,548,'2019-10-11','2019-10-06 10:10:40','2019-10-06 10:10:40'),(3494,10,10,549,'2019-10-11','2019-10-06 10:10:40','2019-10-06 10:10:40'),(3495,10,10,554,'2019-10-11','2019-10-06 10:10:40','2019-10-06 10:10:40'),(3496,10,10,555,'2019-10-11','2019-10-06 10:10:40','2019-10-06 10:10:40'),(3497,10,10,561,'2019-10-11','2019-10-06 10:10:40','2019-10-06 10:10:40'),(3498,10,10,562,'2019-10-11','2019-10-06 10:10:40','2019-10-06 10:10:40'),(3499,10,10,572,'2019-10-11','2019-10-06 10:10:40','2019-10-06 10:10:40'),(3500,10,10,577,'2019-10-11','2019-10-06 10:10:40','2019-10-06 10:10:40'),(3501,10,10,603,'2019-10-11','2019-10-06 10:10:40','2019-10-06 10:10:40'),(3502,10,10,612,'2019-10-11','2019-10-06 10:10:40','2019-10-06 10:10:40'),(3503,10,10,620,'2019-10-11','2019-10-06 10:10:40','2019-10-06 10:10:40'),(3504,10,10,621,'2019-10-11','2019-10-06 10:10:40','2019-10-06 10:10:40'),(3505,10,10,628,'2019-10-11','2019-10-06 10:10:40','2019-10-06 10:10:40'),(3506,10,10,632,'2019-10-11','2019-10-06 10:10:40','2019-10-06 10:10:40'),(3507,10,10,633,'2019-10-11','2019-10-06 10:10:40','2019-10-06 10:10:40'),(3508,10,10,634,'2019-10-11','2019-10-06 10:10:40','2019-10-06 10:10:40'),(3509,10,10,640,'2019-10-11','2019-10-06 10:10:40','2019-10-06 10:10:40'),(3510,10,10,641,'2019-10-11','2019-10-06 10:10:40','2019-10-06 10:10:40'),(3511,10,10,646,'2019-10-11','2019-10-06 10:10:40','2019-10-06 10:10:40'),(3512,10,10,647,'2019-10-11','2019-10-06 10:10:40','2019-10-06 10:10:40'),(3513,10,10,648,'2019-10-11','2019-10-06 10:10:40','2019-10-06 10:10:40'),(3514,10,10,649,'2019-10-11','2019-10-06 10:10:40','2019-10-06 10:10:40'),(3515,10,10,650,'2019-10-11','2019-10-06 10:10:40','2019-10-06 10:10:40'),(3516,10,10,664,'2019-10-11','2019-10-06 10:10:40','2019-10-06 10:10:40'),(3517,10,10,665,'2019-10-11','2019-10-06 10:10:40','2019-10-06 10:10:40'),(3518,10,10,679,'2019-10-11','2019-10-06 10:10:40','2019-10-06 10:10:40'),(3519,10,10,717,'2019-10-11','2019-10-06 10:10:40','2019-10-06 10:10:40'),(3520,10,11,514,'2019-10-11','2019-10-06 10:10:46','2019-10-06 10:10:46'),(3521,10,11,543,'2019-10-11','2019-10-06 10:10:46','2019-10-06 10:10:46'),(3522,10,11,557,'2019-10-11','2019-10-06 10:10:46','2019-10-06 10:10:46'),(3523,10,11,613,'2019-10-11','2019-10-06 10:10:46','2019-10-06 10:10:46'),(3524,10,11,637,'2019-10-11','2019-10-06 10:10:46','2019-10-06 10:10:46'),(3525,10,11,669,'2019-10-11','2019-10-06 10:10:46','2019-10-06 10:10:46'),(3526,10,12,518,'2019-10-11','2019-10-06 10:10:49','2019-10-06 10:10:49'),(3527,10,12,519,'2019-10-11','2019-10-06 10:10:49','2019-10-06 10:10:49'),(3528,10,12,520,'2019-10-11','2019-10-06 10:10:49','2019-10-06 10:10:49'),(3529,10,12,614,'2019-10-11','2019-10-06 10:10:49','2019-10-06 10:10:49');
/*!40000 ALTER TABLE `week_meals` ENABLE KEYS */;
UNLOCK TABLES;

--
-- Table structure for table `weeks`
--

DROP TABLE IF EXISTS `weeks`;
/*!40101 SET @saved_cs_client     = @@character_set_client */;
/*!40101 SET character_set_client = utf8 */;
CREATE TABLE `weeks` (
  `id` int(10) unsigned NOT NULL AUTO_INCREMENT,
  `startdate` date NOT NULL,
  `enddate` date NOT NULL,
  `created_at` timestamp NULL DEFAULT NULL,
  `updated_at` timestamp NULL DEFAULT NULL,
  `name` varchar(255) COLLATE utf8mb4_unicode_ci NOT NULL,
  PRIMARY KEY (`id`)
) ENGINE=InnoDB AUTO_INCREMENT=11 DEFAULT CHARSET=utf8mb4 COLLATE=utf8mb4_unicode_ci;
/*!40101 SET character_set_client = @saved_cs_client */;

--
-- Dumping data for table `weeks`
--

LOCK TABLES `weeks` WRITE;
/*!40000 ALTER TABLE `weeks` DISABLE KEYS */;
INSERT INTO `weeks` VALUES (10,'2019-10-05','2019-10-11','2019-10-03 13:54:00','2019-10-03 13:54:00','Week 2 October');
/*!40000 ALTER TABLE `weeks` ENABLE KEYS */;
UNLOCK TABLES;
/*!40103 SET TIME_ZONE=@OLD_TIME_ZONE */;

/*!40101 SET SQL_MODE=@OLD_SQL_MODE */;
/*!40014 SET FOREIGN_KEY_CHECKS=@OLD_FOREIGN_KEY_CHECKS */;
/*!40014 SET UNIQUE_CHECKS=@OLD_UNIQUE_CHECKS */;
/*!40101 SET CHARACTER_SET_CLIENT=@OLD_CHARACTER_SET_CLIENT */;
/*!40101 SET CHARACTER_SET_RESULTS=@OLD_CHARACTER_SET_RESULTS */;
/*!40101 SET COLLATION_CONNECTION=@OLD_COLLATION_CONNECTION */;
/*!40111 SET SQL_NOTES=@OLD_SQL_NOTES */;

-- Dump completed on 2019-10-30 11:23:35
